2026-08-04T00:04:35.719+07:00  INFO [interaction-service,,] 4512 --- [interaction-service] [AsyncResolver-bootstrap-executor-%d] [                                                 ] c.n.d.s.r.aws.ConfigClusterResolver      : Resolving eureka endpoints via configuration
2026-08-04T09:54:32.006+07:00  INFO [interaction-service,,] 7924 --- [interaction-service] [main] [                                                 ] c.n.S.InteractionServiceApplication      : Starting InteractionServiceApplication using Java 17.0.9 with PID 7924 (D:\Projects\Social-media\backend\interaction-service\target\classes started by BANG in D:\Projects\Social-media\backend\interaction-service)
2026-08-04T09:54:32.010+07:00  INFO [interaction-service,,] 7924 --- [interaction-service] [main] [                                                 ] c.n.S.InteractionServiceApplication      : No active profile set, falling back to 1 default profile: "default"
2026-08-04T09:54:33.071+07:00  INFO [interaction-service,,] 7924 --- [interaction-service] [main] [                                                 ] .s.d.r.c.RepositoryConfigurationDelegate : Bootstrapping Spring Data JPA repositories in DEFAULT mode.
2026-08-04T09:54:33.205+07:00  INFO [interaction-service,,] 7924 --- [interaction-service] [main] [                                                 ] .s.d.r.c.RepositoryConfigurationDelegate : Finished Spring Data repository scanning in 129 ms. Found 3 JPA repository interfaces.
2026-08-04T09:54:33.478+07:00  INFO [interaction-service,,] 7924 --- [interaction-service] [main] [                                                 ] o.s.cloud.context.scope.GenericScope     : BeanFactory id=0a75d6f4-aa08-31dc-b4db-05ffbf77c509
2026-08-04T09:54:33.924+07:00  INFO [interaction-service,,] 7924 --- [interaction-service] [main] [                                                 ] o.s.b.w.embedded.tomcat.TomcatWebServer  : Tomcat initialized with port 8084 (http)
2026-08-04T09:54:33.941+07:00  INFO [interaction-service,,] 7924 --- [interaction-service] [main] [                                                 ] o.apache.catalina.core.StandardService   : Starting service [Tomcat]
2026-08-04T09:54:33.941+07:00  INFO [interaction-service,,] 7924 --- [interaction-service] [main] [                                                 ] o.apache.catalina.core.StandardEngine    : Starting Servlet engine: [Apache Tomcat/10.1.42]
2026-08-04T09:54:34.015+07:00  INFO [interaction-service,,] 7924 --- [interaction-service] [main] [                                                 ] o.a.c.c.C.[Tomcat].[localhost].[/]       : Initializing Spring embedded WebApplicationContext
2026-08-04T09:54:34.015+07:00  INFO [interaction-service,,] 7924 --- [interaction-service] [main] [                                                 ] w.s.c.ServletWebServerApplicationContext : Root WebApplicationContext: initialization completed in 1962 ms
2026-08-04T09:54:34.469+07:00  INFO [interaction-service,,] 7924 --- [interaction-service] [main] [                                                 ] o.hibernate.jpa.internal.util.LogHelper  : HHH000204: Processing PersistenceUnitInfo [name: default]
2026-08-04T09:54:34.519+07:00  INFO [interaction-service,,] 7924 --- [interaction-service] [main] [                                                 ] org.hibernate.Version                    : HHH000412: Hibernate ORM core version 6.5.3.Final
2026-08-04T09:54:34.556+07:00  INFO [interaction-service,,] 7924 --- [interaction-service] [main] [                                                 ] o.h.c.internal.RegionFactoryInitiator    : HHH000026: Second-level cache disabled
2026-08-04T09:54:34.803+07:00  INFO [interaction-service,,] 7924 --- [interaction-service] [main] [                                                 ] o.s.o.j.p.SpringPersistenceUnitInfo      : No LoadTimeWeaver setup: ignoring JPA class transformer
2026-08-04T09:54:34.855+07:00  INFO [interaction-service,,] 7924 --- [interaction-service] [main] [                                                 ] com.zaxxer.hikari.HikariDataSource       : HikariPool-1 - Starting...
2026-08-04T09:54:35.204+07:00  INFO [interaction-service,,] 7924 --- [interaction-service] [main] [                                                 ] com.zaxxer.hikari.pool.HikariPool        : HikariPool-1 - Added connection org.postgresql.jdbc.PgConnection@54033a65
2026-08-04T09:54:35.204+07:00  INFO [interaction-service,,] 7924 --- [interaction-service] [main] [                                                 ] com.zaxxer.hikari.HikariDataSource       : HikariPool-1 - Start completed.
2026-08-04T09:54:35.285+07:00  WARN [interaction-service,,] 7924 --- [interaction-service] [main] [                                                 ] org.hibernate.orm.deprecation            : HHH90000025: PostgreSQLDialect does not need to be specified explicitly using 'hibernate.dialect' (remove the property setting and it will be selected by default)
2026-08-04T09:54:35.984+07:00  INFO [interaction-service,,] 7924 --- [interaction-service] [main] [                                                 ] o.h.e.t.j.p.i.JtaPlatformInitiator       : HHH000489: No JTA platform available (set 'hibernate.transaction.jta.platform' to enable JTA platform integration)
2026-08-04T09:54:36.126+07:00  INFO [interaction-service,,] 7924 --- [interaction-service] [main] [                                                 ] j.LocalContainerEntityManagerFactoryBean : Initialized JPA EntityManagerFactory for persistence unit 'default'
2026-08-04T09:54:36.421+07:00  WARN [interaction-service,,] 7924 --- [interaction-service] [main] [                                                 ] JpaBaseConfiguration$JpaWebConfiguration : spring.jpa.open-in-view is enabled by default. Therefore, database queries may be performed during view rendering. Explicitly configure spring.jpa.open-in-view to disable this warning
2026-08-04T09:54:36.630+07:00  INFO [interaction-service,,] 7924 --- [interaction-service] [main] [                                                 ] o.s.c.openfeign.FeignClientFactoryBean   : For 'post-service' URL not provided. Will try picking an instance via load-balancing.
2026-08-04T09:54:36.683+07:00  INFO [interaction-service,,] 7924 --- [interaction-service] [main] [                                                 ] o.s.c.openfeign.FeignClientFactoryBean   : For 'user-service' URL not provided. Will try picking an instance via load-balancing.
2026-08-04T09:54:37.528+07:00  INFO [interaction-service,,] 7924 --- [interaction-service] [main] [                                                 ] DiscoveryClientOptionalArgsConfiguration : Eureka HTTP Client uses RestTemplate.
2026-08-04T09:54:37.562+07:00  WARN [interaction-service,,] 7924 --- [interaction-service] [main] [                                                 ] iguration$LoadBalancerCaffeineWarnLogger : Spring Cloud LoadBalancer is currently working with the default cache. While this cache implementation is useful for development and tests, it's recommended to use Caffeine cache in production.You can switch to using Caffeine cache, by adding it and org.springframework.cache.caffeine.CaffeineCacheManager to the classpath.
2026-08-04T09:54:37.574+07:00  INFO [interaction-service,,] 7924 --- [interaction-service] [main] [                                                 ] o.s.b.a.e.web.EndpointLinksResolver      : Exposing 4 endpoints beneath base path '/actuator'
2026-08-04T09:54:37.642+07:00  INFO [interaction-service,,] 7924 --- [interaction-service] [main] [                                                 ] o.s.c.n.eureka.InstanceInfoFactory       : Setting initial instance status as: STARTING
2026-08-04T09:54:37.665+07:00  INFO [interaction-service,,] 7924 --- [interaction-service] [main] [                                                 ] com.netflix.discovery.DiscoveryClient    : Initializing Eureka in region us-east-1
2026-08-04T09:54:37.673+07:00  INFO [interaction-service,,] 7924 --- [interaction-service] [main] [                                                 ] c.n.d.s.r.aws.ConfigClusterResolver      : Resolving eureka endpoints via configuration
2026-08-04T09:54:37.682+07:00  INFO [interaction-service,,] 7924 --- [interaction-service] [main] [                                                 ] com.netflix.discovery.DiscoveryClient    : Disable delta property : false
2026-08-04T09:54:37.688+07:00  INFO [interaction-service,,] 7924 --- [interaction-service] [main] [                                                 ] com.netflix.discovery.DiscoveryClient    : Single vip registry refresh property : null
2026-08-04T09:54:37.689+07:00  INFO [interaction-service,,] 7924 --- [interaction-service] [main] [                                                 ] com.netflix.discovery.DiscoveryClient    : Force full registry fetch : false
2026-08-04T09:54:37.689+07:00  INFO [interaction-service,,] 7924 --- [interaction-service] [main] [                                                 ] com.netflix.discovery.DiscoveryClient    : Application is null : false
2026-08-04T09:54:37.689+07:00  INFO [interaction-service,,] 7924 --- [interaction-service] [main] [                                                 ] com.netflix.discovery.DiscoveryClient    : Registered Applications size is zero : true
2026-08-04T09:54:37.689+07:00  INFO [interaction-service,,] 7924 --- [interaction-service] [main] [                                                 ] com.netflix.discovery.DiscoveryClient    : Application version is -1: true
2026-08-04T09:54:37.689+07:00  INFO [interaction-service,,] 7924 --- [interaction-service] [main] [                                                 ] com.netflix.discovery.DiscoveryClient    : Getting all instance registry info from the eureka server
2026-08-04T09:54:37.949+07:00  INFO [interaction-service,,] 7924 --- [interaction-service] [main] [                                                 ] com.netflix.discovery.DiscoveryClient    : The response status is 200
2026-08-04T09:54:37.949+07:00  INFO [interaction-service,,] 7924 --- [interaction-service] [main] [                                                 ] com.netflix.discovery.DiscoveryClient    : Starting heartbeat executor: renew interval is: 30
2026-08-04T09:54:37.949+07:00  INFO [interaction-service,,] 7924 --- [interaction-service] [main] [                                                 ] c.n.discovery.InstanceInfoReplicator     : InstanceInfoReplicator onDemand update allowed rate per min is 4
2026-08-04T09:54:37.964+07:00  INFO [interaction-service,,] 7924 --- [interaction-service] [main] [                                                 ] com.netflix.discovery.DiscoveryClient    : Discovery Client initialized at timestamp 1785812077964 with initial instances count: 1
2026-08-04T09:54:37.964+07:00  INFO [interaction-service,,] 7924 --- [interaction-service] [main] [                                                 ] o.s.c.n.e.s.EurekaServiceRegistry        : Registering application INTERACTION-SERVICE with eureka with status UP
2026-08-04T09:54:37.971+07:00  INFO [interaction-service,,] 7924 --- [interaction-service] [main] [                                                 ] com.netflix.discovery.DiscoveryClient    : Saw local status change event StatusChangeEvent [timestamp=1785812077971, current=UP, previous=STARTING]
2026-08-04T09:54:37.972+07:00  INFO [interaction-service,,] 7924 --- [interaction-service] [DiscoveryClient-InstanceInfoReplicator-%d] [                                                 ] com.netflix.discovery.DiscoveryClient    : DiscoveryClient_INTERACTION-SERVICE/192.168.111.1:interaction-service:8084: registering service...
2026-08-04T09:54:37.991+07:00  INFO [interaction-service,,] 7924 --- [interaction-service] [main] [                                                 ] o.s.b.w.embedded.tomcat.TomcatWebServer  : Tomcat started on port 8084 (http) with context path '/'
2026-08-04T09:54:37.997+07:00  INFO [interaction-service,,] 7924 --- [interaction-service] [main] [                                                 ] .s.c.n.e.s.EurekaAutoServiceRegistration : Updating port to 8084
2026-08-04T09:54:38.008+07:00  INFO [interaction-service,,] 7924 --- [interaction-service] [DiscoveryClient-InstanceInfoReplicator-%d] [                                                 ] com.netflix.discovery.DiscoveryClient    : DiscoveryClient_INTERACTION-SERVICE/192.168.111.1:interaction-service:8084 - registration status: 204
2026-08-04T09:54:38.101+07:00  INFO [interaction-service,,] 7924 --- [interaction-service] [main] [                                                 ] o.s.a.r.c.CachingConnectionFactory       : Attempting to connect to: [localhost:5672]
2026-08-04T09:54:38.147+07:00  INFO [interaction-service,,] 7924 --- [interaction-service] [main] [                                                 ] o.s.a.r.l.SimpleMessageListenerContainer : Broker not available; cannot force queue declarations during start: java.net.ConnectException: Connection refused: no further information
2026-08-04T09:54:38.155+07:00  INFO [interaction-service,,] 7924 --- [interaction-service] [org.springframework.amqp.rabbit.RabbitListenerEndpointContainer#0-1] [                                                 ] o.s.a.r.c.CachingConnectionFactory       : Attempting to connect to: [localhost:5672]
2026-08-04T09:54:38.183+07:00 ERROR [interaction-service,,] 7924 --- [interaction-service] [org.springframework.amqp.rabbit.RabbitListenerEndpointContainer#0-1] [                                                 ] o.s.a.r.l.SimpleMessageListenerContainer : Failed to check/redeclare auto-delete queue(s).

org.springframework.amqp.AmqpConnectException: java.net.ConnectException: Connection refused: no further information
	at org.springframework.amqp.rabbit.support.RabbitExceptionTranslator.convertRabbitAccessException(RabbitExceptionTranslator.java:61) ~[spring-rabbit-3.1.12.jar:3.1.12]
	at org.springframework.amqp.rabbit.connection.AbstractConnectionFactory.createBareConnection(AbstractConnectionFactory.java:623) ~[spring-rabbit-3.1.12.jar:3.1.12]
	at org.springframework.amqp.rabbit.connection.CachingConnectionFactory.createConnection(CachingConnectionFactory.java:726) ~[spring-rabbit-3.1.12.jar:3.1.12]
	at org.springframework.amqp.rabbit.connection.ConnectionFactoryUtils.createConnection(ConnectionFactoryUtils.java:257) ~[spring-rabbit-3.1.12.jar:3.1.12]
	at org.springframework.amqp.rabbit.core.RabbitTemplate.doExecute(RabbitTemplate.java:2249) ~[spring-rabbit-3.1.12.jar:3.1.12]
	at org.springframework.amqp.rabbit.core.RabbitTemplate.execute(RabbitTemplate.java:2222) ~[spring-rabbit-3.1.12.jar:3.1.12]
	at org.springframework.amqp.rabbit.core.RabbitTemplate.execute(RabbitTemplate.java:2202) ~[spring-rabbit-3.1.12.jar:3.1.12]
	at org.springframework.amqp.rabbit.core.RabbitAdmin.getQueueInfo(RabbitAdmin.java:468) ~[spring-rabbit-3.1.12.jar:3.1.12]
	at org.springframework.amqp.rabbit.core.RabbitAdmin.getQueueProperties(RabbitAdmin.java:452) ~[spring-rabbit-3.1.12.jar:3.1.12]
	at org.springframework.amqp.rabbit.listener.AbstractMessageListenerContainer.attemptDeclarations(AbstractMessageListenerContainer.java:1973) ~[spring-rabbit-3.1.12.jar:3.1.12]
	at org.springframework.amqp.rabbit.listener.AbstractMessageListenerContainer.redeclareElementsIfNecessary(AbstractMessageListenerContainer.java:1937) ~[spring-rabbit-3.1.12.jar:3.1.12]
	at org.springframework.amqp.rabbit.listener.SimpleMessageListenerContainer$AsyncMessageProcessingConsumer.initialize(SimpleMessageListenerContainer.java:1477) ~[spring-rabbit-3.1.12.jar:3.1.12]
	at org.springframework.amqp.rabbit.listener.SimpleMessageListenerContainer$AsyncMessageProcessingConsumer.run(SimpleMessageListenerContainer.java:1318) ~[spring-rabbit-3.1.12.jar:3.1.12]
	at java.base/java.lang.Thread.run(Thread.java:842) ~[na:na]
Caused by: java.net.ConnectException: Connection refused: no further information
	at java.base/sun.nio.ch.Net.pollConnect(Native Method) ~[na:na]
	at java.base/sun.nio.ch.Net.pollConnectNow(Net.java:672) ~[na:na]
	at java.base/sun.nio.ch.NioSocketImpl.timedFinishConnect(NioSocketImpl.java:547) ~[na:na]
	at java.base/sun.nio.ch.NioSocketImpl.connect(NioSocketImpl.java:602) ~[na:na]
	at java.base/java.net.SocksSocketImpl.connect(SocksSocketImpl.java:327) ~[na:na]
	at java.base/java.net.Socket.connect(Socket.java:633) ~[na:na]
	at com.rabbitmq.client.impl.SocketFrameHandlerFactory.create(SocketFrameHandlerFactory.java:61) ~[amqp-client-5.21.0.jar:5.21.0]
	at com.rabbitmq.client.ConnectionFactory.newConnection(ConnectionFactory.java:1249) ~[amqp-client-5.21.0.jar:5.21.0]
	at com.rabbitmq.client.ConnectionFactory.newConnection(ConnectionFactory.java:1198) ~[amqp-client-5.21.0.jar:5.21.0]
	at org.springframework.amqp.rabbit.connection.AbstractConnectionFactory.connectAddresses(AbstractConnectionFactory.java:669) ~[spring-rabbit-3.1.12.jar:3.1.12]
	at org.springframework.amqp.rabbit.connection.AbstractConnectionFactory.connect(AbstractConnectionFactory.java:638) ~[spring-rabbit-3.1.12.jar:3.1.12]
	at org.springframework.amqp.rabbit.connection.AbstractConnectionFactory.createBareConnection(AbstractConnectionFactory.java:585) ~[spring-rabbit-3.1.12.jar:3.1.12]
	... 12 common frames omitted

2026-08-04T09:54:38.191+07:00  INFO [interaction-service,,] 7924 --- [interaction-service] [org.springframework.amqp.rabbit.RabbitListenerEndpointContainer#0-1] [                                                 ] o.s.a.r.c.CachingConnectionFactory       : Attempting to connect to: [localhost:5672]
2026-08-04T09:54:38.230+07:00  INFO [interaction-service,,] 7924 --- [interaction-service] [main] [                                                 ] c.n.S.InteractionServiceApplication      : Started InteractionServiceApplication in 6.981 seconds (process running for 7.486)
2026-08-04T09:54:39.186+07:00 ERROR [interaction-service,,] 7924 --- [interaction-service] [OkHttp http://localhost:4319/...] [                                                 ] i.o.exporter.internal.http.HttpExporter  : Failed to export spans. The request could not be executed. Full error message: Failed to connect to localhost/[0:0:0:0:0:0:0:1]:4319

java.net.ConnectException: Failed to connect to localhost/[0:0:0:0:0:0:0:1]:4319
	at okhttp3.internal.connection.RealConnection.connectSocket(RealConnection.kt:297) ~[okhttp-4.12.0.jar:na]
	at okhttp3.internal.connection.RealConnection.connect(RealConnection.kt:207) ~[okhttp-4.12.0.jar:na]
	at okhttp3.internal.connection.ExchangeFinder.findConnection(ExchangeFinder.kt:226) ~[okhttp-4.12.0.jar:na]
	at okhttp3.internal.connection.ExchangeFinder.findHealthyConnection(ExchangeFinder.kt:106) ~[okhttp-4.12.0.jar:na]
	at okhttp3.internal.connection.ExchangeFinder.find(ExchangeFinder.kt:74) ~[okhttp-4.12.0.jar:na]
	at okhttp3.internal.connection.RealCall.initExchange$okhttp(RealCall.kt:255) ~[okhttp-4.12.0.jar:na]
	at okhttp3.internal.connection.ConnectInterceptor.intercept(ConnectInterceptor.kt:32) ~[okhttp-4.12.0.jar:na]
	at okhttp3.internal.http.RealInterceptorChain.proceed(RealInterceptorChain.kt:109) ~[okhttp-4.12.0.jar:na]
	at okhttp3.internal.cache.CacheInterceptor.intercept(CacheInterceptor.kt:95) ~[okhttp-4.12.0.jar:na]
	at okhttp3.internal.http.RealInterceptorChain.proceed(RealInterceptorChain.kt:109) ~[okhttp-4.12.0.jar:na]
	at okhttp3.internal.http.BridgeInterceptor.intercept(BridgeInterceptor.kt:83) ~[okhttp-4.12.0.jar:na]
	at okhttp3.internal.http.RealInterceptorChain.proceed(RealInterceptorChain.kt:109) ~[okhttp-4.12.0.jar:na]
	at okhttp3.internal.http.RetryAndFollowUpInterceptor.intercept(RetryAndFollowUpInterceptor.kt:76) ~[okhttp-4.12.0.jar:na]
	at okhttp3.internal.http.RealInterceptorChain.proceed(RealInterceptorChain.kt:109) ~[okhttp-4.12.0.jar:na]
	at okhttp3.internal.connection.RealCall.getResponseWithInterceptorChain$okhttp(RealCall.kt:201) ~[okhttp-4.12.0.jar:na]
	at okhttp3.internal.connection.RealCall$AsyncCall.run(RealCall.kt:517) ~[okhttp-4.12.0.jar:na]
	at java.base/java.util.concurrent.ThreadPoolExecutor.runWorker(ThreadPoolExecutor.java:1136) ~[na:na]
	at java.base/java.util.concurrent.ThreadPoolExecutor$Worker.run(ThreadPoolExecutor.java:635) ~[na:na]
	at java.base/java.lang.Thread.run(Thread.java:842) ~[na:na]
	Suppressed: java.net.ConnectException: Failed to connect to localhost/127.0.0.1:4319
		... 19 common frames omitted
	Caused by: java.net.ConnectException: Connection refused: no further information
		at java.base/sun.nio.ch.Net.pollConnect(Native Method)
		at java.base/sun.nio.ch.Net.pollConnectNow(Net.java:672)
		at java.base/sun.nio.ch.NioSocketImpl.timedFinishConnect(NioSocketImpl.java:547)
		at java.base/sun.nio.ch.NioSocketImpl.connect(NioSocketImpl.java:602)
		at java.base/java.net.SocksSocketImpl.connect(SocksSocketImpl.java:327)
		at java.base/java.net.Socket.connect(Socket.java:633)
		at okhttp3.internal.platform.Platform.connectSocket(Platform.kt:128)
		at okhttp3.internal.connection.RealConnection.connectSocket(RealConnection.kt:295)
		... 18 common frames omitted
Caused by: java.net.ConnectException: Connection refused: no further information
	at java.base/sun.nio.ch.Net.pollConnect(Native Method) ~[na:na]
	at java.base/sun.nio.ch.Net.pollConnectNow(Net.java:672) ~[na:na]
	at java.base/sun.nio.ch.NioSocketImpl.timedFinishConnect(NioSocketImpl.java:547) ~[na:na]
	at java.base/sun.nio.ch.NioSocketImpl.connect(NioSocketImpl.java:602) ~[na:na]
	at java.base/java.net.SocksSocketImpl.connect(SocksSocketImpl.java:327) ~[na:na]
	at java.base/java.net.Socket.connect(Socket.java:633) ~[na:na]
	at okhttp3.internal.platform.Platform.connectSocket(Platform.kt:128) ~[okhttp-4.12.0.jar:na]
	at okhttp3.internal.connection.RealConnection.connectSocket(RealConnection.kt:295) ~[okhttp-4.12.0.jar:na]
	... 18 common frames omitted

2026-08-04T09:54:43.371+07:00  WARN [interaction-service,,] 7924 --- [interaction-service] [org.springframework.amqp.rabbit.RabbitListenerEndpointContainer#0-1] [                                                 ] o.s.a.r.l.SimpleMessageListenerContainer : Consumer raised exception, processing can restart if the connection factory supports it. Exception summary: org.springframework.amqp.AmqpConnectException: java.net.ConnectException: Connection refused: no further information
2026-08-04T09:54:43.371+07:00  INFO [interaction-service,,] 7924 --- [interaction-service] [org.springframework.amqp.rabbit.RabbitListenerEndpointContainer#0-1] [                                                 ] o.s.a.r.l.SimpleMessageListenerContainer : Restarting Consumer@9eaaecf: tags=[[]], channel=null, acknowledgeMode=AUTO local queue size=0
2026-08-04T09:54:43.371+07:00  INFO [interaction-service,,] 7924 --- [interaction-service] [org.springframework.amqp.rabbit.RabbitListenerEndpointContainer#0-2] [                                                 ] o.s.a.r.c.CachingConnectionFactory       : Attempting to connect to: [localhost:5672]
2026-08-04T09:54:43.387+07:00 ERROR [interaction-service,,] 7924 --- [interaction-service] [org.springframework.amqp.rabbit.RabbitListenerEndpointContainer#0-2] [                                                 ] o.s.a.r.l.SimpleMessageListenerContainer : Failed to check/redeclare auto-delete queue(s).
2026-08-04T09:54:43.387+07:00  INFO [interaction-service,,] 7924 --- [interaction-service] [org.springframework.amqp.rabbit.RabbitListenerEndpointContainer#0-2] [                                                 ] o.s.a.r.c.CachingConnectionFactory       : Attempting to connect to: [localhost:5672]
2026-08-04T09:54:48.577+07:00  WARN [interaction-service,,] 7924 --- [interaction-service] [org.springframework.amqp.rabbit.RabbitListenerEndpointContainer#0-2] [                                                 ] o.s.a.r.l.SimpleMessageListenerContainer : Consumer raised exception, processing can restart if the connection factory supports it. Exception summary: org.springframework.amqp.AmqpConnectException: java.net.ConnectException: Connection refused: no further information
2026-08-04T09:54:48.577+07:00  INFO [interaction-service,,] 7924 --- [interaction-service] [org.springframework.amqp.rabbit.RabbitListenerEndpointContainer#0-2] [                                                 ] o.s.a.r.l.SimpleMessageListenerContainer : Restarting Consumer@4a6260be: tags=[[]], channel=null, acknowledgeMode=AUTO local queue size=0
2026-08-04T09:54:48.577+07:00  INFO [interaction-service,,] 7924 --- [interaction-service] [org.springframework.amqp.rabbit.RabbitListenerEndpointContainer#0-3] [                                                 ] o.s.a.r.c.CachingConnectionFactory       : Attempting to connect to: [localhost:5672]
2026-08-04T09:54:48.602+07:00 ERROR [interaction-service,,] 7924 --- [interaction-service] [org.springframework.amqp.rabbit.RabbitListenerEndpointContainer#0-3] [                                                 ] o.s.a.r.l.SimpleMessageListenerContainer : Failed to check/redeclare auto-delete queue(s).
2026-08-04T09:54:48.603+07:00  INFO [interaction-service,,] 7924 --- [interaction-service] [org.springframework.amqp.rabbit.RabbitListenerEndpointContainer#0-3] [                                                 ] o.s.a.r.c.CachingConnectionFactory       : Attempting to connect to: [localhost:5672]
2026-08-04T09:54:53.775+07:00  WARN [interaction-service,,] 7924 --- [interaction-service] [org.springframework.amqp.rabbit.RabbitListenerEndpointContainer#0-3] [                                                 ] o.s.a.r.l.SimpleMessageListenerContainer : Consumer raised exception, processing can restart if the connection factory supports it. Exception summary: org.springframework.amqp.AmqpConnectException: java.net.ConnectException: Connection refused: no further information
2026-08-04T09:54:53.775+07:00  INFO [interaction-service,,] 7924 --- [interaction-service] [org.springframework.amqp.rabbit.RabbitListenerEndpointContainer#0-3] [                                                 ] o.s.a.r.l.SimpleMessageListenerContainer : Restarting Consumer@66ca5995: tags=[[]], channel=null, acknowledgeMode=AUTO local queue size=0
2026-08-04T09:54:53.775+07:00  INFO [interaction-service,,] 7924 --- [interaction-service] [org.springframework.amqp.rabbit.RabbitListenerEndpointContainer#0-4] [                                                 ] o.s.a.r.c.CachingConnectionFactory       : Attempting to connect to: [localhost:5672]
2026-08-04T09:54:53.791+07:00 ERROR [interaction-service,,] 7924 --- [interaction-service] [org.springframework.amqp.rabbit.RabbitListenerEndpointContainer#0-4] [                                                 ] o.s.a.r.l.SimpleMessageListenerContainer : Failed to check/redeclare auto-delete queue(s).
2026-08-04T09:54:53.791+07:00  INFO [interaction-service,,] 7924 --- [interaction-service] [org.springframework.amqp.rabbit.RabbitListenerEndpointContainer#0-4] [                                                 ] o.s.a.r.c.CachingConnectionFactory       : Attempting to connect to: [localhost:5672]
2026-08-04T09:54:58.975+07:00  WARN [interaction-service,,] 7924 --- [interaction-service] [org.springframework.amqp.rabbit.RabbitListenerEndpointContainer#0-4] [                                                 ] o.s.a.r.l.SimpleMessageListenerContainer : Consumer raised exception, processing can restart if the connection factory supports it. Exception summary: org.springframework.amqp.AmqpConnectException: java.net.ConnectException: Connection refused: no further information
2026-08-04T09:54:58.976+07:00  INFO [interaction-service,,] 7924 --- [interaction-service] [org.springframework.amqp.rabbit.RabbitListenerEndpointContainer#0-4] [                                                 ] o.s.a.r.l.SimpleMessageListenerContainer : Restarting Consumer@6061f652: tags=[[]], channel=null, acknowledgeMode=AUTO local queue size=0
2026-08-04T09:54:58.983+07:00  INFO [interaction-service,,] 7924 --- [interaction-service] [org.springframework.amqp.rabbit.RabbitListenerEndpointContainer#0-5] [                                                 ] o.s.a.r.c.CachingConnectionFactory       : Attempting to connect to: [localhost:5672]
2026-08-04T09:54:58.986+07:00 ERROR [interaction-service,,] 7924 --- [interaction-service] [org.springframework.amqp.rabbit.RabbitListenerEndpointContainer#0-5] [                                                 ] o.s.a.r.l.SimpleMessageListenerContainer : Failed to check/redeclare auto-delete queue(s).
2026-08-04T09:54:58.987+07:00  INFO [interaction-service,,] 7924 --- [interaction-service] [org.springframework.amqp.rabbit.RabbitListenerEndpointContainer#0-5] [                                                 ] o.s.a.r.c.CachingConnectionFactory       : Attempting to connect to: [localhost:5672]
2026-08-04T09:55:04.028+07:00  WARN [interaction-service,,] 7924 --- [interaction-service] [org.springframework.amqp.rabbit.RabbitListenerEndpointContainer#0-5] [                                                 ] o.s.a.r.l.SimpleMessageListenerContainer : Consumer raised exception, processing can restart if the connection factory supports it. Exception summary: org.springframework.amqp.AmqpConnectException: java.net.ConnectException: Connection refused: no further information
2026-08-04T09:55:04.032+07:00  INFO [interaction-service,,] 7924 --- [interaction-service] [org.springframework.amqp.rabbit.RabbitListenerEndpointContainer#0-5] [                                                 ] o.s.a.r.l.SimpleMessageListenerContainer : Restarting Consumer@7ac6dbc: tags=[[]], channel=null, acknowledgeMode=AUTO local queue size=0
2026-08-04T09:55:04.037+07:00  INFO [interaction-service,,] 7924 --- [interaction-service] [org.springframework.amqp.rabbit.RabbitListenerEndpointContainer#0-6] [                                                 ] o.s.a.r.c.CachingConnectionFactory       : Attempting to connect to: [localhost:5672]
2026-08-04T09:55:04.040+07:00 ERROR [interaction-service,,] 7924 --- [interaction-service] [org.springframework.amqp.rabbit.RabbitListenerEndpointContainer#0-6] [                                                 ] o.s.a.r.l.SimpleMessageListenerContainer : Failed to check/redeclare auto-delete queue(s).
2026-08-04T09:55:04.042+07:00  INFO [interaction-service,,] 7924 --- [interaction-service] [org.springframework.amqp.rabbit.RabbitListenerEndpointContainer#0-6] [                                                 ] o.s.a.r.c.CachingConnectionFactory       : Attempting to connect to: [localhost:5672]
2026-08-04T09:55:09.099+07:00  WARN [interaction-service,,] 7924 --- [interaction-service] [org.springframework.amqp.rabbit.RabbitListenerEndpointContainer#0-6] [                                                 ] o.s.a.r.l.SimpleMessageListenerContainer : Consumer raised exception, processing can restart if the connection factory supports it. Exception summary: org.springframework.amqp.AmqpConnectException: java.net.ConnectException: Connection refused: no further information
2026-08-04T09:55:09.099+07:00  INFO [interaction-service,,] 7924 --- [interaction-service] [org.springframework.amqp.rabbit.RabbitListenerEndpointContainer#0-6] [                                                 ] o.s.a.r.l.SimpleMessageListenerContainer : Restarting Consumer@70941bd5: tags=[[]], channel=null, acknowledgeMode=AUTO local queue size=0
2026-08-04T09:55:09.107+07:00  INFO [interaction-service,,] 7924 --- [interaction-service] [org.springframework.amqp.rabbit.RabbitListenerEndpointContainer#0-7] [                                                 ] o.s.a.r.c.CachingConnectionFactory       : Attempting to connect to: [localhost:5672]
2026-08-04T09:55:09.107+07:00 ERROR [interaction-service,,] 7924 --- [interaction-service] [org.springframework.amqp.rabbit.RabbitListenerEndpointContainer#0-7] [                                                 ] o.s.a.r.l.SimpleMessageListenerContainer : Failed to check/redeclare auto-delete queue(s).
2026-08-04T09:55:09.107+07:00  INFO [interaction-service,,] 7924 --- [interaction-service] [org.springframework.amqp.rabbit.RabbitListenerEndpointContainer#0-7] [                                                 ] o.s.a.r.c.CachingConnectionFactory       : Attempting to connect to: [localhost:5672]
2026-08-04T09:55:09.222+07:00 ERROR [interaction-service,,] 7924 --- [interaction-service] [OkHttp http://localhost:4319/...] [                                                 ] i.o.exporter.internal.http.HttpExporter  : Failed to export spans. The request could not be executed. Full error message: Failed to connect to localhost/[0:0:0:0:0:0:0:1]:4319

java.net.ConnectException: Failed to connect to localhost/[0:0:0:0:0:0:0:1]:4319
	at okhttp3.internal.connection.RealConnection.connectSocket(RealConnection.kt:297) ~[okhttp-4.12.0.jar:na]
	at okhttp3.internal.connection.RealConnection.connect(RealConnection.kt:207) ~[okhttp-4.12.0.jar:na]
	at okhttp3.internal.connection.ExchangeFinder.findConnection(ExchangeFinder.kt:226) ~[okhttp-4.12.0.jar:na]
	at okhttp3.internal.connection.ExchangeFinder.findHealthyConnection(ExchangeFinder.kt:106) ~[okhttp-4.12.0.jar:na]
	at okhttp3.internal.connection.ExchangeFinder.find(ExchangeFinder.kt:74) ~[okhttp-4.12.0.jar:na]
	at okhttp3.internal.connection.RealCall.initExchange$okhttp(RealCall.kt:255) ~[okhttp-4.12.0.jar:na]
	at okhttp3.internal.connection.ConnectInterceptor.intercept(ConnectInterceptor.kt:32) ~[okhttp-4.12.0.jar:na]
	at okhttp3.internal.http.RealInterceptorChain.proceed(RealInterceptorChain.kt:109) ~[okhttp-4.12.0.jar:na]
	at okhttp3.internal.cache.CacheInterceptor.intercept(CacheInterceptor.kt:95) ~[okhttp-4.12.0.jar:na]
	at okhttp3.internal.http.RealInterceptorChain.proceed(RealInterceptorChain.kt:109) ~[okhttp-4.12.0.jar:na]
	at okhttp3.internal.http.BridgeInterceptor.intercept(BridgeInterceptor.kt:83) ~[okhttp-4.12.0.jar:na]
	at okhttp3.internal.http.RealInterceptorChain.proceed(RealInterceptorChain.kt:109) ~[okhttp-4.12.0.jar:na]
	at okhttp3.internal.http.RetryAndFollowUpInterceptor.intercept(RetryAndFollowUpInterceptor.kt:76) ~[okhttp-4.12.0.jar:na]
	at okhttp3.internal.http.RealInterceptorChain.proceed(RealInterceptorChain.kt:109) ~[okhttp-4.12.0.jar:na]
	at okhttp3.internal.connection.RealCall.getResponseWithInterceptorChain$okhttp(RealCall.kt:201) ~[okhttp-4.12.0.jar:na]
	at okhttp3.internal.connection.RealCall$AsyncCall.run(RealCall.kt:517) ~[okhttp-4.12.0.jar:na]
	at java.base/java.util.concurrent.ThreadPoolExecutor.runWorker(ThreadPoolExecutor.java:1136) ~[na:na]
	at java.base/java.util.concurrent.ThreadPoolExecutor$Worker.run(ThreadPoolExecutor.java:635) ~[na:na]
	at java.base/java.lang.Thread.run(Thread.java:842) ~[na:na]
	Suppressed: java.net.ConnectException: Failed to connect to localhost/127.0.0.1:4319
		... 19 common frames omitted
	Caused by: java.net.ConnectException: Connection refused: no further information
		at java.base/sun.nio.ch.Net.pollConnect(Native Method)
		at java.base/sun.nio.ch.Net.pollConnectNow(Net.java:672)
		at java.base/sun.nio.ch.NioSocketImpl.timedFinishConnect(NioSocketImpl.java:547)
		at java.base/sun.nio.ch.NioSocketImpl.connect(NioSocketImpl.java:602)
		at java.base/java.net.SocksSocketImpl.connect(SocksSocketImpl.java:327)
		at java.base/java.net.Socket.connect(Socket.java:633)
		at okhttp3.internal.platform.Platform.connectSocket(Platform.kt:128)
		at okhttp3.internal.connection.RealConnection.connectSocket(RealConnection.kt:295)
		... 18 common frames omitted
Caused by: java.net.ConnectException: Connection refused: no further information
	at java.base/sun.nio.ch.Net.pollConnect(Native Method) ~[na:na]
	at java.base/sun.nio.ch.Net.pollConnectNow(Net.java:672) ~[na:na]
	at java.base/sun.nio.ch.NioSocketImpl.timedFinishConnect(NioSocketImpl.java:547) ~[na:na]
	at java.base/sun.nio.ch.NioSocketImpl.connect(NioSocketImpl.java:602) ~[na:na]
	at java.base/java.net.SocksSocketImpl.connect(SocksSocketImpl.java:327) ~[na:na]
	at java.base/java.net.Socket.connect(Socket.java:633) ~[na:na]
	at okhttp3.internal.platform.Platform.connectSocket(Platform.kt:128) ~[okhttp-4.12.0.jar:na]
	at okhttp3.internal.connection.RealConnection.connectSocket(RealConnection.kt:295) ~[okhttp-4.12.0.jar:na]
	... 18 common frames omitted

2026-08-04T09:55:14.276+07:00  WARN [interaction-service,,] 7924 --- [interaction-service] [org.springframework.amqp.rabbit.RabbitListenerEndpointContainer#0-7] [                                                 ] o.s.a.r.l.SimpleMessageListenerContainer : Consumer raised exception, processing can restart if the connection factory supports it. Exception summary: org.springframework.amqp.AmqpConnectException: java.net.ConnectException: Connection refused: no further information
2026-08-04T09:55:14.285+07:00  INFO [interaction-service,,] 7924 --- [interaction-service] [org.springframework.amqp.rabbit.RabbitListenerEndpointContainer#0-7] [                                                 ] o.s.a.r.l.SimpleMessageListenerContainer : Restarting Consumer@6042be32: tags=[[]], channel=null, acknowledgeMode=AUTO local queue size=0
2026-08-04T09:55:14.333+07:00  INFO [interaction-service,,] 7924 --- [interaction-service] [org.springframework.amqp.rabbit.RabbitListenerEndpointContainer#0-8] [                                                 ] o.s.a.r.c.CachingConnectionFactory       : Attempting to connect to: [localhost:5672]
2026-08-04T09:55:14.359+07:00 ERROR [interaction-service,,] 7924 --- [interaction-service] [org.springframework.amqp.rabbit.RabbitListenerEndpointContainer#0-8] [                                                 ] o.s.a.r.l.SimpleMessageListenerContainer : Failed to check/redeclare auto-delete queue(s).
2026-08-04T09:55:14.368+07:00  INFO [interaction-service,,] 7924 --- [interaction-service] [org.springframework.amqp.rabbit.RabbitListenerEndpointContainer#0-8] [                                                 ] o.s.a.r.c.CachingConnectionFactory       : Attempting to connect to: [localhost:5672]
2026-08-04T09:55:19.544+07:00  WARN [interaction-service,,] 7924 --- [interaction-service] [org.springframework.amqp.rabbit.RabbitListenerEndpointContainer#0-8] [                                                 ] o.s.a.r.l.SimpleMessageListenerContainer : Consumer raised exception, processing can restart if the connection factory supports it. Exception summary: org.springframework.amqp.AmqpConnectException: java.net.ConnectException: Connection refused: no further information
2026-08-04T09:55:19.548+07:00  INFO [interaction-service,,] 7924 --- [interaction-service] [org.springframework.amqp.rabbit.RabbitListenerEndpointContainer#0-8] [                                                 ] o.s.a.r.l.SimpleMessageListenerContainer : Restarting Consumer@796ce0d8: tags=[[]], channel=null, acknowledgeMode=AUTO local queue size=0
2026-08-04T09:55:19.609+07:00  INFO [interaction-service,,] 7924 --- [interaction-service] [org.springframework.amqp.rabbit.RabbitListenerEndpointContainer#0-9] [                                                 ] o.s.a.r.c.CachingConnectionFactory       : Attempting to connect to: [localhost:5672]
2026-08-04T09:55:19.655+07:00 ERROR [interaction-service,,] 7924 --- [interaction-service] [org.springframework.amqp.rabbit.RabbitListenerEndpointContainer#0-9] [                                                 ] o.s.a.r.l.SimpleMessageListenerContainer : Failed to check/redeclare auto-delete queue(s).
2026-08-04T09:55:19.662+07:00  INFO [interaction-service,,] 7924 --- [interaction-service] [org.springframework.amqp.rabbit.RabbitListenerEndpointContainer#0-9] [                                                 ] o.s.a.r.c.CachingConnectionFactory       : Attempting to connect to: [localhost:5672]
2026-08-04T09:55:24.715+07:00  WARN [interaction-service,,] 7924 --- [interaction-service] [org.springframework.amqp.rabbit.RabbitListenerEndpointContainer#0-9] [                                                 ] o.s.a.r.l.SimpleMessageListenerContainer : Consumer raised exception, processing can restart if the connection factory supports it. Exception summary: org.springframework.amqp.AmqpConnectException: java.net.ConnectException: Connection refused: no further information
2026-08-04T09:55:24.722+07:00  INFO [interaction-service,,] 7924 --- [interaction-service] [org.springframework.amqp.rabbit.RabbitListenerEndpointContainer#0-9] [                                                 ] o.s.a.r.l.SimpleMessageListenerContainer : Restarting Consumer@37cb1eee: tags=[[]], channel=null, acknowledgeMode=AUTO local queue size=0
2026-08-04T09:55:24.731+07:00  INFO [interaction-service,,] 7924 --- [interaction-service] [org.springframework.amqp.rabbit.RabbitListenerEndpointContainer#0-10] [                                                 ] o.s.a.r.c.CachingConnectionFactory       : Attempting to connect to: [localhost:5672]
2026-08-04T09:55:24.743+07:00 ERROR [interaction-service,,] 7924 --- [interaction-service] [org.springframework.amqp.rabbit.RabbitListenerEndpointContainer#0-10] [                                                 ] o.s.a.r.l.SimpleMessageListenerContainer : Failed to check/redeclare auto-delete queue(s).
2026-08-04T09:55:24.748+07:00  INFO [interaction-service,,] 7924 --- [interaction-service] [org.springframework.amqp.rabbit.RabbitListenerEndpointContainer#0-10] [                                                 ] o.s.a.r.c.CachingConnectionFactory       : Attempting to connect to: [localhost:5672]
2026-08-04T09:55:29.843+07:00  WARN [interaction-service,,] 7924 --- [interaction-service] [org.springframework.amqp.rabbit.RabbitListenerEndpointContainer#0-10] [                                                 ] o.s.a.r.l.SimpleMessageListenerContainer : Consumer raised exception, processing can restart if the connection factory supports it. Exception summary: org.springframework.amqp.AmqpConnectException: java.net.ConnectException: Connection refused: no further information
2026-08-04T09:55:29.900+07:00  INFO [interaction-service,,] 7924 --- [interaction-service] [org.springframework.amqp.rabbit.RabbitListenerEndpointContainer#0-10] [                                                 ] o.s.a.r.l.SimpleMessageListenerContainer : Restarting Consumer@1f445956: tags=[[]], channel=null, acknowledgeMode=AUTO local queue size=0
2026-08-04T09:55:31.164+07:00  INFO [interaction-service,,] 7924 --- [interaction-service] [org.springframework.amqp.rabbit.RabbitListenerEndpointContainer#0-11] [                                                 ] o.s.a.r.c.CachingConnectionFactory       : Attempting to connect to: [localhost:5672]
2026-08-04T09:55:32.002+07:00 ERROR [interaction-service,,] 7924 --- [interaction-service] [org.springframework.amqp.rabbit.RabbitListenerEndpointContainer#0-11] [                                                 ] o.s.a.r.l.SimpleMessageListenerContainer : Failed to check/redeclare auto-delete queue(s).
2026-08-04T09:55:32.273+07:00  INFO [interaction-service,,] 7924 --- [interaction-service] [org.springframework.amqp.rabbit.RabbitListenerEndpointContainer#0-11] [                                                 ] o.s.a.r.c.CachingConnectionFactory       : Attempting to connect to: [localhost:5672]
2026-08-04T09:55:51.399+07:00  WARN [interaction-service,,] 7924 --- [interaction-service] [HikariPool-1 housekeeper] [                                                 ] com.zaxxer.hikari.pool.HikariPool        : HikariPool-1 - Thread starvation or clock leap detected (housekeeper delta=46s64ms114ƒÊs700ns).
2026-08-04T09:55:54.858+07:00  INFO [interaction-service,,] 7924 --- [interaction-service] [http-nio-8084-exec-1] [                                                 ] o.a.c.c.C.[Tomcat].[localhost].[/]       : Initializing Spring DispatcherServlet 'dispatcherServlet'
2026-08-04T09:55:54.864+07:00  INFO [interaction-service,,] 7924 --- [interaction-service] [http-nio-8084-exec-1] [                                                 ] o.s.web.servlet.DispatcherServlet        : Initializing Servlet 'dispatcherServlet'
2026-08-04T09:55:54.890+07:00  INFO [interaction-service,,] 7924 --- [interaction-service] [http-nio-8084-exec-1] [                                                 ] o.s.web.servlet.DispatcherServlet        : Completed initialization in 20 ms
2026-08-04T09:55:56.528+07:00  WARN [interaction-service,,] 7924 --- [interaction-service] [org.springframework.amqp.rabbit.RabbitListenerEndpointContainer#0-11] [                                                 ] o.s.a.r.l.SimpleMessageListenerContainer : Consumer raised exception, processing can restart if the connection factory supports it. Exception summary: org.springframework.amqp.AmqpConnectException: java.net.ConnectException: Connection refused: no further information
2026-08-04T09:55:56.536+07:00  INFO [interaction-service,,] 7924 --- [interaction-service] [org.springframework.amqp.rabbit.RabbitListenerEndpointContainer#0-11] [                                                 ] o.s.a.r.l.SimpleMessageListenerContainer : Restarting Consumer@3a63f78: tags=[[]], channel=null, acknowledgeMode=AUTO local queue size=0
2026-08-04T09:55:56.638+07:00  INFO [interaction-service,,] 7924 --- [interaction-service] [org.springframework.amqp.rabbit.RabbitListenerEndpointContainer#0-12] [                                                 ] o.s.a.r.c.CachingConnectionFactory       : Attempting to connect to: [localhost:5672]
2026-08-04T09:56:02.303+07:00 ERROR [interaction-service,,] 7924 --- [interaction-service] [org.springframework.amqp.rabbit.RabbitListenerEndpointContainer#0-12] [                                                 ] o.s.a.r.l.SimpleMessageListenerContainer : Failed to check/redeclare auto-delete queue(s).
2026-08-04T09:56:02.317+07:00  INFO [interaction-service,,] 7924 --- [interaction-service] [org.springframework.amqp.rabbit.RabbitListenerEndpointContainer#0-12] [                                                 ] o.s.a.r.c.CachingConnectionFactory       : Attempting to connect to: [localhost:5672]
2026-08-04T09:56:07.638+07:00  WARN [interaction-service,,] 7924 --- [interaction-service] [org.springframework.amqp.rabbit.RabbitListenerEndpointContainer#0-12] [                                                 ] o.s.a.r.l.SimpleMessageListenerContainer : Consumer raised exception, processing can restart if the connection factory supports it

org.springframework.amqp.AmqpIOException: java.io.IOException
	at org.springframework.amqp.rabbit.support.RabbitExceptionTranslator.convertRabbitAccessException(RabbitExceptionTranslator.java:70) ~[spring-rabbit-3.1.12.jar:3.1.12]
	at org.springframework.amqp.rabbit.connection.AbstractConnectionFactory.createBareConnection(AbstractConnectionFactory.java:623) ~[spring-rabbit-3.1.12.jar:3.1.12]
	at org.springframework.amqp.rabbit.connection.CachingConnectionFactory.createConnection(CachingConnectionFactory.java:726) ~[spring-rabbit-3.1.12.jar:3.1.12]
	at org.springframework.amqp.rabbit.connection.ConnectionFactoryUtils.createConnection(ConnectionFactoryUtils.java:257) ~[spring-rabbit-3.1.12.jar:3.1.12]
	at org.springframework.amqp.rabbit.connection.ConnectionFactoryUtils$RabbitResourceFactory.createConnection(ConnectionFactoryUtils.java:345) ~[spring-rabbit-3.1.12.jar:3.1.12]
	at org.springframework.amqp.rabbit.connection.ConnectionFactoryUtils.doGetTransactionalResourceHolder(ConnectionFactoryUtils.java:140) ~[spring-rabbit-3.1.12.jar:3.1.12]
	at org.springframework.amqp.rabbit.connection.ConnectionFactoryUtils.getTransactionalResourceHolder(ConnectionFactoryUtils.java:102) ~[spring-rabbit-3.1.12.jar:3.1.12]
	at org.springframework.amqp.rabbit.connection.ConnectionFactoryUtils.getTransactionalResourceHolder(ConnectionFactoryUtils.java:85) ~[spring-rabbit-3.1.12.jar:3.1.12]
	at org.springframework.amqp.rabbit.listener.BlockingQueueConsumer.start(BlockingQueueConsumer.java:626) ~[spring-rabbit-3.1.12.jar:3.1.12]
	at org.springframework.amqp.rabbit.listener.SimpleMessageListenerContainer$AsyncMessageProcessingConsumer.initialize(SimpleMessageListenerContainer.java:1478) ~[spring-rabbit-3.1.12.jar:3.1.12]
	at org.springframework.amqp.rabbit.listener.SimpleMessageListenerContainer$AsyncMessageProcessingConsumer.run(SimpleMessageListenerContainer.java:1318) ~[spring-rabbit-3.1.12.jar:3.1.12]
	at java.base/java.lang.Thread.run(Thread.java:842) ~[na:na]
Caused by: java.io.IOException: null
	at com.rabbitmq.client.impl.AMQChannel.wrap(AMQChannel.java:140) ~[amqp-client-5.21.0.jar:5.21.0]
	at com.rabbitmq.client.impl.AMQChannel.wrap(AMQChannel.java:136) ~[amqp-client-5.21.0.jar:5.21.0]
	at com.rabbitmq.client.impl.AMQConnection.start(AMQConnection.java:406) ~[amqp-client-5.21.0.jar:5.21.0]
	at com.rabbitmq.client.ConnectionFactory.newConnection(ConnectionFactory.java:1251) ~[amqp-client-5.21.0.jar:5.21.0]
	at com.rabbitmq.client.ConnectionFactory.newConnection(ConnectionFactory.java:1198) ~[amqp-client-5.21.0.jar:5.21.0]
	at org.springframework.amqp.rabbit.connection.AbstractConnectionFactory.connectAddresses(AbstractConnectionFactory.java:669) ~[spring-rabbit-3.1.12.jar:3.1.12]
	at org.springframework.amqp.rabbit.connection.AbstractConnectionFactory.connect(AbstractConnectionFactory.java:638) ~[spring-rabbit-3.1.12.jar:3.1.12]
	at org.springframework.amqp.rabbit.connection.AbstractConnectionFactory.createBareConnection(AbstractConnectionFactory.java:585) ~[spring-rabbit-3.1.12.jar:3.1.12]
	... 10 common frames omitted
Caused by: com.rabbitmq.client.ShutdownSignalException: connection error
	at com.rabbitmq.utility.ValueOrException.getValue(ValueOrException.java:66) ~[amqp-client-5.21.0.jar:5.21.0]
	at com.rabbitmq.utility.BlockingValueOrException.uninterruptibleGetValue(BlockingValueOrException.java:36) ~[amqp-client-5.21.0.jar:5.21.0]
	at com.rabbitmq.client.impl.AMQChannel$BlockingRpcContinuation.getReply(AMQChannel.java:552) ~[amqp-client-5.21.0.jar:5.21.0]
	at com.rabbitmq.client.impl.AMQConnection.start(AMQConnection.java:336) ~[amqp-client-5.21.0.jar:5.21.0]
	... 15 common frames omitted
Caused by: java.io.EOFException: null
	at java.base/java.io.DataInputStream.readUnsignedByte(DataInputStream.java:296) ~[na:na]
	at com.rabbitmq.client.impl.Frame.readFrom(Frame.java:91) ~[amqp-client-5.21.0.jar:5.21.0]
	at com.rabbitmq.client.impl.SocketFrameHandler.readFrame(SocketFrameHandler.java:199) ~[amqp-client-5.21.0.jar:5.21.0]
	at com.rabbitmq.client.impl.AMQConnection$MainLoop.run(AMQConnection.java:687) ~[amqp-client-5.21.0.jar:5.21.0]
	... 1 common frames omitted

2026-08-04T09:56:07.668+07:00  INFO [interaction-service,,] 7924 --- [interaction-service] [org.springframework.amqp.rabbit.RabbitListenerEndpointContainer#0-12] [                                                 ] o.s.a.r.l.SimpleMessageListenerContainer : Restarting Consumer@193e4af1: tags=[[]], channel=null, acknowledgeMode=AUTO local queue size=0
2026-08-04T09:56:07.747+07:00  INFO [interaction-service,,] 7924 --- [interaction-service] [org.springframework.amqp.rabbit.RabbitListenerEndpointContainer#0-13] [                                                 ] o.s.a.r.c.CachingConnectionFactory       : Attempting to connect to: [localhost:5672]
2026-08-04T09:56:07.834+07:00 ERROR [interaction-service,,] 7924 --- [interaction-service] [org.springframework.amqp.rabbit.RabbitListenerEndpointContainer#0-13] [                                                 ] o.s.a.r.l.SimpleMessageListenerContainer : Failed to check/redeclare auto-delete queue(s).
2026-08-04T09:56:07.845+07:00  INFO [interaction-service,,] 7924 --- [interaction-service] [org.springframework.amqp.rabbit.RabbitListenerEndpointContainer#0-13] [                                                 ] o.s.a.r.c.CachingConnectionFactory       : Attempting to connect to: [localhost:5672]
2026-08-04T09:56:13.095+07:00  WARN [interaction-service,,] 7924 --- [interaction-service] [org.springframework.amqp.rabbit.RabbitListenerEndpointContainer#0-13] [                                                 ] o.s.a.r.l.SimpleMessageListenerContainer : Consumer raised exception, processing can restart if the connection factory supports it

org.springframework.amqp.AmqpIOException: java.io.IOException
	at org.springframework.amqp.rabbit.support.RabbitExceptionTranslator.convertRabbitAccessException(RabbitExceptionTranslator.java:70) ~[spring-rabbit-3.1.12.jar:3.1.12]
	at org.springframework.amqp.rabbit.connection.AbstractConnectionFactory.createBareConnection(AbstractConnectionFactory.java:623) ~[spring-rabbit-3.1.12.jar:3.1.12]
	at org.springframework.amqp.rabbit.connection.CachingConnectionFactory.createConnection(CachingConnectionFactory.java:726) ~[spring-rabbit-3.1.12.jar:3.1.12]
	at org.springframework.amqp.rabbit.connection.ConnectionFactoryUtils.createConnection(ConnectionFactoryUtils.java:257) ~[spring-rabbit-3.1.12.jar:3.1.12]
	at org.springframework.amqp.rabbit.connection.ConnectionFactoryUtils$RabbitResourceFactory.createConnection(ConnectionFactoryUtils.java:345) ~[spring-rabbit-3.1.12.jar:3.1.12]
	at org.springframework.amqp.rabbit.connection.ConnectionFactoryUtils.doGetTransactionalResourceHolder(ConnectionFactoryUtils.java:140) ~[spring-rabbit-3.1.12.jar:3.1.12]
	at org.springframework.amqp.rabbit.connection.ConnectionFactoryUtils.getTransactionalResourceHolder(ConnectionFactoryUtils.java:102) ~[spring-rabbit-3.1.12.jar:3.1.12]
	at org.springframework.amqp.rabbit.connection.ConnectionFactoryUtils.getTransactionalResourceHolder(ConnectionFactoryUtils.java:85) ~[spring-rabbit-3.1.12.jar:3.1.12]
	at org.springframework.amqp.rabbit.listener.BlockingQueueConsumer.start(BlockingQueueConsumer.java:626) ~[spring-rabbit-3.1.12.jar:3.1.12]
	at org.springframework.amqp.rabbit.listener.SimpleMessageListenerContainer$AsyncMessageProcessingConsumer.initialize(SimpleMessageListenerContainer.java:1478) ~[spring-rabbit-3.1.12.jar:3.1.12]
	at org.springframework.amqp.rabbit.listener.SimpleMessageListenerContainer$AsyncMessageProcessingConsumer.run(SimpleMessageListenerContainer.java:1318) ~[spring-rabbit-3.1.12.jar:3.1.12]
	at java.base/java.lang.Thread.run(Thread.java:842) ~[na:na]
Caused by: java.io.IOException: null
	at com.rabbitmq.client.impl.AMQChannel.wrap(AMQChannel.java:140) ~[amqp-client-5.21.0.jar:5.21.0]
	at com.rabbitmq.client.impl.AMQChannel.wrap(AMQChannel.java:136) ~[amqp-client-5.21.0.jar:5.21.0]
	at com.rabbitmq.client.impl.AMQConnection.start(AMQConnection.java:406) ~[amqp-client-5.21.0.jar:5.21.0]
	at com.rabbitmq.client.ConnectionFactory.newConnection(ConnectionFactory.java:1251) ~[amqp-client-5.21.0.jar:5.21.0]
	at com.rabbitmq.client.ConnectionFactory.newConnection(ConnectionFactory.java:1198) ~[amqp-client-5.21.0.jar:5.21.0]
	at org.springframework.amqp.rabbit.connection.AbstractConnectionFactory.connectAddresses(AbstractConnectionFactory.java:669) ~[spring-rabbit-3.1.12.jar:3.1.12]
	at org.springframework.amqp.rabbit.connection.AbstractConnectionFactory.connect(AbstractConnectionFactory.java:638) ~[spring-rabbit-3.1.12.jar:3.1.12]
	at org.springframework.amqp.rabbit.connection.AbstractConnectionFactory.createBareConnection(AbstractConnectionFactory.java:585) ~[spring-rabbit-3.1.12.jar:3.1.12]
	... 10 common frames omitted
Caused by: com.rabbitmq.client.ShutdownSignalException: connection error
	at com.rabbitmq.utility.ValueOrException.getValue(ValueOrException.java:66) ~[amqp-client-5.21.0.jar:5.21.0]
	at com.rabbitmq.utility.BlockingValueOrException.uninterruptibleGetValue(BlockingValueOrException.java:36) ~[amqp-client-5.21.0.jar:5.21.0]
	at com.rabbitmq.client.impl.AMQChannel$BlockingRpcContinuation.getReply(AMQChannel.java:552) ~[amqp-client-5.21.0.jar:5.21.0]
	at com.rabbitmq.client.impl.AMQConnection.start(AMQConnection.java:336) ~[amqp-client-5.21.0.jar:5.21.0]
	... 15 common frames omitted
Caused by: java.io.EOFException: null
	at java.base/java.io.DataInputStream.readUnsignedByte(DataInputStream.java:296) ~[na:na]
	at com.rabbitmq.client.impl.Frame.readFrom(Frame.java:91) ~[amqp-client-5.21.0.jar:5.21.0]
	at com.rabbitmq.client.impl.SocketFrameHandler.readFrame(SocketFrameHandler.java:199) ~[amqp-client-5.21.0.jar:5.21.0]
	at com.rabbitmq.client.impl.AMQConnection$MainLoop.run(AMQConnection.java:687) ~[amqp-client-5.21.0.jar:5.21.0]
	... 1 common frames omitted

2026-08-04T09:56:13.112+07:00  INFO [interaction-service,,] 7924 --- [interaction-service] [org.springframework.amqp.rabbit.RabbitListenerEndpointContainer#0-13] [                                                 ] o.s.a.r.l.SimpleMessageListenerContainer : Restarting Consumer@21ba3b43: tags=[[]], channel=null, acknowledgeMode=AUTO local queue size=0
2026-08-04T09:56:13.141+07:00  INFO [interaction-service,,] 7924 --- [interaction-service] [org.springframework.amqp.rabbit.RabbitListenerEndpointContainer#0-14] [                                                 ] o.s.a.r.c.CachingConnectionFactory       : Attempting to connect to: [localhost:5672]
2026-08-04T09:56:13.222+07:00 ERROR [interaction-service,,] 7924 --- [interaction-service] [org.springframework.amqp.rabbit.RabbitListenerEndpointContainer#0-14] [                                                 ] o.s.a.r.l.SimpleMessageListenerContainer : Failed to check/redeclare auto-delete queue(s).
2026-08-04T09:56:13.260+07:00  INFO [interaction-service,,] 7924 --- [interaction-service] [org.springframework.amqp.rabbit.RabbitListenerEndpointContainer#0-14] [                                                 ] o.s.a.r.c.CachingConnectionFactory       : Attempting to connect to: [localhost:5672]
2026-08-04T09:56:18.366+07:00  WARN [interaction-service,,] 7924 --- [interaction-service] [org.springframework.amqp.rabbit.RabbitListenerEndpointContainer#0-14] [                                                 ] o.s.a.r.l.SimpleMessageListenerContainer : Consumer raised exception, processing can restart if the connection factory supports it

org.springframework.amqp.AmqpIOException: java.io.IOException
	at org.springframework.amqp.rabbit.support.RabbitExceptionTranslator.convertRabbitAccessException(RabbitExceptionTranslator.java:70) ~[spring-rabbit-3.1.12.jar:3.1.12]
	at org.springframework.amqp.rabbit.connection.AbstractConnectionFactory.createBareConnection(AbstractConnectionFactory.java:623) ~[spring-rabbit-3.1.12.jar:3.1.12]
	at org.springframework.amqp.rabbit.connection.CachingConnectionFactory.createConnection(CachingConnectionFactory.java:726) ~[spring-rabbit-3.1.12.jar:3.1.12]
	at org.springframework.amqp.rabbit.connection.ConnectionFactoryUtils.createConnection(ConnectionFactoryUtils.java:257) ~[spring-rabbit-3.1.12.jar:3.1.12]
	at org.springframework.amqp.rabbit.connection.ConnectionFactoryUtils$RabbitResourceFactory.createConnection(ConnectionFactoryUtils.java:345) ~[spring-rabbit-3.1.12.jar:3.1.12]
	at org.springframework.amqp.rabbit.connection.ConnectionFactoryUtils.doGetTransactionalResourceHolder(ConnectionFactoryUtils.java:140) ~[spring-rabbit-3.1.12.jar:3.1.12]
	at org.springframework.amqp.rabbit.connection.ConnectionFactoryUtils.getTransactionalResourceHolder(ConnectionFactoryUtils.java:102) ~[spring-rabbit-3.1.12.jar:3.1.12]
	at org.springframework.amqp.rabbit.connection.ConnectionFactoryUtils.getTransactionalResourceHolder(ConnectionFactoryUtils.java:85) ~[spring-rabbit-3.1.12.jar:3.1.12]
	at org.springframework.amqp.rabbit.listener.BlockingQueueConsumer.start(BlockingQueueConsumer.java:626) ~[spring-rabbit-3.1.12.jar:3.1.12]
	at org.springframework.amqp.rabbit.listener.SimpleMessageListenerContainer$AsyncMessageProcessingConsumer.initialize(SimpleMessageListenerContainer.java:1478) ~[spring-rabbit-3.1.12.jar:3.1.12]
	at org.springframework.amqp.rabbit.listener.SimpleMessageListenerContainer$AsyncMessageProcessingConsumer.run(SimpleMessageListenerContainer.java:1318) ~[spring-rabbit-3.1.12.jar:3.1.12]
	at java.base/java.lang.Thread.run(Thread.java:842) ~[na:na]
Caused by: java.io.IOException: null
	at com.rabbitmq.client.impl.AMQChannel.wrap(AMQChannel.java:140) ~[amqp-client-5.21.0.jar:5.21.0]
	at com.rabbitmq.client.impl.AMQChannel.wrap(AMQChannel.java:136) ~[amqp-client-5.21.0.jar:5.21.0]
	at com.rabbitmq.client.impl.AMQConnection.start(AMQConnection.java:406) ~[amqp-client-5.21.0.jar:5.21.0]
	at com.rabbitmq.client.ConnectionFactory.newConnection(ConnectionFactory.java:1251) ~[amqp-client-5.21.0.jar:5.21.0]
	at com.rabbitmq.client.ConnectionFactory.newConnection(ConnectionFactory.java:1198) ~[amqp-client-5.21.0.jar:5.21.0]
	at org.springframework.amqp.rabbit.connection.AbstractConnectionFactory.connectAddresses(AbstractConnectionFactory.java:669) ~[spring-rabbit-3.1.12.jar:3.1.12]
	at org.springframework.amqp.rabbit.connection.AbstractConnectionFactory.connect(AbstractConnectionFactory.java:638) ~[spring-rabbit-3.1.12.jar:3.1.12]
	at org.springframework.amqp.rabbit.connection.AbstractConnectionFactory.createBareConnection(AbstractConnectionFactory.java:585) ~[spring-rabbit-3.1.12.jar:3.1.12]
	... 10 common frames omitted
Caused by: com.rabbitmq.client.ShutdownSignalException: connection error
	at com.rabbitmq.utility.ValueOrException.getValue(ValueOrException.java:66) ~[amqp-client-5.21.0.jar:5.21.0]
	at com.rabbitmq.utility.BlockingValueOrException.uninterruptibleGetValue(BlockingValueOrException.java:36) ~[amqp-client-5.21.0.jar:5.21.0]
	at com.rabbitmq.client.impl.AMQChannel$BlockingRpcContinuation.getReply(AMQChannel.java:552) ~[amqp-client-5.21.0.jar:5.21.0]
	at com.rabbitmq.client.impl.AMQConnection.start(AMQConnection.java:336) ~[amqp-client-5.21.0.jar:5.21.0]
	... 15 common frames omitted
Caused by: java.io.EOFException: null
	at java.base/java.io.DataInputStream.readUnsignedByte(DataInputStream.java:296) ~[na:na]
	at com.rabbitmq.client.impl.Frame.readFrom(Frame.java:91) ~[amqp-client-5.21.0.jar:5.21.0]
	at com.rabbitmq.client.impl.SocketFrameHandler.readFrame(SocketFrameHandler.java:199) ~[amqp-client-5.21.0.jar:5.21.0]
	at com.rabbitmq.client.impl.AMQConnection$MainLoop.run(AMQConnection.java:687) ~[amqp-client-5.21.0.jar:5.21.0]
	... 1 common frames omitted

2026-08-04T09:56:18.377+07:00  INFO [interaction-service,,] 7924 --- [interaction-service] [org.springframework.amqp.rabbit.RabbitListenerEndpointContainer#0-14] [                                                 ] o.s.a.r.l.SimpleMessageListenerContainer : Restarting Consumer@7826013e: tags=[[]], channel=null, acknowledgeMode=AUTO local queue size=0
2026-08-04T09:56:18.415+07:00  INFO [interaction-service,,] 7924 --- [interaction-service] [org.springframework.amqp.rabbit.RabbitListenerEndpointContainer#0-15] [                                                 ] o.s.a.r.c.CachingConnectionFactory       : Attempting to connect to: [localhost:5672]
2026-08-04T09:56:18.449+07:00 ERROR [interaction-service,,] 7924 --- [interaction-service] [org.springframework.amqp.rabbit.RabbitListenerEndpointContainer#0-15] [                                                 ] o.s.a.r.l.SimpleMessageListenerContainer : Failed to check/redeclare auto-delete queue(s).
2026-08-04T09:56:18.452+07:00  INFO [interaction-service,,] 7924 --- [interaction-service] [org.springframework.amqp.rabbit.RabbitListenerEndpointContainer#0-15] [                                                 ] o.s.a.r.c.CachingConnectionFactory       : Attempting to connect to: [localhost:5672]
2026-08-04T09:56:23.506+07:00  WARN [interaction-service,,] 7924 --- [interaction-service] [org.springframework.amqp.rabbit.RabbitListenerEndpointContainer#0-15] [                                                 ] o.s.a.r.l.SimpleMessageListenerContainer : Consumer raised exception, processing can restart if the connection factory supports it

org.springframework.amqp.AmqpIOException: java.io.IOException
	at org.springframework.amqp.rabbit.support.RabbitExceptionTranslator.convertRabbitAccessException(RabbitExceptionTranslator.java:70) ~[spring-rabbit-3.1.12.jar:3.1.12]
	at org.springframework.amqp.rabbit.connection.AbstractConnectionFactory.createBareConnection(AbstractConnectionFactory.java:623) ~[spring-rabbit-3.1.12.jar:3.1.12]
	at org.springframework.amqp.rabbit.connection.CachingConnectionFactory.createConnection(CachingConnectionFactory.java:726) ~[spring-rabbit-3.1.12.jar:3.1.12]
	at org.springframework.amqp.rabbit.connection.ConnectionFactoryUtils.createConnection(ConnectionFactoryUtils.java:257) ~[spring-rabbit-3.1.12.jar:3.1.12]
	at org.springframework.amqp.rabbit.connection.ConnectionFactoryUtils$RabbitResourceFactory.createConnection(ConnectionFactoryUtils.java:345) ~[spring-rabbit-3.1.12.jar:3.1.12]
	at org.springframework.amqp.rabbit.connection.ConnectionFactoryUtils.doGetTransactionalResourceHolder(ConnectionFactoryUtils.java:140) ~[spring-rabbit-3.1.12.jar:3.1.12]
	at org.springframework.amqp.rabbit.connection.ConnectionFactoryUtils.getTransactionalResourceHolder(ConnectionFactoryUtils.java:102) ~[spring-rabbit-3.1.12.jar:3.1.12]
	at org.springframework.amqp.rabbit.connection.ConnectionFactoryUtils.getTransactionalResourceHolder(ConnectionFactoryUtils.java:85) ~[spring-rabbit-3.1.12.jar:3.1.12]
	at org.springframework.amqp.rabbit.listener.BlockingQueueConsumer.start(BlockingQueueConsumer.java:626) ~[spring-rabbit-3.1.12.jar:3.1.12]
	at org.springframework.amqp.rabbit.listener.SimpleMessageListenerContainer$AsyncMessageProcessingConsumer.initialize(SimpleMessageListenerContainer.java:1478) ~[spring-rabbit-3.1.12.jar:3.1.12]
	at org.springframework.amqp.rabbit.listener.SimpleMessageListenerContainer$AsyncMessageProcessingConsumer.run(SimpleMessageListenerContainer.java:1318) ~[spring-rabbit-3.1.12.jar:3.1.12]
	at java.base/java.lang.Thread.run(Thread.java:842) ~[na:na]
Caused by: java.io.IOException: null
	at com.rabbitmq.client.impl.AMQChannel.wrap(AMQChannel.java:140) ~[amqp-client-5.21.0.jar:5.21.0]
	at com.rabbitmq.client.impl.AMQChannel.wrap(AMQChannel.java:136) ~[amqp-client-5.21.0.jar:5.21.0]
	at com.rabbitmq.client.impl.AMQConnection.start(AMQConnection.java:406) ~[amqp-client-5.21.0.jar:5.21.0]
	at com.rabbitmq.client.ConnectionFactory.newConnection(ConnectionFactory.java:1251) ~[amqp-client-5.21.0.jar:5.21.0]
	at com.rabbitmq.client.ConnectionFactory.newConnection(ConnectionFactory.java:1198) ~[amqp-client-5.21.0.jar:5.21.0]
	at org.springframework.amqp.rabbit.connection.AbstractConnectionFactory.connectAddresses(AbstractConnectionFactory.java:669) ~[spring-rabbit-3.1.12.jar:3.1.12]
	at org.springframework.amqp.rabbit.connection.AbstractConnectionFactory.connect(AbstractConnectionFactory.java:638) ~[spring-rabbit-3.1.12.jar:3.1.12]
	at org.springframework.amqp.rabbit.connection.AbstractConnectionFactory.createBareConnection(AbstractConnectionFactory.java:585) ~[spring-rabbit-3.1.12.jar:3.1.12]
	... 10 common frames omitted
Caused by: com.rabbitmq.client.ShutdownSignalException: connection error
	at com.rabbitmq.utility.ValueOrException.getValue(ValueOrException.java:66) ~[amqp-client-5.21.0.jar:5.21.0]
	at com.rabbitmq.utility.BlockingValueOrException.uninterruptibleGetValue(BlockingValueOrException.java:36) ~[amqp-client-5.21.0.jar:5.21.0]
	at com.rabbitmq.client.impl.AMQChannel$BlockingRpcContinuation.getReply(AMQChannel.java:552) ~[amqp-client-5.21.0.jar:5.21.0]
	at com.rabbitmq.client.impl.AMQConnection.start(AMQConnection.java:336) ~[amqp-client-5.21.0.jar:5.21.0]
	... 15 common frames omitted
Caused by: java.io.EOFException: null
	at java.base/java.io.DataInputStream.readUnsignedByte(DataInputStream.java:296) ~[na:na]
	at com.rabbitmq.client.impl.Frame.readFrom(Frame.java:91) ~[amqp-client-5.21.0.jar:5.21.0]
	at com.rabbitmq.client.impl.SocketFrameHandler.readFrame(SocketFrameHandler.java:199) ~[amqp-client-5.21.0.jar:5.21.0]
	at com.rabbitmq.client.impl.AMQConnection$MainLoop.run(AMQConnection.java:687) ~[amqp-client-5.21.0.jar:5.21.0]
	... 1 common frames omitted

2026-08-04T09:56:23.533+07:00  INFO [interaction-service,,] 7924 --- [interaction-service] [org.springframework.amqp.rabbit.RabbitListenerEndpointContainer#0-15] [                                                 ] o.s.a.r.l.SimpleMessageListenerContainer : Restarting Consumer@2192cc7a: tags=[[]], channel=null, acknowledgeMode=AUTO local queue size=0
2026-08-04T09:56:23.596+07:00  INFO [interaction-service,,] 7924 --- [interaction-service] [org.springframework.amqp.rabbit.RabbitListenerEndpointContainer#0-16] [                                                 ] o.s.a.r.c.CachingConnectionFactory       : Attempting to connect to: [localhost:5672]
2026-08-04T09:56:23.651+07:00 ERROR [interaction-service,,] 7924 --- [interaction-service] [org.springframework.amqp.rabbit.RabbitListenerEndpointContainer#0-16] [                                                 ] o.s.a.r.l.SimpleMessageListenerContainer : Failed to check/redeclare auto-delete queue(s).
2026-08-04T09:56:23.662+07:00  INFO [interaction-service,,] 7924 --- [interaction-service] [org.springframework.amqp.rabbit.RabbitListenerEndpointContainer#0-16] [                                                 ] o.s.a.r.c.CachingConnectionFactory       : Attempting to connect to: [localhost:5672]
2026-08-04T09:56:28.746+07:00  WARN [interaction-service,,] 7924 --- [interaction-service] [org.springframework.amqp.rabbit.RabbitListenerEndpointContainer#0-16] [                                                 ] o.s.a.r.l.SimpleMessageListenerContainer : Consumer raised exception, processing can restart if the connection factory supports it

org.springframework.amqp.AmqpIOException: java.io.IOException
	at org.springframework.amqp.rabbit.support.RabbitExceptionTranslator.convertRabbitAccessException(RabbitExceptionTranslator.java:70) ~[spring-rabbit-3.1.12.jar:3.1.12]
	at org.springframework.amqp.rabbit.connection.AbstractConnectionFactory.createBareConnection(AbstractConnectionFactory.java:623) ~[spring-rabbit-3.1.12.jar:3.1.12]
	at org.springframework.amqp.rabbit.connection.CachingConnectionFactory.createConnection(CachingConnectionFactory.java:726) ~[spring-rabbit-3.1.12.jar:3.1.12]
	at org.springframework.amqp.rabbit.connection.ConnectionFactoryUtils.createConnection(ConnectionFactoryUtils.java:257) ~[spring-rabbit-3.1.12.jar:3.1.12]
	at org.springframework.amqp.rabbit.connection.ConnectionFactoryUtils$RabbitResourceFactory.createConnection(ConnectionFactoryUtils.java:345) ~[spring-rabbit-3.1.12.jar:3.1.12]
	at org.springframework.amqp.rabbit.connection.ConnectionFactoryUtils.doGetTransactionalResourceHolder(ConnectionFactoryUtils.java:140) ~[spring-rabbit-3.1.12.jar:3.1.12]
	at org.springframework.amqp.rabbit.connection.ConnectionFactoryUtils.getTransactionalResourceHolder(ConnectionFactoryUtils.java:102) ~[spring-rabbit-3.1.12.jar:3.1.12]
	at org.springframework.amqp.rabbit.connection.ConnectionFactoryUtils.getTransactionalResourceHolder(ConnectionFactoryUtils.java:85) ~[spring-rabbit-3.1.12.jar:3.1.12]
	at org.springframework.amqp.rabbit.listener.BlockingQueueConsumer.start(BlockingQueueConsumer.java:626) ~[spring-rabbit-3.1.12.jar:3.1.12]
	at org.springframework.amqp.rabbit.listener.SimpleMessageListenerContainer$AsyncMessageProcessingConsumer.initialize(SimpleMessageListenerContainer.java:1478) ~[spring-rabbit-3.1.12.jar:3.1.12]
	at org.springframework.amqp.rabbit.listener.SimpleMessageListenerContainer$AsyncMessageProcessingConsumer.run(SimpleMessageListenerContainer.java:1318) ~[spring-rabbit-3.1.12.jar:3.1.12]
	at java.base/java.lang.Thread.run(Thread.java:842) ~[na:na]
Caused by: java.io.IOException: null
	at com.rabbitmq.client.impl.AMQChannel.wrap(AMQChannel.java:140) ~[amqp-client-5.21.0.jar:5.21.0]
	at com.rabbitmq.client.impl.AMQChannel.wrap(AMQChannel.java:136) ~[amqp-client-5.21.0.jar:5.21.0]
	at com.rabbitmq.client.impl.AMQConnection.start(AMQConnection.java:406) ~[amqp-client-5.21.0.jar:5.21.0]
	at com.rabbitmq.client.ConnectionFactory.newConnection(ConnectionFactory.java:1251) ~[amqp-client-5.21.0.jar:5.21.0]
	at com.rabbitmq.client.ConnectionFactory.newConnection(ConnectionFactory.java:1198) ~[amqp-client-5.21.0.jar:5.21.0]
	at org.springframework.amqp.rabbit.connection.AbstractConnectionFactory.connectAddresses(AbstractConnectionFactory.java:669) ~[spring-rabbit-3.1.12.jar:3.1.12]
	at org.springframework.amqp.rabbit.connection.AbstractConnectionFactory.connect(AbstractConnectionFactory.java:638) ~[spring-rabbit-3.1.12.jar:3.1.12]
	at org.springframework.amqp.rabbit.connection.AbstractConnectionFactory.createBareConnection(AbstractConnectionFactory.java:585) ~[spring-rabbit-3.1.12.jar:3.1.12]
	... 10 common frames omitted
Caused by: com.rabbitmq.client.ShutdownSignalException: connection error
	at com.rabbitmq.utility.ValueOrException.getValue(ValueOrException.java:66) ~[amqp-client-5.21.0.jar:5.21.0]
	at com.rabbitmq.utility.BlockingValueOrException.uninterruptibleGetValue(BlockingValueOrException.java:36) ~[amqp-client-5.21.0.jar:5.21.0]
	at com.rabbitmq.client.impl.AMQChannel$BlockingRpcContinuation.getReply(AMQChannel.java:552) ~[amqp-client-5.21.0.jar:5.21.0]
	at com.rabbitmq.client.impl.AMQConnection.start(AMQConnection.java:336) ~[amqp-client-5.21.0.jar:5.21.0]
	... 15 common frames omitted
Caused by: java.io.EOFException: null
	at java.base/java.io.DataInputStream.readUnsignedByte(DataInputStream.java:296) ~[na:na]
	at com.rabbitmq.client.impl.Frame.readFrom(Frame.java:91) ~[amqp-client-5.21.0.jar:5.21.0]
	at com.rabbitmq.client.impl.SocketFrameHandler.readFrame(SocketFrameHandler.java:199) ~[amqp-client-5.21.0.jar:5.21.0]
	at com.rabbitmq.client.impl.AMQConnection$MainLoop.run(AMQConnection.java:687) ~[amqp-client-5.21.0.jar:5.21.0]
	... 1 common frames omitted

2026-08-04T09:56:28.750+07:00  INFO [interaction-service,,] 7924 --- [interaction-service] [org.springframework.amqp.rabbit.RabbitListenerEndpointContainer#0-16] [                                                 ] o.s.a.r.l.SimpleMessageListenerContainer : Restarting Consumer@657a0025: tags=[[]], channel=null, acknowledgeMode=AUTO local queue size=0
2026-08-04T09:56:28.756+07:00  INFO [interaction-service,,] 7924 --- [interaction-service] [org.springframework.amqp.rabbit.RabbitListenerEndpointContainer#0-17] [                                                 ] o.s.a.r.c.CachingConnectionFactory       : Attempting to connect to: [localhost:5672]
2026-08-04T09:56:28.775+07:00 ERROR [interaction-service,,] 7924 --- [interaction-service] [org.springframework.amqp.rabbit.RabbitListenerEndpointContainer#0-17] [                                                 ] o.s.a.r.l.SimpleMessageListenerContainer : Failed to check/redeclare auto-delete queue(s).
2026-08-04T09:56:28.778+07:00  INFO [interaction-service,,] 7924 --- [interaction-service] [org.springframework.amqp.rabbit.RabbitListenerEndpointContainer#0-17] [                                                 ] o.s.a.r.c.CachingConnectionFactory       : Attempting to connect to: [localhost:5672]
2026-08-04T09:56:33.848+07:00  WARN [interaction-service,,] 7924 --- [interaction-service] [org.springframework.amqp.rabbit.RabbitListenerEndpointContainer#0-17] [                                                 ] o.s.a.r.l.SimpleMessageListenerContainer : Consumer raised exception, processing can restart if the connection factory supports it

org.springframework.amqp.AmqpIOException: java.io.IOException
	at org.springframework.amqp.rabbit.support.RabbitExceptionTranslator.convertRabbitAccessException(RabbitExceptionTranslator.java:70) ~[spring-rabbit-3.1.12.jar:3.1.12]
	at org.springframework.amqp.rabbit.connection.AbstractConnectionFactory.createBareConnection(AbstractConnectionFactory.java:623) ~[spring-rabbit-3.1.12.jar:3.1.12]
	at org.springframework.amqp.rabbit.connection.CachingConnectionFactory.createConnection(CachingConnectionFactory.java:726) ~[spring-rabbit-3.1.12.jar:3.1.12]
	at org.springframework.amqp.rabbit.connection.ConnectionFactoryUtils.createConnection(ConnectionFactoryUtils.java:257) ~[spring-rabbit-3.1.12.jar:3.1.12]
	at org.springframework.amqp.rabbit.connection.ConnectionFactoryUtils$RabbitResourceFactory.createConnection(ConnectionFactoryUtils.java:345) ~[spring-rabbit-3.1.12.jar:3.1.12]
	at org.springframework.amqp.rabbit.connection.ConnectionFactoryUtils.doGetTransactionalResourceHolder(ConnectionFactoryUtils.java:140) ~[spring-rabbit-3.1.12.jar:3.1.12]
	at org.springframework.amqp.rabbit.connection.ConnectionFactoryUtils.getTransactionalResourceHolder(ConnectionFactoryUtils.java:102) ~[spring-rabbit-3.1.12.jar:3.1.12]
	at org.springframework.amqp.rabbit.connection.ConnectionFactoryUtils.getTransactionalResourceHolder(ConnectionFactoryUtils.java:85) ~[spring-rabbit-3.1.12.jar:3.1.12]
	at org.springframework.amqp.rabbit.listener.BlockingQueueConsumer.start(BlockingQueueConsumer.java:626) ~[spring-rabbit-3.1.12.jar:3.1.12]
	at org.springframework.amqp.rabbit.listener.SimpleMessageListenerContainer$AsyncMessageProcessingConsumer.initialize(SimpleMessageListenerContainer.java:1478) ~[spring-rabbit-3.1.12.jar:3.1.12]
	at org.springframework.amqp.rabbit.listener.SimpleMessageListenerContainer$AsyncMessageProcessingConsumer.run(SimpleMessageListenerContainer.java:1318) ~[spring-rabbit-3.1.12.jar:3.1.12]
	at java.base/java.lang.Thread.run(Thread.java:842) ~[na:na]
Caused by: java.io.IOException: null
	at com.rabbitmq.client.impl.AMQChannel.wrap(AMQChannel.java:140) ~[amqp-client-5.21.0.jar:5.21.0]
	at com.rabbitmq.client.impl.AMQChannel.wrap(AMQChannel.java:136) ~[amqp-client-5.21.0.jar:5.21.0]
	at com.rabbitmq.client.impl.AMQConnection.start(AMQConnection.java:406) ~[amqp-client-5.21.0.jar:5.21.0]
	at com.rabbitmq.client.ConnectionFactory.newConnection(ConnectionFactory.java:1251) ~[amqp-client-5.21.0.jar:5.21.0]
	at com.rabbitmq.client.ConnectionFactory.newConnection(ConnectionFactory.java:1198) ~[amqp-client-5.21.0.jar:5.21.0]
	at org.springframework.amqp.rabbit.connection.AbstractConnectionFactory.connectAddresses(AbstractConnectionFactory.java:669) ~[spring-rabbit-3.1.12.jar:3.1.12]
	at org.springframework.amqp.rabbit.connection.AbstractConnectionFactory.connect(AbstractConnectionFactory.java:638) ~[spring-rabbit-3.1.12.jar:3.1.12]
	at org.springframework.amqp.rabbit.connection.AbstractConnectionFactory.createBareConnection(AbstractConnectionFactory.java:585) ~[spring-rabbit-3.1.12.jar:3.1.12]
	... 10 common frames omitted
Caused by: com.rabbitmq.client.ShutdownSignalException: connection error
	at com.rabbitmq.utility.ValueOrException.getValue(ValueOrException.java:66) ~[amqp-client-5.21.0.jar:5.21.0]
	at com.rabbitmq.utility.BlockingValueOrException.uninterruptibleGetValue(BlockingValueOrException.java:36) ~[amqp-client-5.21.0.jar:5.21.0]
	at com.rabbitmq.client.impl.AMQChannel$BlockingRpcContinuation.getReply(AMQChannel.java:552) ~[amqp-client-5.21.0.jar:5.21.0]
	at com.rabbitmq.client.impl.AMQConnection.start(AMQConnection.java:336) ~[amqp-client-5.21.0.jar:5.21.0]
	... 15 common frames omitted
Caused by: java.io.EOFException: null
	at java.base/java.io.DataInputStream.readUnsignedByte(DataInputStream.java:296) ~[na:na]
	at com.rabbitmq.client.impl.Frame.readFrom(Frame.java:91) ~[amqp-client-5.21.0.jar:5.21.0]
	at com.rabbitmq.client.impl.SocketFrameHandler.readFrame(SocketFrameHandler.java:199) ~[amqp-client-5.21.0.jar:5.21.0]
	at com.rabbitmq.client.impl.AMQConnection$MainLoop.run(AMQConnection.java:687) ~[amqp-client-5.21.0.jar:5.21.0]
	... 1 common frames omitted

2026-08-04T09:56:33.900+07:00  INFO [interaction-service,,] 7924 --- [interaction-service] [org.springframework.amqp.rabbit.RabbitListenerEndpointContainer#0-17] [                                                 ] o.s.a.r.l.SimpleMessageListenerContainer : Restarting Consumer@233664a1: tags=[[]], channel=null, acknowledgeMode=AUTO local queue size=0
2026-08-04T09:56:33.928+07:00  INFO [interaction-service,,] 7924 --- [interaction-service] [org.springframework.amqp.rabbit.RabbitListenerEndpointContainer#0-18] [                                                 ] o.s.a.r.c.CachingConnectionFactory       : Attempting to connect to: [localhost:5672]
2026-08-04T09:56:34.436+07:00  INFO [interaction-service,,] 7924 --- [interaction-service] [org.springframework.amqp.rabbit.RabbitListenerEndpointContainer#0-18] [                                                 ] o.s.a.r.c.CachingConnectionFactory       : Created new connection: rabbitConnectionFactory#2f5a23c1:35/SimpleConnection@748c2f87 [delegate=amqp://guest@127.0.0.1:5672/, localPort=53370]
2026-08-04T09:59:37.697+07:00  INFO [interaction-service,,] 7924 --- [interaction-service] [AsyncResolver-bootstrap-executor-%d] [                                                 ] c.n.d.s.r.aws.ConfigClusterResolver      : Resolving eureka endpoints via configuration
2026-08-04T10:04:37.713+07:00  INFO [interaction-service,,] 7924 --- [interaction-service] [AsyncResolver-bootstrap-executor-%d] [                                                 ] c.n.d.s.r.aws.ConfigClusterResolver      : Resolving eureka endpoints via configuration
2026-08-04T10:09:37.778+07:00  INFO [interaction-service,,] 7924 --- [interaction-service] [AsyncResolver-bootstrap-executor-%d] [                                                 ] c.n.d.s.r.aws.ConfigClusterResolver      : Resolving eureka endpoints via configuration
2026-08-04T10:14:37.792+07:00  INFO [interaction-service,,] 7924 --- [interaction-service] [AsyncResolver-bootstrap-executor-%d] [                                                 ] c.n.d.s.r.aws.ConfigClusterResolver      : Resolving eureka endpoints via configuration
2026-08-04T10:19:37.809+07:00  INFO [interaction-service,,] 7924 --- [interaction-service] [AsyncResolver-bootstrap-executor-%d] [                                                 ] c.n.d.s.r.aws.ConfigClusterResolver      : Resolving eureka endpoints via configuration
2026-08-04T10:24:37.825+07:00  INFO [interaction-service,,] 7924 --- [interaction-service] [AsyncResolver-bootstrap-executor-%d] [                                                 ] c.n.d.s.r.aws.ConfigClusterResolver      : Resolving eureka endpoints via configuration
2026-08-04T10:29:37.846+07:00  INFO [interaction-service,,] 7924 --- [interaction-service] [AsyncResolver-bootstrap-executor-%d] [                                                 ] c.n.d.s.r.aws.ConfigClusterResolver      : Resolving eureka endpoints via configuration
2026-08-04T10:32:39.102+07:00  WARN [interaction-service,64667918c5bc5d0d306481e8dd0554b0,e223da2ecada469f] 7924 --- [interaction-service] [http-nio-8084-exec-1] [64667918c5bc5d0d306481e8dd0554b0-e223da2ecada469f] o.h.engine.jdbc.spi.SqlExceptionHelper   : SQL Warning Code: 0, SQLState: 01000
2026-08-04T10:32:39.105+07:00  WARN [interaction-service,64667918c5bc5d0d306481e8dd0554b0,e223da2ecada469f] 7924 --- [interaction-service] [http-nio-8084-exec-1] [64667918c5bc5d0d306481e8dd0554b0-e223da2ecada469f] o.h.engine.jdbc.spi.SqlExceptionHelper   : database "social_media_interaction" has a collation version mismatch
2026-08-04T10:32:58.668+07:00  INFO [interaction-service,,] 7924 --- [interaction-service] [SpringApplicationShutdownHook] [                                                 ] o.s.c.n.e.s.EurekaServiceRegistry        : Unregistering application INTERACTION-SERVICE with eureka with status DOWN
2026-08-04T10:32:58.670+07:00  INFO [interaction-service,,] 7924 --- [interaction-service] [SpringApplicationShutdownHook] [                                                 ] com.netflix.discovery.DiscoveryClient    : Saw local status change event StatusChangeEvent [timestamp=1785814378670, current=DOWN, previous=UP]
2026-08-04T10:32:58.672+07:00  INFO [interaction-service,,] 7924 --- [interaction-service] [DiscoveryClient-InstanceInfoReplicator-%d] [                                                 ] com.netflix.discovery.DiscoveryClient    : DiscoveryClient_INTERACTION-SERVICE/192.168.111.1:interaction-service:8084: registering service...
2026-08-04T10:32:58.740+07:00  INFO [interaction-service,,] 7924 --- [interaction-service] [org.springframework.amqp.rabbit.RabbitListenerEndpointContainer#0-19] [                                                 ] o.s.a.r.l.SimpleMessageListenerContainer : Waiting for workers to finish.
2026-08-04T10:32:58.748+07:00  INFO [interaction-service,,] 7924 --- [interaction-service] [DiscoveryClient-InstanceInfoReplicator-%d] [                                                 ] c.n.d.s.t.d.RedirectingEurekaHttpClient  : Request execution error. endpoint=DefaultEndpoint{ serviceUrl='http://localhost:8761/eureka/} exception=I/O error on POST request for "http://localhost:8761/eureka/apps/INTERACTION-SERVICE": Connect to http://localhost:8761 [localhost/127.0.0.1, localhost/0:0:0:0:0:0:0:1] failed: Connection refused: no further information stacktrace=org.springframework.web.client.ResourceAccessException: I/O error on POST request for "http://localhost:8761/eureka/apps/INTERACTION-SERVICE": Connect to http://localhost:8761 [localhost/127.0.0.1, localhost/0:0:0:0:0:0:0:1] failed: Connection refused: no further information
	at org.springframework.web.client.RestTemplate.createResourceAccessException(RestTemplate.java:915)
	at org.springframework.web.client.RestTemplate.doExecute(RestTemplate.java:895)
	at org.springframework.web.client.RestTemplate.execute(RestTemplate.java:830)
	at org.springframework.web.client.RestTemplate.exchange(RestTemplate.java:691)
	at org.springframework.cloud.netflix.eureka.http.RestTemplateEurekaHttpClient.register(RestTemplateEurekaHttpClient.java:83)
	at com.netflix.discovery.shared.transport.decorator.EurekaHttpClientDecorator$1.execute(EurekaHttpClientDecorator.java:59)
	at com.netflix.discovery.shared.transport.decorator.RedirectingEurekaHttpClient.execute(RedirectingEurekaHttpClient.java:91)
	at com.netflix.discovery.shared.transport.decorator.EurekaHttpClientDecorator.register(EurekaHttpClientDecorator.java:56)
	at com.netflix.discovery.shared.transport.decorator.EurekaHttpClientDecorator$1.execute(EurekaHttpClientDecorator.java:59)
	at com.netflix.discovery.shared.transport.decorator.RetryableEurekaHttpClient.execute(RetryableEurekaHttpClient.java:120)
	at com.netflix.discovery.shared.transport.decorator.EurekaHttpClientDecorator.register(EurekaHttpClientDecorator.java:56)
	at com.netflix.discovery.shared.transport.decorator.EurekaHttpClientDecorator$1.execute(EurekaHttpClientDecorator.java:59)
	at com.netflix.discovery.shared.transport.decorator.SessionedEurekaHttpClient.execute(SessionedEurekaHttpClient.java:76)
	at com.netflix.discovery.shared.transport.decorator.EurekaHttpClientDecorator.register(EurekaHttpClientDecorator.java:56)
	at com.netflix.discovery.DiscoveryClient.register(DiscoveryClient.java:828)
	at com.netflix.discovery.InstanceInfoReplicator.run(InstanceInfoReplicator.java:125)
	at com.netflix.discovery.InstanceInfoReplicator$2.run(InstanceInfoReplicator.java:105)
	at java.base/java.util.concurrent.Executors$RunnableAdapter.call(Executors.java:539)
	at java.base/java.util.concurrent.FutureTask.run(FutureTask.java:264)
	at java.base/java.util.concurrent.ScheduledThreadPoolExecutor$ScheduledFutureTask.run(ScheduledThreadPoolExecutor.java:304)
	at java.base/java.util.concurrent.ThreadPoolExecutor.runWorker(ThreadPoolExecutor.java:1136)
	at java.base/java.util.concurrent.ThreadPoolExecutor$Worker.run(ThreadPoolExecutor.java:635)
	at java.base/java.lang.Thread.run(Thread.java:842)
Caused by: org.apache.hc.client5.http.HttpHostConnectException: Connect to http://localhost:8761 [localhost/127.0.0.1, localhost/0:0:0:0:0:0:0:1] failed: Connection refused: no further information
	at java.base/sun.nio.ch.Net.pollConnect(Native Method)
	at java.base/sun.nio.ch.Net.pollConnectNow(Net.java:672)
	at java.base/sun.nio.ch.NioSocketImpl.timedFinishConnect(NioSocketImpl.java:547)
	at java.base/sun.nio.ch.NioSocketImpl.connect(NioSocketImpl.java:602)
	at java.base/java.net.SocksSocketImpl.connect(SocksSocketImpl.java:327)
	at java.base/java.net.Socket.connect(Socket.java:633)
	at org.apache.hc.client5.http.socket.PlainConnectionSocketFactory.lambda$connectSocket$0(PlainConnectionSocketFactory.java:91)
	at java.base/java.security.AccessController.doPrivileged(AccessController.java:569)
	at org.apache.hc.client5.http.socket.PlainConnectionSocketFactory.connectSocket(PlainConnectionSocketFactory.java:90)
	at org.apache.hc.client5.http.socket.ConnectionSocketFactory.connectSocket(ConnectionSocketFactory.java:123)
	at org.apache.hc.client5.http.impl.io.DefaultHttpClientConnectionOperator.connect(DefaultHttpClientConnectionOperator.java:189)
	at org.apache.hc.client5.http.impl.io.PoolingHttpClientConnectionManager.connect(PoolingHttpClientConnectionManager.java:450)
	at org.apache.hc.client5.http.impl.classic.InternalExecRuntime.connectEndpoint(InternalExecRuntime.java:162)
	at org.apache.hc.client5.http.impl.classic.InternalExecRuntime.connectEndpoint(InternalExecRuntime.java:172)
	at org.apache.hc.client5.http.impl.classic.ConnectExec.execute(ConnectExec.java:142)
	at org.apache.hc.client5.http.impl.classic.ExecChainElement.execute(ExecChainElement.java:51)
	at org.apache.hc.client5.http.impl.classic.ProtocolExec.execute(ProtocolExec.java:192)
	at org.apache.hc.client5.http.impl.classic.ExecChainElement.execute(ExecChainElement.java:51)
	at org.apache.hc.client5.http.impl.classic.HttpRequestRetryExec.execute(HttpRequestRetryExec.java:113)
	at org.apache.hc.client5.http.impl.classic.ExecChainElement.execute(ExecChainElement.java:51)
	at org.apache.hc.client5.http.impl.classic.ContentCompressionExec.execute(ContentCompressionExec.java:152)
	at org.apache.hc.client5.http.impl.classic.ExecChainElement.execute(ExecChainElement.java:51)
	at org.apache.hc.client5.http.impl.classic.RedirectExec.execute(RedirectExec.java:116)
	at org.apache.hc.client5.http.impl.classic.ExecChainElement.execute(ExecChainElement.java:51)
	at org.apache.hc.client5.http.impl.classic.InternalHttpClient.doExecute(InternalHttpClient.java:170)
	at org.apache.hc.client5.http.impl.classic.CloseableHttpClient.execute(CloseableHttpClient.java:87)
	at org.apache.hc.client5.http.impl.classic.CloseableHttpClient.execute(CloseableHttpClient.java:55)
	at org.apache.hc.client5.http.classic.HttpClient.executeOpen(HttpClient.java:183)
	at org.springframework.http.client.HttpComponentsClientHttpRequest.executeInternal(HttpComponentsClientHttpRequest.java:99)
	at org.springframework.http.client.AbstractStreamingClientHttpRequest.executeInternal(AbstractStreamingClientHttpRequest.java:70)
	at org.springframework.http.client.AbstractClientHttpRequest.execute(AbstractClientHttpRequest.java:66)
	at org.springframework.http.client.InterceptingClientHttpRequest$InterceptingRequestExecution.execute(InterceptingClientHttpRequest.java:112)
	at org.springframework.cloud.netflix.eureka.http.RestTemplateTransportClientFactory.lambda$restTemplate$3(RestTemplateTransportClientFactory.java:170)
	at org.springframework.http.client.InterceptingClientHttpRequest$InterceptingRequestExecution.execute(InterceptingClientHttpRequest.java:88)
	at org.springframework.http.client.InterceptingClientHttpRequest.executeInternal(InterceptingClientHttpRequest.java:72)
	at org.springframework.http.client.AbstractBufferingClientHttpRequest.executeInternal(AbstractBufferingClientHttpRequest.java:48)
	at org.springframework.http.client.AbstractClientHttpRequest.execute(AbstractClientHttpRequest.java:66)
	at org.springframework.web.client.RestTemplate.doExecute(RestTemplate.java:889)
	... 21 more

2026-08-04T10:32:58.753+07:00  WARN [interaction-service,,] 7924 --- [interaction-service] [DiscoveryClient-InstanceInfoReplicator-%d] [                                                 ] c.n.d.s.t.d.RetryableEurekaHttpClient    : Request execution failed with message: I/O error on POST request for "http://localhost:8761/eureka/apps/INTERACTION-SERVICE": Connect to http://localhost:8761 [localhost/127.0.0.1, localhost/0:0:0:0:0:0:0:1] failed: Connection refused: no further information
2026-08-04T10:32:58.791+07:00  INFO [interaction-service,,] 7924 --- [interaction-service] [DiscoveryClient-InstanceInfoReplicator-%d] [                                                 ] c.n.d.s.t.d.RedirectingEurekaHttpClient  : Request execution error. endpoint=DefaultEndpoint{ serviceUrl='http://localhost:8761/eureka/}, exception=I/O error on POST request for "http://localhost:8761/eureka/apps/INTERACTION-SERVICE": Connect to http://localhost:8761 [localhost/127.0.0.1, localhost/0:0:0:0:0:0:0:1] failed: Connection refused: no further information stacktrace=org.springframework.web.client.ResourceAccessException: I/O error on POST request for "http://localhost:8761/eureka/apps/INTERACTION-SERVICE": Connect to http://localhost:8761 [localhost/127.0.0.1, localhost/0:0:0:0:0:0:0:1] failed: Connection refused: no further information
	at org.springframework.web.client.RestTemplate.createResourceAccessException(RestTemplate.java:915)
	at org.springframework.web.client.RestTemplate.doExecute(RestTemplate.java:895)
	at org.springframework.web.client.RestTemplate.execute(RestTemplate.java:830)
	at org.springframework.web.client.RestTemplate.exchange(RestTemplate.java:691)
	at org.springframework.cloud.netflix.eureka.http.RestTemplateEurekaHttpClient.register(RestTemplateEurekaHttpClient.java:83)
	at com.netflix.discovery.shared.transport.decorator.EurekaHttpClientDecorator$1.execute(EurekaHttpClientDecorator.java:59)
	at com.netflix.discovery.shared.transport.decorator.RedirectingEurekaHttpClient.executeOnNewServer(RedirectingEurekaHttpClient.java:121)
	at com.netflix.discovery.shared.transport.decorator.RedirectingEurekaHttpClient.execute(RedirectingEurekaHttpClient.java:80)
	at com.netflix.discovery.shared.transport.decorator.EurekaHttpClientDecorator.register(EurekaHttpClientDecorator.java:56)
	at com.netflix.discovery.shared.transport.decorator.EurekaHttpClientDecorator$1.execute(EurekaHttpClientDecorator.java:59)
	at com.netflix.discovery.shared.transport.decorator.RetryableEurekaHttpClient.execute(RetryableEurekaHttpClient.java:120)
	at com.netflix.discovery.shared.transport.decorator.EurekaHttpClientDecorator.register(EurekaHttpClientDecorator.java:56)
	at com.netflix.discovery.shared.transport.decorator.EurekaHttpClientDecorator$1.execute(EurekaHttpClientDecorator.java:59)
	at com.netflix.discovery.shared.transport.decorator.SessionedEurekaHttpClient.execute(SessionedEurekaHttpClient.java:76)
	at com.netflix.discovery.shared.transport.decorator.EurekaHttpClientDecorator.register(EurekaHttpClientDecorator.java:56)
	at com.netflix.discovery.DiscoveryClient.register(DiscoveryClient.java:828)
	at com.netflix.discovery.InstanceInfoReplicator.run(InstanceInfoReplicator.java:125)
	at com.netflix.discovery.InstanceInfoReplicator$2.run(InstanceInfoReplicator.java:105)
	at java.base/java.util.concurrent.Executors$RunnableAdapter.call(Executors.java:539)
	at java.base/java.util.concurrent.FutureTask.run(FutureTask.java:264)
	at java.base/java.util.concurrent.ScheduledThreadPoolExecutor$ScheduledFutureTask.run(ScheduledThreadPoolExecutor.java:304)
	at java.base/java.util.concurrent.ThreadPoolExecutor.runWorker(ThreadPoolExecutor.java:1136)
	at java.base/java.util.concurrent.ThreadPoolExecutor$Worker.run(ThreadPoolExecutor.java:635)
	at java.base/java.lang.Thread.run(Thread.java:842)
Caused by: org.apache.hc.client5.http.HttpHostConnectException: Connect to http://localhost:8761 [localhost/127.0.0.1, localhost/0:0:0:0:0:0:0:1] failed: Connection refused: no further information
	at java.base/sun.nio.ch.Net.pollConnect(Native Method)
	at java.base/sun.nio.ch.Net.pollConnectNow(Net.java:672)
	at java.base/sun.nio.ch.NioSocketImpl.timedFinishConnect(NioSocketImpl.java:547)
	at java.base/sun.nio.ch.NioSocketImpl.connect(NioSocketImpl.java:602)
	at java.base/java.net.SocksSocketImpl.connect(SocksSocketImpl.java:327)
	at java.base/java.net.Socket.connect(Socket.java:633)
	at org.apache.hc.client5.http.socket.PlainConnectionSocketFactory.lambda$connectSocket$0(PlainConnectionSocketFactory.java:91)
	at java.base/java.security.AccessController.doPrivileged(AccessController.java:569)
	at org.apache.hc.client5.http.socket.PlainConnectionSocketFactory.connectSocket(PlainConnectionSocketFactory.java:90)
	at org.apache.hc.client5.http.socket.ConnectionSocketFactory.connectSocket(ConnectionSocketFactory.java:123)
	at org.apache.hc.client5.http.impl.io.DefaultHttpClientConnectionOperator.connect(DefaultHttpClientConnectionOperator.java:189)
	at org.apache.hc.client5.http.impl.io.PoolingHttpClientConnectionManager.connect(PoolingHttpClientConnectionManager.java:450)
	at org.apache.hc.client5.http.impl.classic.InternalExecRuntime.connectEndpoint(InternalExecRuntime.java:162)
	at org.apache.hc.client5.http.impl.classic.InternalExecRuntime.connectEndpoint(InternalExecRuntime.java:172)
	at org.apache.hc.client5.http.impl.classic.ConnectExec.execute(ConnectExec.java:142)
	at org.apache.hc.client5.http.impl.classic.ExecChainElement.execute(ExecChainElement.java:51)
	at org.apache.hc.client5.http.impl.classic.ProtocolExec.execute(ProtocolExec.java:192)
	at org.apache.hc.client5.http.impl.classic.ExecChainElement.execute(ExecChainElement.java:51)
	at org.apache.hc.client5.http.impl.classic.HttpRequestRetryExec.execute(HttpRequestRetryExec.java:113)
	at org.apache.hc.client5.http.impl.classic.ExecChainElement.execute(ExecChainElement.java:51)
	at org.apache.hc.client5.http.impl.classic.ContentCompressionExec.execute(ContentCompressionExec.java:152)
	at org.apache.hc.client5.http.impl.classic.ExecChainElement.execute(ExecChainElement.java:51)
	at org.apache.hc.client5.http.impl.classic.RedirectExec.execute(RedirectExec.java:116)
	at org.apache.hc.client5.http.impl.classic.ExecChainElement.execute(ExecChainElement.java:51)
	at org.apache.hc.client5.http.impl.classic.InternalHttpClient.doExecute(InternalHttpClient.java:170)
	at org.apache.hc.client5.http.impl.classic.CloseableHttpClient.execute(CloseableHttpClient.java:87)
	at org.apache.hc.client5.http.impl.classic.CloseableHttpClient.execute(CloseableHttpClient.java:55)
	at org.apache.hc.client5.http.classic.HttpClient.executeOpen(HttpClient.java:183)
	at org.springframework.http.client.HttpComponentsClientHttpRequest.executeInternal(HttpComponentsClientHttpRequest.java:99)
	at org.springframework.http.client.AbstractStreamingClientHttpRequest.executeInternal(AbstractStreamingClientHttpRequest.java:70)
	at org.springframework.http.client.AbstractClientHttpRequest.execute(AbstractClientHttpRequest.java:66)
	at org.springframework.http.client.InterceptingClientHttpRequest$InterceptingRequestExecution.execute(InterceptingClientHttpRequest.java:112)
	at org.springframework.cloud.netflix.eureka.http.RestTemplateTransportClientFactory.lambda$restTemplate$3(RestTemplateTransportClientFactory.java:170)
	at org.springframework.http.client.InterceptingClientHttpRequest$InterceptingRequestExecution.execute(InterceptingClientHttpRequest.java:88)
	at org.springframework.http.client.InterceptingClientHttpRequest.executeInternal(InterceptingClientHttpRequest.java:72)
	at org.springframework.http.client.AbstractBufferingClientHttpRequest.executeInternal(AbstractBufferingClientHttpRequest.java:48)
	at org.springframework.http.client.AbstractClientHttpRequest.execute(AbstractClientHttpRequest.java:66)
	at org.springframework.web.client.RestTemplate.doExecute(RestTemplate.java:889)
	... 22 more

2026-08-04T10:32:58.795+07:00  WARN [interaction-service,,] 7924 --- [interaction-service] [DiscoveryClient-InstanceInfoReplicator-%d] [                                                 ] c.n.d.s.t.d.RetryableEurekaHttpClient    : Request execution failed with message: I/O error on POST request for "http://localhost:8761/eureka/apps/INTERACTION-SERVICE": Connect to http://localhost:8761 [localhost/127.0.0.1, localhost/0:0:0:0:0:0:0:1] failed: Connection refused: no further information
2026-08-04T10:32:58.798+07:00  WARN [interaction-service,,] 7924 --- [interaction-service] [DiscoveryClient-InstanceInfoReplicator-%d] [                                                 ] com.netflix.discovery.DiscoveryClient    : DiscoveryClient_INTERACTION-SERVICE/192.168.111.1:interaction-service:8084 - registration failed Cannot execute request on any known server

com.netflix.discovery.shared.transport.TransportException: Cannot execute request on any known server
	at com.netflix.discovery.shared.transport.decorator.RetryableEurekaHttpClient.execute(RetryableEurekaHttpClient.java:112) ~[eureka-client-2.0.4.jar:2.0.4]
	at com.netflix.discovery.shared.transport.decorator.EurekaHttpClientDecorator.register(EurekaHttpClientDecorator.java:56) ~[eureka-client-2.0.4.jar:2.0.4]
	at com.netflix.discovery.shared.transport.decorator.EurekaHttpClientDecorator$1.execute(EurekaHttpClientDecorator.java:59) ~[eureka-client-2.0.4.jar:2.0.4]
	at com.netflix.discovery.shared.transport.decorator.SessionedEurekaHttpClient.execute(SessionedEurekaHttpClient.java:76) ~[eureka-client-2.0.4.jar:2.0.4]
	at com.netflix.discovery.shared.transport.decorator.EurekaHttpClientDecorator.register(EurekaHttpClientDecorator.java:56) ~[eureka-client-2.0.4.jar:2.0.4]
	at com.netflix.discovery.DiscoveryClient.register(DiscoveryClient.java:828) ~[eureka-client-2.0.4.jar:2.0.4]
	at com.netflix.discovery.InstanceInfoReplicator.run(InstanceInfoReplicator.java:125) ~[eureka-client-2.0.4.jar:2.0.4]
	at com.netflix.discovery.InstanceInfoReplicator$2.run(InstanceInfoReplicator.java:105) ~[eureka-client-2.0.4.jar:2.0.4]
	at java.base/java.util.concurrent.Executors$RunnableAdapter.call(Executors.java:539) ~[na:na]
	at java.base/java.util.concurrent.FutureTask.run(FutureTask.java:264) ~[na:na]
	at java.base/java.util.concurrent.ScheduledThreadPoolExecutor$ScheduledFutureTask.run(ScheduledThreadPoolExecutor.java:304) ~[na:na]
	at java.base/java.util.concurrent.ThreadPoolExecutor.runWorker(ThreadPoolExecutor.java:1136) ~[na:na]
	at java.base/java.util.concurrent.ThreadPoolExecutor$Worker.run(ThreadPoolExecutor.java:635) ~[na:na]
	at java.base/java.lang.Thread.run(Thread.java:842) ~[na:na]

2026-08-04T10:32:58.800+07:00  WARN [interaction-service,,] 7924 --- [interaction-service] [DiscoveryClient-InstanceInfoReplicator-%d] [                                                 ] c.n.discovery.InstanceInfoReplicator     : There was a problem with the instance info replicator

com.netflix.discovery.shared.transport.TransportException: Cannot execute request on any known server
	at com.netflix.discovery.shared.transport.decorator.RetryableEurekaHttpClient.execute(RetryableEurekaHttpClient.java:112) ~[eureka-client-2.0.4.jar:2.0.4]
	at com.netflix.discovery.shared.transport.decorator.EurekaHttpClientDecorator.register(EurekaHttpClientDecorator.java:56) ~[eureka-client-2.0.4.jar:2.0.4]
	at com.netflix.discovery.shared.transport.decorator.EurekaHttpClientDecorator$1.execute(EurekaHttpClientDecorator.java:59) ~[eureka-client-2.0.4.jar:2.0.4]
	at com.netflix.discovery.shared.transport.decorator.SessionedEurekaHttpClient.execute(SessionedEurekaHttpClient.java:76) ~[eureka-client-2.0.4.jar:2.0.4]
	at com.netflix.discovery.shared.transport.decorator.EurekaHttpClientDecorator.register(EurekaHttpClientDecorator.java:56) ~[eureka-client-2.0.4.jar:2.0.4]
	at com.netflix.discovery.DiscoveryClient.register(DiscoveryClient.java:828) ~[eureka-client-2.0.4.jar:2.0.4]
	at com.netflix.discovery.InstanceInfoReplicator.run(InstanceInfoReplicator.java:125) ~[eureka-client-2.0.4.jar:2.0.4]
	at com.netflix.discovery.InstanceInfoReplicator$2.run(InstanceInfoReplicator.java:105) ~[eureka-client-2.0.4.jar:2.0.4]
	at java.base/java.util.concurrent.Executors$RunnableAdapter.call(Executors.java:539) ~[na:na]
	at java.base/java.util.concurrent.FutureTask.run(FutureTask.java:264) ~[na:na]
	at java.base/java.util.concurrent.ScheduledThreadPoolExecutor$ScheduledFutureTask.run(ScheduledThreadPoolExecutor.java:304) ~[na:na]
	at java.base/java.util.concurrent.ThreadPoolExecutor.runWorker(ThreadPoolExecutor.java:1136) ~[na:na]
	at java.base/java.util.concurrent.ThreadPoolExecutor$Worker.run(ThreadPoolExecutor.java:635) ~[na:na]
	at java.base/java.lang.Thread.run(Thread.java:842) ~[na:na]

2026-08-04T10:32:59.264+07:00  INFO [interaction-service,,] 7924 --- [interaction-service] [org.springframework.amqp.rabbit.RabbitListenerEndpointContainer#0-19] [                                                 ] o.s.a.r.l.SimpleMessageListenerContainer : Successfully waited for workers to finish.
2026-08-04T10:33:00.660+07:00  INFO [interaction-service,,] 7924 --- [interaction-service] [SpringApplicationShutdownHook] [                                                 ] j.LocalContainerEntityManagerFactoryBean : Closing JPA EntityManagerFactory for persistence unit 'default'
2026-08-04T10:33:00.688+07:00  INFO [interaction-service,,] 7924 --- [interaction-service] [SpringApplicationShutdownHook] [                                                 ] com.zaxxer.hikari.HikariDataSource       : HikariPool-1 - Shutdown initiated...
2026-08-04T10:33:00.702+07:00  INFO [interaction-service,,] 7924 --- [interaction-service] [SpringApplicationShutdownHook] [                                                 ] com.zaxxer.hikari.HikariDataSource       : HikariPool-1 - Shutdown completed.
2026-08-04T10:33:00.746+07:00  INFO [interaction-service,,] 7924 --- [interaction-service] [SpringApplicationShutdownHook] [                                                 ] com.netflix.discovery.DiscoveryClient    : Shutting down DiscoveryClient ...
2026-08-04T10:33:03.753+07:00  INFO [interaction-service,,] 7924 --- [interaction-service] [SpringApplicationShutdownHook] [                                                 ] com.netflix.discovery.DiscoveryClient    : Unregistering ...
2026-08-04T14:10:03.708+07:00  INFO [interaction-service,,] 29308 --- [interaction-service] [restartedMain] [                                                 ] c.n.S.InteractionServiceApplication      : Starting InteractionServiceApplication using Java 17.0.9 with PID 29308 (D:\Projects\Social-media\backend\interaction-service\target\classes started by BANG in D:\Projects\Social-media\backend\interaction-service)
2026-08-04T14:10:03.836+07:00  INFO [interaction-service,,] 29308 --- [interaction-service] [restartedMain] [                                                 ] c.n.S.InteractionServiceApplication      : No active profile set, falling back to 1 default profile: "default"
2026-08-04T14:10:04.508+07:00  INFO [interaction-service,,] 29308 --- [interaction-service] [restartedMain] [                                                 ] .e.DevToolsPropertyDefaultsPostProcessor : Devtools property defaults active! Set 'spring.devtools.add-properties' to 'false' to disable
2026-08-04T14:10:04.517+07:00  INFO [interaction-service,,] 29308 --- [interaction-service] [restartedMain] [                                                 ] .e.DevToolsPropertyDefaultsPostProcessor : For additional web related logging consider setting the 'logging.level.web' property to 'DEBUG'
2026-08-04T14:10:36.145+07:00  INFO [interaction-service,,] 29308 --- [interaction-service] [restartedMain] [                                                 ] .s.d.r.c.RepositoryConfigurationDelegate : Bootstrapping Spring Data JPA repositories in DEFAULT mode.
2026-08-04T14:10:41.307+07:00  INFO [interaction-service,,] 29308 --- [interaction-service] [restartedMain] [                                                 ] .s.d.r.c.RepositoryConfigurationDelegate : Finished Spring Data repository scanning in 4677 ms. Found 3 JPA repository interfaces.
2026-08-04T14:10:49.507+07:00  INFO [interaction-service,,] 29308 --- [interaction-service] [restartedMain] [                                                 ] o.s.cloud.context.scope.GenericScope     : BeanFactory id=7c6bb86b-f21a-3fb7-8fa6-5c43e77a08bf
2026-08-04T14:11:03.516+07:00  INFO [interaction-service,,] 29308 --- [interaction-service] [restartedMain] [                                                 ] o.s.b.w.embedded.tomcat.TomcatWebServer  : Tomcat initialized with port 8084 (http)
2026-08-04T14:11:03.572+07:00  INFO [interaction-service,,] 29308 --- [interaction-service] [restartedMain] [                                                 ] o.apache.catalina.core.StandardService   : Starting service [Tomcat]
2026-08-04T14:11:03.611+07:00  INFO [interaction-service,,] 29308 --- [interaction-service] [restartedMain] [                                                 ] o.apache.catalina.core.StandardEngine    : Starting Servlet engine: [Apache Tomcat/10.1.42]
2026-08-04T14:11:04.115+07:00  INFO [interaction-service,,] 29308 --- [interaction-service] [restartedMain] [                                                 ] o.a.c.c.C.[Tomcat].[localhost].[/]       : Initializing Spring embedded WebApplicationContext
2026-08-04T14:11:04.126+07:00  INFO [interaction-service,,] 29308 --- [interaction-service] [restartedMain] [                                                 ] w.s.c.ServletWebServerApplicationContext : Root WebApplicationContext: initialization completed in 59530 ms
2026-08-04T14:11:23.304+07:00  INFO [interaction-service,,] 29308 --- [interaction-service] [restartedMain] [                                                 ] o.hibernate.jpa.internal.util.LogHelper  : HHH000204: Processing PersistenceUnitInfo [name: default]
2026-08-04T14:11:23.601+07:00  INFO [interaction-service,,] 29308 --- [interaction-service] [restartedMain] [                                                 ] org.hibernate.Version                    : HHH000412: Hibernate ORM core version 6.5.3.Final
2026-08-04T14:11:23.749+07:00  INFO [interaction-service,,] 29308 --- [interaction-service] [restartedMain] [                                                 ] o.h.c.internal.RegionFactoryInitiator    : HHH000026: Second-level cache disabled
2026-08-04T14:11:28.963+07:00  INFO [interaction-service,,] 29308 --- [interaction-service] [restartedMain] [                                                 ] o.s.o.j.p.SpringPersistenceUnitInfo      : No LoadTimeWeaver setup: ignoring JPA class transformer
2026-08-04T14:11:34.144+07:00  INFO [interaction-service,,] 29308 --- [interaction-service] [restartedMain] [                                                 ] com.zaxxer.hikari.HikariDataSource       : HikariPool-1 - Starting...
2026-08-04T14:11:36.743+07:00  INFO [interaction-service,,] 29308 --- [interaction-service] [restartedMain] [                                                 ] com.zaxxer.hikari.pool.HikariPool        : HikariPool-1 - Added connection org.postgresql.jdbc.PgConnection@12f89b43
2026-08-04T14:11:36.914+07:00  INFO [interaction-service,,] 29308 --- [interaction-service] [restartedMain] [                                                 ] com.zaxxer.hikari.HikariDataSource       : HikariPool-1 - Start completed.
2026-08-04T14:11:37.385+07:00  WARN [interaction-service,,] 29308 --- [interaction-service] [restartedMain] [                                                 ] org.hibernate.orm.deprecation            : HHH90000025: PostgreSQLDialect does not need to be specified explicitly using 'hibernate.dialect' (remove the property setting and it will be selected by default)
2026-08-04T14:12:07.234+07:00  INFO [interaction-service,,] 29308 --- [interaction-service] [restartedMain] [                                                 ] o.h.e.t.j.p.i.JtaPlatformInitiator       : HHH000489: No JTA platform available (set 'hibernate.transaction.jta.platform' to enable JTA platform integration)
2026-08-04T14:12:07.936+07:00  INFO [interaction-service,,] 29308 --- [interaction-service] [restartedMain] [                                                 ] j.LocalContainerEntityManagerFactoryBean : Initialized JPA EntityManagerFactory for persistence unit 'default'
2026-08-04T14:12:11.860+07:00  WARN [interaction-service,,] 29308 --- [interaction-service] [restartedMain] [                                                 ] JpaBaseConfiguration$JpaWebConfiguration : spring.jpa.open-in-view is enabled by default. Therefore, database queries may be performed during view rendering. Explicitly configure spring.jpa.open-in-view to disable this warning
2026-08-04T14:12:14.383+07:00  WARN [interaction-service,,] 29308 --- [interaction-service] [restartedMain] [                                                 ] o.s.b.d.a.OptionalLiveReloadServer       : Unable to start LiveReload server
2026-08-04T14:12:23.304+07:00  INFO [interaction-service,,] 29308 --- [interaction-service] [restartedMain] [                                                 ] o.s.c.openfeign.FeignClientFactoryBean   : For 'post-service' URL not provided. Will try picking an instance via load-balancing.
2026-08-04T14:12:23.976+07:00  INFO [interaction-service,,] 29308 --- [interaction-service] [restartedMain] [                                                 ] o.s.c.openfeign.FeignClientFactoryBean   : For 'user-service' URL not provided. Will try picking an instance via load-balancing.
2026-08-04T14:12:48.755+07:00  INFO [interaction-service,,] 29308 --- [interaction-service] [restartedMain] [                                                 ] DiscoveryClientOptionalArgsConfiguration : Eureka HTTP Client uses RestTemplate.
2026-08-04T14:12:48.896+07:00  WARN [interaction-service,,] 29308 --- [interaction-service] [restartedMain] [                                                 ] iguration$LoadBalancerCaffeineWarnLogger : Spring Cloud LoadBalancer is currently working with the default cache. While this cache implementation is useful for development and tests, it's recommended to use Caffeine cache in production.You can switch to using Caffeine cache, by adding it and org.springframework.cache.caffeine.CaffeineCacheManager to the classpath.
2026-08-04T14:12:49.520+07:00  INFO [interaction-service,,] 29308 --- [interaction-service] [restartedMain] [                                                 ] o.s.b.a.e.web.EndpointLinksResolver      : Exposing 4 endpoints beneath base path '/actuator'
2026-08-04T14:12:50.497+07:00  INFO [interaction-service,,] 29308 --- [interaction-service] [restartedMain] [                                                 ] o.s.c.n.eureka.InstanceInfoFactory       : Setting initial instance status as: STARTING
2026-08-04T14:12:50.681+07:00  INFO [interaction-service,,] 29308 --- [interaction-service] [restartedMain] [                                                 ] com.netflix.discovery.DiscoveryClient    : Initializing Eureka in region us-east-1
2026-08-04T14:12:50.717+07:00  INFO [interaction-service,,] 29308 --- [interaction-service] [restartedMain] [                                                 ] c.n.d.s.r.aws.ConfigClusterResolver      : Resolving eureka endpoints via configuration
2026-08-04T14:12:50.904+07:00  INFO [interaction-service,,] 29308 --- [interaction-service] [restartedMain] [                                                 ] com.netflix.discovery.DiscoveryClient    : Disable delta property : false
2026-08-04T14:12:50.934+07:00  INFO [interaction-service,,] 29308 --- [interaction-service] [restartedMain] [                                                 ] com.netflix.discovery.DiscoveryClient    : Single vip registry refresh property : null
2026-08-04T14:12:50.967+07:00  INFO [interaction-service,,] 29308 --- [interaction-service] [restartedMain] [                                                 ] com.netflix.discovery.DiscoveryClient    : Force full registry fetch : false
2026-08-04T14:12:50.970+07:00  INFO [interaction-service,,] 29308 --- [interaction-service] [restartedMain] [                                                 ] com.netflix.discovery.DiscoveryClient    : Application is null : false
2026-08-04T14:12:50.994+07:00  INFO [interaction-service,,] 29308 --- [interaction-service] [restartedMain] [                                                 ] com.netflix.discovery.DiscoveryClient    : Registered Applications size is zero : true
2026-08-04T14:12:50.995+07:00  INFO [interaction-service,,] 29308 --- [interaction-service] [restartedMain] [                                                 ] com.netflix.discovery.DiscoveryClient    : Application version is -1: true
2026-08-04T14:12:51.024+07:00  INFO [interaction-service,,] 29308 --- [interaction-service] [restartedMain] [                                                 ] com.netflix.discovery.DiscoveryClient    : Getting all instance registry info from the eureka server
2026-08-04T14:12:53.518+07:00  INFO [interaction-service,,] 29308 --- [interaction-service] [restartedMain] [                                                 ] com.netflix.discovery.DiscoveryClient    : The response status is 200
2026-08-04T14:12:53.559+07:00  INFO [interaction-service,,] 29308 --- [interaction-service] [restartedMain] [                                                 ] com.netflix.discovery.DiscoveryClient    : Starting heartbeat executor: renew interval is: 30
2026-08-04T14:12:53.582+07:00  INFO [interaction-service,,] 29308 --- [interaction-service] [restartedMain] [                                                 ] c.n.discovery.InstanceInfoReplicator     : InstanceInfoReplicator onDemand update allowed rate per min is 4
2026-08-04T14:12:53.603+07:00  INFO [interaction-service,,] 29308 --- [interaction-service] [restartedMain] [                                                 ] com.netflix.discovery.DiscoveryClient    : Discovery Client initialized at timestamp 1785827573600 with initial instances count: 2
2026-08-04T14:12:53.680+07:00  INFO [interaction-service,,] 29308 --- [interaction-service] [restartedMain] [                                                 ] o.s.c.n.e.s.EurekaServiceRegistry        : Registering application INTERACTION-SERVICE with eureka with status UP
2026-08-04T14:12:53.713+07:00  INFO [interaction-service,,] 29308 --- [interaction-service] [restartedMain] [                                                 ] com.netflix.discovery.DiscoveryClient    : Saw local status change event StatusChangeEvent [timestamp=1785827573712, current=UP, previous=STARTING]
2026-08-04T14:12:53.738+07:00  INFO [interaction-service,,] 29308 --- [interaction-service] [DiscoveryClient-InstanceInfoReplicator-%d] [                                                 ] com.netflix.discovery.DiscoveryClient    : DiscoveryClient_INTERACTION-SERVICE/LAPTOP-4K64MGNI:interaction-service:8084: registering service...
2026-08-04T14:12:53.950+07:00  INFO [interaction-service,,] 29308 --- [interaction-service] [restartedMain] [                                                 ] o.s.b.w.embedded.tomcat.TomcatWebServer  : Tomcat started on port 8084 (http) with context path '/'
2026-08-04T14:12:54.030+07:00  INFO [interaction-service,,] 29308 --- [interaction-service] [restartedMain] [                                                 ] .s.c.n.e.s.EurekaAutoServiceRegistration : Updating port to 8084
2026-08-04T14:12:54.222+07:00  INFO [interaction-service,,] 29308 --- [interaction-service] [DiscoveryClient-InstanceInfoReplicator-%d] [                                                 ] com.netflix.discovery.DiscoveryClient    : DiscoveryClient_INTERACTION-SERVICE/LAPTOP-4K64MGNI:interaction-service:8084 - registration status: 204
2026-08-04T14:13:00.694+07:00  INFO [interaction-service,,] 29308 --- [interaction-service] [http-nio-8084-exec-2] [                                                 ] o.a.c.c.C.[Tomcat].[localhost].[/]       : Initializing Spring DispatcherServlet 'dispatcherServlet'
2026-08-04T14:13:00.730+07:00  INFO [interaction-service,,] 29308 --- [interaction-service] [http-nio-8084-exec-2] [                                                 ] o.s.web.servlet.DispatcherServlet        : Initializing Servlet 'dispatcherServlet'
2026-08-04T14:13:00.740+07:00  INFO [interaction-service,,] 29308 --- [interaction-service] [http-nio-8084-exec-2] [                                                 ] o.s.web.servlet.DispatcherServlet        : Completed initialization in 9 ms
2026-08-04T14:13:03.912+07:00  INFO [interaction-service,,] 29308 --- [interaction-service] [restartedMain] [                                                 ] o.s.a.r.c.CachingConnectionFactory       : Attempting to connect to: [localhost:5672]
2026-08-04T14:13:06.709+07:00  INFO [interaction-service,,] 29308 --- [interaction-service] [restartedMain] [                                                 ] o.s.a.r.c.CachingConnectionFactory       : Created new connection: rabbitConnectionFactory#3af90b37:0/SimpleConnection@1308ca37 [delegate=amqp://guest@127.0.0.1:5672/, localPort=50896]
2026-08-04T14:13:13.498+07:00  INFO [interaction-service,,] 29308 --- [interaction-service] [restartedMain] [                                                 ] c.n.S.InteractionServiceApplication      : Started InteractionServiceApplication in 243.771 seconds (process running for 269.759)
2026-08-04T14:17:51.278+07:00  INFO [interaction-service,,] 29308 --- [interaction-service] [AsyncResolver-bootstrap-executor-%d] [                                                 ] c.n.d.s.r.aws.ConfigClusterResolver      : Resolving eureka endpoints via configuration
2026-08-04T14:19:07.505+07:00  WARN [interaction-service,,] 29308 --- [interaction-service] [DiscoveryClient-%d] [                                                 ] c.netflix.discovery.TimedSupervisorTask  : task supervisor timed out

java.util.concurrent.TimeoutException: null
	at java.base/java.util.concurrent.FutureTask.get(FutureTask.java:204) ~[na:na]
	at com.netflix.discovery.TimedSupervisorTask.run(TimedSupervisorTask.java:65) ~[eureka-client-2.0.4.jar:2.0.4]
	at java.base/java.util.concurrent.Executors$RunnableAdapter.call(Executors.java:539) ~[na:na]
	at java.base/java.util.concurrent.FutureTask.run(FutureTask.java:264) ~[na:na]
	at java.base/java.util.concurrent.ScheduledThreadPoolExecutor$ScheduledFutureTask.run(ScheduledThreadPoolExecutor.java:304) ~[na:na]
	at java.base/java.util.concurrent.ThreadPoolExecutor.runWorker(ThreadPoolExecutor.java:1136) ~[na:na]
	at java.base/java.util.concurrent.ThreadPoolExecutor$Worker.run(ThreadPoolExecutor.java:635) ~[na:na]
	at java.base/java.lang.Thread.run(Thread.java:842) ~[na:na]

2026-08-04T14:22:56.875+07:00  INFO [interaction-service,,] 29308 --- [interaction-service] [AsyncResolver-bootstrap-executor-%d] [                                                 ] c.n.d.s.r.aws.ConfigClusterResolver      : Resolving eureka endpoints via configuration
2026-08-04T14:22:57.090+07:00  INFO [interaction-service,96e279facdaeb0a6377d0a9a5e0aa508,4a9df1299a806d27] 29308 --- [interaction-service] [DiscoveryClient-HeartbeatExecutor-%d] [96e279facdaeb0a6377d0a9a5e0aa508-4a9df1299a806d27] o.a.h.c.h.i.c.HttpRequestRetryExec       : Recoverable I/O exception (java.net.SocketException) caught when processing request to {}->http://localhost:8761
2026-08-04T14:27:57.224+07:00  INFO [interaction-service,,] 29308 --- [interaction-service] [AsyncResolver-bootstrap-executor-%d] [                                                 ] c.n.d.s.r.aws.ConfigClusterResolver      : Resolving eureka endpoints via configuration
2026-08-04T14:38:46.905+07:00  INFO [interaction-service,,] 81840 --- [interaction-service] [restartedMain] [                                                 ] c.n.S.InteractionServiceApplication      : Starting InteractionServiceApplication using Java 17.0.9 with PID 81840 (D:\Projects\Social-media\backend\interaction-service\target\classes started by BANG in D:\Projects\Social-media\backend\interaction-service)
2026-08-04T14:38:46.909+07:00  INFO [interaction-service,,] 81840 --- [interaction-service] [restartedMain] [                                                 ] c.n.S.InteractionServiceApplication      : No active profile set, falling back to 1 default profile: "default"
2026-08-04T14:38:46.967+07:00  INFO [interaction-service,,] 81840 --- [interaction-service] [restartedMain] [                                                 ] .e.DevToolsPropertyDefaultsPostProcessor : Devtools property defaults active! Set 'spring.devtools.add-properties' to 'false' to disable
2026-08-04T14:38:46.967+07:00  INFO [interaction-service,,] 81840 --- [interaction-service] [restartedMain] [                                                 ] .e.DevToolsPropertyDefaultsPostProcessor : For additional web related logging consider setting the 'logging.level.web' property to 'DEBUG'
2026-08-04T14:38:48.339+07:00  INFO [interaction-service,,] 81840 --- [interaction-service] [restartedMain] [                                                 ] .s.d.r.c.RepositoryConfigurationDelegate : Bootstrapping Spring Data JPA repositories in DEFAULT mode.
2026-08-04T14:38:48.534+07:00  INFO [interaction-service,,] 81840 --- [interaction-service] [restartedMain] [                                                 ] .s.d.r.c.RepositoryConfigurationDelegate : Finished Spring Data repository scanning in 185 ms. Found 3 JPA repository interfaces.
2026-08-04T14:38:48.983+07:00  INFO [interaction-service,,] 81840 --- [interaction-service] [restartedMain] [                                                 ] o.s.cloud.context.scope.GenericScope     : BeanFactory id=494eb694-b071-3613-ba74-718b210001b7
2026-08-04T14:38:49.849+07:00  INFO [interaction-service,,] 81840 --- [interaction-service] [restartedMain] [                                                 ] o.s.b.w.embedded.tomcat.TomcatWebServer  : Tomcat initialized with port 8084 (http)
2026-08-04T14:38:49.866+07:00  INFO [interaction-service,,] 81840 --- [interaction-service] [restartedMain] [                                                 ] o.apache.catalina.core.StandardService   : Starting service [Tomcat]
2026-08-04T14:38:49.867+07:00  INFO [interaction-service,,] 81840 --- [interaction-service] [restartedMain] [                                                 ] o.apache.catalina.core.StandardEngine    : Starting Servlet engine: [Apache Tomcat/10.1.42]
2026-08-04T14:38:49.984+07:00  INFO [interaction-service,,] 81840 --- [interaction-service] [restartedMain] [                                                 ] o.a.c.c.C.[Tomcat].[localhost].[/]       : Initializing Spring embedded WebApplicationContext
2026-08-04T14:38:49.985+07:00  INFO [interaction-service,,] 81840 --- [interaction-service] [restartedMain] [                                                 ] w.s.c.ServletWebServerApplicationContext : Root WebApplicationContext: initialization completed in 3016 ms
2026-08-04T14:38:50.773+07:00  INFO [interaction-service,,] 81840 --- [interaction-service] [restartedMain] [                                                 ] o.hibernate.jpa.internal.util.LogHelper  : HHH000204: Processing PersistenceUnitInfo [name: default]
2026-08-04T14:38:50.831+07:00  INFO [interaction-service,,] 81840 --- [interaction-service] [restartedMain] [                                                 ] org.hibernate.Version                    : HHH000412: Hibernate ORM core version 6.5.3.Final
2026-08-04T14:38:50.869+07:00  INFO [interaction-service,,] 81840 --- [interaction-service] [restartedMain] [                                                 ] o.h.c.internal.RegionFactoryInitiator    : HHH000026: Second-level cache disabled
2026-08-04T14:38:51.262+07:00  INFO [interaction-service,,] 81840 --- [interaction-service] [restartedMain] [                                                 ] o.s.o.j.p.SpringPersistenceUnitInfo      : No LoadTimeWeaver setup: ignoring JPA class transformer
2026-08-04T14:38:51.306+07:00  INFO [interaction-service,,] 81840 --- [interaction-service] [restartedMain] [                                                 ] com.zaxxer.hikari.HikariDataSource       : HikariPool-1 - Starting...
2026-08-04T14:38:51.558+07:00  INFO [interaction-service,,] 81840 --- [interaction-service] [restartedMain] [                                                 ] com.zaxxer.hikari.pool.HikariPool        : HikariPool-1 - Added connection org.postgresql.jdbc.PgConnection@16a70670
2026-08-04T14:38:51.562+07:00  INFO [interaction-service,,] 81840 --- [interaction-service] [restartedMain] [                                                 ] com.zaxxer.hikari.HikariDataSource       : HikariPool-1 - Start completed.
2026-08-04T14:38:51.606+07:00  WARN [interaction-service,,] 81840 --- [interaction-service] [restartedMain] [                                                 ] org.hibernate.orm.deprecation            : HHH90000025: PostgreSQLDialect does not need to be specified explicitly using 'hibernate.dialect' (remove the property setting and it will be selected by default)
2026-08-04T14:38:52.796+07:00  INFO [interaction-service,,] 81840 --- [interaction-service] [restartedMain] [                                                 ] o.h.e.t.j.p.i.JtaPlatformInitiator       : HHH000489: No JTA platform available (set 'hibernate.transaction.jta.platform' to enable JTA platform integration)
2026-08-04T14:38:52.906+07:00  INFO [interaction-service,,] 81840 --- [interaction-service] [restartedMain] [                                                 ] j.LocalContainerEntityManagerFactoryBean : Initialized JPA EntityManagerFactory for persistence unit 'default'
2026-08-04T14:38:53.420+07:00  WARN [interaction-service,,] 81840 --- [interaction-service] [restartedMain] [                                                 ] JpaBaseConfiguration$JpaWebConfiguration : spring.jpa.open-in-view is enabled by default. Therefore, database queries may be performed during view rendering. Explicitly configure spring.jpa.open-in-view to disable this warning
2026-08-04T14:38:53.455+07:00  INFO [interaction-service,,] 81840 --- [interaction-service] [restartedMain] [                                                 ] o.s.b.d.a.OptionalLiveReloadServer       : LiveReload server is running on port 35729
2026-08-04T14:38:53.872+07:00  INFO [interaction-service,,] 81840 --- [interaction-service] [restartedMain] [                                                 ] o.s.c.openfeign.FeignClientFactoryBean   : For 'post-service' URL not provided. Will try picking an instance via load-balancing.
2026-08-04T14:38:53.976+07:00  INFO [interaction-service,,] 81840 --- [interaction-service] [restartedMain] [                                                 ] o.s.c.openfeign.FeignClientFactoryBean   : For 'user-service' URL not provided. Will try picking an instance via load-balancing.
2026-08-04T14:38:55.323+07:00  INFO [interaction-service,,] 81840 --- [interaction-service] [restartedMain] [                                                 ] DiscoveryClientOptionalArgsConfiguration : Eureka HTTP Client uses RestTemplate.
2026-08-04T14:38:55.366+07:00  WARN [interaction-service,,] 81840 --- [interaction-service] [restartedMain] [                                                 ] iguration$LoadBalancerCaffeineWarnLogger : Spring Cloud LoadBalancer is currently working with the default cache. While this cache implementation is useful for development and tests, it's recommended to use Caffeine cache in production.You can switch to using Caffeine cache, by adding it and org.springframework.cache.caffeine.CaffeineCacheManager to the classpath.
2026-08-04T14:38:55.394+07:00  INFO [interaction-service,,] 81840 --- [interaction-service] [restartedMain] [                                                 ] o.s.b.a.e.web.EndpointLinksResolver      : Exposing 4 endpoints beneath base path '/actuator'
2026-08-04T14:38:55.523+07:00  INFO [interaction-service,,] 81840 --- [interaction-service] [restartedMain] [                                                 ] o.s.c.n.eureka.InstanceInfoFactory       : Setting initial instance status as: STARTING
2026-08-04T14:38:55.579+07:00  INFO [interaction-service,,] 81840 --- [interaction-service] [restartedMain] [                                                 ] com.netflix.discovery.DiscoveryClient    : Initializing Eureka in region us-east-1
2026-08-04T14:38:55.587+07:00  INFO [interaction-service,,] 81840 --- [interaction-service] [restartedMain] [                                                 ] c.n.d.s.r.aws.ConfigClusterResolver      : Resolving eureka endpoints via configuration
2026-08-04T14:38:55.605+07:00  INFO [interaction-service,,] 81840 --- [interaction-service] [restartedMain] [                                                 ] com.netflix.discovery.DiscoveryClient    : Disable delta property : false
2026-08-04T14:38:55.606+07:00  INFO [interaction-service,,] 81840 --- [interaction-service] [restartedMain] [                                                 ] com.netflix.discovery.DiscoveryClient    : Single vip registry refresh property : null
2026-08-04T14:38:55.606+07:00  INFO [interaction-service,,] 81840 --- [interaction-service] [restartedMain] [                                                 ] com.netflix.discovery.DiscoveryClient    : Force full registry fetch : false
2026-08-04T14:38:55.606+07:00  INFO [interaction-service,,] 81840 --- [interaction-service] [restartedMain] [                                                 ] com.netflix.discovery.DiscoveryClient    : Application is null : false
2026-08-04T14:38:55.606+07:00  INFO [interaction-service,,] 81840 --- [interaction-service] [restartedMain] [                                                 ] com.netflix.discovery.DiscoveryClient    : Registered Applications size is zero : true
2026-08-04T14:38:55.607+07:00  INFO [interaction-service,,] 81840 --- [interaction-service] [restartedMain] [                                                 ] com.netflix.discovery.DiscoveryClient    : Application version is -1: true
2026-08-04T14:38:55.607+07:00  INFO [interaction-service,,] 81840 --- [interaction-service] [restartedMain] [                                                 ] com.netflix.discovery.DiscoveryClient    : Getting all instance registry info from the eureka server
2026-08-04T14:38:56.011+07:00  INFO [interaction-service,,] 81840 --- [interaction-service] [restartedMain] [                                                 ] com.netflix.discovery.DiscoveryClient    : The response status is 200
2026-08-04T14:38:56.015+07:00  INFO [interaction-service,,] 81840 --- [interaction-service] [restartedMain] [                                                 ] com.netflix.discovery.DiscoveryClient    : Starting heartbeat executor: renew interval is: 30
2026-08-04T14:38:56.023+07:00  INFO [interaction-service,,] 81840 --- [interaction-service] [restartedMain] [                                                 ] c.n.discovery.InstanceInfoReplicator     : InstanceInfoReplicator onDemand update allowed rate per min is 4
2026-08-04T14:38:56.027+07:00  INFO [interaction-service,,] 81840 --- [interaction-service] [restartedMain] [                                                 ] com.netflix.discovery.DiscoveryClient    : Discovery Client initialized at timestamp 1785829136025 with initial instances count: 3
2026-08-04T14:38:56.034+07:00  INFO [interaction-service,,] 81840 --- [interaction-service] [restartedMain] [                                                 ] o.s.c.n.e.s.EurekaServiceRegistry        : Registering application INTERACTION-SERVICE with eureka with status UP
2026-08-04T14:38:56.035+07:00  INFO [interaction-service,,] 81840 --- [interaction-service] [restartedMain] [                                                 ] com.netflix.discovery.DiscoveryClient    : Saw local status change event StatusChangeEvent [timestamp=1785829136035, current=UP, previous=STARTING]
2026-08-04T14:38:56.041+07:00  INFO [interaction-service,,] 81840 --- [interaction-service] [DiscoveryClient-InstanceInfoReplicator-%d] [                                                 ] com.netflix.discovery.DiscoveryClient    : DiscoveryClient_INTERACTION-SERVICE/LAPTOP-4K64MGNI:interaction-service:8084: registering service...
2026-08-04T14:38:56.071+07:00  INFO [interaction-service,,] 81840 --- [interaction-service] [restartedMain] [                                                 ] o.s.b.w.embedded.tomcat.TomcatWebServer  : Tomcat started on port 8084 (http) with context path '/'
2026-08-04T14:38:56.072+07:00  INFO [interaction-service,,] 81840 --- [interaction-service] [restartedMain] [                                                 ] .s.c.n.e.s.EurekaAutoServiceRegistration : Updating port to 8084
2026-08-04T14:38:56.106+07:00  INFO [interaction-service,,] 81840 --- [interaction-service] [DiscoveryClient-InstanceInfoReplicator-%d] [                                                 ] com.netflix.discovery.DiscoveryClient    : DiscoveryClient_INTERACTION-SERVICE/LAPTOP-4K64MGNI:interaction-service:8084 - registration status: 204
2026-08-04T14:38:56.400+07:00  INFO [interaction-service,,] 81840 --- [interaction-service] [restartedMain] [                                                 ] o.s.a.r.c.CachingConnectionFactory       : Attempting to connect to: [localhost:5672]
2026-08-04T14:38:56.461+07:00  INFO [interaction-service,,] 81840 --- [interaction-service] [restartedMain] [                                                 ] o.s.a.r.c.CachingConnectionFactory       : Created new connection: rabbitConnectionFactory#2789f47a:0/SimpleConnection@67869270 [delegate=amqp://guest@127.0.0.1:5672/, localPort=62769]
2026-08-04T14:38:56.585+07:00  INFO [interaction-service,,] 81840 --- [interaction-service] [restartedMain] [                                                 ] c.n.S.InteractionServiceApplication      : Started InteractionServiceApplication in 10.42 seconds (process running for 11.162)
2026-08-04T14:38:58.452+07:00  INFO [interaction-service,,] 81840 --- [interaction-service] [http-nio-8084-exec-1] [                                                 ] o.a.c.c.C.[Tomcat].[localhost].[/]       : Initializing Spring DispatcherServlet 'dispatcherServlet'
2026-08-04T14:38:58.453+07:00  INFO [interaction-service,,] 81840 --- [interaction-service] [http-nio-8084-exec-1] [                                                 ] o.s.web.servlet.DispatcherServlet        : Initializing Servlet 'dispatcherServlet'
2026-08-04T14:38:58.459+07:00  INFO [interaction-service,,] 81840 --- [interaction-service] [http-nio-8084-exec-1] [                                                 ] o.s.web.servlet.DispatcherServlet        : Completed initialization in 6 ms
2026-08-04T14:43:55.610+07:00  INFO [interaction-service,,] 81840 --- [interaction-service] [AsyncResolver-bootstrap-executor-%d] [                                                 ] c.n.d.s.r.aws.ConfigClusterResolver      : Resolving eureka endpoints via configuration
2026-08-04T14:48:55.621+07:00  INFO [interaction-service,,] 81840 --- [interaction-service] [AsyncResolver-bootstrap-executor-%d] [                                                 ] c.n.d.s.r.aws.ConfigClusterResolver      : Resolving eureka endpoints via configuration
2026-08-04T14:53:55.665+07:00  INFO [interaction-service,,] 81840 --- [interaction-service] [AsyncResolver-bootstrap-executor-%d] [                                                 ] c.n.d.s.r.aws.ConfigClusterResolver      : Resolving eureka endpoints via configuration
2026-08-04T14:58:10.207+07:00 ERROR [interaction-service,,] 81840 --- [interaction-service] [OkHttp http://localhost:4319/...] [                                                 ] i.o.exporter.internal.http.HttpExporter  : Failed to export spans. The request could not be executed. Full error message: timeout

java.io.InterruptedIOException: timeout
	at okhttp3.internal.connection.RealCall.timeoutExit(RealCall.kt:398) ~[okhttp-4.12.0.jar:na]
	at okhttp3.internal.connection.RealCall.callDone(RealCall.kt:360) ~[okhttp-4.12.0.jar:na]
	at okhttp3.internal.connection.RealCall.noMoreExchanges$okhttp(RealCall.kt:325) ~[okhttp-4.12.0.jar:na]
	at okhttp3.internal.connection.RealCall.getResponseWithInterceptorChain$okhttp(RealCall.kt:209) ~[okhttp-4.12.0.jar:na]
	at okhttp3.internal.connection.RealCall$AsyncCall.run(RealCall.kt:517) ~[okhttp-4.12.0.jar:na]
	at java.base/java.util.concurrent.ThreadPoolExecutor.runWorker(ThreadPoolExecutor.java:1136) ~[na:na]
	at java.base/java.util.concurrent.ThreadPoolExecutor$Worker.run(ThreadPoolExecutor.java:635) ~[na:na]
	at java.base/java.lang.Thread.run(Thread.java:842) ~[na:na]
Caused by: java.net.SocketTimeoutException: Read timed out
	at java.base/sun.nio.ch.NioSocketImpl.timedRead(NioSocketImpl.java:288) ~[na:na]
	at java.base/sun.nio.ch.NioSocketImpl.implRead(NioSocketImpl.java:314) ~[na:na]
	at java.base/sun.nio.ch.NioSocketImpl.read(NioSocketImpl.java:355) ~[na:na]
	at java.base/sun.nio.ch.NioSocketImpl$1.read(NioSocketImpl.java:808) ~[na:na]
	at java.base/java.net.Socket$SocketInputStream.read(Socket.java:966) ~[na:na]
	at okio.InputStreamSource.read(JvmOkio.kt:93) ~[okio-jvm-3.6.0.jar:na]
	at okio.AsyncTimeout$source$1.read(AsyncTimeout.kt:128) ~[okio-jvm-3.6.0.jar:na]
	at okio.RealBufferedSource.indexOf(RealBufferedSource.kt:430) ~[okio-jvm-3.6.0.jar:na]
	at okio.RealBufferedSource.readUtf8LineStrict(RealBufferedSource.kt:323) ~[okio-jvm-3.6.0.jar:na]
	at okhttp3.internal.http1.HeadersReader.readLine(HeadersReader.kt:29) ~[okhttp-4.12.0.jar:na]
	at okhttp3.internal.http1.Http1ExchangeCodec.readResponseHeaders(Http1ExchangeCodec.kt:180) ~[okhttp-4.12.0.jar:na]
	at okhttp3.internal.connection.Exchange.readResponseHeaders(Exchange.kt:110) ~[okhttp-4.12.0.jar:na]
	at okhttp3.internal.http.CallServerInterceptor.intercept(CallServerInterceptor.kt:93) ~[okhttp-4.12.0.jar:na]
	at okhttp3.internal.http.RealInterceptorChain.proceed(RealInterceptorChain.kt:109) ~[okhttp-4.12.0.jar:na]
	at okhttp3.internal.connection.ConnectInterceptor.intercept(ConnectInterceptor.kt:34) ~[okhttp-4.12.0.jar:na]
	at okhttp3.internal.http.RealInterceptorChain.proceed(RealInterceptorChain.kt:109) ~[okhttp-4.12.0.jar:na]
	at okhttp3.internal.cache.CacheInterceptor.intercept(CacheInterceptor.kt:95) ~[okhttp-4.12.0.jar:na]
	at okhttp3.internal.http.RealInterceptorChain.proceed(RealInterceptorChain.kt:109) ~[okhttp-4.12.0.jar:na]
	at okhttp3.internal.http.BridgeInterceptor.intercept(BridgeInterceptor.kt:83) ~[okhttp-4.12.0.jar:na]
	at okhttp3.internal.http.RealInterceptorChain.proceed(RealInterceptorChain.kt:109) ~[okhttp-4.12.0.jar:na]
	at okhttp3.internal.http.RetryAndFollowUpInterceptor.intercept(RetryAndFollowUpInterceptor.kt:76) ~[okhttp-4.12.0.jar:na]
	at okhttp3.internal.http.RealInterceptorChain.proceed(RealInterceptorChain.kt:109) ~[okhttp-4.12.0.jar:na]
	at okhttp3.internal.connection.RealCall.getResponseWithInterceptorChain$okhttp(RealCall.kt:201) ~[okhttp-4.12.0.jar:na]
	... 4 common frames omitted

2026-08-04T14:58:55.925+07:00  INFO [interaction-service,,] 81840 --- [interaction-service] [AsyncResolver-bootstrap-executor-%d] [                                                 ] c.n.d.s.r.aws.ConfigClusterResolver      : Resolving eureka endpoints via configuration
2026-08-04T15:03:56.496+07:00  INFO [interaction-service,,] 81840 --- [interaction-service] [AsyncResolver-bootstrap-executor-%d] [                                                 ] c.n.d.s.r.aws.ConfigClusterResolver      : Resolving eureka endpoints via configuration
2026-08-04T15:08:56.927+07:00  INFO [interaction-service,,] 81840 --- [interaction-service] [AsyncResolver-bootstrap-executor-%d] [                                                 ] c.n.d.s.r.aws.ConfigClusterResolver      : Resolving eureka endpoints via configuration
2026-08-04T15:13:57.651+07:00  INFO [interaction-service,,] 81840 --- [interaction-service] [AsyncResolver-bootstrap-executor-%d] [                                                 ] c.n.d.s.r.aws.ConfigClusterResolver      : Resolving eureka endpoints via configuration
2026-08-04T15:18:58.965+07:00  INFO [interaction-service,,] 81840 --- [interaction-service] [AsyncResolver-bootstrap-executor-%d] [                                                 ] c.n.d.s.r.aws.ConfigClusterResolver      : Resolving eureka endpoints via configuration
2026-08-04T15:23:29.054+07:00 ERROR [interaction-service,,] 81840 --- [interaction-service] [OkHttp http://localhost:4319/...] [                                                 ] i.o.exporter.internal.http.HttpExporter  : Failed to export spans. The request could not be executed. Full error message: Read timed out

java.net.SocketTimeoutException: Read timed out
	at java.base/sun.nio.ch.NioSocketImpl.timedRead(NioSocketImpl.java:288) ~[na:na]
	at java.base/sun.nio.ch.NioSocketImpl.implRead(NioSocketImpl.java:314) ~[na:na]
	at java.base/sun.nio.ch.NioSocketImpl.read(NioSocketImpl.java:355) ~[na:na]
	at java.base/sun.nio.ch.NioSocketImpl$1.read(NioSocketImpl.java:808) ~[na:na]
	at java.base/java.net.Socket$SocketInputStream.read(Socket.java:966) ~[na:na]
	at okio.InputStreamSource.read(JvmOkio.kt:93) ~[okio-jvm-3.6.0.jar:na]
	at okio.AsyncTimeout$source$1.read(AsyncTimeout.kt:128) ~[okio-jvm-3.6.0.jar:na]
	at okio.RealBufferedSource.indexOf(RealBufferedSource.kt:430) ~[okio-jvm-3.6.0.jar:na]
	at okio.RealBufferedSource.readUtf8LineStrict(RealBufferedSource.kt:323) ~[okio-jvm-3.6.0.jar:na]
	at okhttp3.internal.http1.HeadersReader.readLine(HeadersReader.kt:29) ~[okhttp-4.12.0.jar:na]
	at okhttp3.internal.http1.Http1ExchangeCodec.readResponseHeaders(Http1ExchangeCodec.kt:180) ~[okhttp-4.12.0.jar:na]
	at okhttp3.internal.connection.Exchange.readResponseHeaders(Exchange.kt:110) ~[okhttp-4.12.0.jar:na]
	at okhttp3.internal.http.CallServerInterceptor.intercept(CallServerInterceptor.kt:93) ~[okhttp-4.12.0.jar:na]
	at okhttp3.internal.http.RealInterceptorChain.proceed(RealInterceptorChain.kt:109) ~[okhttp-4.12.0.jar:na]
	at okhttp3.internal.connection.ConnectInterceptor.intercept(ConnectInterceptor.kt:34) ~[okhttp-4.12.0.jar:na]
	at okhttp3.internal.http.RealInterceptorChain.proceed(RealInterceptorChain.kt:109) ~[okhttp-4.12.0.jar:na]
	at okhttp3.internal.cache.CacheInterceptor.intercept(CacheInterceptor.kt:95) ~[okhttp-4.12.0.jar:na]
	at okhttp3.internal.http.RealInterceptorChain.proceed(RealInterceptorChain.kt:109) ~[okhttp-4.12.0.jar:na]
	at okhttp3.internal.http.BridgeInterceptor.intercept(BridgeInterceptor.kt:83) ~[okhttp-4.12.0.jar:na]
	at okhttp3.internal.http.RealInterceptorChain.proceed(RealInterceptorChain.kt:109) ~[okhttp-4.12.0.jar:na]
	at okhttp3.internal.http.RetryAndFollowUpInterceptor.intercept(RetryAndFollowUpInterceptor.kt:76) ~[okhttp-4.12.0.jar:na]
	at okhttp3.internal.http.RealInterceptorChain.proceed(RealInterceptorChain.kt:109) ~[okhttp-4.12.0.jar:na]
	at okhttp3.internal.connection.RealCall.getResponseWithInterceptorChain$okhttp(RealCall.kt:201) ~[okhttp-4.12.0.jar:na]
	at okhttp3.internal.connection.RealCall$AsyncCall.run(RealCall.kt:517) ~[okhttp-4.12.0.jar:na]
	at java.base/java.util.concurrent.ThreadPoolExecutor.runWorker(ThreadPoolExecutor.java:1136) ~[na:na]
	at java.base/java.util.concurrent.ThreadPoolExecutor$Worker.run(ThreadPoolExecutor.java:635) ~[na:na]
	at java.base/java.lang.Thread.run(Thread.java:842) ~[na:na]

2026-08-04T15:24:01.253+07:00  INFO [interaction-service,,] 81840 --- [interaction-service] [AsyncResolver-bootstrap-executor-%d] [                                                 ] c.n.d.s.r.aws.ConfigClusterResolver      : Resolving eureka endpoints via configuration
2026-08-04T15:29:03.090+07:00  INFO [interaction-service,,] 81840 --- [interaction-service] [AsyncResolver-bootstrap-executor-%d] [                                                 ] c.n.d.s.r.aws.ConfigClusterResolver      : Resolving eureka endpoints via configuration
2026-08-04T15:34:03.101+07:00  INFO [interaction-service,,] 81840 --- [interaction-service] [AsyncResolver-bootstrap-executor-%d] [                                                 ] c.n.d.s.r.aws.ConfigClusterResolver      : Resolving eureka endpoints via configuration
2026-08-04T15:39:03.105+07:00  INFO [interaction-service,,] 81840 --- [interaction-service] [AsyncResolver-bootstrap-executor-%d] [                                                 ] c.n.d.s.r.aws.ConfigClusterResolver      : Resolving eureka endpoints via configuration
2026-08-04T15:39:25.308+07:00  INFO [interaction-service,,] 81840 --- [interaction-service] [File Watcher] [                                                 ] rtingClassPathChangeChangedEventListener : Restarting due to 38 class path changes (0 additions, 38 deletions, 0 modifications)
2026-08-04T15:39:25.321+07:00  INFO [interaction-service,,] 81840 --- [interaction-service] [Thread-5] [                                                 ] o.s.c.n.e.s.EurekaServiceRegistry        : Unregistering application INTERACTION-SERVICE with eureka with status DOWN
2026-08-04T15:39:25.323+07:00  INFO [interaction-service,,] 81840 --- [interaction-service] [Thread-5] [                                                 ] com.netflix.discovery.DiscoveryClient    : Saw local status change event StatusChangeEvent [timestamp=1785832765323, current=DOWN, previous=UP]
2026-08-04T15:39:25.331+07:00  INFO [interaction-service,,] 81840 --- [interaction-service] [DiscoveryClient-InstanceInfoReplicator-%d] [                                                 ] com.netflix.discovery.DiscoveryClient    : DiscoveryClient_INTERACTION-SERVICE/LAPTOP-4K64MGNI:interaction-service:8084: registering service...
2026-08-04T15:39:25.363+07:00  INFO [interaction-service,,] 81840 --- [interaction-service] [DiscoveryClient-InstanceInfoReplicator-%d] [                                                 ] com.netflix.discovery.DiscoveryClient    : DiscoveryClient_INTERACTION-SERVICE/LAPTOP-4K64MGNI:interaction-service:8084 - registration status: 204
2026-08-04T15:39:25.420+07:00  INFO [interaction-service,,] 81840 --- [interaction-service] [org.springframework.amqp.rabbit.RabbitListenerEndpointContainer#0-2] [                                                 ] o.s.a.r.l.SimpleMessageListenerContainer : Waiting for workers to finish.
2026-08-04T15:39:26.127+07:00  INFO [interaction-service,,] 81840 --- [interaction-service] [org.springframework.amqp.rabbit.RabbitListenerEndpointContainer#0-2] [                                                 ] o.s.a.r.l.SimpleMessageListenerContainer : Successfully waited for workers to finish.
2026-08-04T15:39:28.719+07:00  INFO [interaction-service,,] 81840 --- [interaction-service] [Thread-5] [                                                 ] j.LocalContainerEntityManagerFactoryBean : Closing JPA EntityManagerFactory for persistence unit 'default'
2026-08-04T15:39:28.754+07:00  INFO [interaction-service,,] 81840 --- [interaction-service] [Thread-5] [                                                 ] com.zaxxer.hikari.HikariDataSource       : HikariPool-1 - Shutdown initiated...
2026-08-04T15:39:28.822+07:00  INFO [interaction-service,,] 81840 --- [interaction-service] [Thread-5] [                                                 ] com.zaxxer.hikari.HikariDataSource       : HikariPool-1 - Shutdown completed.
2026-08-04T15:39:28.836+07:00  INFO [interaction-service,,] 81840 --- [interaction-service] [Thread-5] [                                                 ] com.netflix.discovery.DiscoveryClient    : Shutting down DiscoveryClient ...
2026-08-04T15:39:31.840+07:00  INFO [interaction-service,,] 81840 --- [interaction-service] [Thread-5] [                                                 ] com.netflix.discovery.DiscoveryClient    : Unregistering ...
2026-08-04T15:39:31.865+07:00  INFO [interaction-service,,] 81840 --- [interaction-service] [Thread-5] [                                                 ] com.netflix.discovery.DiscoveryClient    : DiscoveryClient_INTERACTION-SERVICE/LAPTOP-4K64MGNI:interaction-service:8084 - deregister  status: 200
2026-08-04T15:39:31.867+07:00  INFO [interaction-service,,] 81840 --- [interaction-service] [Thread-5] [                                                 ] com.netflix.discovery.DiscoveryClient    : Completed shut down of DiscoveryClient
2026-08-04T15:39:34.851+07:00  INFO [interaction-service,,] 81840 --- [interaction-service] [restartedMain] [                                                 ] c.n.S.InteractionServiceApplication      : Starting InteractionServiceApplication using Java 17.0.9 with PID 81840 (D:\Projects\Social-media\backend\interaction-service\target\classes started by BANG in D:\Projects\Social-media\backend\interaction-service)
2026-08-04T15:39:34.852+07:00  INFO [interaction-service,,] 81840 --- [interaction-service] [restartedMain] [                                                 ] c.n.S.InteractionServiceApplication      : No active profile set, falling back to 1 default profile: "default"
2026-08-04T15:39:37.688+07:00  INFO [interaction-service,,] 81840 --- [interaction-service] [restartedMain] [                                                 ] .s.d.r.c.RepositoryConfigurationDelegate : Bootstrapping Spring Data JPA repositories in DEFAULT mode.
2026-08-04T15:39:37.789+07:00  INFO [interaction-service,,] 81840 --- [interaction-service] [restartedMain] [                                                 ] .s.d.r.c.RepositoryConfigurationDelegate : Finished Spring Data repository scanning in 99 ms. Found 3 JPA repository interfaces.
2026-08-04T15:39:38.354+07:00  INFO [interaction-service,,] 81840 --- [interaction-service] [restartedMain] [                                                 ] o.s.cloud.context.scope.GenericScope     : BeanFactory id=494eb694-b071-3613-ba74-718b210001b7
2026-08-04T15:39:38.845+07:00  INFO [interaction-service,,] 81840 --- [interaction-service] [restartedMain] [                                                 ] o.s.b.w.embedded.tomcat.TomcatWebServer  : Tomcat initialized with port 8084 (http)
2026-08-04T15:39:38.848+07:00  INFO [interaction-service,,] 81840 --- [interaction-service] [restartedMain] [                                                 ] o.apache.catalina.core.StandardService   : Starting service [Tomcat]
2026-08-04T15:39:38.849+07:00  INFO [interaction-service,,] 81840 --- [interaction-service] [restartedMain] [                                                 ] o.apache.catalina.core.StandardEngine    : Starting Servlet engine: [Apache Tomcat/10.1.42]
2026-08-04T15:39:39.063+07:00  INFO [interaction-service,,] 81840 --- [interaction-service] [restartedMain] [                                                 ] o.a.c.c.C.[Tomcat].[localhost].[/]       : Initializing Spring embedded WebApplicationContext
2026-08-04T15:39:39.066+07:00  INFO [interaction-service,,] 81840 --- [interaction-service] [restartedMain] [                                                 ] w.s.c.ServletWebServerApplicationContext : Root WebApplicationContext: initialization completed in 4204 ms
2026-08-04T15:39:40.329+07:00  INFO [interaction-service,,] 81840 --- [interaction-service] [restartedMain] [                                                 ] o.hibernate.jpa.internal.util.LogHelper  : HHH000204: Processing PersistenceUnitInfo [name: default]
2026-08-04T15:39:40.361+07:00  INFO [interaction-service,,] 81840 --- [interaction-service] [restartedMain] [                                                 ] o.h.c.internal.RegionFactoryInitiator    : HHH000026: Second-level cache disabled
2026-08-04T15:39:40.446+07:00  INFO [interaction-service,,] 81840 --- [interaction-service] [restartedMain] [                                                 ] o.s.o.j.p.SpringPersistenceUnitInfo      : No LoadTimeWeaver setup: ignoring JPA class transformer
2026-08-04T15:39:40.454+07:00  INFO [interaction-service,,] 81840 --- [interaction-service] [restartedMain] [                                                 ] com.zaxxer.hikari.HikariDataSource       : HikariPool-2 - Starting...
2026-08-04T15:39:40.825+07:00  INFO [interaction-service,,] 81840 --- [interaction-service] [restartedMain] [                                                 ] com.zaxxer.hikari.pool.HikariPool        : HikariPool-2 - Added connection org.postgresql.jdbc.PgConnection@7fd90dbe
2026-08-04T15:39:40.827+07:00  INFO [interaction-service,,] 81840 --- [interaction-service] [restartedMain] [                                                 ] com.zaxxer.hikari.HikariDataSource       : HikariPool-2 - Start completed.
2026-08-04T15:39:40.873+07:00  WARN [interaction-service,,] 81840 --- [interaction-service] [restartedMain] [                                                 ] org.hibernate.orm.deprecation            : HHH90000025: PostgreSQLDialect does not need to be specified explicitly using 'hibernate.dialect' (remove the property setting and it will be selected by default)
2026-08-04T15:39:41.348+07:00  INFO [interaction-service,,] 81840 --- [interaction-service] [restartedMain] [                                                 ] o.h.e.t.j.p.i.JtaPlatformInitiator       : HHH000489: No JTA platform available (set 'hibernate.transaction.jta.platform' to enable JTA platform integration)
2026-08-04T15:39:41.433+07:00  INFO [interaction-service,,] 81840 --- [interaction-service] [restartedMain] [                                                 ] j.LocalContainerEntityManagerFactoryBean : Initialized JPA EntityManagerFactory for persistence unit 'default'
2026-08-04T15:39:42.561+07:00  WARN [interaction-service,,] 81840 --- [interaction-service] [restartedMain] [                                                 ] JpaBaseConfiguration$JpaWebConfiguration : spring.jpa.open-in-view is enabled by default. Therefore, database queries may be performed during view rendering. Explicitly configure spring.jpa.open-in-view to disable this warning
2026-08-04T15:39:42.628+07:00  INFO [interaction-service,,] 81840 --- [interaction-service] [restartedMain] [                                                 ] o.s.b.d.a.OptionalLiveReloadServer       : LiveReload server is running on port 35729
2026-08-04T15:39:44.938+07:00  INFO [interaction-service,,] 81840 --- [interaction-service] [restartedMain] [                                                 ] o.s.c.openfeign.FeignClientFactoryBean   : For 'post-service' URL not provided. Will try picking an instance via load-balancing.
2026-08-04T15:39:45.283+07:00  INFO [interaction-service,,] 81840 --- [interaction-service] [restartedMain] [                                                 ] o.s.c.openfeign.FeignClientFactoryBean   : For 'user-service' URL not provided. Will try picking an instance via load-balancing.
2026-08-04T15:39:49.608+07:00  INFO [interaction-service,,] 81840 --- [interaction-service] [restartedMain] [                                                 ] DiscoveryClientOptionalArgsConfiguration : Eureka HTTP Client uses RestTemplate.
2026-08-04T15:39:49.660+07:00  WARN [interaction-service,,] 81840 --- [interaction-service] [restartedMain] [                                                 ] iguration$LoadBalancerCaffeineWarnLogger : Spring Cloud LoadBalancer is currently working with the default cache. While this cache implementation is useful for development and tests, it's recommended to use Caffeine cache in production.You can switch to using Caffeine cache, by adding it and org.springframework.cache.caffeine.CaffeineCacheManager to the classpath.
2026-08-04T15:39:49.691+07:00  INFO [interaction-service,,] 81840 --- [interaction-service] [restartedMain] [                                                 ] o.s.b.a.e.web.EndpointLinksResolver      : Exposing 4 endpoints beneath base path '/actuator'
2026-08-04T15:39:49.797+07:00  INFO [interaction-service,,] 81840 --- [interaction-service] [restartedMain] [                                                 ] o.s.c.n.eureka.InstanceInfoFactory       : Setting initial instance status as: STARTING
2026-08-04T15:39:49.806+07:00  INFO [interaction-service,,] 81840 --- [interaction-service] [restartedMain] [                                                 ] com.netflix.discovery.DiscoveryClient    : Initializing Eureka in region us-east-1
2026-08-04T15:39:49.808+07:00  INFO [interaction-service,,] 81840 --- [interaction-service] [restartedMain] [                                                 ] c.n.d.s.r.aws.ConfigClusterResolver      : Resolving eureka endpoints via configuration
2026-08-04T15:39:49.809+07:00  INFO [interaction-service,,] 81840 --- [interaction-service] [restartedMain] [                                                 ] com.netflix.discovery.DiscoveryClient    : Disable delta property : false
2026-08-04T15:39:49.810+07:00  INFO [interaction-service,,] 81840 --- [interaction-service] [restartedMain] [                                                 ] com.netflix.discovery.DiscoveryClient    : Single vip registry refresh property : null
2026-08-04T15:39:49.811+07:00  INFO [interaction-service,,] 81840 --- [interaction-service] [restartedMain] [                                                 ] com.netflix.discovery.DiscoveryClient    : Force full registry fetch : false
2026-08-04T15:39:49.811+07:00  INFO [interaction-service,,] 81840 --- [interaction-service] [restartedMain] [                                                 ] com.netflix.discovery.DiscoveryClient    : Application is null : false
2026-08-04T15:39:49.812+07:00  INFO [interaction-service,,] 81840 --- [interaction-service] [restartedMain] [                                                 ] com.netflix.discovery.DiscoveryClient    : Registered Applications size is zero : true
2026-08-04T15:39:49.814+07:00  INFO [interaction-service,,] 81840 --- [interaction-service] [restartedMain] [                                                 ] com.netflix.discovery.DiscoveryClient    : Application version is -1: true
2026-08-04T15:39:49.816+07:00  INFO [interaction-service,,] 81840 --- [interaction-service] [restartedMain] [                                                 ] com.netflix.discovery.DiscoveryClient    : Getting all instance registry info from the eureka server
2026-08-04T15:39:49.886+07:00  INFO [interaction-service,,] 81840 --- [interaction-service] [restartedMain] [                                                 ] com.netflix.discovery.DiscoveryClient    : The response status is 200
2026-08-04T15:39:49.888+07:00  INFO [interaction-service,,] 81840 --- [interaction-service] [restartedMain] [                                                 ] com.netflix.discovery.DiscoveryClient    : Starting heartbeat executor: renew interval is: 30
2026-08-04T15:39:49.889+07:00  INFO [interaction-service,,] 81840 --- [interaction-service] [restartedMain] [                                                 ] c.n.discovery.InstanceInfoReplicator     : InstanceInfoReplicator onDemand update allowed rate per min is 4
2026-08-04T15:39:49.890+07:00  INFO [interaction-service,,] 81840 --- [interaction-service] [restartedMain] [                                                 ] com.netflix.discovery.DiscoveryClient    : Discovery Client initialized at timestamp 1785832789890 with initial instances count: 3
2026-08-04T15:39:49.898+07:00  INFO [interaction-service,,] 81840 --- [interaction-service] [restartedMain] [                                                 ] o.s.c.n.e.s.EurekaServiceRegistry        : Registering application INTERACTION-SERVICE with eureka with status UP
2026-08-04T15:39:49.900+07:00  INFO [interaction-service,,] 81840 --- [interaction-service] [restartedMain] [                                                 ] com.netflix.discovery.DiscoveryClient    : Saw local status change event StatusChangeEvent [timestamp=1785832789900, current=UP, previous=STARTING]
2026-08-04T15:39:49.901+07:00  INFO [interaction-service,,] 81840 --- [interaction-service] [DiscoveryClient-InstanceInfoReplicator-%d] [                                                 ] com.netflix.discovery.DiscoveryClient    : DiscoveryClient_INTERACTION-SERVICE/LAPTOP-4K64MGNI:interaction-service:8084: registering service...
2026-08-04T15:39:49.911+07:00  INFO [interaction-service,,] 81840 --- [interaction-service] [restartedMain] [                                                 ] o.s.b.w.embedded.tomcat.TomcatWebServer  : Tomcat started on port 8084 (http) with context path '/'
2026-08-04T15:39:49.914+07:00  INFO [interaction-service,,] 81840 --- [interaction-service] [restartedMain] [                                                 ] .s.c.n.e.s.EurekaAutoServiceRegistration : Updating port to 8084
2026-08-04T15:39:49.934+07:00  INFO [interaction-service,,] 81840 --- [interaction-service] [DiscoveryClient-InstanceInfoReplicator-%d] [                                                 ] com.netflix.discovery.DiscoveryClient    : DiscoveryClient_INTERACTION-SERVICE/LAPTOP-4K64MGNI:interaction-service:8084 - registration status: 204
2026-08-04T15:39:49.960+07:00  INFO [interaction-service,,] 81840 --- [interaction-service] [File Watcher] [                                                 ] rtingClassPathChangeChangedEventListener : Restarting due to 38 class path changes (38 additions, 0 deletions, 0 modifications)
2026-08-04T15:39:50.696+07:00  INFO [interaction-service,,] 81840 --- [interaction-service] [restartedMain] [                                                 ] o.s.a.r.c.CachingConnectionFactory       : Attempting to connect to: [localhost:5672]
2026-08-04T15:39:50.720+07:00  INFO [interaction-service,,] 81840 --- [interaction-service] [restartedMain] [                                                 ] o.s.a.r.c.CachingConnectionFactory       : Created new connection: rabbitConnectionFactory#662cbaca:0/SimpleConnection@2592514d [delegate=amqp://guest@127.0.0.1:5672/, localPort=54872]
2026-08-04T15:39:50.769+07:00  INFO [interaction-service,,] 81840 --- [interaction-service] [http-nio-8084-exec-1] [                                                 ] o.a.c.c.C.[Tomcat].[localhost].[/]       : Initializing Spring DispatcherServlet 'dispatcherServlet'
2026-08-04T15:39:50.771+07:00  INFO [interaction-service,,] 81840 --- [interaction-service] [http-nio-8084-exec-1] [                                                 ] o.s.web.servlet.DispatcherServlet        : Initializing Servlet 'dispatcherServlet'
2026-08-04T15:39:50.777+07:00  INFO [interaction-service,,] 81840 --- [interaction-service] [http-nio-8084-exec-1] [                                                 ] o.s.web.servlet.DispatcherServlet        : Completed initialization in 5 ms
2026-08-04T15:39:50.829+07:00  INFO [interaction-service,,] 81840 --- [interaction-service] [restartedMain] [                                                 ] c.n.S.InteractionServiceApplication      : Started InteractionServiceApplication in 18.681 seconds (process running for 3665.406)
2026-08-04T15:39:50.831+07:00  INFO [interaction-service,,] 81840 --- [interaction-service] [Thread-10] [                                                 ] o.s.c.n.e.s.EurekaServiceRegistry        : Unregistering application INTERACTION-SERVICE with eureka with status DOWN
2026-08-04T15:39:50.841+07:00  INFO [interaction-service,,] 81840 --- [interaction-service] [Thread-10] [                                                 ] com.netflix.discovery.DiscoveryClient    : Saw local status change event StatusChangeEvent [timestamp=1785832790841, current=DOWN, previous=UP]
2026-08-04T15:39:50.842+07:00  INFO [interaction-service,,] 81840 --- [interaction-service] [DiscoveryClient-InstanceInfoReplicator-%d] [                                                 ] com.netflix.discovery.DiscoveryClient    : DiscoveryClient_INTERACTION-SERVICE/LAPTOP-4K64MGNI:interaction-service:8084: registering service...
2026-08-04T15:39:50.851+07:00  INFO [interaction-service,,] 81840 --- [interaction-service] [org.springframework.amqp.rabbit.RabbitListenerEndpointContainer#0-2] [                                                 ] o.s.a.r.l.SimpleMessageListenerContainer : Waiting for workers to finish.
2026-08-04T15:39:50.854+07:00  INFO [interaction-service,,] 81840 --- [interaction-service] [restartedMain] [                                                 ] .ConditionEvaluationDeltaLoggingListener : Condition evaluation unchanged
2026-08-04T15:39:50.855+07:00  INFO [interaction-service,,] 81840 --- [interaction-service] [DiscoveryClient-InstanceInfoReplicator-%d] [                                                 ] com.netflix.discovery.DiscoveryClient    : DiscoveryClient_INTERACTION-SERVICE/LAPTOP-4K64MGNI:interaction-service:8084 - registration status: 204
2026-08-04T15:39:51.801+07:00  INFO [interaction-service,,] 81840 --- [interaction-service] [org.springframework.amqp.rabbit.RabbitListenerEndpointContainer#0-2] [                                                 ] o.s.a.r.l.SimpleMessageListenerContainer : Successfully waited for workers to finish.
2026-08-04T15:39:53.149+07:00  INFO [interaction-service,,] 81840 --- [interaction-service] [Thread-10] [                                                 ] j.LocalContainerEntityManagerFactoryBean : Closing JPA EntityManagerFactory for persistence unit 'default'
2026-08-04T15:39:53.151+07:00  INFO [interaction-service,,] 81840 --- [interaction-service] [Thread-10] [                                                 ] com.zaxxer.hikari.HikariDataSource       : HikariPool-2 - Shutdown initiated...
2026-08-04T15:39:53.156+07:00  INFO [interaction-service,,] 81840 --- [interaction-service] [Thread-10] [                                                 ] com.zaxxer.hikari.HikariDataSource       : HikariPool-2 - Shutdown completed.
2026-08-04T15:39:53.185+07:00  INFO [interaction-service,,] 81840 --- [interaction-service] [Thread-10] [                                                 ] com.netflix.discovery.DiscoveryClient    : Shutting down DiscoveryClient ...
2026-08-04T15:39:56.198+07:00  INFO [interaction-service,,] 81840 --- [interaction-service] [Thread-10] [                                                 ] com.netflix.discovery.DiscoveryClient    : Unregistering ...
2026-08-04T15:39:56.217+07:00  INFO [interaction-service,,] 81840 --- [interaction-service] [Thread-10] [                                                 ] com.netflix.discovery.DiscoveryClient    : DiscoveryClient_INTERACTION-SERVICE/LAPTOP-4K64MGNI:interaction-service:8084 - deregister  status: 200
2026-08-04T15:39:56.218+07:00  INFO [interaction-service,,] 81840 --- [interaction-service] [Thread-10] [                                                 ] com.netflix.discovery.DiscoveryClient    : Completed shut down of DiscoveryClient
2026-08-04T15:39:56.449+07:00  INFO [interaction-service,,] 81840 --- [interaction-service] [restartedMain] [                                                 ] c.n.S.InteractionServiceApplication      : Starting InteractionServiceApplication using Java 17.0.9 with PID 81840 (D:\Projects\Social-media\backend\interaction-service\target\classes started by BANG in D:\Projects\Social-media\backend\interaction-service)
2026-08-04T15:39:56.449+07:00  INFO [interaction-service,,] 81840 --- [interaction-service] [restartedMain] [                                                 ] c.n.S.InteractionServiceApplication      : No active profile set, falling back to 1 default profile: "default"
2026-08-04T15:39:56.712+07:00  INFO [interaction-service,,] 81840 --- [interaction-service] [restartedMain] [                                                 ] .s.d.r.c.RepositoryConfigurationDelegate : Bootstrapping Spring Data JPA repositories in DEFAULT mode.
2026-08-04T15:39:56.733+07:00  INFO [interaction-service,,] 81840 --- [interaction-service] [restartedMain] [                                                 ] .s.d.r.c.RepositoryConfigurationDelegate : Finished Spring Data repository scanning in 20 ms. Found 3 JPA repository interfaces.
2026-08-04T15:39:56.823+07:00  INFO [interaction-service,,] 81840 --- [interaction-service] [restartedMain] [                                                 ] o.s.cloud.context.scope.GenericScope     : BeanFactory id=cb200ac9-a6f0-39a5-8dff-5c8f25c0a139
2026-08-04T15:39:56.906+07:00  INFO [interaction-service,,] 81840 --- [interaction-service] [restartedMain] [                                                 ] o.s.b.w.embedded.tomcat.TomcatWebServer  : Tomcat initialized with port 8084 (http)
2026-08-04T15:39:56.907+07:00  INFO [interaction-service,,] 81840 --- [interaction-service] [restartedMain] [                                                 ] o.apache.catalina.core.StandardService   : Starting service [Tomcat]
2026-08-04T15:39:56.908+07:00  INFO [interaction-service,,] 81840 --- [interaction-service] [restartedMain] [                                                 ] o.apache.catalina.core.StandardEngine    : Starting Servlet engine: [Apache Tomcat/10.1.42]
2026-08-04T15:39:56.940+07:00  INFO [interaction-service,,] 81840 --- [interaction-service] [restartedMain] [                                                 ] o.a.c.c.C.[Tomcat].[localhost].[/]       : Initializing Spring embedded WebApplicationContext
2026-08-04T15:39:56.941+07:00  INFO [interaction-service,,] 81840 --- [interaction-service] [restartedMain] [                                                 ] w.s.c.ServletWebServerApplicationContext : Root WebApplicationContext: initialization completed in 491 ms
2026-08-04T15:39:57.068+07:00  INFO [interaction-service,,] 81840 --- [interaction-service] [restartedMain] [                                                 ] o.hibernate.jpa.internal.util.LogHelper  : HHH000204: Processing PersistenceUnitInfo [name: default]
2026-08-04T15:39:57.071+07:00  INFO [interaction-service,,] 81840 --- [interaction-service] [restartedMain] [                                                 ] o.h.c.internal.RegionFactoryInitiator    : HHH000026: Second-level cache disabled
2026-08-04T15:39:57.078+07:00  INFO [interaction-service,,] 81840 --- [interaction-service] [restartedMain] [                                                 ] o.s.o.j.p.SpringPersistenceUnitInfo      : No LoadTimeWeaver setup: ignoring JPA class transformer
2026-08-04T15:39:57.079+07:00  INFO [interaction-service,,] 81840 --- [interaction-service] [restartedMain] [                                                 ] com.zaxxer.hikari.HikariDataSource       : HikariPool-3 - Starting...
2026-08-04T15:39:57.146+07:00  INFO [interaction-service,,] 81840 --- [interaction-service] [restartedMain] [                                                 ] com.zaxxer.hikari.pool.HikariPool        : HikariPool-3 - Added connection org.postgresql.jdbc.PgConnection@4f751638
2026-08-04T15:39:57.146+07:00  INFO [interaction-service,,] 81840 --- [interaction-service] [restartedMain] [                                                 ] com.zaxxer.hikari.HikariDataSource       : HikariPool-3 - Start completed.
2026-08-04T15:39:57.158+07:00  WARN [interaction-service,,] 81840 --- [interaction-service] [restartedMain] [                                                 ] org.hibernate.orm.deprecation            : HHH90000025: PostgreSQLDialect does not need to be specified explicitly using 'hibernate.dialect' (remove the property setting and it will be selected by default)
2026-08-04T15:39:57.248+07:00  INFO [interaction-service,,] 81840 --- [interaction-service] [restartedMain] [                                                 ] o.h.e.t.j.p.i.JtaPlatformInitiator       : HHH000489: No JTA platform available (set 'hibernate.transaction.jta.platform' to enable JTA platform integration)
2026-08-04T15:39:57.263+07:00  INFO [interaction-service,,] 81840 --- [interaction-service] [restartedMain] [                                                 ] j.LocalContainerEntityManagerFactoryBean : Initialized JPA EntityManagerFactory for persistence unit 'default'
2026-08-04T15:39:57.360+07:00  WARN [interaction-service,,] 81840 --- [interaction-service] [restartedMain] [                                                 ] JpaBaseConfiguration$JpaWebConfiguration : spring.jpa.open-in-view is enabled by default. Therefore, database queries may be performed during view rendering. Explicitly configure spring.jpa.open-in-view to disable this warning
2026-08-04T15:39:57.379+07:00  INFO [interaction-service,,] 81840 --- [interaction-service] [restartedMain] [                                                 ] o.s.b.d.a.OptionalLiveReloadServer       : LiveReload server is running on port 35729
2026-08-04T15:39:57.756+07:00  INFO [interaction-service,,] 81840 --- [interaction-service] [restartedMain] [                                                 ] o.s.c.openfeign.FeignClientFactoryBean   : For 'post-service' URL not provided. Will try picking an instance via load-balancing.
2026-08-04T15:39:57.791+07:00  INFO [interaction-service,,] 81840 --- [interaction-service] [restartedMain] [                                                 ] o.s.c.openfeign.FeignClientFactoryBean   : For 'user-service' URL not provided. Will try picking an instance via load-balancing.
2026-08-04T15:39:58.592+07:00  INFO [interaction-service,,] 81840 --- [interaction-service] [restartedMain] [                                                 ] DiscoveryClientOptionalArgsConfiguration : Eureka HTTP Client uses RestTemplate.
2026-08-04T15:39:58.612+07:00  WARN [interaction-service,,] 81840 --- [interaction-service] [restartedMain] [                                                 ] iguration$LoadBalancerCaffeineWarnLogger : Spring Cloud LoadBalancer is currently working with the default cache. While this cache implementation is useful for development and tests, it's recommended to use Caffeine cache in production.You can switch to using Caffeine cache, by adding it and org.springframework.cache.caffeine.CaffeineCacheManager to the classpath.
2026-08-04T15:39:58.625+07:00  INFO [interaction-service,,] 81840 --- [interaction-service] [restartedMain] [                                                 ] o.s.b.a.e.web.EndpointLinksResolver      : Exposing 2 endpoints beneath base path '/actuator'
2026-08-04T15:39:58.676+07:00  INFO [interaction-service,,] 81840 --- [interaction-service] [restartedMain] [                                                 ] o.s.c.n.eureka.InstanceInfoFactory       : Setting initial instance status as: STARTING
2026-08-04T15:39:58.685+07:00  INFO [interaction-service,,] 81840 --- [interaction-service] [restartedMain] [                                                 ] com.netflix.discovery.DiscoveryClient    : Initializing Eureka in region us-east-1
2026-08-04T15:39:58.685+07:00  INFO [interaction-service,,] 81840 --- [interaction-service] [restartedMain] [                                                 ] c.n.d.s.r.aws.ConfigClusterResolver      : Resolving eureka endpoints via configuration
2026-08-04T15:39:58.686+07:00  INFO [interaction-service,,] 81840 --- [interaction-service] [restartedMain] [                                                 ] com.netflix.discovery.DiscoveryClient    : Disable delta property : false
2026-08-04T15:39:58.686+07:00  INFO [interaction-service,,] 81840 --- [interaction-service] [restartedMain] [                                                 ] com.netflix.discovery.DiscoveryClient    : Single vip registry refresh property : null
2026-08-04T15:39:58.687+07:00  INFO [interaction-service,,] 81840 --- [interaction-service] [restartedMain] [                                                 ] com.netflix.discovery.DiscoveryClient    : Force full registry fetch : false
2026-08-04T15:39:58.687+07:00  INFO [interaction-service,,] 81840 --- [interaction-service] [restartedMain] [                                                 ] com.netflix.discovery.DiscoveryClient    : Application is null : false
2026-08-04T15:39:58.688+07:00  INFO [interaction-service,,] 81840 --- [interaction-service] [restartedMain] [                                                 ] com.netflix.discovery.DiscoveryClient    : Registered Applications size is zero : true
2026-08-04T15:39:58.688+07:00  INFO [interaction-service,,] 81840 --- [interaction-service] [restartedMain] [                                                 ] com.netflix.discovery.DiscoveryClient    : Application version is -1: true
2026-08-04T15:39:58.689+07:00  INFO [interaction-service,,] 81840 --- [interaction-service] [restartedMain] [                                                 ] com.netflix.discovery.DiscoveryClient    : Getting all instance registry info from the eureka server
2026-08-04T15:39:58.724+07:00  INFO [interaction-service,,] 81840 --- [interaction-service] [restartedMain] [                                                 ] com.netflix.discovery.DiscoveryClient    : The response status is 200
2026-08-04T15:39:58.725+07:00  INFO [interaction-service,,] 81840 --- [interaction-service] [restartedMain] [                                                 ] com.netflix.discovery.DiscoveryClient    : Starting heartbeat executor: renew interval is: 30
2026-08-04T15:39:58.726+07:00  INFO [interaction-service,,] 81840 --- [interaction-service] [restartedMain] [                                                 ] c.n.discovery.InstanceInfoReplicator     : InstanceInfoReplicator onDemand update allowed rate per min is 4
2026-08-04T15:39:58.727+07:00  INFO [interaction-service,,] 81840 --- [interaction-service] [restartedMain] [                                                 ] com.netflix.discovery.DiscoveryClient    : Discovery Client initialized at timestamp 1785832798727 with initial instances count: 4
2026-08-04T15:39:58.730+07:00  INFO [interaction-service,,] 81840 --- [interaction-service] [restartedMain] [                                                 ] o.s.c.n.e.s.EurekaServiceRegistry        : Registering application INTERACTION-SERVICE with eureka with status UP
2026-08-04T15:39:58.730+07:00  INFO [interaction-service,,] 81840 --- [interaction-service] [restartedMain] [                                                 ] com.netflix.discovery.DiscoveryClient    : Saw local status change event StatusChangeEvent [timestamp=1785832798730, current=UP, previous=STARTING]
2026-08-04T15:39:58.731+07:00  INFO [interaction-service,,] 81840 --- [interaction-service] [DiscoveryClient-InstanceInfoReplicator-%d] [                                                 ] com.netflix.discovery.DiscoveryClient    : DiscoveryClient_INTERACTION-SERVICE/LAPTOP-4K64MGNI:interaction-service:8084: registering service...
2026-08-04T15:39:58.738+07:00  INFO [interaction-service,,] 81840 --- [interaction-service] [restartedMain] [                                                 ] o.s.b.w.embedded.tomcat.TomcatWebServer  : Tomcat started on port 8084 (http) with context path '/'
2026-08-04T15:39:58.740+07:00  INFO [interaction-service,,] 81840 --- [interaction-service] [restartedMain] [                                                 ] .s.c.n.e.s.EurekaAutoServiceRegistration : Updating port to 8084
2026-08-04T15:39:58.751+07:00  INFO [interaction-service,,] 81840 --- [interaction-service] [DiscoveryClient-InstanceInfoReplicator-%d] [                                                 ] com.netflix.discovery.DiscoveryClient    : DiscoveryClient_INTERACTION-SERVICE/LAPTOP-4K64MGNI:interaction-service:8084 - registration status: 204
2026-08-04T15:39:59.317+07:00  INFO [interaction-service,,] 81840 --- [interaction-service] [restartedMain] [                                                 ] o.s.a.r.c.CachingConnectionFactory       : Attempting to connect to: [localhost:5672]
2026-08-04T15:39:59.384+07:00  INFO [interaction-service,,] 81840 --- [interaction-service] [restartedMain] [                                                 ] o.s.a.r.c.CachingConnectionFactory       : Created new connection: rabbitConnectionFactory#3d27c04e:0/SimpleConnection@3e57b571 [delegate=amqp://guest@127.0.0.1:5672/, localPort=54897]
2026-08-04T15:39:59.559+07:00  INFO [interaction-service,,] 81840 --- [interaction-service] [restartedMain] [                                                 ] c.n.S.InteractionServiceApplication      : Started InteractionServiceApplication in 3.274 seconds (process running for 3674.135)
2026-08-04T15:39:59.575+07:00  INFO [interaction-service,,] 81840 --- [interaction-service] [restartedMain] [                                                 ] .ConditionEvaluationDeltaLoggingListener : Condition evaluation delta:


==========================
CONDITION EVALUATION DELTA
==========================


Positive matches:
-----------------

    None


Negative matches:
-----------------

   MetricsEndpointAutoConfiguration:
      Did not match:
         - @ConditionalOnAvailableEndpoint no 'management.endpoints' property marked it as exposed (OnAvailableEndpointCondition)
      Matched:
         - @ConditionalOnClass found required class 'io.micrometer.core.annotation.Timed' (OnClassCondition)

   OtlpTracingConfigurations.ConnectionDetails#otlpTracingConnectionDetails:
      Did not match:
         - @ConditionalOnProperty (management.otlp.tracing.endpoint) did not find property 'endpoint' (OnPropertyCondition)

   OtlpTracingConfigurations.Exporters#otlpHttpSpanExporter:
      Did not match:
         - @ConditionalOnBean (types: org.springframework.boot.actuate.autoconfigure.tracing.otlp.OtlpTracingConnectionDetails; SearchStrategy: all) did not find any beans of type org.springframework.boot.actuate.autoconfigure.tracing.otlp.OtlpTracingConnectionDetails (OnBeanCondition)
      Matched:
         - @ConditionalOnProperty (management.tracing.enabled) matched (OnPropertyCondition)

   PrometheusMetricsExportAutoConfiguration.PrometheusScrapeEndpointConfiguration:
      Did not match:
         - @ConditionalOnAvailableEndpoint no 'management.endpoints' property marked it as exposed (OnAvailableEndpointCondition)


Exclusions:
-----------

    None


Unconditional classes:
----------------------

    None



2026-08-04T15:39:59.628+07:00  INFO [interaction-service,,] 81840 --- [interaction-service] [File Watcher] [                                                 ] rtingClassPathChangeChangedEventListener : Restarting due to 1 class path change (0 additions, 0 deletions, 1 modification)
2026-08-04T15:39:59.632+07:00  INFO [interaction-service,,] 81840 --- [interaction-service] [Thread-16] [                                                 ] o.s.c.n.e.s.EurekaServiceRegistry        : Unregistering application INTERACTION-SERVICE with eureka with status DOWN
2026-08-04T15:39:59.633+07:00  INFO [interaction-service,,] 81840 --- [interaction-service] [Thread-16] [                                                 ] com.netflix.discovery.DiscoveryClient    : Saw local status change event StatusChangeEvent [timestamp=1785832799633, current=DOWN, previous=UP]
2026-08-04T15:39:59.634+07:00  INFO [interaction-service,,] 81840 --- [interaction-service] [DiscoveryClient-InstanceInfoReplicator-%d] [                                                 ] com.netflix.discovery.DiscoveryClient    : DiscoveryClient_INTERACTION-SERVICE/LAPTOP-4K64MGNI:interaction-service:8084: registering service...
2026-08-04T15:39:59.642+07:00  INFO [interaction-service,,] 81840 --- [interaction-service] [org.springframework.amqp.rabbit.RabbitListenerEndpointContainer#0-2] [                                                 ] o.s.a.r.l.SimpleMessageListenerContainer : Waiting for workers to finish.
2026-08-04T15:39:59.644+07:00  INFO [interaction-service,,] 81840 --- [interaction-service] [DiscoveryClient-InstanceInfoReplicator-%d] [                                                 ] com.netflix.discovery.DiscoveryClient    : DiscoveryClient_INTERACTION-SERVICE/LAPTOP-4K64MGNI:interaction-service:8084 - registration status: 204
2026-08-04T15:40:00.528+07:00  INFO [interaction-service,,] 81840 --- [interaction-service] [org.springframework.amqp.rabbit.RabbitListenerEndpointContainer#0-2] [                                                 ] o.s.a.r.l.SimpleMessageListenerContainer : Successfully waited for workers to finish.
2026-08-04T15:40:01.031+07:00  INFO [interaction-service,,] 81840 --- [interaction-service] [Thread-16] [                                                 ] j.LocalContainerEntityManagerFactoryBean : Closing JPA EntityManagerFactory for persistence unit 'default'
2026-08-04T15:40:01.032+07:00  INFO [interaction-service,,] 81840 --- [interaction-service] [Thread-16] [                                                 ] com.zaxxer.hikari.HikariDataSource       : HikariPool-3 - Shutdown initiated...
2026-08-04T15:40:01.039+07:00  INFO [interaction-service,,] 81840 --- [interaction-service] [Thread-16] [                                                 ] com.zaxxer.hikari.HikariDataSource       : HikariPool-3 - Shutdown completed.
2026-08-04T15:40:01.042+07:00  INFO [interaction-service,,] 81840 --- [interaction-service] [Thread-16] [                                                 ] com.netflix.discovery.DiscoveryClient    : Shutting down DiscoveryClient ...
2026-08-04T15:40:04.045+07:00  INFO [interaction-service,,] 81840 --- [interaction-service] [Thread-16] [                                                 ] com.netflix.discovery.DiscoveryClient    : Unregistering ...
2026-08-04T15:40:04.064+07:00  INFO [interaction-service,,] 81840 --- [interaction-service] [Thread-16] [                                                 ] com.netflix.discovery.DiscoveryClient    : DiscoveryClient_INTERACTION-SERVICE/LAPTOP-4K64MGNI:interaction-service:8084 - deregister  status: 200
2026-08-04T15:40:04.065+07:00  INFO [interaction-service,,] 81840 --- [interaction-service] [Thread-16] [                                                 ] com.netflix.discovery.DiscoveryClient    : Completed shut down of DiscoveryClient
2026-08-04T15:40:04.417+07:00  INFO [interaction-service,,] 81840 --- [interaction-service] [restartedMain] [                                                 ] c.n.S.InteractionServiceApplication      : Starting InteractionServiceApplication using Java 17.0.9 with PID 81840 (D:\Projects\Social-media\backend\interaction-service\target\classes started by BANG in D:\Projects\Social-media\backend\interaction-service)
2026-08-04T15:40:04.417+07:00  INFO [interaction-service,,] 81840 --- [interaction-service] [restartedMain] [                                                 ] c.n.S.InteractionServiceApplication      : No active profile set, falling back to 1 default profile: "default"
2026-08-04T15:40:04.724+07:00  INFO [interaction-service,,] 81840 --- [interaction-service] [restartedMain] [                                                 ] .s.d.r.c.RepositoryConfigurationDelegate : Bootstrapping Spring Data JPA repositories in DEFAULT mode.
2026-08-04T15:40:04.743+07:00  INFO [interaction-service,,] 81840 --- [interaction-service] [restartedMain] [                                                 ] .s.d.r.c.RepositoryConfigurationDelegate : Finished Spring Data repository scanning in 18 ms. Found 3 JPA repository interfaces.
2026-08-04T15:40:04.835+07:00  INFO [interaction-service,,] 81840 --- [interaction-service] [restartedMain] [                                                 ] o.s.cloud.context.scope.GenericScope     : BeanFactory id=cb200ac9-a6f0-39a5-8dff-5c8f25c0a139
2026-08-04T15:40:04.920+07:00  INFO [interaction-service,,] 81840 --- [interaction-service] [restartedMain] [                                                 ] o.s.b.w.embedded.tomcat.TomcatWebServer  : Tomcat initialized with port 8084 (http)
2026-08-04T15:40:04.921+07:00  INFO [interaction-service,,] 81840 --- [interaction-service] [restartedMain] [                                                 ] o.apache.catalina.core.StandardService   : Starting service [Tomcat]
2026-08-04T15:40:04.921+07:00  INFO [interaction-service,,] 81840 --- [interaction-service] [restartedMain] [                                                 ] o.apache.catalina.core.StandardEngine    : Starting Servlet engine: [Apache Tomcat/10.1.42]
2026-08-04T15:40:04.957+07:00  INFO [interaction-service,,] 81840 --- [interaction-service] [restartedMain] [                                                 ] o.a.c.c.C.[Tomcat].[localhost].[/]       : Initializing Spring embedded WebApplicationContext
2026-08-04T15:40:04.958+07:00  INFO [interaction-service,,] 81840 --- [interaction-service] [restartedMain] [                                                 ] w.s.c.ServletWebServerApplicationContext : Root WebApplicationContext: initialization completed in 539 ms
2026-08-04T15:40:05.071+07:00  INFO [interaction-service,,] 81840 --- [interaction-service] [restartedMain] [                                                 ] o.hibernate.jpa.internal.util.LogHelper  : HHH000204: Processing PersistenceUnitInfo [name: default]
2026-08-04T15:40:05.075+07:00  INFO [interaction-service,,] 81840 --- [interaction-service] [restartedMain] [                                                 ] o.h.c.internal.RegionFactoryInitiator    : HHH000026: Second-level cache disabled
2026-08-04T15:40:05.095+07:00  INFO [interaction-service,,] 81840 --- [interaction-service] [restartedMain] [                                                 ] o.s.o.j.p.SpringPersistenceUnitInfo      : No LoadTimeWeaver setup: ignoring JPA class transformer
2026-08-04T15:40:05.096+07:00  INFO [interaction-service,,] 81840 --- [interaction-service] [restartedMain] [                                                 ] com.zaxxer.hikari.HikariDataSource       : HikariPool-4 - Starting...
2026-08-04T15:40:05.164+07:00  INFO [interaction-service,,] 81840 --- [interaction-service] [restartedMain] [                                                 ] com.zaxxer.hikari.pool.HikariPool        : HikariPool-4 - Added connection org.postgresql.jdbc.PgConnection@11c13fe4
2026-08-04T15:40:05.165+07:00  INFO [interaction-service,,] 81840 --- [interaction-service] [restartedMain] [                                                 ] com.zaxxer.hikari.HikariDataSource       : HikariPool-4 - Start completed.
2026-08-04T15:40:05.176+07:00  WARN [interaction-service,,] 81840 --- [interaction-service] [restartedMain] [                                                 ] org.hibernate.orm.deprecation            : HHH90000025: PostgreSQLDialect does not need to be specified explicitly using 'hibernate.dialect' (remove the property setting and it will be selected by default)
2026-08-04T15:40:05.260+07:00  INFO [interaction-service,,] 81840 --- [interaction-service] [restartedMain] [                                                 ] o.h.e.t.j.p.i.JtaPlatformInitiator       : HHH000489: No JTA platform available (set 'hibernate.transaction.jta.platform' to enable JTA platform integration)
2026-08-04T15:40:05.275+07:00  INFO [interaction-service,,] 81840 --- [interaction-service] [restartedMain] [                                                 ] j.LocalContainerEntityManagerFactoryBean : Initialized JPA EntityManagerFactory for persistence unit 'default'
2026-08-04T15:40:05.358+07:00  WARN [interaction-service,,] 81840 --- [interaction-service] [restartedMain] [                                                 ] JpaBaseConfiguration$JpaWebConfiguration : spring.jpa.open-in-view is enabled by default. Therefore, database queries may be performed during view rendering. Explicitly configure spring.jpa.open-in-view to disable this warning
2026-08-04T15:40:05.371+07:00  INFO [interaction-service,,] 81840 --- [interaction-service] [restartedMain] [                                                 ] o.s.b.d.a.OptionalLiveReloadServer       : LiveReload server is running on port 35729
2026-08-04T15:40:05.836+07:00  INFO [interaction-service,,] 81840 --- [interaction-service] [restartedMain] [                                                 ] o.s.c.openfeign.FeignClientFactoryBean   : For 'post-service' URL not provided. Will try picking an instance via load-balancing.
2026-08-04T15:40:05.893+07:00  INFO [interaction-service,,] 81840 --- [interaction-service] [restartedMain] [                                                 ] o.s.c.openfeign.FeignClientFactoryBean   : For 'user-service' URL not provided. Will try picking an instance via load-balancing.
2026-08-04T15:40:06.846+07:00  INFO [interaction-service,,] 81840 --- [interaction-service] [restartedMain] [                                                 ] DiscoveryClientOptionalArgsConfiguration : Eureka HTTP Client uses RestTemplate.
2026-08-04T15:40:06.863+07:00  WARN [interaction-service,,] 81840 --- [interaction-service] [restartedMain] [                                                 ] iguration$LoadBalancerCaffeineWarnLogger : Spring Cloud LoadBalancer is currently working with the default cache. While this cache implementation is useful for development and tests, it's recommended to use Caffeine cache in production.You can switch to using Caffeine cache, by adding it and org.springframework.cache.caffeine.CaffeineCacheManager to the classpath.
2026-08-04T15:40:06.877+07:00  INFO [interaction-service,,] 81840 --- [interaction-service] [restartedMain] [                                                 ] o.s.b.a.e.web.EndpointLinksResolver      : Exposing 2 endpoints beneath base path '/actuator'
2026-08-04T15:40:06.912+07:00  INFO [interaction-service,,] 81840 --- [interaction-service] [restartedMain] [                                                 ] o.s.c.n.eureka.InstanceInfoFactory       : Setting initial instance status as: STARTING
2026-08-04T15:40:06.916+07:00  INFO [interaction-service,,] 81840 --- [interaction-service] [restartedMain] [                                                 ] com.netflix.discovery.DiscoveryClient    : Initializing Eureka in region us-east-1
2026-08-04T15:40:06.917+07:00  INFO [interaction-service,,] 81840 --- [interaction-service] [restartedMain] [                                                 ] c.n.d.s.r.aws.ConfigClusterResolver      : Resolving eureka endpoints via configuration
2026-08-04T15:40:06.917+07:00  INFO [interaction-service,,] 81840 --- [interaction-service] [restartedMain] [                                                 ] com.netflix.discovery.DiscoveryClient    : Disable delta property : false
2026-08-04T15:40:06.918+07:00  INFO [interaction-service,,] 81840 --- [interaction-service] [restartedMain] [                                                 ] com.netflix.discovery.DiscoveryClient    : Single vip registry refresh property : null
2026-08-04T15:40:06.918+07:00  INFO [interaction-service,,] 81840 --- [interaction-service] [restartedMain] [                                                 ] com.netflix.discovery.DiscoveryClient    : Force full registry fetch : false
2026-08-04T15:40:06.918+07:00  INFO [interaction-service,,] 81840 --- [interaction-service] [restartedMain] [                                                 ] com.netflix.discovery.DiscoveryClient    : Application is null : false
2026-08-04T15:40:06.918+07:00  INFO [interaction-service,,] 81840 --- [interaction-service] [restartedMain] [                                                 ] com.netflix.discovery.DiscoveryClient    : Registered Applications size is zero : true
2026-08-04T15:40:06.919+07:00  INFO [interaction-service,,] 81840 --- [interaction-service] [restartedMain] [                                                 ] com.netflix.discovery.DiscoveryClient    : Application version is -1: true
2026-08-04T15:40:06.919+07:00  INFO [interaction-service,,] 81840 --- [interaction-service] [restartedMain] [                                                 ] com.netflix.discovery.DiscoveryClient    : Getting all instance registry info from the eureka server
2026-08-04T15:40:06.952+07:00  INFO [interaction-service,,] 81840 --- [interaction-service] [restartedMain] [                                                 ] com.netflix.discovery.DiscoveryClient    : The response status is 200
2026-08-04T15:40:06.954+07:00  INFO [interaction-service,,] 81840 --- [interaction-service] [restartedMain] [                                                 ] com.netflix.discovery.DiscoveryClient    : Starting heartbeat executor: renew interval is: 30
2026-08-04T15:40:06.955+07:00  INFO [interaction-service,,] 81840 --- [interaction-service] [restartedMain] [                                                 ] c.n.discovery.InstanceInfoReplicator     : InstanceInfoReplicator onDemand update allowed rate per min is 4
2026-08-04T15:40:06.955+07:00  INFO [interaction-service,,] 81840 --- [interaction-service] [restartedMain] [                                                 ] com.netflix.discovery.DiscoveryClient    : Discovery Client initialized at timestamp 1785832806955 with initial instances count: 4
2026-08-04T15:40:06.957+07:00  INFO [interaction-service,,] 81840 --- [interaction-service] [restartedMain] [                                                 ] o.s.c.n.e.s.EurekaServiceRegistry        : Registering application INTERACTION-SERVICE with eureka with status UP
2026-08-04T15:40:06.958+07:00  INFO [interaction-service,,] 81840 --- [interaction-service] [restartedMain] [                                                 ] com.netflix.discovery.DiscoveryClient    : Saw local status change event StatusChangeEvent [timestamp=1785832806958, current=UP, previous=STARTING]
2026-08-04T15:40:06.959+07:00  INFO [interaction-service,,] 81840 --- [interaction-service] [DiscoveryClient-InstanceInfoReplicator-%d] [                                                 ] com.netflix.discovery.DiscoveryClient    : DiscoveryClient_INTERACTION-SERVICE/LAPTOP-4K64MGNI:interaction-service:8084: registering service...
2026-08-04T15:40:06.964+07:00  INFO [interaction-service,,] 81840 --- [interaction-service] [restartedMain] [                                                 ] o.s.b.w.embedded.tomcat.TomcatWebServer  : Tomcat started on port 8084 (http) with context path '/'
2026-08-04T15:40:06.966+07:00  INFO [interaction-service,,] 81840 --- [interaction-service] [restartedMain] [                                                 ] .s.c.n.e.s.EurekaAutoServiceRegistration : Updating port to 8084
2026-08-04T15:40:06.975+07:00  INFO [interaction-service,,] 81840 --- [interaction-service] [DiscoveryClient-InstanceInfoReplicator-%d] [                                                 ] com.netflix.discovery.DiscoveryClient    : DiscoveryClient_INTERACTION-SERVICE/LAPTOP-4K64MGNI:interaction-service:8084 - registration status: 204
2026-08-04T15:40:07.329+07:00  INFO [interaction-service,,] 81840 --- [interaction-service] [restartedMain] [                                                 ] o.s.a.r.c.CachingConnectionFactory       : Attempting to connect to: [localhost:5672]
2026-08-04T15:40:07.341+07:00  INFO [interaction-service,,] 81840 --- [interaction-service] [restartedMain] [                                                 ] o.s.a.r.c.CachingConnectionFactory       : Created new connection: rabbitConnectionFactory#1109862c:0/SimpleConnection@2682683c [delegate=amqp://guest@127.0.0.1:5672/, localPort=55015]
2026-08-04T15:40:07.399+07:00  INFO [interaction-service,,] 81840 --- [interaction-service] [restartedMain] [                                                 ] c.n.S.InteractionServiceApplication      : Started InteractionServiceApplication in 3.245 seconds (process running for 3681.976)
2026-08-04T15:40:07.404+07:00  INFO [interaction-service,,] 81840 --- [interaction-service] [restartedMain] [                                                 ] .ConditionEvaluationDeltaLoggingListener : Condition evaluation unchanged
2026-08-04T15:40:10.750+07:00  INFO [interaction-service,,] 81840 --- [interaction-service] [http-nio-8084-exec-4] [                                                 ] o.a.c.c.C.[Tomcat].[localhost].[/]       : Initializing Spring DispatcherServlet 'dispatcherServlet'
2026-08-04T15:40:10.750+07:00  INFO [interaction-service,,] 81840 --- [interaction-service] [http-nio-8084-exec-4] [                                                 ] o.s.web.servlet.DispatcherServlet        : Initializing Servlet 'dispatcherServlet'
2026-08-04T15:40:10.752+07:00  INFO [interaction-service,,] 81840 --- [interaction-service] [http-nio-8084-exec-4] [                                                 ] o.s.web.servlet.DispatcherServlet        : Completed initialization in 1 ms
2026-08-04T15:41:23.537+07:00  INFO [interaction-service,,] 81840 --- [interaction-service] [File Watcher] [                                                 ] rtingClassPathChangeChangedEventListener : Restarting due to 37 class path changes (0 additions, 37 deletions, 0 modifications)
2026-08-04T15:41:23.541+07:00  INFO [interaction-service,,] 81840 --- [interaction-service] [Thread-22] [                                                 ] o.s.c.n.e.s.EurekaServiceRegistry        : Unregistering application INTERACTION-SERVICE with eureka with status DOWN
2026-08-04T15:41:23.542+07:00  INFO [interaction-service,,] 81840 --- [interaction-service] [Thread-22] [                                                 ] com.netflix.discovery.DiscoveryClient    : Saw local status change event StatusChangeEvent [timestamp=1785832883542, current=DOWN, previous=UP]
2026-08-04T15:41:23.543+07:00  INFO [interaction-service,,] 81840 --- [interaction-service] [DiscoveryClient-InstanceInfoReplicator-%d] [                                                 ] com.netflix.discovery.DiscoveryClient    : DiscoveryClient_INTERACTION-SERVICE/LAPTOP-4K64MGNI:interaction-service:8084: registering service...
2026-08-04T15:41:23.551+07:00  INFO [interaction-service,,] 81840 --- [interaction-service] [org.springframework.amqp.rabbit.RabbitListenerEndpointContainer#0-2] [                                                 ] o.s.a.r.l.SimpleMessageListenerContainer : Waiting for workers to finish.
2026-08-04T15:41:23.554+07:00  INFO [interaction-service,,] 81840 --- [interaction-service] [DiscoveryClient-InstanceInfoReplicator-%d] [                                                 ] com.netflix.discovery.DiscoveryClient    : DiscoveryClient_INTERACTION-SERVICE/LAPTOP-4K64MGNI:interaction-service:8084 - registration status: 204
2026-08-04T15:41:24.514+07:00  INFO [interaction-service,,] 81840 --- [interaction-service] [org.springframework.amqp.rabbit.RabbitListenerEndpointContainer#0-2] [                                                 ] o.s.a.r.l.SimpleMessageListenerContainer : Successfully waited for workers to finish.
2026-08-04T15:41:26.147+07:00  INFO [interaction-service,,] 81840 --- [interaction-service] [Thread-22] [                                                 ] j.LocalContainerEntityManagerFactoryBean : Closing JPA EntityManagerFactory for persistence unit 'default'
2026-08-04T15:41:26.149+07:00  INFO [interaction-service,,] 81840 --- [interaction-service] [Thread-22] [                                                 ] com.zaxxer.hikari.HikariDataSource       : HikariPool-4 - Shutdown initiated...
2026-08-04T15:41:26.158+07:00  INFO [interaction-service,,] 81840 --- [interaction-service] [Thread-22] [                                                 ] com.zaxxer.hikari.HikariDataSource       : HikariPool-4 - Shutdown completed.
2026-08-04T15:41:26.163+07:00  INFO [interaction-service,,] 81840 --- [interaction-service] [Thread-22] [                                                 ] com.netflix.discovery.DiscoveryClient    : Shutting down DiscoveryClient ...
2026-08-04T15:41:29.182+07:00  INFO [interaction-service,,] 81840 --- [interaction-service] [Thread-22] [                                                 ] com.netflix.discovery.DiscoveryClient    : Unregistering ...
2026-08-04T15:41:29.305+07:00  INFO [interaction-service,,] 81840 --- [interaction-service] [Thread-22] [                                                 ] com.netflix.discovery.DiscoveryClient    : DiscoveryClient_INTERACTION-SERVICE/LAPTOP-4K64MGNI:interaction-service:8084 - deregister  status: 200
2026-08-04T15:41:29.336+07:00  INFO [interaction-service,,] 81840 --- [interaction-service] [Thread-22] [                                                 ] com.netflix.discovery.DiscoveryClient    : Completed shut down of DiscoveryClient
2026-08-04T15:41:31.046+07:00  INFO [interaction-service,,] 81840 --- [interaction-service] [restartedMain] [                                                 ] c.n.S.InteractionServiceApplication      : Starting InteractionServiceApplication using Java 17.0.9 with PID 81840 (D:\Projects\Social-media\backend\interaction-service\target\classes started by BANG in D:\Projects\Social-media\backend\interaction-service)
2026-08-04T15:41:31.047+07:00  INFO [interaction-service,,] 81840 --- [interaction-service] [restartedMain] [                                                 ] c.n.S.InteractionServiceApplication      : No active profile set, falling back to 1 default profile: "default"
2026-08-04T15:41:32.077+07:00  INFO [interaction-service,,] 81840 --- [interaction-service] [restartedMain] [                                                 ] .s.d.r.c.RepositoryConfigurationDelegate : Bootstrapping Spring Data JPA repositories in DEFAULT mode.
2026-08-04T15:41:32.142+07:00  INFO [interaction-service,,] 81840 --- [interaction-service] [restartedMain] [                                                 ] .s.d.r.c.RepositoryConfigurationDelegate : Finished Spring Data repository scanning in 63 ms. Found 3 JPA repository interfaces.
2026-08-04T15:41:32.413+07:00  INFO [interaction-service,,] 81840 --- [interaction-service] [restartedMain] [                                                 ] o.s.cloud.context.scope.GenericScope     : BeanFactory id=cb200ac9-a6f0-39a5-8dff-5c8f25c0a139
2026-08-04T15:41:32.656+07:00  INFO [interaction-service,,] 81840 --- [interaction-service] [restartedMain] [                                                 ] o.s.b.w.embedded.tomcat.TomcatWebServer  : Tomcat initialized with port 8084 (http)
2026-08-04T15:41:32.658+07:00  INFO [interaction-service,,] 81840 --- [interaction-service] [restartedMain] [                                                 ] o.apache.catalina.core.StandardService   : Starting service [Tomcat]
2026-08-04T15:41:32.659+07:00  INFO [interaction-service,,] 81840 --- [interaction-service] [restartedMain] [                                                 ] o.apache.catalina.core.StandardEngine    : Starting Servlet engine: [Apache Tomcat/10.1.42]
2026-08-04T15:41:32.761+07:00  INFO [interaction-service,,] 81840 --- [interaction-service] [restartedMain] [                                                 ] o.a.c.c.C.[Tomcat].[localhost].[/]       : Initializing Spring embedded WebApplicationContext
2026-08-04T15:41:32.762+07:00  INFO [interaction-service,,] 81840 --- [interaction-service] [restartedMain] [                                                 ] w.s.c.ServletWebServerApplicationContext : Root WebApplicationContext: initialization completed in 1713 ms
2026-08-04T15:41:33.216+07:00  INFO [interaction-service,,] 81840 --- [interaction-service] [restartedMain] [                                                 ] o.hibernate.jpa.internal.util.LogHelper  : HHH000204: Processing PersistenceUnitInfo [name: default]
2026-08-04T15:41:33.227+07:00  INFO [interaction-service,,] 81840 --- [interaction-service] [restartedMain] [                                                 ] o.h.c.internal.RegionFactoryInitiator    : HHH000026: Second-level cache disabled
2026-08-04T15:41:33.253+07:00  INFO [interaction-service,,] 81840 --- [interaction-service] [restartedMain] [                                                 ] o.s.o.j.p.SpringPersistenceUnitInfo      : No LoadTimeWeaver setup: ignoring JPA class transformer
2026-08-04T15:41:33.257+07:00  INFO [interaction-service,,] 81840 --- [interaction-service] [restartedMain] [                                                 ] com.zaxxer.hikari.HikariDataSource       : HikariPool-5 - Starting...
2026-08-04T15:41:33.491+07:00  INFO [interaction-service,,] 81840 --- [interaction-service] [restartedMain] [                                                 ] com.zaxxer.hikari.pool.HikariPool        : HikariPool-5 - Added connection org.postgresql.jdbc.PgConnection@165931ae
2026-08-04T15:41:33.492+07:00  INFO [interaction-service,,] 81840 --- [interaction-service] [restartedMain] [                                                 ] com.zaxxer.hikari.HikariDataSource       : HikariPool-5 - Start completed.
2026-08-04T15:41:33.530+07:00  WARN [interaction-service,,] 81840 --- [interaction-service] [restartedMain] [                                                 ] org.hibernate.orm.deprecation            : HHH90000025: PostgreSQLDialect does not need to be specified explicitly using 'hibernate.dialect' (remove the property setting and it will be selected by default)
2026-08-04T15:41:33.793+07:00  INFO [interaction-service,,] 81840 --- [interaction-service] [restartedMain] [                                                 ] o.h.e.t.j.p.i.JtaPlatformInitiator       : HHH000489: No JTA platform available (set 'hibernate.transaction.jta.platform' to enable JTA platform integration)
2026-08-04T15:41:33.859+07:00  INFO [interaction-service,,] 81840 --- [interaction-service] [restartedMain] [                                                 ] j.LocalContainerEntityManagerFactoryBean : Initialized JPA EntityManagerFactory for persistence unit 'default'
2026-08-04T15:41:34.115+07:00  WARN [interaction-service,,] 81840 --- [interaction-service] [restartedMain] [                                                 ] JpaBaseConfiguration$JpaWebConfiguration : spring.jpa.open-in-view is enabled by default. Therefore, database queries may be performed during view rendering. Explicitly configure spring.jpa.open-in-view to disable this warning
2026-08-04T15:41:34.156+07:00  INFO [interaction-service,,] 81840 --- [interaction-service] [restartedMain] [                                                 ] o.s.b.d.a.OptionalLiveReloadServer       : LiveReload server is running on port 35729
2026-08-04T15:41:35.918+07:00  INFO [interaction-service,,] 81840 --- [interaction-service] [restartedMain] [                                                 ] o.s.c.openfeign.FeignClientFactoryBean   : For 'post-service' URL not provided. Will try picking an instance via load-balancing.
2026-08-04T15:41:36.199+07:00  INFO [interaction-service,,] 81840 --- [interaction-service] [restartedMain] [                                                 ] o.s.c.openfeign.FeignClientFactoryBean   : For 'user-service' URL not provided. Will try picking an instance via load-balancing.
2026-08-04T15:41:40.326+07:00  INFO [interaction-service,,] 81840 --- [interaction-service] [restartedMain] [                                                 ] DiscoveryClientOptionalArgsConfiguration : Eureka HTTP Client uses RestTemplate.
2026-08-04T15:41:40.383+07:00  WARN [interaction-service,,] 81840 --- [interaction-service] [restartedMain] [                                                 ] iguration$LoadBalancerCaffeineWarnLogger : Spring Cloud LoadBalancer is currently working with the default cache. While this cache implementation is useful for development and tests, it's recommended to use Caffeine cache in production.You can switch to using Caffeine cache, by adding it and org.springframework.cache.caffeine.CaffeineCacheManager to the classpath.
2026-08-04T15:41:40.418+07:00  INFO [interaction-service,,] 81840 --- [interaction-service] [restartedMain] [                                                 ] o.s.b.a.e.web.EndpointLinksResolver      : Exposing 2 endpoints beneath base path '/actuator'
2026-08-04T15:41:40.514+07:00  INFO [interaction-service,,] 81840 --- [interaction-service] [restartedMain] [                                                 ] o.s.c.n.eureka.InstanceInfoFactory       : Setting initial instance status as: STARTING
2026-08-04T15:41:40.523+07:00  INFO [interaction-service,,] 81840 --- [interaction-service] [restartedMain] [                                                 ] com.netflix.discovery.DiscoveryClient    : Initializing Eureka in region us-east-1
2026-08-04T15:41:40.523+07:00  INFO [interaction-service,,] 81840 --- [interaction-service] [restartedMain] [                                                 ] c.n.d.s.r.aws.ConfigClusterResolver      : Resolving eureka endpoints via configuration
2026-08-04T15:41:40.524+07:00  INFO [interaction-service,,] 81840 --- [interaction-service] [restartedMain] [                                                 ] com.netflix.discovery.DiscoveryClient    : Disable delta property : false
2026-08-04T15:41:40.525+07:00  INFO [interaction-service,,] 81840 --- [interaction-service] [restartedMain] [                                                 ] com.netflix.discovery.DiscoveryClient    : Single vip registry refresh property : null
2026-08-04T15:41:40.526+07:00  INFO [interaction-service,,] 81840 --- [interaction-service] [restartedMain] [                                                 ] com.netflix.discovery.DiscoveryClient    : Force full registry fetch : false
2026-08-04T15:41:40.526+07:00  INFO [interaction-service,,] 81840 --- [interaction-service] [restartedMain] [                                                 ] com.netflix.discovery.DiscoveryClient    : Application is null : false
2026-08-04T15:41:40.527+07:00  INFO [interaction-service,,] 81840 --- [interaction-service] [restartedMain] [                                                 ] com.netflix.discovery.DiscoveryClient    : Registered Applications size is zero : true
2026-08-04T15:41:40.527+07:00  INFO [interaction-service,,] 81840 --- [interaction-service] [restartedMain] [                                                 ] com.netflix.discovery.DiscoveryClient    : Application version is -1: true
2026-08-04T15:41:40.528+07:00  INFO [interaction-service,,] 81840 --- [interaction-service] [restartedMain] [                                                 ] com.netflix.discovery.DiscoveryClient    : Getting all instance registry info from the eureka server
2026-08-04T15:41:40.591+07:00  INFO [interaction-service,,] 81840 --- [interaction-service] [restartedMain] [                                                 ] com.netflix.discovery.DiscoveryClient    : The response status is 200
2026-08-04T15:41:40.593+07:00  INFO [interaction-service,,] 81840 --- [interaction-service] [restartedMain] [                                                 ] com.netflix.discovery.DiscoveryClient    : Starting heartbeat executor: renew interval is: 30
2026-08-04T15:41:40.594+07:00  INFO [interaction-service,,] 81840 --- [interaction-service] [restartedMain] [                                                 ] c.n.discovery.InstanceInfoReplicator     : InstanceInfoReplicator onDemand update allowed rate per min is 4
2026-08-04T15:41:40.595+07:00  INFO [interaction-service,,] 81840 --- [interaction-service] [restartedMain] [                                                 ] com.netflix.discovery.DiscoveryClient    : Discovery Client initialized at timestamp 1785832900595 with initial instances count: 3
2026-08-04T15:41:40.602+07:00  INFO [interaction-service,,] 81840 --- [interaction-service] [restartedMain] [                                                 ] o.s.c.n.e.s.EurekaServiceRegistry        : Registering application INTERACTION-SERVICE with eureka with status UP
2026-08-04T15:41:40.603+07:00  INFO [interaction-service,,] 81840 --- [interaction-service] [restartedMain] [                                                 ] com.netflix.discovery.DiscoveryClient    : Saw local status change event StatusChangeEvent [timestamp=1785832900603, current=UP, previous=STARTING]
2026-08-04T15:41:40.605+07:00  INFO [interaction-service,,] 81840 --- [interaction-service] [DiscoveryClient-InstanceInfoReplicator-%d] [                                                 ] com.netflix.discovery.DiscoveryClient    : DiscoveryClient_INTERACTION-SERVICE/LAPTOP-4K64MGNI:interaction-service:8084: registering service...
2026-08-04T15:41:40.612+07:00  INFO [interaction-service,,] 81840 --- [interaction-service] [restartedMain] [                                                 ] o.s.b.w.embedded.tomcat.TomcatWebServer  : Tomcat started on port 8084 (http) with context path '/'
2026-08-04T15:41:40.614+07:00  INFO [interaction-service,,] 81840 --- [interaction-service] [restartedMain] [                                                 ] .s.c.n.e.s.EurekaAutoServiceRegistration : Updating port to 8084
2026-08-04T15:41:40.647+07:00  INFO [interaction-service,,] 81840 --- [interaction-service] [DiscoveryClient-InstanceInfoReplicator-%d] [                                                 ] com.netflix.discovery.DiscoveryClient    : DiscoveryClient_INTERACTION-SERVICE/LAPTOP-4K64MGNI:interaction-service:8084 - registration status: 204
2026-08-04T15:41:40.664+07:00  INFO [interaction-service,,] 81840 --- [interaction-service] [File Watcher] [                                                 ] rtingClassPathChangeChangedEventListener : Restarting due to 37 class path changes (37 additions, 0 deletions, 0 modifications)
2026-08-04T15:41:40.733+07:00  INFO [interaction-service,,] 81840 --- [interaction-service] [http-nio-8084-exec-3] [                                                 ] o.a.c.c.C.[Tomcat].[localhost].[/]       : Initializing Spring DispatcherServlet 'dispatcherServlet'
2026-08-04T15:41:40.734+07:00  INFO [interaction-service,,] 81840 --- [interaction-service] [http-nio-8084-exec-3] [                                                 ] o.s.web.servlet.DispatcherServlet        : Initializing Servlet 'dispatcherServlet'
2026-08-04T15:41:40.738+07:00  INFO [interaction-service,,] 81840 --- [interaction-service] [http-nio-8084-exec-3] [                                                 ] o.s.web.servlet.DispatcherServlet        : Completed initialization in 4 ms
2026-08-04T15:41:41.445+07:00  INFO [interaction-service,,] 81840 --- [interaction-service] [restartedMain] [                                                 ] o.s.a.r.c.CachingConnectionFactory       : Attempting to connect to: [localhost:5672]
2026-08-04T15:41:41.462+07:00  INFO [interaction-service,,] 81840 --- [interaction-service] [restartedMain] [                                                 ] o.s.a.r.c.CachingConnectionFactory       : Created new connection: rabbitConnectionFactory#3eafda69:0/SimpleConnection@2c0f8290 [delegate=amqp://guest@127.0.0.1:5672/, localPort=49710]
2026-08-04T15:41:41.539+07:00  INFO [interaction-service,,] 81840 --- [interaction-service] [restartedMain] [                                                 ] c.n.S.InteractionServiceApplication      : Started InteractionServiceApplication in 11.822 seconds (process running for 3776.115)
2026-08-04T15:41:41.540+07:00  INFO [interaction-service,,] 81840 --- [interaction-service] [Thread-28] [                                                 ] o.s.c.n.e.s.EurekaServiceRegistry        : Unregistering application INTERACTION-SERVICE with eureka with status DOWN
2026-08-04T15:41:41.540+07:00  INFO [interaction-service,,] 81840 --- [interaction-service] [Thread-28] [                                                 ] com.netflix.discovery.DiscoveryClient    : Saw local status change event StatusChangeEvent [timestamp=1785832901540, current=DOWN, previous=UP]
2026-08-04T15:41:41.541+07:00  INFO [interaction-service,,] 81840 --- [interaction-service] [DiscoveryClient-InstanceInfoReplicator-%d] [                                                 ] com.netflix.discovery.DiscoveryClient    : DiscoveryClient_INTERACTION-SERVICE/LAPTOP-4K64MGNI:interaction-service:8084: registering service...
2026-08-04T15:41:41.547+07:00  INFO [interaction-service,,] 81840 --- [interaction-service] [restartedMain] [                                                 ] .ConditionEvaluationDeltaLoggingListener : Condition evaluation unchanged
2026-08-04T15:41:41.548+07:00  INFO [interaction-service,,] 81840 --- [interaction-service] [org.springframework.amqp.rabbit.RabbitListenerEndpointContainer#0-2] [                                                 ] o.s.a.r.l.SimpleMessageListenerContainer : Waiting for workers to finish.
2026-08-04T15:41:41.575+07:00  INFO [interaction-service,,] 81840 --- [interaction-service] [DiscoveryClient-InstanceInfoReplicator-%d] [                                                 ] c.n.d.s.t.d.RedirectingEurekaHttpClient  : Request execution error. endpoint=DefaultEndpoint{ serviceUrl='http://localhost:8761/eureka/} exception=I/O error on POST request for "http://localhost:8761/eureka/apps/INTERACTION-SERVICE": localhost:8761 failed to respond stacktrace=org.springframework.web.client.ResourceAccessException: I/O error on POST request for "http://localhost:8761/eureka/apps/INTERACTION-SERVICE": localhost:8761 failed to respond
	at org.springframework.web.client.RestTemplate.createResourceAccessException(RestTemplate.java:915)
	at org.springframework.web.client.RestTemplate.doExecute(RestTemplate.java:895)
	at org.springframework.web.client.RestTemplate.execute(RestTemplate.java:830)
	at org.springframework.web.client.RestTemplate.exchange(RestTemplate.java:691)
	at org.springframework.cloud.netflix.eureka.http.RestTemplateEurekaHttpClient.register(RestTemplateEurekaHttpClient.java:83)
	at com.netflix.discovery.shared.transport.decorator.EurekaHttpClientDecorator$1.execute(EurekaHttpClientDecorator.java:59)
	at com.netflix.discovery.shared.transport.decorator.RedirectingEurekaHttpClient.execute(RedirectingEurekaHttpClient.java:91)
	at com.netflix.discovery.shared.transport.decorator.EurekaHttpClientDecorator.register(EurekaHttpClientDecorator.java:56)
	at com.netflix.discovery.shared.transport.decorator.EurekaHttpClientDecorator$1.execute(EurekaHttpClientDecorator.java:59)
	at com.netflix.discovery.shared.transport.decorator.RetryableEurekaHttpClient.execute(RetryableEurekaHttpClient.java:120)
	at com.netflix.discovery.shared.transport.decorator.EurekaHttpClientDecorator.register(EurekaHttpClientDecorator.java:56)
	at com.netflix.discovery.shared.transport.decorator.EurekaHttpClientDecorator$1.execute(EurekaHttpClientDecorator.java:59)
	at com.netflix.discovery.shared.transport.decorator.SessionedEurekaHttpClient.execute(SessionedEurekaHttpClient.java:76)
	at com.netflix.discovery.shared.transport.decorator.EurekaHttpClientDecorator.register(EurekaHttpClientDecorator.java:56)
	at com.netflix.discovery.DiscoveryClient.register(DiscoveryClient.java:828)
	at com.netflix.discovery.InstanceInfoReplicator.run(InstanceInfoReplicator.java:125)
	at com.netflix.discovery.InstanceInfoReplicator$2.run(InstanceInfoReplicator.java:105)
	at java.base/java.util.concurrent.Executors$RunnableAdapter.call(Executors.java:539)
	at java.base/java.util.concurrent.FutureTask.run(FutureTask.java:264)
	at java.base/java.util.concurrent.ScheduledThreadPoolExecutor$ScheduledFutureTask.run(ScheduledThreadPoolExecutor.java:304)
	at java.base/java.util.concurrent.ThreadPoolExecutor.runWorker(ThreadPoolExecutor.java:1136)
	at java.base/java.util.concurrent.ThreadPoolExecutor$Worker.run(ThreadPoolExecutor.java:635)
	at java.base/java.lang.Thread.run(Thread.java:842)
Caused by: org.apache.hc.core5.http.NoHttpResponseException: localhost:8761 failed to respond
	at org.apache.hc.core5.http.impl.io.DefaultBHttpClientConnection.receiveResponseHeader(DefaultBHttpClientConnection.java:306)
	at org.apache.hc.core5.http.impl.io.HttpRequestExecutor.execute(HttpRequestExecutor.java:175)
	at org.apache.hc.core5.http.impl.io.HttpRequestExecutor.execute(HttpRequestExecutor.java:218)
	at org.apache.hc.client5.http.impl.io.PoolingHttpClientConnectionManager$InternalConnectionEndpoint.execute(PoolingHttpClientConnectionManager.java:717)
	at org.apache.hc.client5.http.impl.classic.InternalExecRuntime.execute(InternalExecRuntime.java:216)
	at org.apache.hc.client5.http.impl.classic.MainClientExec.execute(MainClientExec.java:116)
	at org.apache.hc.client5.http.impl.classic.ExecChainElement.execute(ExecChainElement.java:51)
	at org.apache.hc.client5.http.impl.classic.ConnectExec.execute(ConnectExec.java:188)
	at org.apache.hc.client5.http.impl.classic.ExecChainElement.execute(ExecChainElement.java:51)
	at org.apache.hc.client5.http.impl.classic.ProtocolExec.execute(ProtocolExec.java:192)
	at org.apache.hc.client5.http.impl.classic.ExecChainElement.execute(ExecChainElement.java:51)
	at org.apache.hc.client5.http.impl.classic.HttpRequestRetryExec.execute(HttpRequestRetryExec.java:113)
	at org.apache.hc.client5.http.impl.classic.ExecChainElement.execute(ExecChainElement.java:51)
	at org.apache.hc.client5.http.impl.classic.ContentCompressionExec.execute(ContentCompressionExec.java:152)
	at org.apache.hc.client5.http.impl.classic.ExecChainElement.execute(ExecChainElement.java:51)
	at org.apache.hc.client5.http.impl.classic.RedirectExec.execute(RedirectExec.java:116)
	at org.apache.hc.client5.http.impl.classic.ExecChainElement.execute(ExecChainElement.java:51)
	at org.apache.hc.client5.http.impl.classic.InternalHttpClient.doExecute(InternalHttpClient.java:170)
	at org.apache.hc.client5.http.impl.classic.CloseableHttpClient.execute(CloseableHttpClient.java:87)
	at org.apache.hc.client5.http.impl.classic.CloseableHttpClient.execute(CloseableHttpClient.java:55)
	at org.apache.hc.client5.http.classic.HttpClient.executeOpen(HttpClient.java:183)
	at org.springframework.http.client.HttpComponentsClientHttpRequest.executeInternal(HttpComponentsClientHttpRequest.java:99)
	at org.springframework.http.client.AbstractStreamingClientHttpRequest.executeInternal(AbstractStreamingClientHttpRequest.java:70)
	at org.springframework.http.client.AbstractClientHttpRequest.execute(AbstractClientHttpRequest.java:66)
	at org.springframework.http.client.InterceptingClientHttpRequest$InterceptingRequestExecution.execute(InterceptingClientHttpRequest.java:112)
	at org.springframework.cloud.netflix.eureka.http.RestTemplateTransportClientFactory.lambda$restTemplate$3(RestTemplateTransportClientFactory.java:170)
	at org.springframework.http.client.InterceptingClientHttpRequest$InterceptingRequestExecution.execute(InterceptingClientHttpRequest.java:88)
	at org.springframework.http.client.InterceptingClientHttpRequest.executeInternal(InterceptingClientHttpRequest.java:72)
	at org.springframework.http.client.AbstractBufferingClientHttpRequest.executeInternal(AbstractBufferingClientHttpRequest.java:48)
	at org.springframework.http.client.AbstractClientHttpRequest.execute(AbstractClientHttpRequest.java:66)
	at org.springframework.web.client.RestTemplate.doExecute(RestTemplate.java:889)
	... 21 more

2026-08-04T15:41:41.577+07:00  WARN [interaction-service,,] 81840 --- [interaction-service] [DiscoveryClient-InstanceInfoReplicator-%d] [                                                 ] c.n.d.s.t.d.RetryableEurekaHttpClient    : Request execution failed with message: I/O error on POST request for "http://localhost:8761/eureka/apps/INTERACTION-SERVICE": localhost:8761 failed to respond
2026-08-04T15:41:42.303+07:00  INFO [interaction-service,,] 81840 --- [interaction-service] [DiscoveryClient-InstanceInfoReplicator-%d] [                                                 ] c.n.d.s.t.d.RedirectingEurekaHttpClient  : Request execution error. endpoint=DefaultEndpoint{ serviceUrl='http://localhost:8761/eureka/}, exception=I/O error on POST request for "http://localhost:8761/eureka/apps/INTERACTION-SERVICE": Connection reset stacktrace=org.springframework.web.client.ResourceAccessException: I/O error on POST request for "http://localhost:8761/eureka/apps/INTERACTION-SERVICE": Connection reset
	at org.springframework.web.client.RestTemplate.createResourceAccessException(RestTemplate.java:915)
	at org.springframework.web.client.RestTemplate.doExecute(RestTemplate.java:895)
	at org.springframework.web.client.RestTemplate.execute(RestTemplate.java:830)
	at org.springframework.web.client.RestTemplate.exchange(RestTemplate.java:691)
	at org.springframework.cloud.netflix.eureka.http.RestTemplateEurekaHttpClient.register(RestTemplateEurekaHttpClient.java:83)
	at com.netflix.discovery.shared.transport.decorator.EurekaHttpClientDecorator$1.execute(EurekaHttpClientDecorator.java:59)
	at com.netflix.discovery.shared.transport.decorator.RedirectingEurekaHttpClient.executeOnNewServer(RedirectingEurekaHttpClient.java:121)
	at com.netflix.discovery.shared.transport.decorator.RedirectingEurekaHttpClient.execute(RedirectingEurekaHttpClient.java:80)
	at com.netflix.discovery.shared.transport.decorator.EurekaHttpClientDecorator.register(EurekaHttpClientDecorator.java:56)
	at com.netflix.discovery.shared.transport.decorator.EurekaHttpClientDecorator$1.execute(EurekaHttpClientDecorator.java:59)
	at com.netflix.discovery.shared.transport.decorator.RetryableEurekaHttpClient.execute(RetryableEurekaHttpClient.java:120)
	at com.netflix.discovery.shared.transport.decorator.EurekaHttpClientDecorator.register(EurekaHttpClientDecorator.java:56)
	at com.netflix.discovery.shared.transport.decorator.EurekaHttpClientDecorator$1.execute(EurekaHttpClientDecorator.java:59)
	at com.netflix.discovery.shared.transport.decorator.SessionedEurekaHttpClient.execute(SessionedEurekaHttpClient.java:76)
	at com.netflix.discovery.shared.transport.decorator.EurekaHttpClientDecorator.register(EurekaHttpClientDecorator.java:56)
	at com.netflix.discovery.DiscoveryClient.register(DiscoveryClient.java:828)
	at com.netflix.discovery.InstanceInfoReplicator.run(InstanceInfoReplicator.java:125)
	at com.netflix.discovery.InstanceInfoReplicator$2.run(InstanceInfoReplicator.java:105)
	at java.base/java.util.concurrent.Executors$RunnableAdapter.call(Executors.java:539)
	at java.base/java.util.concurrent.FutureTask.run(FutureTask.java:264)
	at java.base/java.util.concurrent.ScheduledThreadPoolExecutor$ScheduledFutureTask.run(ScheduledThreadPoolExecutor.java:304)
	at java.base/java.util.concurrent.ThreadPoolExecutor.runWorker(ThreadPoolExecutor.java:1136)
	at java.base/java.util.concurrent.ThreadPoolExecutor$Worker.run(ThreadPoolExecutor.java:635)
	at java.base/java.lang.Thread.run(Thread.java:842)
Caused by: java.net.SocketException: Connection reset
	at java.base/sun.nio.ch.NioSocketImpl.implRead(NioSocketImpl.java:328)
	at java.base/sun.nio.ch.NioSocketImpl.read(NioSocketImpl.java:355)
	at java.base/sun.nio.ch.NioSocketImpl$1.read(NioSocketImpl.java:808)
	at java.base/java.net.Socket$SocketInputStream.read(Socket.java:966)
	at org.apache.hc.core5.http.impl.io.SessionInputBufferImpl.fillBuffer(SessionInputBufferImpl.java:149)
	at org.apache.hc.core5.http.impl.io.SessionInputBufferImpl.readLine(SessionInputBufferImpl.java:280)
	at org.apache.hc.core5.http.impl.io.AbstractMessageParser.parse(AbstractMessageParser.java:247)
	at org.apache.hc.core5.http.impl.io.AbstractMessageParser.parse(AbstractMessageParser.java:54)
	at org.apache.hc.core5.http.impl.io.DefaultBHttpClientConnection.receiveResponseHeader(DefaultBHttpClientConnection.java:304)
	at org.apache.hc.core5.http.impl.io.HttpRequestExecutor.execute(HttpRequestExecutor.java:175)
	at org.apache.hc.core5.http.impl.io.HttpRequestExecutor.execute(HttpRequestExecutor.java:218)
	at org.apache.hc.client5.http.impl.io.PoolingHttpClientConnectionManager$InternalConnectionEndpoint.execute(PoolingHttpClientConnectionManager.java:717)
	at org.apache.hc.client5.http.impl.classic.InternalExecRuntime.execute(InternalExecRuntime.java:216)
	at org.apache.hc.client5.http.impl.classic.MainClientExec.execute(MainClientExec.java:116)
	at org.apache.hc.client5.http.impl.classic.ExecChainElement.execute(ExecChainElement.java:51)
	at org.apache.hc.client5.http.impl.classic.ConnectExec.execute(ConnectExec.java:188)
	at org.apache.hc.client5.http.impl.classic.ExecChainElement.execute(ExecChainElement.java:51)
	at org.apache.hc.client5.http.impl.classic.ProtocolExec.execute(ProtocolExec.java:192)
	at org.apache.hc.client5.http.impl.classic.ExecChainElement.execute(ExecChainElement.java:51)
	at org.apache.hc.client5.http.impl.classic.HttpRequestRetryExec.execute(HttpRequestRetryExec.java:113)
	at org.apache.hc.client5.http.impl.classic.ExecChainElement.execute(ExecChainElement.java:51)
	at org.apache.hc.client5.http.impl.classic.ContentCompressionExec.execute(ContentCompressionExec.java:152)
	at org.apache.hc.client5.http.impl.classic.ExecChainElement.execute(ExecChainElement.java:51)
	at org.apache.hc.client5.http.impl.classic.RedirectExec.execute(RedirectExec.java:116)
	at org.apache.hc.client5.http.impl.classic.ExecChainElement.execute(ExecChainElement.java:51)
	at org.apache.hc.client5.http.impl.classic.InternalHttpClient.doExecute(InternalHttpClient.java:170)
	at org.apache.hc.client5.http.impl.classic.CloseableHttpClient.execute(CloseableHttpClient.java:87)
	at org.apache.hc.client5.http.impl.classic.CloseableHttpClient.execute(CloseableHttpClient.java:55)
	at org.apache.hc.client5.http.classic.HttpClient.executeOpen(HttpClient.java:183)
	at org.springframework.http.client.HttpComponentsClientHttpRequest.executeInternal(HttpComponentsClientHttpRequest.java:99)
	at org.springframework.http.client.AbstractStreamingClientHttpRequest.executeInternal(AbstractStreamingClientHttpRequest.java:70)
	at org.springframework.http.client.AbstractClientHttpRequest.execute(AbstractClientHttpRequest.java:66)
	at org.springframework.http.client.InterceptingClientHttpRequest$InterceptingRequestExecution.execute(InterceptingClientHttpRequest.java:112)
	at org.springframework.cloud.netflix.eureka.http.RestTemplateTransportClientFactory.lambda$restTemplate$3(RestTemplateTransportClientFactory.java:170)
	at org.springframework.http.client.InterceptingClientHttpRequest$InterceptingRequestExecution.execute(InterceptingClientHttpRequest.java:88)
	at org.springframework.http.client.InterceptingClientHttpRequest.executeInternal(InterceptingClientHttpRequest.java:72)
	at org.springframework.http.client.AbstractBufferingClientHttpRequest.executeInternal(AbstractBufferingClientHttpRequest.java:48)
	at org.springframework.http.client.AbstractClientHttpRequest.execute(AbstractClientHttpRequest.java:66)
	at org.springframework.web.client.RestTemplate.doExecute(RestTemplate.java:889)
	... 22 more

2026-08-04T15:41:42.309+07:00  WARN [interaction-service,,] 81840 --- [interaction-service] [DiscoveryClient-InstanceInfoReplicator-%d] [                                                 ] c.n.d.s.t.d.RetryableEurekaHttpClient    : Request execution failed with message: I/O error on POST request for "http://localhost:8761/eureka/apps/INTERACTION-SERVICE": Connection reset
2026-08-04T15:41:42.310+07:00  WARN [interaction-service,,] 81840 --- [interaction-service] [DiscoveryClient-InstanceInfoReplicator-%d] [                                                 ] com.netflix.discovery.DiscoveryClient    : DiscoveryClient_INTERACTION-SERVICE/LAPTOP-4K64MGNI:interaction-service:8084 - registration failed Cannot execute request on any known server

com.netflix.discovery.shared.transport.TransportException: Cannot execute request on any known server
	at com.netflix.discovery.shared.transport.decorator.RetryableEurekaHttpClient.execute(RetryableEurekaHttpClient.java:112) ~[eureka-client-2.0.4.jar:2.0.4]
	at com.netflix.discovery.shared.transport.decorator.EurekaHttpClientDecorator.register(EurekaHttpClientDecorator.java:56) ~[eureka-client-2.0.4.jar:2.0.4]
	at com.netflix.discovery.shared.transport.decorator.EurekaHttpClientDecorator$1.execute(EurekaHttpClientDecorator.java:59) ~[eureka-client-2.0.4.jar:2.0.4]
	at com.netflix.discovery.shared.transport.decorator.SessionedEurekaHttpClient.execute(SessionedEurekaHttpClient.java:76) ~[eureka-client-2.0.4.jar:2.0.4]
	at com.netflix.discovery.shared.transport.decorator.EurekaHttpClientDecorator.register(EurekaHttpClientDecorator.java:56) ~[eureka-client-2.0.4.jar:2.0.4]
	at com.netflix.discovery.DiscoveryClient.register(DiscoveryClient.java:828) ~[eureka-client-2.0.4.jar:2.0.4]
	at com.netflix.discovery.InstanceInfoReplicator.run(InstanceInfoReplicator.java:125) ~[eureka-client-2.0.4.jar:2.0.4]
	at com.netflix.discovery.InstanceInfoReplicator$2.run(InstanceInfoReplicator.java:105) ~[eureka-client-2.0.4.jar:2.0.4]
	at java.base/java.util.concurrent.Executors$RunnableAdapter.call(Executors.java:539) ~[na:na]
	at java.base/java.util.concurrent.FutureTask.run(FutureTask.java:264) ~[na:na]
	at java.base/java.util.concurrent.ScheduledThreadPoolExecutor$ScheduledFutureTask.run(ScheduledThreadPoolExecutor.java:304) ~[na:na]
	at java.base/java.util.concurrent.ThreadPoolExecutor.runWorker(ThreadPoolExecutor.java:1136) ~[na:na]
	at java.base/java.util.concurrent.ThreadPoolExecutor$Worker.run(ThreadPoolExecutor.java:635) ~[na:na]
	at java.base/java.lang.Thread.run(Thread.java:842) ~[na:na]

2026-08-04T15:41:42.316+07:00  WARN [interaction-service,,] 81840 --- [interaction-service] [DiscoveryClient-InstanceInfoReplicator-%d] [                                                 ] c.n.discovery.InstanceInfoReplicator     : There was a problem with the instance info replicator

com.netflix.discovery.shared.transport.TransportException: Cannot execute request on any known server
	at com.netflix.discovery.shared.transport.decorator.RetryableEurekaHttpClient.execute(RetryableEurekaHttpClient.java:112) ~[eureka-client-2.0.4.jar:2.0.4]
	at com.netflix.discovery.shared.transport.decorator.EurekaHttpClientDecorator.register(EurekaHttpClientDecorator.java:56) ~[eureka-client-2.0.4.jar:2.0.4]
	at com.netflix.discovery.shared.transport.decorator.EurekaHttpClientDecorator$1.execute(EurekaHttpClientDecorator.java:59) ~[eureka-client-2.0.4.jar:2.0.4]
	at com.netflix.discovery.shared.transport.decorator.SessionedEurekaHttpClient.execute(SessionedEurekaHttpClient.java:76) ~[eureka-client-2.0.4.jar:2.0.4]
	at com.netflix.discovery.shared.transport.decorator.EurekaHttpClientDecorator.register(EurekaHttpClientDecorator.java:56) ~[eureka-client-2.0.4.jar:2.0.4]
	at com.netflix.discovery.DiscoveryClient.register(DiscoveryClient.java:828) ~[eureka-client-2.0.4.jar:2.0.4]
	at com.netflix.discovery.InstanceInfoReplicator.run(InstanceInfoReplicator.java:125) ~[eureka-client-2.0.4.jar:2.0.4]
	at com.netflix.discovery.InstanceInfoReplicator$2.run(InstanceInfoReplicator.java:105) ~[eureka-client-2.0.4.jar:2.0.4]
	at java.base/java.util.concurrent.Executors$RunnableAdapter.call(Executors.java:539) ~[na:na]
	at java.base/java.util.concurrent.FutureTask.run(FutureTask.java:264) ~[na:na]
	at java.base/java.util.concurrent.ScheduledThreadPoolExecutor$ScheduledFutureTask.run(ScheduledThreadPoolExecutor.java:304) ~[na:na]
	at java.base/java.util.concurrent.ThreadPoolExecutor.runWorker(ThreadPoolExecutor.java:1136) ~[na:na]
	at java.base/java.util.concurrent.ThreadPoolExecutor$Worker.run(ThreadPoolExecutor.java:635) ~[na:na]
	at java.base/java.lang.Thread.run(Thread.java:842) ~[na:na]

2026-08-04T15:41:42.514+07:00  INFO [interaction-service,,] 81840 --- [interaction-service] [org.springframework.amqp.rabbit.RabbitListenerEndpointContainer#0-2] [                                                 ] o.s.a.r.l.SimpleMessageListenerContainer : Successfully waited for workers to finish.
2026-08-04T15:41:44.076+07:00  INFO [interaction-service,,] 81840 --- [interaction-service] [Thread-28] [                                                 ] j.LocalContainerEntityManagerFactoryBean : Closing JPA EntityManagerFactory for persistence unit 'default'
2026-08-04T15:41:44.078+07:00  INFO [interaction-service,,] 81840 --- [interaction-service] [Thread-28] [                                                 ] com.zaxxer.hikari.HikariDataSource       : HikariPool-5 - Shutdown initiated...
2026-08-04T15:41:44.080+07:00  INFO [interaction-service,,] 81840 --- [interaction-service] [Thread-28] [                                                 ] com.zaxxer.hikari.HikariDataSource       : HikariPool-5 - Shutdown completed.
2026-08-04T15:41:44.080+07:00  INFO [interaction-service,,] 81840 --- [interaction-service] [Thread-28] [                                                 ] com.netflix.discovery.DiscoveryClient    : Shutting down DiscoveryClient ...
2026-08-04T15:41:47.104+07:00  INFO [interaction-service,,] 81840 --- [interaction-service] [Thread-28] [                                                 ] com.netflix.discovery.DiscoveryClient    : Unregistering ...
2026-08-04T15:41:47.152+07:00  INFO [interaction-service,,] 81840 --- [interaction-service] [Thread-28] [                                                 ] c.n.d.s.t.d.RedirectingEurekaHttpClient  : Request execution error. endpoint=DefaultEndpoint{ serviceUrl='http://localhost:8761/eureka/}, exception=I/O error on DELETE request for "http://localhost:8761/eureka/apps/INTERACTION-SERVICE/LAPTOP-4K64MGNI:interaction-service:8084": Connect to http://localhost:8761 [localhost/127.0.0.1, localhost/0:0:0:0:0:0:0:1] failed: Connection refused: no further information stacktrace=org.springframework.web.client.ResourceAccessException: I/O error on DELETE request for "http://localhost:8761/eureka/apps/INTERACTION-SERVICE/LAPTOP-4K64MGNI:interaction-service:8084": Connect to http://localhost:8761 [localhost/127.0.0.1, localhost/0:0:0:0:0:0:0:1] failed: Connection refused: no further information
	at org.springframework.web.client.RestTemplate.createResourceAccessException(RestTemplate.java:915)
	at org.springframework.web.client.RestTemplate.doExecute(RestTemplate.java:895)
	at org.springframework.web.client.RestTemplate.execute(RestTemplate.java:830)
	at org.springframework.web.client.RestTemplate.exchange(RestTemplate.java:691)
	at org.springframework.cloud.netflix.eureka.http.RestTemplateEurekaHttpClient.cancel(RestTemplateEurekaHttpClient.java:96)
	at com.netflix.discovery.shared.transport.decorator.EurekaHttpClientDecorator$2.execute(EurekaHttpClientDecorator.java:74)
	at com.netflix.discovery.shared.transport.decorator.RedirectingEurekaHttpClient.executeOnNewServer(RedirectingEurekaHttpClient.java:121)
	at com.netflix.discovery.shared.transport.decorator.RedirectingEurekaHttpClient.execute(RedirectingEurekaHttpClient.java:80)
	at com.netflix.discovery.shared.transport.decorator.EurekaHttpClientDecorator.cancel(EurekaHttpClientDecorator.java:71)
	at com.netflix.discovery.shared.transport.decorator.EurekaHttpClientDecorator$2.execute(EurekaHttpClientDecorator.java:74)
	at com.netflix.discovery.shared.transport.decorator.RetryableEurekaHttpClient.execute(RetryableEurekaHttpClient.java:120)
	at com.netflix.discovery.shared.transport.decorator.EurekaHttpClientDecorator.cancel(EurekaHttpClientDecorator.java:71)
	at com.netflix.discovery.shared.transport.decorator.EurekaHttpClientDecorator$2.execute(EurekaHttpClientDecorator.java:74)
	at com.netflix.discovery.shared.transport.decorator.SessionedEurekaHttpClient.execute(SessionedEurekaHttpClient.java:76)
	at com.netflix.discovery.shared.transport.decorator.EurekaHttpClientDecorator.cancel(EurekaHttpClientDecorator.java:71)
	at com.netflix.discovery.DiscoveryClient.unregister(DiscoveryClient.java:919)
	at com.netflix.discovery.DiscoveryClient.shutdown(DiscoveryClient.java:900)
	at java.base/jdk.internal.reflect.NativeMethodAccessorImpl.invoke0(Native Method)
	at java.base/jdk.internal.reflect.NativeMethodAccessorImpl.invoke(NativeMethodAccessorImpl.java:77)
	at java.base/jdk.internal.reflect.DelegatingMethodAccessorImpl.invoke(DelegatingMethodAccessorImpl.java:43)
	at java.base/java.lang.reflect.Method.invoke(Method.java:568)
	at org.springframework.beans.factory.annotation.InitDestroyAnnotationBeanPostProcessor$LifecycleMethod.invoke(InitDestroyAnnotationBeanPostProcessor.java:457)
	at org.springframework.beans.factory.annotation.InitDestroyAnnotationBeanPostProcessor$LifecycleMetadata.invokeDestroyMethods(InitDestroyAnnotationBeanPostProcessor.java:415)
	at org.springframework.beans.factory.annotation.InitDestroyAnnotationBeanPostProcessor.postProcessBeforeDestruction(InitDestroyAnnotationBeanPostProcessor.java:239)
	at org.springframework.beans.factory.support.DisposableBeanAdapter.destroy(DisposableBeanAdapter.java:202)
	at org.springframework.beans.factory.support.DisposableBeanAdapter.run(DisposableBeanAdapter.java:195)
	at org.springframework.cloud.context.scope.GenericScope$BeanLifecycleWrapper.destroy(GenericScope.java:389)
	at org.springframework.cloud.context.scope.GenericScope.destroy(GenericScope.java:136)
	at org.springframework.beans.factory.support.DisposableBeanAdapter.destroy(DisposableBeanAdapter.java:211)
	at org.springframework.beans.factory.support.DefaultSingletonBeanRegistry.destroyBean(DefaultSingletonBeanRegistry.java:587)
	at org.springframework.beans.factory.support.DefaultSingletonBeanRegistry.destroySingleton(DefaultSingletonBeanRegistry.java:559)
	at org.springframework.beans.factory.support.DefaultListableBeanFactory.destroySingleton(DefaultListableBeanFactory.java:1207)
	at org.springframework.beans.factory.support.DefaultSingletonBeanRegistry.destroySingletons(DefaultSingletonBeanRegistry.java:520)
	at org.springframework.beans.factory.support.DefaultListableBeanFactory.destroySingletons(DefaultListableBeanFactory.java:1200)
	at org.springframework.context.support.AbstractApplicationContext.destroyBeans(AbstractApplicationContext.java:1195)
	at org.springframework.context.support.AbstractApplicationContext.doClose(AbstractApplicationContext.java:1156)
	at org.springframework.boot.web.servlet.context.ServletWebServerApplicationContext.doClose(ServletWebServerApplicationContext.java:179)
	at org.springframework.context.support.AbstractApplicationContext.close(AbstractApplicationContext.java:1102)
	at org.springframework.boot.devtools.restart.Restarter.stop(Restarter.java:308)
	at org.springframework.boot.devtools.restart.Restarter.lambda$restart$1(Restarter.java:250)
	at org.springframework.boot.devtools.restart.Restarter$LeakSafeThread.run(Restarter.java:612)
Caused by: org.apache.hc.client5.http.HttpHostConnectException: Connect to http://localhost:8761 [localhost/127.0.0.1, localhost/0:0:0:0:0:0:0:1] failed: Connection refused: no further information
	at java.base/sun.nio.ch.Net.pollConnect(Native Method)
	at java.base/sun.nio.ch.Net.pollConnectNow(Net.java:672)
	at java.base/sun.nio.ch.NioSocketImpl.timedFinishConnect(NioSocketImpl.java:547)
	at java.base/sun.nio.ch.NioSocketImpl.connect(NioSocketImpl.java:602)
	at java.base/java.net.SocksSocketImpl.connect(SocksSocketImpl.java:327)
	at java.base/java.net.Socket.connect(Socket.java:633)
	at org.apache.hc.client5.http.socket.PlainConnectionSocketFactory.lambda$connectSocket$0(PlainConnectionSocketFactory.java:91)
	at java.base/java.security.AccessController.doPrivileged(AccessController.java:569)
	at org.apache.hc.client5.http.socket.PlainConnectionSocketFactory.connectSocket(PlainConnectionSocketFactory.java:90)
	at org.apache.hc.client5.http.socket.ConnectionSocketFactory.connectSocket(ConnectionSocketFactory.java:123)
	at org.apache.hc.client5.http.impl.io.DefaultHttpClientConnectionOperator.connect(DefaultHttpClientConnectionOperator.java:189)
	at org.apache.hc.client5.http.impl.io.PoolingHttpClientConnectionManager.connect(PoolingHttpClientConnectionManager.java:450)
	at org.apache.hc.client5.http.impl.classic.InternalExecRuntime.connectEndpoint(InternalExecRuntime.java:162)
	at org.apache.hc.client5.http.impl.classic.InternalExecRuntime.connectEndpoint(InternalExecRuntime.java:172)
	at org.apache.hc.client5.http.impl.classic.ConnectExec.execute(ConnectExec.java:142)
	at org.apache.hc.client5.http.impl.classic.ExecChainElement.execute(ExecChainElement.java:51)
	at org.apache.hc.client5.http.impl.classic.ProtocolExec.execute(ProtocolExec.java:192)
	at org.apache.hc.client5.http.impl.classic.ExecChainElement.execute(ExecChainElement.java:51)
	at org.apache.hc.client5.http.impl.classic.HttpRequestRetryExec.execute(HttpRequestRetryExec.java:113)
	at org.apache.hc.client5.http.impl.classic.ExecChainElement.execute(ExecChainElement.java:51)
	at org.apache.hc.client5.http.impl.classic.ContentCompressionExec.execute(ContentCompressionExec.java:152)
	at org.apache.hc.client5.http.impl.classic.ExecChainElement.execute(ExecChainElement.java:51)
	at org.apache.hc.client5.http.impl.classic.RedirectExec.execute(RedirectExec.java:116)
	at org.apache.hc.client5.http.impl.classic.ExecChainElement.execute(ExecChainElement.java:51)
	at org.apache.hc.client5.http.impl.classic.InternalHttpClient.doExecute(InternalHttpClient.java:170)
	at org.apache.hc.client5.http.impl.classic.CloseableHttpClient.execute(CloseableHttpClient.java:87)
	at org.apache.hc.client5.http.impl.classic.CloseableHttpClient.execute(CloseableHttpClient.java:55)
	at org.apache.hc.client5.http.classic.HttpClient.executeOpen(HttpClient.java:183)
	at org.springframework.http.client.HttpComponentsClientHttpRequest.executeInternal(HttpComponentsClientHttpRequest.java:99)
	at org.springframework.http.client.AbstractStreamingClientHttpRequest.executeInternal(AbstractStreamingClientHttpRequest.java:70)
	at org.springframework.http.client.AbstractClientHttpRequest.execute(AbstractClientHttpRequest.java:66)
	at org.springframework.http.client.InterceptingClientHttpRequest$InterceptingRequestExecution.execute(InterceptingClientHttpRequest.java:112)
	at org.springframework.cloud.netflix.eureka.http.RestTemplateTransportClientFactory.lambda$restTemplate$3(RestTemplateTransportClientFactory.java:170)
	at org.springframework.http.client.InterceptingClientHttpRequest$InterceptingRequestExecution.execute(InterceptingClientHttpRequest.java:88)
	at org.springframework.http.client.InterceptingClientHttpRequest.executeInternal(InterceptingClientHttpRequest.java:72)
	at org.springframework.http.client.AbstractBufferingClientHttpRequest.executeInternal(AbstractBufferingClientHttpRequest.java:48)
	at org.springframework.http.client.AbstractClientHttpRequest.execute(AbstractClientHttpRequest.java:66)
	at org.springframework.web.client.RestTemplate.doExecute(RestTemplate.java:889)
	... 39 more

2026-08-04T15:41:47.153+07:00  WARN [interaction-service,,] 81840 --- [interaction-service] [Thread-28] [                                                 ] c.n.d.s.t.d.RetryableEurekaHttpClient    : Request execution failed with message: I/O error on DELETE request for "http://localhost:8761/eureka/apps/INTERACTION-SERVICE/LAPTOP-4K64MGNI:interaction-service:8084": Connect to http://localhost:8761 [localhost/127.0.0.1, localhost/0:0:0:0:0:0:0:1] failed: Connection refused: no further information
2026-08-04T15:41:47.153+07:00 ERROR [interaction-service,,] 81840 --- [interaction-service] [Thread-28] [                                                 ] com.netflix.discovery.DiscoveryClient    : DiscoveryClient_INTERACTION-SERVICE/LAPTOP-4K64MGNI:interaction-service:8084 - de-registration failedCannot execute request on any known server

com.netflix.discovery.shared.transport.TransportException: Cannot execute request on any known server
	at com.netflix.discovery.shared.transport.decorator.RetryableEurekaHttpClient.execute(RetryableEurekaHttpClient.java:112) ~[eureka-client-2.0.4.jar:2.0.4]
	at com.netflix.discovery.shared.transport.decorator.EurekaHttpClientDecorator.cancel(EurekaHttpClientDecorator.java:71) ~[eureka-client-2.0.4.jar:2.0.4]
	at com.netflix.discovery.shared.transport.decorator.EurekaHttpClientDecorator$2.execute(EurekaHttpClientDecorator.java:74) ~[eureka-client-2.0.4.jar:2.0.4]
	at com.netflix.discovery.shared.transport.decorator.SessionedEurekaHttpClient.execute(SessionedEurekaHttpClient.java:76) ~[eureka-client-2.0.4.jar:2.0.4]
	at com.netflix.discovery.shared.transport.decorator.EurekaHttpClientDecorator.cancel(EurekaHttpClientDecorator.java:71) ~[eureka-client-2.0.4.jar:2.0.4]
	at com.netflix.discovery.DiscoveryClient.unregister(DiscoveryClient.java:919) ~[eureka-client-2.0.4.jar:2.0.4]
	at com.netflix.discovery.DiscoveryClient.shutdown(DiscoveryClient.java:900) ~[eureka-client-2.0.4.jar:2.0.4]
	at java.base/jdk.internal.reflect.NativeMethodAccessorImpl.invoke0(Native Method) ~[na:na]
	at java.base/jdk.internal.reflect.NativeMethodAccessorImpl.invoke(NativeMethodAccessorImpl.java:77) ~[na:na]
	at java.base/jdk.internal.reflect.DelegatingMethodAccessorImpl.invoke(DelegatingMethodAccessorImpl.java:43) ~[na:na]
	at java.base/java.lang.reflect.Method.invoke(Method.java:568) ~[na:na]
	at org.springframework.beans.factory.annotation.InitDestroyAnnotationBeanPostProcessor$LifecycleMethod.invoke(InitDestroyAnnotationBeanPostProcessor.java:457) ~[spring-beans-6.1.21.jar:6.1.21]
	at org.springframework.beans.factory.annotation.InitDestroyAnnotationBeanPostProcessor$LifecycleMetadata.invokeDestroyMethods(InitDestroyAnnotationBeanPostProcessor.java:415) ~[spring-beans-6.1.21.jar:6.1.21]
	at org.springframework.beans.factory.annotation.InitDestroyAnnotationBeanPostProcessor.postProcessBeforeDestruction(InitDestroyAnnotationBeanPostProcessor.java:239) ~[spring-beans-6.1.21.jar:6.1.21]
	at org.springframework.beans.factory.support.DisposableBeanAdapter.destroy(DisposableBeanAdapter.java:202) ~[spring-beans-6.1.21.jar:6.1.21]
	at org.springframework.beans.factory.support.DisposableBeanAdapter.run(DisposableBeanAdapter.java:195) ~[spring-beans-6.1.21.jar:6.1.21]
	at org.springframework.cloud.context.scope.GenericScope$BeanLifecycleWrapper.destroy(GenericScope.java:389) ~[spring-cloud-context-4.1.5.jar:4.1.5]
	at org.springframework.cloud.context.scope.GenericScope.destroy(GenericScope.java:136) ~[spring-cloud-context-4.1.5.jar:4.1.5]
	at org.springframework.beans.factory.support.DisposableBeanAdapter.destroy(DisposableBeanAdapter.java:211) ~[spring-beans-6.1.21.jar:6.1.21]
	at org.springframework.beans.factory.support.DefaultSingletonBeanRegistry.destroyBean(DefaultSingletonBeanRegistry.java:587) ~[spring-beans-6.1.21.jar:6.1.21]
	at org.springframework.beans.factory.support.DefaultSingletonBeanRegistry.destroySingleton(DefaultSingletonBeanRegistry.java:559) ~[spring-beans-6.1.21.jar:6.1.21]
	at org.springframework.beans.factory.support.DefaultListableBeanFactory.destroySingleton(DefaultListableBeanFactory.java:1207) ~[spring-beans-6.1.21.jar:6.1.21]
	at org.springframework.beans.factory.support.DefaultSingletonBeanRegistry.destroySingletons(DefaultSingletonBeanRegistry.java:520) ~[spring-beans-6.1.21.jar:6.1.21]
	at org.springframework.beans.factory.support.DefaultListableBeanFactory.destroySingletons(DefaultListableBeanFactory.java:1200) ~[spring-beans-6.1.21.jar:6.1.21]
	at org.springframework.context.support.AbstractApplicationContext.destroyBeans(AbstractApplicationContext.java:1195) ~[spring-context-6.1.21.jar:6.1.21]
	at org.springframework.context.support.AbstractApplicationContext.doClose(AbstractApplicationContext.java:1156) ~[spring-context-6.1.21.jar:6.1.21]
	at org.springframework.boot.web.servlet.context.ServletWebServerApplicationContext.doClose(ServletWebServerApplicationContext.java:179) ~[spring-boot-3.3.13.jar:3.3.13]
	at org.springframework.context.support.AbstractApplicationContext.close(AbstractApplicationContext.java:1102) ~[spring-context-6.1.21.jar:6.1.21]
	at org.springframework.boot.devtools.restart.Restarter.stop(Restarter.java:308) ~[spring-boot-devtools-3.3.13.jar:3.3.13]
	at org.springframework.boot.devtools.restart.Restarter.lambda$restart$1(Restarter.java:250) ~[spring-boot-devtools-3.3.13.jar:3.3.13]
	at org.springframework.boot.devtools.restart.Restarter$LeakSafeThread.run(Restarter.java:612) ~[spring-boot-devtools-3.3.13.jar:3.3.13]

2026-08-04T15:41:47.154+07:00  INFO [interaction-service,,] 81840 --- [interaction-service] [Thread-28] [                                                 ] com.netflix.discovery.DiscoveryClient    : Completed shut down of DiscoveryClient
2026-08-04T15:41:47.689+07:00  INFO [interaction-service,,] 81840 --- [interaction-service] [restartedMain] [                                                 ] c.n.S.InteractionServiceApplication      : Starting InteractionServiceApplication using Java 17.0.9 with PID 81840 (D:\Projects\Social-media\backend\interaction-service\target\classes started by BANG in D:\Projects\Social-media\backend\interaction-service)
2026-08-04T15:41:47.689+07:00  INFO [interaction-service,,] 81840 --- [interaction-service] [restartedMain] [                                                 ] c.n.S.InteractionServiceApplication      : No active profile set, falling back to 1 default profile: "default"
2026-08-04T15:41:48.245+07:00  INFO [interaction-service,,] 81840 --- [interaction-service] [restartedMain] [                                                 ] .s.d.r.c.RepositoryConfigurationDelegate : Bootstrapping Spring Data JPA repositories in DEFAULT mode.
2026-08-04T15:41:48.271+07:00  INFO [interaction-service,,] 81840 --- [interaction-service] [restartedMain] [                                                 ] .s.d.r.c.RepositoryConfigurationDelegate : Finished Spring Data repository scanning in 25 ms. Found 3 JPA repository interfaces.
2026-08-04T15:41:48.403+07:00  INFO [interaction-service,,] 81840 --- [interaction-service] [restartedMain] [                                                 ] o.s.cloud.context.scope.GenericScope     : BeanFactory id=cb200ac9-a6f0-39a5-8dff-5c8f25c0a139
2026-08-04T15:41:48.588+07:00  INFO [interaction-service,,] 81840 --- [interaction-service] [restartedMain] [                                                 ] o.s.b.w.embedded.tomcat.TomcatWebServer  : Tomcat initialized with port 8084 (http)
2026-08-04T15:41:48.589+07:00  INFO [interaction-service,,] 81840 --- [interaction-service] [restartedMain] [                                                 ] o.apache.catalina.core.StandardService   : Starting service [Tomcat]
2026-08-04T15:41:48.590+07:00  INFO [interaction-service,,] 81840 --- [interaction-service] [restartedMain] [                                                 ] o.apache.catalina.core.StandardEngine    : Starting Servlet engine: [Apache Tomcat/10.1.42]
2026-08-04T15:41:48.656+07:00  INFO [interaction-service,,] 81840 --- [interaction-service] [restartedMain] [                                                 ] o.a.c.c.C.[Tomcat].[localhost].[/]       : Initializing Spring embedded WebApplicationContext
2026-08-04T15:41:48.657+07:00  INFO [interaction-service,,] 81840 --- [interaction-service] [restartedMain] [                                                 ] w.s.c.ServletWebServerApplicationContext : Root WebApplicationContext: initialization completed in 962 ms
2026-08-04T15:41:48.866+07:00  INFO [interaction-service,,] 81840 --- [interaction-service] [restartedMain] [                                                 ] o.hibernate.jpa.internal.util.LogHelper  : HHH000204: Processing PersistenceUnitInfo [name: default]
2026-08-04T15:41:48.871+07:00  INFO [interaction-service,,] 81840 --- [interaction-service] [restartedMain] [                                                 ] o.h.c.internal.RegionFactoryInitiator    : HHH000026: Second-level cache disabled
2026-08-04T15:41:48.885+07:00  INFO [interaction-service,,] 81840 --- [interaction-service] [restartedMain] [                                                 ] o.s.o.j.p.SpringPersistenceUnitInfo      : No LoadTimeWeaver setup: ignoring JPA class transformer
2026-08-04T15:41:48.886+07:00  INFO [interaction-service,,] 81840 --- [interaction-service] [restartedMain] [                                                 ] com.zaxxer.hikari.HikariDataSource       : HikariPool-6 - Starting...
2026-08-04T15:41:48.995+07:00  INFO [interaction-service,,] 81840 --- [interaction-service] [restartedMain] [                                                 ] com.zaxxer.hikari.pool.HikariPool        : HikariPool-6 - Added connection org.postgresql.jdbc.PgConnection@60260e64
2026-08-04T15:41:48.996+07:00  INFO [interaction-service,,] 81840 --- [interaction-service] [restartedMain] [                                                 ] com.zaxxer.hikari.HikariDataSource       : HikariPool-6 - Start completed.
2026-08-04T15:41:49.009+07:00  WARN [interaction-service,,] 81840 --- [interaction-service] [restartedMain] [                                                 ] org.hibernate.orm.deprecation            : HHH90000025: PostgreSQLDialect does not need to be specified explicitly using 'hibernate.dialect' (remove the property setting and it will be selected by default)
2026-08-04T15:41:49.124+07:00  INFO [interaction-service,,] 81840 --- [interaction-service] [restartedMain] [                                                 ] o.h.e.t.j.p.i.JtaPlatformInitiator       : HHH000489: No JTA platform available (set 'hibernate.transaction.jta.platform' to enable JTA platform integration)
2026-08-04T15:41:49.159+07:00  INFO [interaction-service,,] 81840 --- [interaction-service] [restartedMain] [                                                 ] j.LocalContainerEntityManagerFactoryBean : Initialized JPA EntityManagerFactory for persistence unit 'default'
2026-08-04T15:41:49.328+07:00  WARN [interaction-service,,] 81840 --- [interaction-service] [restartedMain] [                                                 ] JpaBaseConfiguration$JpaWebConfiguration : spring.jpa.open-in-view is enabled by default. Therefore, database queries may be performed during view rendering. Explicitly configure spring.jpa.open-in-view to disable this warning
2026-08-04T15:41:49.360+07:00  INFO [interaction-service,,] 81840 --- [interaction-service] [restartedMain] [                                                 ] o.s.b.d.a.OptionalLiveReloadServer       : LiveReload server is running on port 35729
2026-08-04T15:41:51.289+07:00  INFO [interaction-service,,] 81840 --- [interaction-service] [restartedMain] [                                                 ] o.s.c.openfeign.FeignClientFactoryBean   : For 'post-service' URL not provided. Will try picking an instance via load-balancing.
2026-08-04T15:41:51.384+07:00  INFO [interaction-service,,] 81840 --- [interaction-service] [restartedMain] [                                                 ] o.s.c.openfeign.FeignClientFactoryBean   : For 'user-service' URL not provided. Will try picking an instance via load-balancing.
2026-08-04T15:41:53.293+07:00  INFO [interaction-service,,] 81840 --- [interaction-service] [restartedMain] [                                                 ] DiscoveryClientOptionalArgsConfiguration : Eureka HTTP Client uses RestTemplate.
2026-08-04T15:41:53.327+07:00  WARN [interaction-service,,] 81840 --- [interaction-service] [restartedMain] [                                                 ] iguration$LoadBalancerCaffeineWarnLogger : Spring Cloud LoadBalancer is currently working with the default cache. While this cache implementation is useful for development and tests, it's recommended to use Caffeine cache in production.You can switch to using Caffeine cache, by adding it and org.springframework.cache.caffeine.CaffeineCacheManager to the classpath.
2026-08-04T15:41:53.354+07:00  INFO [interaction-service,,] 81840 --- [interaction-service] [restartedMain] [                                                 ] o.s.b.a.e.web.EndpointLinksResolver      : Exposing 2 endpoints beneath base path '/actuator'
2026-08-04T15:41:53.445+07:00  INFO [interaction-service,,] 81840 --- [interaction-service] [restartedMain] [                                                 ] o.s.c.n.eureka.InstanceInfoFactory       : Setting initial instance status as: STARTING
2026-08-04T15:41:53.455+07:00  INFO [interaction-service,,] 81840 --- [interaction-service] [restartedMain] [                                                 ] com.netflix.discovery.DiscoveryClient    : Initializing Eureka in region us-east-1
2026-08-04T15:41:53.457+07:00  INFO [interaction-service,,] 81840 --- [interaction-service] [restartedMain] [                                                 ] c.n.d.s.r.aws.ConfigClusterResolver      : Resolving eureka endpoints via configuration
2026-08-04T15:41:53.460+07:00  INFO [interaction-service,,] 81840 --- [interaction-service] [restartedMain] [                                                 ] com.netflix.discovery.DiscoveryClient    : Disable delta property : false
2026-08-04T15:41:53.464+07:00  INFO [interaction-service,,] 81840 --- [interaction-service] [restartedMain] [                                                 ] com.netflix.discovery.DiscoveryClient    : Single vip registry refresh property : null
2026-08-04T15:41:53.464+07:00  INFO [interaction-service,,] 81840 --- [interaction-service] [restartedMain] [                                                 ] com.netflix.discovery.DiscoveryClient    : Force full registry fetch : false
2026-08-04T15:41:53.465+07:00  INFO [interaction-service,,] 81840 --- [interaction-service] [restartedMain] [                                                 ] com.netflix.discovery.DiscoveryClient    : Application is null : false
2026-08-04T15:41:53.465+07:00  INFO [interaction-service,,] 81840 --- [interaction-service] [restartedMain] [                                                 ] com.netflix.discovery.DiscoveryClient    : Registered Applications size is zero : true
2026-08-04T15:41:53.465+07:00  INFO [interaction-service,,] 81840 --- [interaction-service] [restartedMain] [                                                 ] com.netflix.discovery.DiscoveryClient    : Application version is -1: true
2026-08-04T15:41:53.466+07:00  INFO [interaction-service,,] 81840 --- [interaction-service] [restartedMain] [                                                 ] com.netflix.discovery.DiscoveryClient    : Getting all instance registry info from the eureka server
2026-08-04T15:41:53.565+07:00  INFO [interaction-service,,] 81840 --- [interaction-service] [restartedMain] [                                                 ] c.n.d.s.t.d.RedirectingEurekaHttpClient  : Request execution error. endpoint=DefaultEndpoint{ serviceUrl='http://localhost:8761/eureka/}, exception=I/O error on GET request for "http://localhost:8761/eureka/apps/": Connect to http://localhost:8761 [localhost/127.0.0.1, localhost/0:0:0:0:0:0:0:1] failed: Connection refused: no further information stacktrace=org.springframework.web.client.ResourceAccessException: I/O error on GET request for "http://localhost:8761/eureka/apps/": Connect to http://localhost:8761 [localhost/127.0.0.1, localhost/0:0:0:0:0:0:0:1] failed: Connection refused: no further information
	at org.springframework.web.client.RestTemplate.createResourceAccessException(RestTemplate.java:915)
	at org.springframework.web.client.RestTemplate.doExecute(RestTemplate.java:895)
	at org.springframework.web.client.RestTemplate.execute(RestTemplate.java:830)
	at org.springframework.web.client.RestTemplate.exchange(RestTemplate.java:691)
	at org.springframework.cloud.netflix.eureka.http.RestTemplateEurekaHttpClient.getApplicationsInternal(RestTemplateEurekaHttpClient.java:170)
	at org.springframework.cloud.netflix.eureka.http.RestTemplateEurekaHttpClient.getApplications(RestTemplateEurekaHttpClient.java:158)
	at com.netflix.discovery.shared.transport.decorator.EurekaHttpClientDecorator$6.execute(EurekaHttpClientDecorator.java:137)
	at com.netflix.discovery.shared.transport.decorator.RedirectingEurekaHttpClient.executeOnNewServer(RedirectingEurekaHttpClient.java:121)
	at com.netflix.discovery.shared.transport.decorator.RedirectingEurekaHttpClient.execute(RedirectingEurekaHttpClient.java:80)
	at com.netflix.discovery.shared.transport.decorator.EurekaHttpClientDecorator.getApplications(EurekaHttpClientDecorator.java:134)
	at com.netflix.discovery.shared.transport.decorator.EurekaHttpClientDecorator$6.execute(EurekaHttpClientDecorator.java:137)
	at com.netflix.discovery.shared.transport.decorator.RetryableEurekaHttpClient.execute(RetryableEurekaHttpClient.java:120)
	at com.netflix.discovery.shared.transport.decorator.EurekaHttpClientDecorator.getApplications(EurekaHttpClientDecorator.java:134)
	at com.netflix.discovery.shared.transport.decorator.EurekaHttpClientDecorator$6.execute(EurekaHttpClientDecorator.java:137)
	at com.netflix.discovery.shared.transport.decorator.SessionedEurekaHttpClient.execute(SessionedEurekaHttpClient.java:76)
	at com.netflix.discovery.shared.transport.decorator.EurekaHttpClientDecorator.getApplications(EurekaHttpClientDecorator.java:134)
	at com.netflix.discovery.DiscoveryClient.getAndStoreFullRegistry(DiscoveryClient.java:1046)
	at com.netflix.discovery.DiscoveryClient.fetchRegistry(DiscoveryClient.java:961)
	at com.netflix.discovery.DiscoveryClient.<init>(DiscoveryClient.java:410)
	at com.netflix.discovery.DiscoveryClient.<init>(DiscoveryClient.java:245)
	at com.netflix.discovery.DiscoveryClient.<init>(DiscoveryClient.java:240)
	at org.springframework.cloud.netflix.eureka.CloudEurekaClient.<init>(CloudEurekaClient.java:68)
	at org.springframework.cloud.netflix.eureka.EurekaClientAutoConfiguration$RefreshableEurekaClientConfiguration.eurekaClient(EurekaClientAutoConfiguration.java:324)
	at java.base/jdk.internal.reflect.NativeMethodAccessorImpl.invoke0(Native Method)
	at java.base/jdk.internal.reflect.NativeMethodAccessorImpl.invoke(NativeMethodAccessorImpl.java:77)
	at java.base/jdk.internal.reflect.DelegatingMethodAccessorImpl.invoke(DelegatingMethodAccessorImpl.java:43)
	at java.base/java.lang.reflect.Method.invoke(Method.java:568)
	at org.springframework.beans.factory.support.SimpleInstantiationStrategy.instantiate(SimpleInstantiationStrategy.java:146)
	at org.springframework.beans.factory.support.ConstructorResolver.instantiate(ConstructorResolver.java:644)
	at org.springframework.beans.factory.support.ConstructorResolver.instantiateUsingFactoryMethod(ConstructorResolver.java:636)
	at org.springframework.beans.factory.support.AbstractAutowireCapableBeanFactory.instantiateUsingFactoryMethod(AbstractAutowireCapableBeanFactory.java:1355)
	at org.springframework.beans.factory.support.AbstractAutowireCapableBeanFactory.createBeanInstance(AbstractAutowireCapableBeanFactory.java:1185)
	at org.springframework.beans.factory.support.AbstractAutowireCapableBeanFactory.doCreateBean(AbstractAutowireCapableBeanFactory.java:562)
	at org.springframework.beans.factory.support.AbstractAutowireCapableBeanFactory.createBean(AbstractAutowireCapableBeanFactory.java:522)
	at org.springframework.beans.factory.support.AbstractBeanFactory.lambda$doGetBean$1(AbstractBeanFactory.java:376)
	at org.springframework.cloud.context.scope.GenericScope$BeanLifecycleWrapper.getBean(GenericScope.java:375)
	at org.springframework.cloud.context.scope.GenericScope.get(GenericScope.java:179)
	at org.springframework.beans.factory.support.AbstractBeanFactory.doGetBean(AbstractBeanFactory.java:373)
	at org.springframework.beans.factory.support.AbstractBeanFactory.getBean(AbstractBeanFactory.java:200)
	at org.springframework.aop.target.SimpleBeanTargetSource.getTarget(SimpleBeanTargetSource.java:35)
	at org.springframework.cloud.netflix.eureka.serviceregistry.EurekaRegistration.getTargetObject(EurekaRegistration.java:128)
	at org.springframework.cloud.netflix.eureka.serviceregistry.EurekaRegistration.getEurekaClient(EurekaRegistration.java:116)
	at java.base/jdk.internal.reflect.NativeMethodAccessorImpl.invoke0(Native Method)
	at java.base/jdk.internal.reflect.NativeMethodAccessorImpl.invoke(NativeMethodAccessorImpl.java:77)
	at java.base/jdk.internal.reflect.DelegatingMethodAccessorImpl.invoke(DelegatingMethodAccessorImpl.java:43)
	at java.base/java.lang.reflect.Method.invoke(Method.java:568)
	at org.springframework.util.ReflectionUtils.invokeMethod(ReflectionUtils.java:281)
	at org.springframework.cloud.context.scope.GenericScope$LockedScopedProxyFactoryBean.invoke(GenericScope.java:482)
	at org.springframework.aop.framework.ReflectiveMethodInvocation.proceed(ReflectiveMethodInvocation.java:184)
	at org.springframework.aop.framework.CglibAopProxy$CglibMethodInvocation.proceed(CglibAopProxy.java:769)
	at org.springframework.aop.framework.CglibAopProxy$DynamicAdvisedInterceptor.intercept(CglibAopProxy.java:721)
	at org.springframework.cloud.netflix.eureka.serviceregistry.EurekaRegistration$$SpringCGLIB$$0.getEurekaClient(<generated>)
	at org.springframework.cloud.netflix.eureka.serviceregistry.EurekaServiceRegistry.maybeInitializeClient(EurekaServiceRegistry.java:83)
	at org.springframework.cloud.netflix.eureka.serviceregistry.EurekaServiceRegistry.register(EurekaServiceRegistry.java:66)
	at org.springframework.cloud.netflix.eureka.serviceregistry.EurekaAutoServiceRegistration.start(EurekaAutoServiceRegistration.java:89)
	at org.springframework.context.support.DefaultLifecycleProcessor.doStart(DefaultLifecycleProcessor.java:286)
	at org.springframework.context.support.DefaultLifecycleProcessor$LifecycleGroup.start(DefaultLifecycleProcessor.java:473)
	at java.base/java.lang.Iterable.forEach(Iterable.java:75)
	at org.springframework.context.support.DefaultLifecycleProcessor.startBeans(DefaultLifecycleProcessor.java:258)
	at org.springframework.context.support.DefaultLifecycleProcessor.onRefresh(DefaultLifecycleProcessor.java:203)
	at org.springframework.context.support.AbstractApplicationContext.finishRefresh(AbstractApplicationContext.java:990)
	at org.springframework.context.support.AbstractApplicationContext.refresh(AbstractApplicationContext.java:628)
	at org.springframework.boot.web.servlet.context.ServletWebServerApplicationContext.refresh(ServletWebServerApplicationContext.java:146)
	at org.springframework.boot.SpringApplication.refresh(SpringApplication.java:754)
	at org.springframework.boot.SpringApplication.refreshContext(SpringApplication.java:456)
	at org.springframework.boot.SpringApplication.run(SpringApplication.java:335)
	at org.springframework.boot.SpringApplication.run(SpringApplication.java:1363)
	at org.springframework.boot.SpringApplication.run(SpringApplication.java:1352)
	at com.nguyenthanhbang.Social_media.InteractionServiceApplication.main(InteractionServiceApplication.java:11)
	at java.base/jdk.internal.reflect.NativeMethodAccessorImpl.invoke0(Native Method)
	at java.base/jdk.internal.reflect.NativeMethodAccessorImpl.invoke(NativeMethodAccessorImpl.java:77)
	at java.base/jdk.internal.reflect.DelegatingMethodAccessorImpl.invoke(DelegatingMethodAccessorImpl.java:43)
	at java.base/java.lang.reflect.Method.invoke(Method.java:568)
	at org.springframework.boot.devtools.restart.RestartLauncher.run(RestartLauncher.java:50)
Caused by: org.apache.hc.client5.http.HttpHostConnectException: Connect to http://localhost:8761 [localhost/127.0.0.1, localhost/0:0:0:0:0:0:0:1] failed: Connection refused: no further information
	at java.base/sun.nio.ch.Net.pollConnect(Native Method)
	at java.base/sun.nio.ch.Net.pollConnectNow(Net.java:672)
	at java.base/sun.nio.ch.NioSocketImpl.timedFinishConnect(NioSocketImpl.java:547)
	at java.base/sun.nio.ch.NioSocketImpl.connect(NioSocketImpl.java:602)
	at java.base/java.net.SocksSocketImpl.connect(SocksSocketImpl.java:327)
	at java.base/java.net.Socket.connect(Socket.java:633)
	at org.apache.hc.client5.http.socket.PlainConnectionSocketFactory.lambda$connectSocket$0(PlainConnectionSocketFactory.java:91)
	at java.base/java.security.AccessController.doPrivileged(AccessController.java:569)
	at org.apache.hc.client5.http.socket.PlainConnectionSocketFactory.connectSocket(PlainConnectionSocketFactory.java:90)
	at org.apache.hc.client5.http.socket.ConnectionSocketFactory.connectSocket(ConnectionSocketFactory.java:123)
	at org.apache.hc.client5.http.impl.io.DefaultHttpClientConnectionOperator.connect(DefaultHttpClientConnectionOperator.java:189)
	at org.apache.hc.client5.http.impl.io.PoolingHttpClientConnectionManager.connect(PoolingHttpClientConnectionManager.java:450)
	at org.apache.hc.client5.http.impl.classic.InternalExecRuntime.connectEndpoint(InternalExecRuntime.java:162)
	at org.apache.hc.client5.http.impl.classic.InternalExecRuntime.connectEndpoint(InternalExecRuntime.java:172)
	at org.apache.hc.client5.http.impl.classic.ConnectExec.execute(ConnectExec.java:142)
	at org.apache.hc.client5.http.impl.classic.ExecChainElement.execute(ExecChainElement.java:51)
	at org.apache.hc.client5.http.impl.classic.ProtocolExec.execute(ProtocolExec.java:192)
	at org.apache.hc.client5.http.impl.classic.ExecChainElement.execute(ExecChainElement.java:51)
	at org.apache.hc.client5.http.impl.classic.HttpRequestRetryExec.execute(HttpRequestRetryExec.java:113)
	at org.apache.hc.client5.http.impl.classic.ExecChainElement.execute(ExecChainElement.java:51)
	at org.apache.hc.client5.http.impl.classic.ContentCompressionExec.execute(ContentCompressionExec.java:152)
	at org.apache.hc.client5.http.impl.classic.ExecChainElement.execute(ExecChainElement.java:51)
	at org.apache.hc.client5.http.impl.classic.RedirectExec.execute(RedirectExec.java:116)
	at org.apache.hc.client5.http.impl.classic.ExecChainElement.execute(ExecChainElement.java:51)
	at org.apache.hc.client5.http.impl.classic.InternalHttpClient.doExecute(InternalHttpClient.java:170)
	at org.apache.hc.client5.http.impl.classic.CloseableHttpClient.execute(CloseableHttpClient.java:87)
	at org.apache.hc.client5.http.impl.classic.CloseableHttpClient.execute(CloseableHttpClient.java:55)
	at org.apache.hc.client5.http.classic.HttpClient.executeOpen(HttpClient.java:183)
	at org.springframework.http.client.HttpComponentsClientHttpRequest.executeInternal(HttpComponentsClientHttpRequest.java:99)
	at org.springframework.http.client.AbstractStreamingClientHttpRequest.executeInternal(AbstractStreamingClientHttpRequest.java:70)
	at org.springframework.http.client.AbstractClientHttpRequest.execute(AbstractClientHttpRequest.java:66)
	at org.springframework.http.client.InterceptingClientHttpRequest$InterceptingRequestExecution.execute(InterceptingClientHttpRequest.java:112)
	at org.springframework.cloud.netflix.eureka.http.RestTemplateTransportClientFactory.lambda$restTemplate$3(RestTemplateTransportClientFactory.java:170)
	at org.springframework.http.client.InterceptingClientHttpRequest$InterceptingRequestExecution.execute(InterceptingClientHttpRequest.java:88)
	at org.springframework.http.client.InterceptingClientHttpRequest.executeInternal(InterceptingClientHttpRequest.java:72)
	at org.springframework.http.client.AbstractBufferingClientHttpRequest.executeInternal(AbstractBufferingClientHttpRequest.java:48)
	at org.springframework.http.client.AbstractClientHttpRequest.execute(AbstractClientHttpRequest.java:66)
	at org.springframework.web.client.RestTemplate.doExecute(RestTemplate.java:889)
	... 72 more

2026-08-04T15:41:53.567+07:00  WARN [interaction-service,,] 81840 --- [interaction-service] [restartedMain] [                                                 ] c.n.d.s.t.d.RetryableEurekaHttpClient    : Request execution failed with message: I/O error on GET request for "http://localhost:8761/eureka/apps/": Connect to http://localhost:8761 [localhost/127.0.0.1, localhost/0:0:0:0:0:0:0:1] failed: Connection refused: no further information
2026-08-04T15:41:53.569+07:00  INFO [interaction-service,,] 81840 --- [interaction-service] [restartedMain] [                                                 ] com.netflix.discovery.DiscoveryClient    : DiscoveryClient_INTERACTION-SERVICE/LAPTOP-4K64MGNI:interaction-service:8084 - was unable to refresh its cache! This periodic background refresh will be retried in 30 seconds. status = Cannot execute request on any known server stacktrace = com.netflix.discovery.shared.transport.TransportException: Cannot execute request on any known server
	at com.netflix.discovery.shared.transport.decorator.RetryableEurekaHttpClient.execute(RetryableEurekaHttpClient.java:112)
	at com.netflix.discovery.shared.transport.decorator.EurekaHttpClientDecorator.getApplications(EurekaHttpClientDecorator.java:134)
	at com.netflix.discovery.shared.transport.decorator.EurekaHttpClientDecorator$6.execute(EurekaHttpClientDecorator.java:137)
	at com.netflix.discovery.shared.transport.decorator.SessionedEurekaHttpClient.execute(SessionedEurekaHttpClient.java:76)
	at com.netflix.discovery.shared.transport.decorator.EurekaHttpClientDecorator.getApplications(EurekaHttpClientDecorator.java:134)
	at com.netflix.discovery.DiscoveryClient.getAndStoreFullRegistry(DiscoveryClient.java:1046)
	at com.netflix.discovery.DiscoveryClient.fetchRegistry(DiscoveryClient.java:961)
	at com.netflix.discovery.DiscoveryClient.<init>(DiscoveryClient.java:410)
	at com.netflix.discovery.DiscoveryClient.<init>(DiscoveryClient.java:245)
	at com.netflix.discovery.DiscoveryClient.<init>(DiscoveryClient.java:240)
	at org.springframework.cloud.netflix.eureka.CloudEurekaClient.<init>(CloudEurekaClient.java:68)
	at org.springframework.cloud.netflix.eureka.EurekaClientAutoConfiguration$RefreshableEurekaClientConfiguration.eurekaClient(EurekaClientAutoConfiguration.java:324)
	at java.base/jdk.internal.reflect.NativeMethodAccessorImpl.invoke0(Native Method)
	at java.base/jdk.internal.reflect.NativeMethodAccessorImpl.invoke(NativeMethodAccessorImpl.java:77)
	at java.base/jdk.internal.reflect.DelegatingMethodAccessorImpl.invoke(DelegatingMethodAccessorImpl.java:43)
	at java.base/java.lang.reflect.Method.invoke(Method.java:568)
	at org.springframework.beans.factory.support.SimpleInstantiationStrategy.instantiate(SimpleInstantiationStrategy.java:146)
	at org.springframework.beans.factory.support.ConstructorResolver.instantiate(ConstructorResolver.java:644)
	at org.springframework.beans.factory.support.ConstructorResolver.instantiateUsingFactoryMethod(ConstructorResolver.java:636)
	at org.springframework.beans.factory.support.AbstractAutowireCapableBeanFactory.instantiateUsingFactoryMethod(AbstractAutowireCapableBeanFactory.java:1355)
	at org.springframework.beans.factory.support.AbstractAutowireCapableBeanFactory.createBeanInstance(AbstractAutowireCapableBeanFactory.java:1185)
	at org.springframework.beans.factory.support.AbstractAutowireCapableBeanFactory.doCreateBean(AbstractAutowireCapableBeanFactory.java:562)
	at org.springframework.beans.factory.support.AbstractAutowireCapableBeanFactory.createBean(AbstractAutowireCapableBeanFactory.java:522)
	at org.springframework.beans.factory.support.AbstractBeanFactory.lambda$doGetBean$1(AbstractBeanFactory.java:376)
	at org.springframework.cloud.context.scope.GenericScope$BeanLifecycleWrapper.getBean(GenericScope.java:375)
	at org.springframework.cloud.context.scope.GenericScope.get(GenericScope.java:179)
	at org.springframework.beans.factory.support.AbstractBeanFactory.doGetBean(AbstractBeanFactory.java:373)
	at org.springframework.beans.factory.support.AbstractBeanFactory.getBean(AbstractBeanFactory.java:200)
	at org.springframework.aop.target.SimpleBeanTargetSource.getTarget(SimpleBeanTargetSource.java:35)
	at org.springframework.cloud.netflix.eureka.serviceregistry.EurekaRegistration.getTargetObject(EurekaRegistration.java:128)
	at org.springframework.cloud.netflix.eureka.serviceregistry.EurekaRegistration.getEurekaClient(EurekaRegistration.java:116)
	at java.base/jdk.internal.reflect.NativeMethodAccessorImpl.invoke0(Native Method)
	at java.base/jdk.internal.reflect.NativeMethodAccessorImpl.invoke(NativeMethodAccessorImpl.java:77)
	at java.base/jdk.internal.reflect.DelegatingMethodAccessorImpl.invoke(DelegatingMethodAccessorImpl.java:43)
	at java.base/java.lang.reflect.Method.invoke(Method.java:568)
	at org.springframework.util.ReflectionUtils.invokeMethod(ReflectionUtils.java:281)
	at org.springframework.cloud.context.scope.GenericScope$LockedScopedProxyFactoryBean.invoke(GenericScope.java:482)
	at org.springframework.aop.framework.ReflectiveMethodInvocation.proceed(ReflectiveMethodInvocation.java:184)
	at org.springframework.aop.framework.CglibAopProxy$CglibMethodInvocation.proceed(CglibAopProxy.java:769)
	at org.springframework.aop.framework.CglibAopProxy$DynamicAdvisedInterceptor.intercept(CglibAopProxy.java:721)
	at org.springframework.cloud.netflix.eureka.serviceregistry.EurekaRegistration$$SpringCGLIB$$0.getEurekaClient(<generated>)
	at org.springframework.cloud.netflix.eureka.serviceregistry.EurekaServiceRegistry.maybeInitializeClient(EurekaServiceRegistry.java:83)
	at org.springframework.cloud.netflix.eureka.serviceregistry.EurekaServiceRegistry.register(EurekaServiceRegistry.java:66)
	at org.springframework.cloud.netflix.eureka.serviceregistry.EurekaAutoServiceRegistration.start(EurekaAutoServiceRegistration.java:89)
	at org.springframework.context.support.DefaultLifecycleProcessor.doStart(DefaultLifecycleProcessor.java:286)
	at org.springframework.context.support.DefaultLifecycleProcessor$LifecycleGroup.start(DefaultLifecycleProcessor.java:473)
	at java.base/java.lang.Iterable.forEach(Iterable.java:75)
	at org.springframework.context.support.DefaultLifecycleProcessor.startBeans(DefaultLifecycleProcessor.java:258)
	at org.springframework.context.support.DefaultLifecycleProcessor.onRefresh(DefaultLifecycleProcessor.java:203)
	at org.springframework.context.support.AbstractApplicationContext.finishRefresh(AbstractApplicationContext.java:990)
	at org.springframework.context.support.AbstractApplicationContext.refresh(AbstractApplicationContext.java:628)
	at org.springframework.boot.web.servlet.context.ServletWebServerApplicationContext.refresh(ServletWebServerApplicationContext.java:146)
	at org.springframework.boot.SpringApplication.refresh(SpringApplication.java:754)
	at org.springframework.boot.SpringApplication.refreshContext(SpringApplication.java:456)
	at org.springframework.boot.SpringApplication.run(SpringApplication.java:335)
	at org.springframework.boot.SpringApplication.run(SpringApplication.java:1363)
	at org.springframework.boot.SpringApplication.run(SpringApplication.java:1352)
	at com.nguyenthanhbang.Social_media.InteractionServiceApplication.main(InteractionServiceApplication.java:11)
	at java.base/jdk.internal.reflect.NativeMethodAccessorImpl.invoke0(Native Method)
	at java.base/jdk.internal.reflect.NativeMethodAccessorImpl.invoke(NativeMethodAccessorImpl.java:77)
	at java.base/jdk.internal.reflect.DelegatingMethodAccessorImpl.invoke(DelegatingMethodAccessorImpl.java:43)
	at java.base/java.lang.reflect.Method.invoke(Method.java:568)
	at org.springframework.boot.devtools.restart.RestartLauncher.run(RestartLauncher.java:50)

2026-08-04T15:41:53.571+07:00  INFO [interaction-service,,] 81840 --- [interaction-service] [restartedMain] [                                                 ] com.netflix.discovery.DiscoveryClient    : Initial registry fetch from primary servers failed
2026-08-04T15:41:53.571+07:00  WARN [interaction-service,,] 81840 --- [interaction-service] [restartedMain] [                                                 ] com.netflix.discovery.DiscoveryClient    : Using default backup registry implementation which does not do anything.
2026-08-04T15:41:53.573+07:00  INFO [interaction-service,,] 81840 --- [interaction-service] [restartedMain] [                                                 ] com.netflix.discovery.DiscoveryClient    : Initial registry fetch from backup servers failed
2026-08-04T15:41:53.575+07:00  INFO [interaction-service,,] 81840 --- [interaction-service] [restartedMain] [                                                 ] com.netflix.discovery.DiscoveryClient    : Starting heartbeat executor: renew interval is: 30
2026-08-04T15:41:53.575+07:00  INFO [interaction-service,,] 81840 --- [interaction-service] [restartedMain] [                                                 ] c.n.discovery.InstanceInfoReplicator     : InstanceInfoReplicator onDemand update allowed rate per min is 4
2026-08-04T15:41:53.577+07:00  INFO [interaction-service,,] 81840 --- [interaction-service] [restartedMain] [                                                 ] com.netflix.discovery.DiscoveryClient    : Discovery Client initialized at timestamp 1785832913577 with initial instances count: 0
2026-08-04T15:41:53.583+07:00  INFO [interaction-service,,] 81840 --- [interaction-service] [restartedMain] [                                                 ] o.s.c.n.e.s.EurekaServiceRegistry        : Registering application INTERACTION-SERVICE with eureka with status UP
2026-08-04T15:41:53.584+07:00  INFO [interaction-service,,] 81840 --- [interaction-service] [restartedMain] [                                                 ] com.netflix.discovery.DiscoveryClient    : Saw local status change event StatusChangeEvent [timestamp=1785832913584, current=UP, previous=STARTING]
2026-08-04T15:41:53.585+07:00  INFO [interaction-service,,] 81840 --- [interaction-service] [DiscoveryClient-InstanceInfoReplicator-%d] [                                                 ] com.netflix.discovery.DiscoveryClient    : DiscoveryClient_INTERACTION-SERVICE/LAPTOP-4K64MGNI:interaction-service:8084: registering service...
2026-08-04T15:41:53.593+07:00  INFO [interaction-service,,] 81840 --- [interaction-service] [restartedMain] [                                                 ] o.s.b.w.embedded.tomcat.TomcatWebServer  : Tomcat started on port 8084 (http) with context path '/'
2026-08-04T15:41:53.595+07:00  INFO [interaction-service,,] 81840 --- [interaction-service] [restartedMain] [                                                 ] .s.c.n.e.s.EurekaAutoServiceRegistration : Updating port to 8084
2026-08-04T15:41:53.608+07:00  INFO [interaction-service,,] 81840 --- [interaction-service] [DiscoveryClient-InstanceInfoReplicator-%d] [                                                 ] c.n.d.s.t.d.RedirectingEurekaHttpClient  : Request execution error. endpoint=DefaultEndpoint{ serviceUrl='http://localhost:8761/eureka/}, exception=I/O error on POST request for "http://localhost:8761/eureka/apps/INTERACTION-SERVICE": Connect to http://localhost:8761 [localhost/127.0.0.1, localhost/0:0:0:0:0:0:0:1] failed: Connection refused: no further information stacktrace=org.springframework.web.client.ResourceAccessException: I/O error on POST request for "http://localhost:8761/eureka/apps/INTERACTION-SERVICE": Connect to http://localhost:8761 [localhost/127.0.0.1, localhost/0:0:0:0:0:0:0:1] failed: Connection refused: no further information
	at org.springframework.web.client.RestTemplate.createResourceAccessException(RestTemplate.java:915)
	at org.springframework.web.client.RestTemplate.doExecute(RestTemplate.java:895)
	at org.springframework.web.client.RestTemplate.execute(RestTemplate.java:830)
	at org.springframework.web.client.RestTemplate.exchange(RestTemplate.java:691)
	at org.springframework.cloud.netflix.eureka.http.RestTemplateEurekaHttpClient.register(RestTemplateEurekaHttpClient.java:83)
	at com.netflix.discovery.shared.transport.decorator.EurekaHttpClientDecorator$1.execute(EurekaHttpClientDecorator.java:59)
	at com.netflix.discovery.shared.transport.decorator.RedirectingEurekaHttpClient.executeOnNewServer(RedirectingEurekaHttpClient.java:121)
	at com.netflix.discovery.shared.transport.decorator.RedirectingEurekaHttpClient.execute(RedirectingEurekaHttpClient.java:80)
	at com.netflix.discovery.shared.transport.decorator.EurekaHttpClientDecorator.register(EurekaHttpClientDecorator.java:56)
	at com.netflix.discovery.shared.transport.decorator.EurekaHttpClientDecorator$1.execute(EurekaHttpClientDecorator.java:59)
	at com.netflix.discovery.shared.transport.decorator.RetryableEurekaHttpClient.execute(RetryableEurekaHttpClient.java:120)
	at com.netflix.discovery.shared.transport.decorator.EurekaHttpClientDecorator.register(EurekaHttpClientDecorator.java:56)
	at com.netflix.discovery.shared.transport.decorator.EurekaHttpClientDecorator$1.execute(EurekaHttpClientDecorator.java:59)
	at com.netflix.discovery.shared.transport.decorator.SessionedEurekaHttpClient.execute(SessionedEurekaHttpClient.java:76)
	at com.netflix.discovery.shared.transport.decorator.EurekaHttpClientDecorator.register(EurekaHttpClientDecorator.java:56)
	at com.netflix.discovery.DiscoveryClient.register(DiscoveryClient.java:828)
	at com.netflix.discovery.InstanceInfoReplicator.run(InstanceInfoReplicator.java:125)
	at com.netflix.discovery.InstanceInfoReplicator$2.run(InstanceInfoReplicator.java:105)
	at java.base/java.util.concurrent.Executors$RunnableAdapter.call(Executors.java:539)
	at java.base/java.util.concurrent.FutureTask.run(FutureTask.java:264)
	at java.base/java.util.concurrent.ScheduledThreadPoolExecutor$ScheduledFutureTask.run(ScheduledThreadPoolExecutor.java:304)
	at java.base/java.util.concurrent.ThreadPoolExecutor.runWorker(ThreadPoolExecutor.java:1136)
	at java.base/java.util.concurrent.ThreadPoolExecutor$Worker.run(ThreadPoolExecutor.java:635)
	at java.base/java.lang.Thread.run(Thread.java:842)
Caused by: org.apache.hc.client5.http.HttpHostConnectException: Connect to http://localhost:8761 [localhost/127.0.0.1, localhost/0:0:0:0:0:0:0:1] failed: Connection refused: no further information
	at java.base/sun.nio.ch.Net.pollConnect(Native Method)
	at java.base/sun.nio.ch.Net.pollConnectNow(Net.java:672)
	at java.base/sun.nio.ch.NioSocketImpl.timedFinishConnect(NioSocketImpl.java:547)
	at java.base/sun.nio.ch.NioSocketImpl.connect(NioSocketImpl.java:602)
	at java.base/java.net.SocksSocketImpl.connect(SocksSocketImpl.java:327)
	at java.base/java.net.Socket.connect(Socket.java:633)
	at org.apache.hc.client5.http.socket.PlainConnectionSocketFactory.lambda$connectSocket$0(PlainConnectionSocketFactory.java:91)
	at java.base/java.security.AccessController.doPrivileged(AccessController.java:569)
	at org.apache.hc.client5.http.socket.PlainConnectionSocketFactory.connectSocket(PlainConnectionSocketFactory.java:90)
	at org.apache.hc.client5.http.socket.ConnectionSocketFactory.connectSocket(ConnectionSocketFactory.java:123)
	at org.apache.hc.client5.http.impl.io.DefaultHttpClientConnectionOperator.connect(DefaultHttpClientConnectionOperator.java:189)
	at org.apache.hc.client5.http.impl.io.PoolingHttpClientConnectionManager.connect(PoolingHttpClientConnectionManager.java:450)
	at org.apache.hc.client5.http.impl.classic.InternalExecRuntime.connectEndpoint(InternalExecRuntime.java:162)
	at org.apache.hc.client5.http.impl.classic.InternalExecRuntime.connectEndpoint(InternalExecRuntime.java:172)
	at org.apache.hc.client5.http.impl.classic.ConnectExec.execute(ConnectExec.java:142)
	at org.apache.hc.client5.http.impl.classic.ExecChainElement.execute(ExecChainElement.java:51)
	at org.apache.hc.client5.http.impl.classic.ProtocolExec.execute(ProtocolExec.java:192)
	at org.apache.hc.client5.http.impl.classic.ExecChainElement.execute(ExecChainElement.java:51)
	at org.apache.hc.client5.http.impl.classic.HttpRequestRetryExec.execute(HttpRequestRetryExec.java:113)
	at org.apache.hc.client5.http.impl.classic.ExecChainElement.execute(ExecChainElement.java:51)
	at org.apache.hc.client5.http.impl.classic.ContentCompressionExec.execute(ContentCompressionExec.java:152)
	at org.apache.hc.client5.http.impl.classic.ExecChainElement.execute(ExecChainElement.java:51)
	at org.apache.hc.client5.http.impl.classic.RedirectExec.execute(RedirectExec.java:116)
	at org.apache.hc.client5.http.impl.classic.ExecChainElement.execute(ExecChainElement.java:51)
	at org.apache.hc.client5.http.impl.classic.InternalHttpClient.doExecute(InternalHttpClient.java:170)
	at org.apache.hc.client5.http.impl.classic.CloseableHttpClient.execute(CloseableHttpClient.java:87)
	at org.apache.hc.client5.http.impl.classic.CloseableHttpClient.execute(CloseableHttpClient.java:55)
	at org.apache.hc.client5.http.classic.HttpClient.executeOpen(HttpClient.java:183)
	at org.springframework.http.client.HttpComponentsClientHttpRequest.executeInternal(HttpComponentsClientHttpRequest.java:99)
	at org.springframework.http.client.AbstractStreamingClientHttpRequest.executeInternal(AbstractStreamingClientHttpRequest.java:70)
	at org.springframework.http.client.AbstractClientHttpRequest.execute(AbstractClientHttpRequest.java:66)
	at org.springframework.http.client.InterceptingClientHttpRequest$InterceptingRequestExecution.execute(InterceptingClientHttpRequest.java:112)
	at org.springframework.cloud.netflix.eureka.http.RestTemplateTransportClientFactory.lambda$restTemplate$3(RestTemplateTransportClientFactory.java:170)
	at org.springframework.http.client.InterceptingClientHttpRequest$InterceptingRequestExecution.execute(InterceptingClientHttpRequest.java:88)
	at org.springframework.http.client.InterceptingClientHttpRequest.executeInternal(InterceptingClientHttpRequest.java:72)
	at org.springframework.http.client.AbstractBufferingClientHttpRequest.executeInternal(AbstractBufferingClientHttpRequest.java:48)
	at org.springframework.http.client.AbstractClientHttpRequest.execute(AbstractClientHttpRequest.java:66)
	at org.springframework.web.client.RestTemplate.doExecute(RestTemplate.java:889)
	... 22 more

2026-08-04T15:41:53.610+07:00  WARN [interaction-service,,] 81840 --- [interaction-service] [DiscoveryClient-InstanceInfoReplicator-%d] [                                                 ] c.n.d.s.t.d.RetryableEurekaHttpClient    : Request execution failed with message: I/O error on POST request for "http://localhost:8761/eureka/apps/INTERACTION-SERVICE": Connect to http://localhost:8761 [localhost/127.0.0.1, localhost/0:0:0:0:0:0:0:1] failed: Connection refused: no further information
2026-08-04T15:41:53.614+07:00  WARN [interaction-service,,] 81840 --- [interaction-service] [DiscoveryClient-InstanceInfoReplicator-%d] [                                                 ] com.netflix.discovery.DiscoveryClient    : DiscoveryClient_INTERACTION-SERVICE/LAPTOP-4K64MGNI:interaction-service:8084 - registration failed Cannot execute request on any known server

com.netflix.discovery.shared.transport.TransportException: Cannot execute request on any known server
	at com.netflix.discovery.shared.transport.decorator.RetryableEurekaHttpClient.execute(RetryableEurekaHttpClient.java:112) ~[eureka-client-2.0.4.jar:2.0.4]
	at com.netflix.discovery.shared.transport.decorator.EurekaHttpClientDecorator.register(EurekaHttpClientDecorator.java:56) ~[eureka-client-2.0.4.jar:2.0.4]
	at com.netflix.discovery.shared.transport.decorator.EurekaHttpClientDecorator$1.execute(EurekaHttpClientDecorator.java:59) ~[eureka-client-2.0.4.jar:2.0.4]
	at com.netflix.discovery.shared.transport.decorator.SessionedEurekaHttpClient.execute(SessionedEurekaHttpClient.java:76) ~[eureka-client-2.0.4.jar:2.0.4]
	at com.netflix.discovery.shared.transport.decorator.EurekaHttpClientDecorator.register(EurekaHttpClientDecorator.java:56) ~[eureka-client-2.0.4.jar:2.0.4]
	at com.netflix.discovery.DiscoveryClient.register(DiscoveryClient.java:828) ~[eureka-client-2.0.4.jar:2.0.4]
	at com.netflix.discovery.InstanceInfoReplicator.run(InstanceInfoReplicator.java:125) ~[eureka-client-2.0.4.jar:2.0.4]
	at com.netflix.discovery.InstanceInfoReplicator$2.run(InstanceInfoReplicator.java:105) ~[eureka-client-2.0.4.jar:2.0.4]
	at java.base/java.util.concurrent.Executors$RunnableAdapter.call(Executors.java:539) ~[na:na]
	at java.base/java.util.concurrent.FutureTask.run(FutureTask.java:264) ~[na:na]
	at java.base/java.util.concurrent.ScheduledThreadPoolExecutor$ScheduledFutureTask.run(ScheduledThreadPoolExecutor.java:304) ~[na:na]
	at java.base/java.util.concurrent.ThreadPoolExecutor.runWorker(ThreadPoolExecutor.java:1136) ~[na:na]
	at java.base/java.util.concurrent.ThreadPoolExecutor$Worker.run(ThreadPoolExecutor.java:635) ~[na:na]
	at java.base/java.lang.Thread.run(Thread.java:842) ~[na:na]

2026-08-04T15:41:53.620+07:00  WARN [interaction-service,,] 81840 --- [interaction-service] [DiscoveryClient-InstanceInfoReplicator-%d] [                                                 ] c.n.discovery.InstanceInfoReplicator     : There was a problem with the instance info replicator

com.netflix.discovery.shared.transport.TransportException: Cannot execute request on any known server
	at com.netflix.discovery.shared.transport.decorator.RetryableEurekaHttpClient.execute(RetryableEurekaHttpClient.java:112) ~[eureka-client-2.0.4.jar:2.0.4]
	at com.netflix.discovery.shared.transport.decorator.EurekaHttpClientDecorator.register(EurekaHttpClientDecorator.java:56) ~[eureka-client-2.0.4.jar:2.0.4]
	at com.netflix.discovery.shared.transport.decorator.EurekaHttpClientDecorator$1.execute(EurekaHttpClientDecorator.java:59) ~[eureka-client-2.0.4.jar:2.0.4]
	at com.netflix.discovery.shared.transport.decorator.SessionedEurekaHttpClient.execute(SessionedEurekaHttpClient.java:76) ~[eureka-client-2.0.4.jar:2.0.4]
	at com.netflix.discovery.shared.transport.decorator.EurekaHttpClientDecorator.register(EurekaHttpClientDecorator.java:56) ~[eureka-client-2.0.4.jar:2.0.4]
	at com.netflix.discovery.DiscoveryClient.register(DiscoveryClient.java:828) ~[eureka-client-2.0.4.jar:2.0.4]
	at com.netflix.discovery.InstanceInfoReplicator.run(InstanceInfoReplicator.java:125) ~[eureka-client-2.0.4.jar:2.0.4]
	at com.netflix.discovery.InstanceInfoReplicator$2.run(InstanceInfoReplicator.java:105) ~[eureka-client-2.0.4.jar:2.0.4]
	at java.base/java.util.concurrent.Executors$RunnableAdapter.call(Executors.java:539) ~[na:na]
	at java.base/java.util.concurrent.FutureTask.run(FutureTask.java:264) ~[na:na]
	at java.base/java.util.concurrent.ScheduledThreadPoolExecutor$ScheduledFutureTask.run(ScheduledThreadPoolExecutor.java:304) ~[na:na]
	at java.base/java.util.concurrent.ThreadPoolExecutor.runWorker(ThreadPoolExecutor.java:1136) ~[na:na]
	at java.base/java.util.concurrent.ThreadPoolExecutor$Worker.run(ThreadPoolExecutor.java:635) ~[na:na]
	at java.base/java.lang.Thread.run(Thread.java:842) ~[na:na]

2026-08-04T15:41:54.181+07:00  INFO [interaction-service,,] 81840 --- [interaction-service] [restartedMain] [                                                 ] o.s.a.r.c.CachingConnectionFactory       : Attempting to connect to: [localhost:5672]
2026-08-04T15:41:54.195+07:00  INFO [interaction-service,,] 81840 --- [interaction-service] [restartedMain] [                                                 ] o.s.a.r.c.CachingConnectionFactory       : Created new connection: rabbitConnectionFactory#366f166d:0/SimpleConnection@5e6ed62d [delegate=amqp://guest@127.0.0.1:5672/, localPort=49762]
2026-08-04T15:41:54.274+07:00  INFO [interaction-service,,] 81840 --- [interaction-service] [restartedMain] [                                                 ] c.n.S.InteractionServiceApplication      : Started InteractionServiceApplication in 7.009 seconds (process running for 3788.85)
2026-08-04T15:41:54.275+07:00  INFO [interaction-service,,] 81840 --- [interaction-service] [SpringApplicationShutdownHook] [                                                 ] o.s.c.n.e.s.EurekaServiceRegistry        : Unregistering application INTERACTION-SERVICE with eureka with status DOWN
2026-08-04T15:41:54.275+07:00  INFO [interaction-service,,] 81840 --- [interaction-service] [SpringApplicationShutdownHook] [                                                 ] com.netflix.discovery.DiscoveryClient    : Saw local status change event StatusChangeEvent [timestamp=1785832914275, current=DOWN, previous=UP]
2026-08-04T15:41:54.276+07:00  INFO [interaction-service,,] 81840 --- [interaction-service] [DiscoveryClient-InstanceInfoReplicator-%d] [                                                 ] com.netflix.discovery.DiscoveryClient    : DiscoveryClient_INTERACTION-SERVICE/LAPTOP-4K64MGNI:interaction-service:8084: registering service...
2026-08-04T15:41:54.279+07:00  INFO [interaction-service,,] 81840 --- [interaction-service] [restartedMain] [                                                 ] .ConditionEvaluationDeltaLoggingListener : Condition evaluation unchanged
2026-08-04T15:41:54.283+07:00  INFO [interaction-service,,] 81840 --- [interaction-service] [org.springframework.amqp.rabbit.RabbitListenerEndpointContainer#0-2] [                                                 ] o.s.a.r.l.SimpleMessageListenerContainer : Waiting for workers to finish.
2026-08-04T15:41:54.298+07:00  INFO [interaction-service,,] 81840 --- [interaction-service] [DiscoveryClient-InstanceInfoReplicator-%d] [                                                 ] c.n.d.s.t.d.RedirectingEurekaHttpClient  : Request execution error. endpoint=DefaultEndpoint{ serviceUrl='http://localhost:8761/eureka/}, exception=I/O error on POST request for "http://localhost:8761/eureka/apps/INTERACTION-SERVICE": Connect to http://localhost:8761 [localhost/127.0.0.1, localhost/0:0:0:0:0:0:0:1] failed: Connection refused: no further information stacktrace=org.springframework.web.client.ResourceAccessException: I/O error on POST request for "http://localhost:8761/eureka/apps/INTERACTION-SERVICE": Connect to http://localhost:8761 [localhost/127.0.0.1, localhost/0:0:0:0:0:0:0:1] failed: Connection refused: no further information
	at org.springframework.web.client.RestTemplate.createResourceAccessException(RestTemplate.java:915)
	at org.springframework.web.client.RestTemplate.doExecute(RestTemplate.java:895)
	at org.springframework.web.client.RestTemplate.execute(RestTemplate.java:830)
	at org.springframework.web.client.RestTemplate.exchange(RestTemplate.java:691)
	at org.springframework.cloud.netflix.eureka.http.RestTemplateEurekaHttpClient.register(RestTemplateEurekaHttpClient.java:83)
	at com.netflix.discovery.shared.transport.decorator.EurekaHttpClientDecorator$1.execute(EurekaHttpClientDecorator.java:59)
	at com.netflix.discovery.shared.transport.decorator.RedirectingEurekaHttpClient.executeOnNewServer(RedirectingEurekaHttpClient.java:121)
	at com.netflix.discovery.shared.transport.decorator.RedirectingEurekaHttpClient.execute(RedirectingEurekaHttpClient.java:80)
	at com.netflix.discovery.shared.transport.decorator.EurekaHttpClientDecorator.register(EurekaHttpClientDecorator.java:56)
	at com.netflix.discovery.shared.transport.decorator.EurekaHttpClientDecorator$1.execute(EurekaHttpClientDecorator.java:59)
	at com.netflix.discovery.shared.transport.decorator.RetryableEurekaHttpClient.execute(RetryableEurekaHttpClient.java:120)
	at com.netflix.discovery.shared.transport.decorator.EurekaHttpClientDecorator.register(EurekaHttpClientDecorator.java:56)
	at com.netflix.discovery.shared.transport.decorator.EurekaHttpClientDecorator$1.execute(EurekaHttpClientDecorator.java:59)
	at com.netflix.discovery.shared.transport.decorator.SessionedEurekaHttpClient.execute(SessionedEurekaHttpClient.java:76)
	at com.netflix.discovery.shared.transport.decorator.EurekaHttpClientDecorator.register(EurekaHttpClientDecorator.java:56)
	at com.netflix.discovery.DiscoveryClient.register(DiscoveryClient.java:828)
	at com.netflix.discovery.InstanceInfoReplicator.run(InstanceInfoReplicator.java:125)
	at com.netflix.discovery.InstanceInfoReplicator$2.run(InstanceInfoReplicator.java:105)
	at java.base/java.util.concurrent.Executors$RunnableAdapter.call(Executors.java:539)
	at java.base/java.util.concurrent.FutureTask.run(FutureTask.java:264)
	at java.base/java.util.concurrent.ScheduledThreadPoolExecutor$ScheduledFutureTask.run(ScheduledThreadPoolExecutor.java:304)
	at java.base/java.util.concurrent.ThreadPoolExecutor.runWorker(ThreadPoolExecutor.java:1136)
	at java.base/java.util.concurrent.ThreadPoolExecutor$Worker.run(ThreadPoolExecutor.java:635)
	at java.base/java.lang.Thread.run(Thread.java:842)
Caused by: org.apache.hc.client5.http.HttpHostConnectException: Connect to http://localhost:8761 [localhost/127.0.0.1, localhost/0:0:0:0:0:0:0:1] failed: Connection refused: no further information
	at java.base/sun.nio.ch.Net.pollConnect(Native Method)
	at java.base/sun.nio.ch.Net.pollConnectNow(Net.java:672)
	at java.base/sun.nio.ch.NioSocketImpl.timedFinishConnect(NioSocketImpl.java:547)
	at java.base/sun.nio.ch.NioSocketImpl.connect(NioSocketImpl.java:602)
	at java.base/java.net.SocksSocketImpl.connect(SocksSocketImpl.java:327)
	at java.base/java.net.Socket.connect(Socket.java:633)
	at org.apache.hc.client5.http.socket.PlainConnectionSocketFactory.lambda$connectSocket$0(PlainConnectionSocketFactory.java:91)
	at java.base/java.security.AccessController.doPrivileged(AccessController.java:569)
	at org.apache.hc.client5.http.socket.PlainConnectionSocketFactory.connectSocket(PlainConnectionSocketFactory.java:90)
	at org.apache.hc.client5.http.socket.ConnectionSocketFactory.connectSocket(ConnectionSocketFactory.java:123)
	at org.apache.hc.client5.http.impl.io.DefaultHttpClientConnectionOperator.connect(DefaultHttpClientConnectionOperator.java:189)
	at org.apache.hc.client5.http.impl.io.PoolingHttpClientConnectionManager.connect(PoolingHttpClientConnectionManager.java:450)
	at org.apache.hc.client5.http.impl.classic.InternalExecRuntime.connectEndpoint(InternalExecRuntime.java:162)
	at org.apache.hc.client5.http.impl.classic.InternalExecRuntime.connectEndpoint(InternalExecRuntime.java:172)
	at org.apache.hc.client5.http.impl.classic.ConnectExec.execute(ConnectExec.java:142)
	at org.apache.hc.client5.http.impl.classic.ExecChainElement.execute(ExecChainElement.java:51)
	at org.apache.hc.client5.http.impl.classic.ProtocolExec.execute(ProtocolExec.java:192)
	at org.apache.hc.client5.http.impl.classic.ExecChainElement.execute(ExecChainElement.java:51)
	at org.apache.hc.client5.http.impl.classic.HttpRequestRetryExec.execute(HttpRequestRetryExec.java:113)
	at org.apache.hc.client5.http.impl.classic.ExecChainElement.execute(ExecChainElement.java:51)
	at org.apache.hc.client5.http.impl.classic.ContentCompressionExec.execute(ContentCompressionExec.java:152)
	at org.apache.hc.client5.http.impl.classic.ExecChainElement.execute(ExecChainElement.java:51)
	at org.apache.hc.client5.http.impl.classic.RedirectExec.execute(RedirectExec.java:116)
	at org.apache.hc.client5.http.impl.classic.ExecChainElement.execute(ExecChainElement.java:51)
	at org.apache.hc.client5.http.impl.classic.InternalHttpClient.doExecute(InternalHttpClient.java:170)
	at org.apache.hc.client5.http.impl.classic.CloseableHttpClient.execute(CloseableHttpClient.java:87)
	at org.apache.hc.client5.http.impl.classic.CloseableHttpClient.execute(CloseableHttpClient.java:55)
	at org.apache.hc.client5.http.classic.HttpClient.executeOpen(HttpClient.java:183)
	at org.springframework.http.client.HttpComponentsClientHttpRequest.executeInternal(HttpComponentsClientHttpRequest.java:99)
	at org.springframework.http.client.AbstractStreamingClientHttpRequest.executeInternal(AbstractStreamingClientHttpRequest.java:70)
	at org.springframework.http.client.AbstractClientHttpRequest.execute(AbstractClientHttpRequest.java:66)
	at org.springframework.http.client.InterceptingClientHttpRequest$InterceptingRequestExecution.execute(InterceptingClientHttpRequest.java:112)
	at org.springframework.cloud.netflix.eureka.http.RestTemplateTransportClientFactory.lambda$restTemplate$3(RestTemplateTransportClientFactory.java:170)
	at org.springframework.http.client.InterceptingClientHttpRequest$InterceptingRequestExecution.execute(InterceptingClientHttpRequest.java:88)
	at org.springframework.http.client.InterceptingClientHttpRequest.executeInternal(InterceptingClientHttpRequest.java:72)
	at org.springframework.http.client.AbstractBufferingClientHttpRequest.executeInternal(AbstractBufferingClientHttpRequest.java:48)
	at org.springframework.http.client.AbstractClientHttpRequest.execute(AbstractClientHttpRequest.java:66)
	at org.springframework.web.client.RestTemplate.doExecute(RestTemplate.java:889)
	... 22 more

2026-08-04T15:41:54.300+07:00  WARN [interaction-service,,] 81840 --- [interaction-service] [DiscoveryClient-InstanceInfoReplicator-%d] [                                                 ] c.n.d.s.t.d.RetryableEurekaHttpClient    : Request execution failed with message: I/O error on POST request for "http://localhost:8761/eureka/apps/INTERACTION-SERVICE": Connect to http://localhost:8761 [localhost/127.0.0.1, localhost/0:0:0:0:0:0:0:1] failed: Connection refused: no further information
2026-08-04T15:41:54.301+07:00  WARN [interaction-service,,] 81840 --- [interaction-service] [DiscoveryClient-InstanceInfoReplicator-%d] [                                                 ] com.netflix.discovery.DiscoveryClient    : DiscoveryClient_INTERACTION-SERVICE/LAPTOP-4K64MGNI:interaction-service:8084 - registration failed Cannot execute request on any known server

com.netflix.discovery.shared.transport.TransportException: Cannot execute request on any known server
	at com.netflix.discovery.shared.transport.decorator.RetryableEurekaHttpClient.execute(RetryableEurekaHttpClient.java:112) ~[eureka-client-2.0.4.jar:2.0.4]
	at com.netflix.discovery.shared.transport.decorator.EurekaHttpClientDecorator.register(EurekaHttpClientDecorator.java:56) ~[eureka-client-2.0.4.jar:2.0.4]
	at com.netflix.discovery.shared.transport.decorator.EurekaHttpClientDecorator$1.execute(EurekaHttpClientDecorator.java:59) ~[eureka-client-2.0.4.jar:2.0.4]
	at com.netflix.discovery.shared.transport.decorator.SessionedEurekaHttpClient.execute(SessionedEurekaHttpClient.java:76) ~[eureka-client-2.0.4.jar:2.0.4]
	at com.netflix.discovery.shared.transport.decorator.EurekaHttpClientDecorator.register(EurekaHttpClientDecorator.java:56) ~[eureka-client-2.0.4.jar:2.0.4]
	at com.netflix.discovery.DiscoveryClient.register(DiscoveryClient.java:828) ~[eureka-client-2.0.4.jar:2.0.4]
	at com.netflix.discovery.InstanceInfoReplicator.run(InstanceInfoReplicator.java:125) ~[eureka-client-2.0.4.jar:2.0.4]
	at com.netflix.discovery.InstanceInfoReplicator$2.run(InstanceInfoReplicator.java:105) ~[eureka-client-2.0.4.jar:2.0.4]
	at java.base/java.util.concurrent.Executors$RunnableAdapter.call(Executors.java:539) ~[na:na]
	at java.base/java.util.concurrent.FutureTask.run(FutureTask.java:264) ~[na:na]
	at java.base/java.util.concurrent.ScheduledThreadPoolExecutor$ScheduledFutureTask.run(ScheduledThreadPoolExecutor.java:304) ~[na:na]
	at java.base/java.util.concurrent.ThreadPoolExecutor.runWorker(ThreadPoolExecutor.java:1136) ~[na:na]
	at java.base/java.util.concurrent.ThreadPoolExecutor$Worker.run(ThreadPoolExecutor.java:635) ~[na:na]
	at java.base/java.lang.Thread.run(Thread.java:842) ~[na:na]

2026-08-04T15:41:54.306+07:00  WARN [interaction-service,,] 81840 --- [interaction-service] [DiscoveryClient-InstanceInfoReplicator-%d] [                                                 ] c.n.discovery.InstanceInfoReplicator     : There was a problem with the instance info replicator

com.netflix.discovery.shared.transport.TransportException: Cannot execute request on any known server
	at com.netflix.discovery.shared.transport.decorator.RetryableEurekaHttpClient.execute(RetryableEurekaHttpClient.java:112) ~[eureka-client-2.0.4.jar:2.0.4]
	at com.netflix.discovery.shared.transport.decorator.EurekaHttpClientDecorator.register(EurekaHttpClientDecorator.java:56) ~[eureka-client-2.0.4.jar:2.0.4]
	at com.netflix.discovery.shared.transport.decorator.EurekaHttpClientDecorator$1.execute(EurekaHttpClientDecorator.java:59) ~[eureka-client-2.0.4.jar:2.0.4]
	at com.netflix.discovery.shared.transport.decorator.SessionedEurekaHttpClient.execute(SessionedEurekaHttpClient.java:76) ~[eureka-client-2.0.4.jar:2.0.4]
	at com.netflix.discovery.shared.transport.decorator.EurekaHttpClientDecorator.register(EurekaHttpClientDecorator.java:56) ~[eureka-client-2.0.4.jar:2.0.4]
	at com.netflix.discovery.DiscoveryClient.register(DiscoveryClient.java:828) ~[eureka-client-2.0.4.jar:2.0.4]
	at com.netflix.discovery.InstanceInfoReplicator.run(InstanceInfoReplicator.java:125) ~[eureka-client-2.0.4.jar:2.0.4]
	at com.netflix.discovery.InstanceInfoReplicator$2.run(InstanceInfoReplicator.java:105) ~[eureka-client-2.0.4.jar:2.0.4]
	at java.base/java.util.concurrent.Executors$RunnableAdapter.call(Executors.java:539) ~[na:na]
	at java.base/java.util.concurrent.FutureTask.run(FutureTask.java:264) ~[na:na]
	at java.base/java.util.concurrent.ScheduledThreadPoolExecutor$ScheduledFutureTask.run(ScheduledThreadPoolExecutor.java:304) ~[na:na]
	at java.base/java.util.concurrent.ThreadPoolExecutor.runWorker(ThreadPoolExecutor.java:1136) ~[na:na]
	at java.base/java.util.concurrent.ThreadPoolExecutor$Worker.run(ThreadPoolExecutor.java:635) ~[na:na]
	at java.base/java.lang.Thread.run(Thread.java:842) ~[na:na]

2026-08-04T15:41:55.263+07:00  INFO [interaction-service,,] 81840 --- [interaction-service] [org.springframework.amqp.rabbit.RabbitListenerEndpointContainer#0-2] [                                                 ] o.s.a.r.l.SimpleMessageListenerContainer : Successfully waited for workers to finish.
2026-08-04T15:41:55.984+07:00  INFO [interaction-service,,] 81840 --- [interaction-service] [SpringApplicationShutdownHook] [                                                 ] j.LocalContainerEntityManagerFactoryBean : Closing JPA EntityManagerFactory for persistence unit 'default'
2026-08-04T15:41:55.985+07:00  INFO [interaction-service,,] 81840 --- [interaction-service] [SpringApplicationShutdownHook] [                                                 ] com.zaxxer.hikari.HikariDataSource       : HikariPool-6 - Shutdown initiated...
2026-08-04T15:41:55.996+07:00  INFO [interaction-service,,] 81840 --- [interaction-service] [SpringApplicationShutdownHook] [                                                 ] com.zaxxer.hikari.HikariDataSource       : HikariPool-6 - Shutdown completed.
2026-08-04T15:41:55.999+07:00  INFO [interaction-service,,] 81840 --- [interaction-service] [SpringApplicationShutdownHook] [                                                 ] com.netflix.discovery.DiscoveryClient    : Shutting down DiscoveryClient ...
2026-08-04T15:45:50.884+07:00  INFO [interaction-service,,] 71264 --- [interaction-service] [restartedMain] c.n.S.InteractionServiceApplication      : Starting InteractionServiceApplication using Java 17.0.9 with PID 71264 (D:\Projects\Social-media\backend\interaction-service\target\classes started by BANG in D:\Projects\Social-media\backend\interaction-service)
2026-08-04T15:45:50.893+07:00  INFO [interaction-service,,] 71264 --- [interaction-service] [restartedMain] c.n.S.InteractionServiceApplication      : No active profile set, falling back to 1 default profile: "default"
2026-08-04T15:45:51.058+07:00  INFO [interaction-service,,] 71264 --- [interaction-service] [restartedMain] .e.DevToolsPropertyDefaultsPostProcessor : Devtools property defaults active! Set 'spring.devtools.add-properties' to 'false' to disable
2026-08-04T15:45:51.060+07:00  INFO [interaction-service,,] 71264 --- [interaction-service] [restartedMain] .e.DevToolsPropertyDefaultsPostProcessor : For additional web related logging consider setting the 'logging.level.web' property to 'DEBUG'
2026-08-04T15:45:55.535+07:00  INFO [interaction-service,,] 71264 --- [interaction-service] [restartedMain] .s.d.r.c.RepositoryConfigurationDelegate : Bootstrapping Spring Data JPA repositories in DEFAULT mode.
2026-08-04T15:45:56.178+07:00  INFO [interaction-service,,] 71264 --- [interaction-service] [restartedMain] .s.d.r.c.RepositoryConfigurationDelegate : Finished Spring Data repository scanning in 613 ms. Found 3 JPA repository interfaces.
2026-08-04T15:45:57.403+07:00  INFO [interaction-service,,] 71264 --- [interaction-service] [restartedMain] o.s.cloud.context.scope.GenericScope     : BeanFactory id=b38273d2-eae7-3faa-b687-e920a060f288
2026-08-04T15:46:00.041+07:00  INFO [interaction-service,,] 71264 --- [interaction-service] [restartedMain] o.s.b.w.embedded.tomcat.TomcatWebServer  : Tomcat initialized with port 8084 (http)
2026-08-04T15:46:00.139+07:00  INFO [interaction-service,,] 71264 --- [interaction-service] [restartedMain] o.apache.catalina.core.StandardService   : Starting service [Tomcat]
2026-08-04T15:46:00.148+07:00  INFO [interaction-service,,] 71264 --- [interaction-service] [restartedMain] o.apache.catalina.core.StandardEngine    : Starting Servlet engine: [Apache Tomcat/10.1.42]
2026-08-04T15:46:00.420+07:00  INFO [interaction-service,,] 71264 --- [interaction-service] [restartedMain] o.a.c.c.C.[Tomcat].[localhost].[/]       : Initializing Spring embedded WebApplicationContext
2026-08-04T15:46:00.422+07:00  INFO [interaction-service,,] 71264 --- [interaction-service] [restartedMain] w.s.c.ServletWebServerApplicationContext : Root WebApplicationContext: initialization completed in 9359 ms
2026-08-04T15:46:01.464+07:00  INFO [interaction-service,,] 71264 --- [interaction-service] [restartedMain] o.hibernate.jpa.internal.util.LogHelper  : HHH000204: Processing PersistenceUnitInfo [name: default]
2026-08-04T15:46:01.675+07:00  INFO [interaction-service,,] 71264 --- [interaction-service] [restartedMain] org.hibernate.Version                    : HHH000412: Hibernate ORM core version 6.5.3.Final
2026-08-04T15:46:01.780+07:00  INFO [interaction-service,,] 71264 --- [interaction-service] [restartedMain] o.h.c.internal.RegionFactoryInitiator    : HHH000026: Second-level cache disabled
2026-08-04T15:46:02.741+07:00  INFO [interaction-service,,] 71264 --- [interaction-service] [restartedMain] o.s.o.j.p.SpringPersistenceUnitInfo      : No LoadTimeWeaver setup: ignoring JPA class transformer
2026-08-04T15:46:02.834+07:00  INFO [interaction-service,,] 71264 --- [interaction-service] [restartedMain] com.zaxxer.hikari.HikariDataSource       : HikariPool-1 - Starting...
2026-08-04T15:46:03.325+07:00  INFO [interaction-service,,] 71264 --- [interaction-service] [restartedMain] com.zaxxer.hikari.pool.HikariPool        : HikariPool-1 - Added connection org.postgresql.jdbc.PgConnection@587c18a4
2026-08-04T15:46:03.332+07:00  INFO [interaction-service,,] 71264 --- [interaction-service] [restartedMain] com.zaxxer.hikari.HikariDataSource       : HikariPool-1 - Start completed.
2026-08-04T15:46:03.442+07:00  WARN [interaction-service,,] 71264 --- [interaction-service] [restartedMain] org.hibernate.orm.deprecation            : HHH90000025: PostgreSQLDialect does not need to be specified explicitly using 'hibernate.dialect' (remove the property setting and it will be selected by default)
2026-08-04T15:46:06.350+07:00  INFO [interaction-service,,] 71264 --- [interaction-service] [restartedMain] o.h.e.t.j.p.i.JtaPlatformInitiator       : HHH000489: No JTA platform available (set 'hibernate.transaction.jta.platform' to enable JTA platform integration)
2026-08-04T15:46:06.523+07:00  INFO [interaction-service,,] 71264 --- [interaction-service] [restartedMain] j.LocalContainerEntityManagerFactoryBean : Initialized JPA EntityManagerFactory for persistence unit 'default'
2026-08-04T15:46:07.644+07:00  WARN [interaction-service,,] 71264 --- [interaction-service] [restartedMain] JpaBaseConfiguration$JpaWebConfiguration : spring.jpa.open-in-view is enabled by default. Therefore, database queries may be performed during view rendering. Explicitly configure spring.jpa.open-in-view to disable this warning
2026-08-04T15:46:07.748+07:00  INFO [interaction-service,,] 71264 --- [interaction-service] [restartedMain] o.s.b.d.a.OptionalLiveReloadServer       : LiveReload server is running on port 35729
2026-08-04T15:46:08.742+07:00  INFO [interaction-service,,] 71264 --- [interaction-service] [restartedMain] o.s.c.openfeign.FeignClientFactoryBean   : For 'post-service' URL not provided. Will try picking an instance via load-balancing.
2026-08-04T15:46:08.956+07:00  INFO [interaction-service,,] 71264 --- [interaction-service] [restartedMain] o.s.c.openfeign.FeignClientFactoryBean   : For 'user-service' URL not provided. Will try picking an instance via load-balancing.
2026-08-04T15:46:11.452+07:00  INFO [interaction-service,,] 71264 --- [interaction-service] [restartedMain] DiscoveryClientOptionalArgsConfiguration : Eureka HTTP Client uses RestTemplate.
2026-08-04T15:46:11.510+07:00  WARN [interaction-service,,] 71264 --- [interaction-service] [restartedMain] iguration$LoadBalancerCaffeineWarnLogger : Spring Cloud LoadBalancer is currently working with the default cache. While this cache implementation is useful for development and tests, it's recommended to use Caffeine cache in production.You can switch to using Caffeine cache, by adding it and org.springframework.cache.caffeine.CaffeineCacheManager to the classpath.
2026-08-04T15:46:11.544+07:00  INFO [interaction-service,,] 71264 --- [interaction-service] [restartedMain] o.s.b.a.e.web.EndpointLinksResolver      : Exposing 2 endpoints beneath base path '/actuator'
2026-08-04T15:46:11.698+07:00  INFO [interaction-service,,] 71264 --- [interaction-service] [restartedMain] o.s.c.n.eureka.InstanceInfoFactory       : Setting initial instance status as: STARTING
2026-08-04T15:46:11.755+07:00  INFO [interaction-service,,] 71264 --- [interaction-service] [restartedMain] com.netflix.discovery.DiscoveryClient    : Initializing Eureka in region us-east-1
2026-08-04T15:46:11.783+07:00  INFO [interaction-service,,] 71264 --- [interaction-service] [restartedMain] c.n.d.s.r.aws.ConfigClusterResolver      : Resolving eureka endpoints via configuration
2026-08-04T15:46:11.810+07:00  INFO [interaction-service,,] 71264 --- [interaction-service] [restartedMain] com.netflix.discovery.DiscoveryClient    : Disable delta property : false
2026-08-04T15:46:11.811+07:00  INFO [interaction-service,,] 71264 --- [interaction-service] [restartedMain] com.netflix.discovery.DiscoveryClient    : Single vip registry refresh property : null
2026-08-04T15:46:11.812+07:00  INFO [interaction-service,,] 71264 --- [interaction-service] [restartedMain] com.netflix.discovery.DiscoveryClient    : Force full registry fetch : false
2026-08-04T15:46:11.813+07:00  INFO [interaction-service,,] 71264 --- [interaction-service] [restartedMain] com.netflix.discovery.DiscoveryClient    : Application is null : false
2026-08-04T15:46:11.813+07:00  INFO [interaction-service,,] 71264 --- [interaction-service] [restartedMain] com.netflix.discovery.DiscoveryClient    : Registered Applications size is zero : true
2026-08-04T15:46:11.813+07:00  INFO [interaction-service,,] 71264 --- [interaction-service] [restartedMain] com.netflix.discovery.DiscoveryClient    : Application version is -1: true
2026-08-04T15:46:11.814+07:00  INFO [interaction-service,,] 71264 --- [interaction-service] [restartedMain] com.netflix.discovery.DiscoveryClient    : Getting all instance registry info from the eureka server
2026-08-04T15:46:12.412+07:00  INFO [interaction-service,,] 71264 --- [interaction-service] [restartedMain] com.netflix.discovery.DiscoveryClient    : The response status is 200
2026-08-04T15:46:12.416+07:00  INFO [interaction-service,,] 71264 --- [interaction-service] [restartedMain] com.netflix.discovery.DiscoveryClient    : Starting heartbeat executor: renew interval is: 30
2026-08-04T15:46:12.420+07:00  INFO [interaction-service,,] 71264 --- [interaction-service] [restartedMain] c.n.discovery.InstanceInfoReplicator     : InstanceInfoReplicator onDemand update allowed rate per min is 4
2026-08-04T15:46:12.425+07:00  INFO [interaction-service,,] 71264 --- [interaction-service] [restartedMain] com.netflix.discovery.DiscoveryClient    : Discovery Client initialized at timestamp 1785833172423 with initial instances count: 2
2026-08-04T15:46:12.436+07:00  INFO [interaction-service,,] 71264 --- [interaction-service] [restartedMain] o.s.c.n.e.s.EurekaServiceRegistry        : Registering application INTERACTION-SERVICE with eureka with status UP
2026-08-04T15:46:12.439+07:00  INFO [interaction-service,,] 71264 --- [interaction-service] [restartedMain] com.netflix.discovery.DiscoveryClient    : Saw local status change event StatusChangeEvent [timestamp=1785833172439, current=UP, previous=STARTING]
2026-08-04T15:46:12.443+07:00  INFO [interaction-service,,] 71264 --- [interaction-service] [DiscoveryClient-InstanceInfoReplicator-%d] com.netflix.discovery.DiscoveryClient    : DiscoveryClient_INTERACTION-SERVICE/LAPTOP-4K64MGNI:interaction-service:8084: registering service...
2026-08-04T15:46:12.495+07:00  INFO [interaction-service,,] 71264 --- [interaction-service] [restartedMain] o.s.b.w.embedded.tomcat.TomcatWebServer  : Tomcat started on port 8084 (http) with context path '/'
2026-08-04T15:46:12.497+07:00  INFO [interaction-service,,] 71264 --- [interaction-service] [restartedMain] .s.c.n.e.s.EurekaAutoServiceRegistration : Updating port to 8084
2026-08-04T15:46:12.539+07:00  INFO [interaction-service,,] 71264 --- [interaction-service] [DiscoveryClient-InstanceInfoReplicator-%d] com.netflix.discovery.DiscoveryClient    : DiscoveryClient_INTERACTION-SERVICE/LAPTOP-4K64MGNI:interaction-service:8084 - registration status: 204
2026-08-04T15:46:13.024+07:00  INFO [interaction-service,,] 71264 --- [interaction-service] [restartedMain] o.s.a.r.c.CachingConnectionFactory       : Attempting to connect to: [localhost:5672]
2026-08-04T15:46:13.124+07:00  INFO [interaction-service,,] 71264 --- [interaction-service] [restartedMain] o.s.a.r.c.CachingConnectionFactory       : Created new connection: rabbitConnectionFactory#4e405fa8:0/SimpleConnection@4352debf [delegate=amqp://guest@127.0.0.1:5672/, localPort=63292]
2026-08-04T15:46:13.291+07:00  INFO [interaction-service,,] 71264 --- [interaction-service] [restartedMain] c.n.S.InteractionServiceApplication      : Started InteractionServiceApplication in 25.144 seconds (process running for 27.58)
2026-08-04T15:46:15.766+07:00  INFO [interaction-service,,] 71264 --- [interaction-service] [http-nio-8084-exec-1] o.a.c.c.C.[Tomcat].[localhost].[/]       : Initializing Spring DispatcherServlet 'dispatcherServlet'
2026-08-04T15:46:15.767+07:00  INFO [interaction-service,,] 71264 --- [interaction-service] [http-nio-8084-exec-1] o.s.web.servlet.DispatcherServlet        : Initializing Servlet 'dispatcherServlet'
2026-08-04T15:46:15.770+07:00  INFO [interaction-service,,] 71264 --- [interaction-service] [http-nio-8084-exec-1] o.s.web.servlet.DispatcherServlet        : Completed initialization in 3 ms
2026-08-04T15:48:09.544+07:00  INFO [interaction-service,,] 71264 --- [interaction-service] [File Watcher] rtingClassPathChangeChangedEventListener : Restarting due to 37 class path changes (0 additions, 37 deletions, 0 modifications)
2026-08-04T15:48:09.553+07:00  INFO [interaction-service,,] 71264 --- [interaction-service] [Thread-5] o.s.c.n.e.s.EurekaServiceRegistry        : Unregistering application INTERACTION-SERVICE with eureka with status DOWN
2026-08-04T15:48:09.554+07:00  INFO [interaction-service,,] 71264 --- [interaction-service] [Thread-5] com.netflix.discovery.DiscoveryClient    : Saw local status change event StatusChangeEvent [timestamp=1785833289554, current=DOWN, previous=UP]
2026-08-04T15:48:09.556+07:00  INFO [interaction-service,,] 71264 --- [interaction-service] [DiscoveryClient-InstanceInfoReplicator-%d] com.netflix.discovery.DiscoveryClient    : DiscoveryClient_INTERACTION-SERVICE/LAPTOP-4K64MGNI:interaction-service:8084: registering service...
2026-08-04T15:48:09.622+07:00  INFO [interaction-service,,] 71264 --- [interaction-service] [DiscoveryClient-InstanceInfoReplicator-%d] com.netflix.discovery.DiscoveryClient    : DiscoveryClient_INTERACTION-SERVICE/LAPTOP-4K64MGNI:interaction-service:8084 - registration status: 204
2026-08-04T15:48:09.625+07:00  INFO [interaction-service,,] 71264 --- [interaction-service] [org.springframework.amqp.rabbit.RabbitListenerEndpointContainer#0-2] o.s.a.r.l.SimpleMessageListenerContainer : Waiting for workers to finish.
2026-08-04T15:48:09.774+07:00  INFO [interaction-service,,] 71264 --- [interaction-service] [org.springframework.amqp.rabbit.RabbitListenerEndpointContainer#0-2] o.s.a.r.l.SimpleMessageListenerContainer : Successfully waited for workers to finish.
2026-08-04T15:48:11.824+07:00  INFO [interaction-service,,] 71264 --- [interaction-service] [Thread-5] j.LocalContainerEntityManagerFactoryBean : Closing JPA EntityManagerFactory for persistence unit 'default'
2026-08-04T15:48:11.838+07:00  INFO [interaction-service,,] 71264 --- [interaction-service] [Thread-5] com.zaxxer.hikari.HikariDataSource       : HikariPool-1 - Shutdown initiated...
2026-08-04T15:48:11.875+07:00  INFO [interaction-service,,] 71264 --- [interaction-service] [Thread-5] com.zaxxer.hikari.HikariDataSource       : HikariPool-1 - Shutdown completed.
2026-08-04T15:48:11.878+07:00  INFO [interaction-service,,] 71264 --- [interaction-service] [Thread-5] com.netflix.discovery.DiscoveryClient    : Shutting down DiscoveryClient ...
2026-08-04T15:48:14.895+07:00  INFO [interaction-service,,] 71264 --- [interaction-service] [Thread-5] com.netflix.discovery.DiscoveryClient    : Unregistering ...
2026-08-04T15:48:14.897+07:00  WARN [interaction-service,,] 71264 --- [interaction-service] [DiscoveryClient-%d] c.netflix.discovery.TimedSupervisorTask  : task supervisor shutting down, can't accept the task
2026-08-04T15:48:14.936+07:00  INFO [interaction-service,,] 71264 --- [interaction-service] [Thread-5] com.netflix.discovery.DiscoveryClient    : DiscoveryClient_INTERACTION-SERVICE/LAPTOP-4K64MGNI:interaction-service:8084 - deregister  status: 200
2026-08-04T15:48:14.949+07:00  INFO [interaction-service,,] 71264 --- [interaction-service] [Thread-5] com.netflix.discovery.DiscoveryClient    : Completed shut down of DiscoveryClient
2026-08-04T15:48:17.368+07:00  INFO [interaction-service,,] 71264 --- [interaction-service] [restartedMain] c.n.S.InteractionServiceApplication      : Starting InteractionServiceApplication using Java 17.0.9 with PID 71264 (D:\Projects\Social-media\backend\interaction-service\target\classes started by BANG in D:\Projects\Social-media\backend\interaction-service)
2026-08-04T15:48:17.370+07:00  INFO [interaction-service,,] 71264 --- [interaction-service] [restartedMain] c.n.S.InteractionServiceApplication      : No active profile set, falling back to 1 default profile: "default"
2026-08-04T15:48:19.598+07:00  INFO [interaction-service,,] 71264 --- [interaction-service] [restartedMain] .s.d.r.c.RepositoryConfigurationDelegate : Bootstrapping Spring Data JPA repositories in DEFAULT mode.
2026-08-04T15:48:19.667+07:00  INFO [interaction-service,,] 71264 --- [interaction-service] [restartedMain] .s.d.r.c.RepositoryConfigurationDelegate : Finished Spring Data repository scanning in 66 ms. Found 3 JPA repository interfaces.
2026-08-04T15:48:20.316+07:00  INFO [interaction-service,,] 71264 --- [interaction-service] [restartedMain] o.s.cloud.context.scope.GenericScope     : BeanFactory id=b38273d2-eae7-3faa-b687-e920a060f288
2026-08-04T15:48:20.721+07:00  INFO [interaction-service,,] 71264 --- [interaction-service] [restartedMain] o.s.b.w.embedded.tomcat.TomcatWebServer  : Tomcat initialized with port 8084 (http)
2026-08-04T15:48:20.724+07:00  INFO [interaction-service,,] 71264 --- [interaction-service] [restartedMain] o.apache.catalina.core.StandardService   : Starting service [Tomcat]
2026-08-04T15:48:20.724+07:00  INFO [interaction-service,,] 71264 --- [interaction-service] [restartedMain] o.apache.catalina.core.StandardEngine    : Starting Servlet engine: [Apache Tomcat/10.1.42]
2026-08-04T15:48:20.864+07:00  INFO [interaction-service,,] 71264 --- [interaction-service] [restartedMain] o.a.c.c.C.[Tomcat].[localhost].[/]       : Initializing Spring embedded WebApplicationContext
2026-08-04T15:48:20.865+07:00  INFO [interaction-service,,] 71264 --- [interaction-service] [restartedMain] w.s.c.ServletWebServerApplicationContext : Root WebApplicationContext: initialization completed in 3485 ms
2026-08-04T15:48:21.222+07:00  INFO [interaction-service,,] 71264 --- [interaction-service] [restartedMain] o.hibernate.jpa.internal.util.LogHelper  : HHH000204: Processing PersistenceUnitInfo [name: default]
2026-08-04T15:48:21.231+07:00  INFO [interaction-service,,] 71264 --- [interaction-service] [restartedMain] o.h.c.internal.RegionFactoryInitiator    : HHH000026: Second-level cache disabled
2026-08-04T15:48:21.268+07:00  INFO [interaction-service,,] 71264 --- [interaction-service] [restartedMain] o.s.o.j.p.SpringPersistenceUnitInfo      : No LoadTimeWeaver setup: ignoring JPA class transformer
2026-08-04T15:48:21.272+07:00  INFO [interaction-service,,] 71264 --- [interaction-service] [restartedMain] com.zaxxer.hikari.HikariDataSource       : HikariPool-2 - Starting...
2026-08-04T15:48:21.474+07:00  INFO [interaction-service,,] 71264 --- [interaction-service] [restartedMain] com.zaxxer.hikari.pool.HikariPool        : HikariPool-2 - Added connection org.postgresql.jdbc.PgConnection@43595c5e
2026-08-04T15:48:21.476+07:00  INFO [interaction-service,,] 71264 --- [interaction-service] [restartedMain] com.zaxxer.hikari.HikariDataSource       : HikariPool-2 - Start completed.
2026-08-04T15:48:21.515+07:00  WARN [interaction-service,,] 71264 --- [interaction-service] [restartedMain] org.hibernate.orm.deprecation            : HHH90000025: PostgreSQLDialect does not need to be specified explicitly using 'hibernate.dialect' (remove the property setting and it will be selected by default)
2026-08-04T15:48:21.817+07:00  INFO [interaction-service,,] 71264 --- [interaction-service] [restartedMain] o.h.e.t.j.p.i.JtaPlatformInitiator       : HHH000489: No JTA platform available (set 'hibernate.transaction.jta.platform' to enable JTA platform integration)
2026-08-04T15:48:21.861+07:00  INFO [interaction-service,,] 71264 --- [interaction-service] [restartedMain] j.LocalContainerEntityManagerFactoryBean : Initialized JPA EntityManagerFactory for persistence unit 'default'
2026-08-04T15:48:22.150+07:00  WARN [interaction-service,,] 71264 --- [interaction-service] [restartedMain] JpaBaseConfiguration$JpaWebConfiguration : spring.jpa.open-in-view is enabled by default. Therefore, database queries may be performed during view rendering. Explicitly configure spring.jpa.open-in-view to disable this warning
2026-08-04T15:48:22.187+07:00  INFO [interaction-service,,] 71264 --- [interaction-service] [restartedMain] o.s.b.d.a.OptionalLiveReloadServer       : LiveReload server is running on port 35729
2026-08-04T15:48:23.362+07:00  INFO [interaction-service,,] 71264 --- [interaction-service] [restartedMain] o.s.c.openfeign.FeignClientFactoryBean   : For 'post-service' URL not provided. Will try picking an instance via load-balancing.
2026-08-04T15:48:23.439+07:00  INFO [interaction-service,,] 71264 --- [interaction-service] [restartedMain] o.s.c.openfeign.FeignClientFactoryBean   : For 'user-service' URL not provided. Will try picking an instance via load-balancing.
2026-08-04T15:48:25.774+07:00  INFO [interaction-service,,] 71264 --- [interaction-service] [restartedMain] DiscoveryClientOptionalArgsConfiguration : Eureka HTTP Client uses RestTemplate.
2026-08-04T15:48:25.829+07:00  WARN [interaction-service,,] 71264 --- [interaction-service] [restartedMain] iguration$LoadBalancerCaffeineWarnLogger : Spring Cloud LoadBalancer is currently working with the default cache. While this cache implementation is useful for development and tests, it's recommended to use Caffeine cache in production.You can switch to using Caffeine cache, by adding it and org.springframework.cache.caffeine.CaffeineCacheManager to the classpath.
2026-08-04T15:48:25.875+07:00  INFO [interaction-service,,] 71264 --- [interaction-service] [restartedMain] o.s.b.a.e.web.EndpointLinksResolver      : Exposing 2 endpoints beneath base path '/actuator'
2026-08-04T15:48:25.997+07:00  INFO [interaction-service,,] 71264 --- [interaction-service] [restartedMain] o.s.c.n.eureka.InstanceInfoFactory       : Setting initial instance status as: STARTING
2026-08-04T15:48:26.015+07:00  INFO [interaction-service,,] 71264 --- [interaction-service] [restartedMain] com.netflix.discovery.DiscoveryClient    : Initializing Eureka in region us-east-1
2026-08-04T15:48:26.014+07:00  INFO [interaction-service,,] 71264 --- [interaction-service] [File Watcher] rtingClassPathChangeChangedEventListener : Restarting due to 37 class path changes (37 additions, 0 deletions, 0 modifications)
2026-08-04T15:48:26.017+07:00  INFO [interaction-service,,] 71264 --- [interaction-service] [restartedMain] c.n.d.s.r.aws.ConfigClusterResolver      : Resolving eureka endpoints via configuration
2026-08-04T15:48:26.019+07:00  INFO [interaction-service,,] 71264 --- [interaction-service] [restartedMain] com.netflix.discovery.DiscoveryClient    : Disable delta property : false
2026-08-04T15:48:26.020+07:00  INFO [interaction-service,,] 71264 --- [interaction-service] [restartedMain] com.netflix.discovery.DiscoveryClient    : Single vip registry refresh property : null
2026-08-04T15:48:26.021+07:00  INFO [interaction-service,,] 71264 --- [interaction-service] [restartedMain] com.netflix.discovery.DiscoveryClient    : Force full registry fetch : false
2026-08-04T15:48:26.022+07:00  INFO [interaction-service,,] 71264 --- [interaction-service] [restartedMain] com.netflix.discovery.DiscoveryClient    : Application is null : false
2026-08-04T15:48:26.024+07:00  INFO [interaction-service,,] 71264 --- [interaction-service] [restartedMain] com.netflix.discovery.DiscoveryClient    : Registered Applications size is zero : true
2026-08-04T15:48:26.024+07:00  INFO [interaction-service,,] 71264 --- [interaction-service] [restartedMain] com.netflix.discovery.DiscoveryClient    : Application version is -1: true
2026-08-04T15:48:26.025+07:00  INFO [interaction-service,,] 71264 --- [interaction-service] [restartedMain] com.netflix.discovery.DiscoveryClient    : Getting all instance registry info from the eureka server
2026-08-04T15:48:26.126+07:00  INFO [interaction-service,,] 71264 --- [interaction-service] [restartedMain] com.netflix.discovery.DiscoveryClient    : The response status is 200
2026-08-04T15:48:26.128+07:00  INFO [interaction-service,,] 71264 --- [interaction-service] [restartedMain] com.netflix.discovery.DiscoveryClient    : Starting heartbeat executor: renew interval is: 30
2026-08-04T15:48:26.130+07:00  INFO [interaction-service,,] 71264 --- [interaction-service] [restartedMain] c.n.discovery.InstanceInfoReplicator     : InstanceInfoReplicator onDemand update allowed rate per min is 4
2026-08-04T15:48:26.132+07:00  INFO [interaction-service,,] 71264 --- [interaction-service] [restartedMain] com.netflix.discovery.DiscoveryClient    : Discovery Client initialized at timestamp 1785833306132 with initial instances count: 3
2026-08-04T15:48:26.139+07:00  INFO [interaction-service,,] 71264 --- [interaction-service] [restartedMain] o.s.c.n.e.s.EurekaServiceRegistry        : Registering application INTERACTION-SERVICE with eureka with status UP
2026-08-04T15:48:26.141+07:00  INFO [interaction-service,,] 71264 --- [interaction-service] [restartedMain] com.netflix.discovery.DiscoveryClient    : Saw local status change event StatusChangeEvent [timestamp=1785833306141, current=UP, previous=STARTING]
2026-08-04T15:48:26.142+07:00  INFO [interaction-service,,] 71264 --- [interaction-service] [DiscoveryClient-InstanceInfoReplicator-%d] com.netflix.discovery.DiscoveryClient    : DiscoveryClient_INTERACTION-SERVICE/LAPTOP-4K64MGNI:interaction-service:8084: registering service...
2026-08-04T15:48:26.152+07:00  INFO [interaction-service,,] 71264 --- [interaction-service] [restartedMain] o.s.b.w.embedded.tomcat.TomcatWebServer  : Tomcat started on port 8084 (http) with context path '/'
2026-08-04T15:48:26.154+07:00  INFO [interaction-service,,] 71264 --- [interaction-service] [restartedMain] .s.c.n.e.s.EurekaAutoServiceRegistration : Updating port to 8084
2026-08-04T15:48:26.181+07:00  INFO [interaction-service,,] 71264 --- [interaction-service] [DiscoveryClient-InstanceInfoReplicator-%d] com.netflix.discovery.DiscoveryClient    : DiscoveryClient_INTERACTION-SERVICE/LAPTOP-4K64MGNI:interaction-service:8084 - registration status: 204
2026-08-04T15:48:27.055+07:00  INFO [interaction-service,,] 71264 --- [interaction-service] [restartedMain] o.s.a.r.c.CachingConnectionFactory       : Attempting to connect to: [localhost:5672]
2026-08-04T15:48:27.081+07:00  INFO [interaction-service,,] 71264 --- [interaction-service] [restartedMain] o.s.a.r.c.CachingConnectionFactory       : Created new connection: rabbitConnectionFactory#1386488f:0/SimpleConnection@557ac9c8 [delegate=amqp://guest@127.0.0.1:5672/, localPort=56751]
2026-08-04T15:48:27.210+07:00  INFO [interaction-service,,] 71264 --- [interaction-service] [restartedMain] c.n.S.InteractionServiceApplication      : Started InteractionServiceApplication in 11.979 seconds (process running for 161.499)
2026-08-04T15:48:27.211+07:00  INFO [interaction-service,,] 71264 --- [interaction-service] [Thread-9] o.s.c.n.e.s.EurekaServiceRegistry        : Unregistering application INTERACTION-SERVICE with eureka with status DOWN
2026-08-04T15:48:27.212+07:00  INFO [interaction-service,,] 71264 --- [interaction-service] [Thread-9] com.netflix.discovery.DiscoveryClient    : Saw local status change event StatusChangeEvent [timestamp=1785833307212, current=DOWN, previous=UP]
2026-08-04T15:48:27.213+07:00  INFO [interaction-service,,] 71264 --- [interaction-service] [DiscoveryClient-InstanceInfoReplicator-%d] com.netflix.discovery.DiscoveryClient    : DiscoveryClient_INTERACTION-SERVICE/LAPTOP-4K64MGNI:interaction-service:8084: registering service...
2026-08-04T15:48:27.227+07:00  INFO [interaction-service,,] 71264 --- [interaction-service] [org.springframework.amqp.rabbit.RabbitListenerEndpointContainer#0-2] o.s.a.r.l.SimpleMessageListenerContainer : Waiting for workers to finish.
2026-08-04T15:48:27.227+07:00  INFO [interaction-service,,] 71264 --- [interaction-service] [DiscoveryClient-InstanceInfoReplicator-%d] com.netflix.discovery.DiscoveryClient    : DiscoveryClient_INTERACTION-SERVICE/LAPTOP-4K64MGNI:interaction-service:8084 - registration status: 204
2026-08-04T15:48:27.229+07:00  INFO [interaction-service,,] 71264 --- [interaction-service] [restartedMain] .ConditionEvaluationDeltaLoggingListener : Condition evaluation unchanged
2026-08-04T15:48:28.170+07:00  INFO [interaction-service,,] 71264 --- [interaction-service] [org.springframework.amqp.rabbit.RabbitListenerEndpointContainer#0-2] o.s.a.r.l.SimpleMessageListenerContainer : Successfully waited for workers to finish.
2026-08-04T15:48:29.603+07:00  INFO [interaction-service,,] 71264 --- [interaction-service] [Thread-9] j.LocalContainerEntityManagerFactoryBean : Closing JPA EntityManagerFactory for persistence unit 'default'
2026-08-04T15:48:29.606+07:00  INFO [interaction-service,,] 71264 --- [interaction-service] [Thread-9] com.zaxxer.hikari.HikariDataSource       : HikariPool-2 - Shutdown initiated...
2026-08-04T15:48:29.629+07:00  INFO [interaction-service,,] 71264 --- [interaction-service] [Thread-9] com.zaxxer.hikari.HikariDataSource       : HikariPool-2 - Shutdown completed.
2026-08-04T15:48:29.633+07:00  INFO [interaction-service,,] 71264 --- [interaction-service] [Thread-9] com.netflix.discovery.DiscoveryClient    : Shutting down DiscoveryClient ...
2026-08-04T15:48:32.636+07:00  INFO [interaction-service,,] 71264 --- [interaction-service] [Thread-9] com.netflix.discovery.DiscoveryClient    : Unregistering ...
2026-08-04T15:48:32.659+07:00  INFO [interaction-service,,] 71264 --- [interaction-service] [Thread-9] com.netflix.discovery.DiscoveryClient    : DiscoveryClient_INTERACTION-SERVICE/LAPTOP-4K64MGNI:interaction-service:8084 - deregister  status: 200
2026-08-04T15:48:32.660+07:00  INFO [interaction-service,,] 71264 --- [interaction-service] [Thread-9] com.netflix.discovery.DiscoveryClient    : Completed shut down of DiscoveryClient
2026-08-04T15:48:33.666+07:00  INFO [interaction-service,,] 71264 --- [interaction-service] [restartedMain] c.n.S.InteractionServiceApplication      : Starting InteractionServiceApplication using Java 17.0.9 with PID 71264 (D:\Projects\Social-media\backend\interaction-service\target\classes started by BANG in D:\Projects\Social-media\backend\interaction-service)
2026-08-04T15:48:33.668+07:00  INFO [interaction-service,,] 71264 --- [interaction-service] [restartedMain] c.n.S.InteractionServiceApplication      : No active profile set, falling back to 1 default profile: "default"
2026-08-04T15:48:34.635+07:00  INFO [interaction-service,,] 71264 --- [interaction-service] [restartedMain] .s.d.r.c.RepositoryConfigurationDelegate : Bootstrapping Spring Data JPA repositories in DEFAULT mode.
2026-08-04T15:48:34.670+07:00  INFO [interaction-service,,] 71264 --- [interaction-service] [restartedMain] .s.d.r.c.RepositoryConfigurationDelegate : Finished Spring Data repository scanning in 34 ms. Found 3 JPA repository interfaces.
2026-08-04T15:48:34.883+07:00  INFO [interaction-service,,] 71264 --- [interaction-service] [restartedMain] o.s.cloud.context.scope.GenericScope     : BeanFactory id=b38273d2-eae7-3faa-b687-e920a060f288
2026-08-04T15:48:35.089+07:00  INFO [interaction-service,,] 71264 --- [interaction-service] [restartedMain] o.s.b.w.embedded.tomcat.TomcatWebServer  : Tomcat initialized with port 8084 (http)
2026-08-04T15:48:35.091+07:00  INFO [interaction-service,,] 71264 --- [interaction-service] [restartedMain] o.apache.catalina.core.StandardService   : Starting service [Tomcat]
2026-08-04T15:48:35.092+07:00  INFO [interaction-service,,] 71264 --- [interaction-service] [restartedMain] o.apache.catalina.core.StandardEngine    : Starting Servlet engine: [Apache Tomcat/10.1.42]
2026-08-04T15:48:35.174+07:00  INFO [interaction-service,,] 71264 --- [interaction-service] [restartedMain] o.a.c.c.C.[Tomcat].[localhost].[/]       : Initializing Spring embedded WebApplicationContext
2026-08-04T15:48:35.174+07:00  INFO [interaction-service,,] 71264 --- [interaction-service] [restartedMain] w.s.c.ServletWebServerApplicationContext : Root WebApplicationContext: initialization completed in 1501 ms
2026-08-04T15:48:35.433+07:00  INFO [interaction-service,,] 71264 --- [interaction-service] [restartedMain] o.hibernate.jpa.internal.util.LogHelper  : HHH000204: Processing PersistenceUnitInfo [name: default]
2026-08-04T15:48:35.441+07:00  INFO [interaction-service,,] 71264 --- [interaction-service] [restartedMain] o.h.c.internal.RegionFactoryInitiator    : HHH000026: Second-level cache disabled
2026-08-04T15:48:35.463+07:00  INFO [interaction-service,,] 71264 --- [interaction-service] [restartedMain] o.s.o.j.p.SpringPersistenceUnitInfo      : No LoadTimeWeaver setup: ignoring JPA class transformer
2026-08-04T15:48:35.465+07:00  INFO [interaction-service,,] 71264 --- [interaction-service] [restartedMain] com.zaxxer.hikari.HikariDataSource       : HikariPool-3 - Starting...
2026-08-04T15:48:35.698+07:00  INFO [interaction-service,,] 71264 --- [interaction-service] [restartedMain] com.zaxxer.hikari.pool.HikariPool        : HikariPool-3 - Added connection org.postgresql.jdbc.PgConnection@2bee06ae
2026-08-04T15:48:35.698+07:00  INFO [interaction-service,,] 71264 --- [interaction-service] [restartedMain] com.zaxxer.hikari.HikariDataSource       : HikariPool-3 - Start completed.
2026-08-04T15:48:35.717+07:00  WARN [interaction-service,,] 71264 --- [interaction-service] [restartedMain] org.hibernate.orm.deprecation            : HHH90000025: PostgreSQLDialect does not need to be specified explicitly using 'hibernate.dialect' (remove the property setting and it will be selected by default)
2026-08-04T15:48:35.908+07:00  INFO [interaction-service,,] 71264 --- [interaction-service] [restartedMain] o.h.e.t.j.p.i.JtaPlatformInitiator       : HHH000489: No JTA platform available (set 'hibernate.transaction.jta.platform' to enable JTA platform integration)
2026-08-04T15:48:35.946+07:00  INFO [interaction-service,,] 71264 --- [interaction-service] [restartedMain] j.LocalContainerEntityManagerFactoryBean : Initialized JPA EntityManagerFactory for persistence unit 'default'
2026-08-04T15:48:36.130+07:00  WARN [interaction-service,,] 71264 --- [interaction-service] [restartedMain] JpaBaseConfiguration$JpaWebConfiguration : spring.jpa.open-in-view is enabled by default. Therefore, database queries may be performed during view rendering. Explicitly configure spring.jpa.open-in-view to disable this warning
2026-08-04T15:48:36.157+07:00  INFO [interaction-service,,] 71264 --- [interaction-service] [restartedMain] o.s.b.d.a.OptionalLiveReloadServer       : LiveReload server is running on port 35729
2026-08-04T15:48:37.016+07:00  INFO [interaction-service,,] 71264 --- [interaction-service] [restartedMain] o.s.c.openfeign.FeignClientFactoryBean   : For 'post-service' URL not provided. Will try picking an instance via load-balancing.
2026-08-04T15:48:37.065+07:00  INFO [interaction-service,,] 71264 --- [interaction-service] [restartedMain] o.s.c.openfeign.FeignClientFactoryBean   : For 'user-service' URL not provided. Will try picking an instance via load-balancing.
2026-08-04T15:48:38.173+07:00  INFO [interaction-service,,] 71264 --- [interaction-service] [restartedMain] DiscoveryClientOptionalArgsConfiguration : Eureka HTTP Client uses RestTemplate.
2026-08-04T15:48:38.193+07:00  WARN [interaction-service,,] 71264 --- [interaction-service] [restartedMain] iguration$LoadBalancerCaffeineWarnLogger : Spring Cloud LoadBalancer is currently working with the default cache. While this cache implementation is useful for development and tests, it's recommended to use Caffeine cache in production.You can switch to using Caffeine cache, by adding it and org.springframework.cache.caffeine.CaffeineCacheManager to the classpath.
2026-08-04T15:48:38.209+07:00  INFO [interaction-service,,] 71264 --- [interaction-service] [restartedMain] o.s.b.a.e.web.EndpointLinksResolver      : Exposing 2 endpoints beneath base path '/actuator'
2026-08-04T15:48:38.246+07:00  INFO [interaction-service,,] 71264 --- [interaction-service] [restartedMain] o.s.c.n.eureka.InstanceInfoFactory       : Setting initial instance status as: STARTING
2026-08-04T15:48:38.249+07:00  INFO [interaction-service,,] 71264 --- [interaction-service] [restartedMain] com.netflix.discovery.DiscoveryClient    : Initializing Eureka in region us-east-1
2026-08-04T15:48:38.250+07:00  INFO [interaction-service,,] 71264 --- [interaction-service] [restartedMain] c.n.d.s.r.aws.ConfigClusterResolver      : Resolving eureka endpoints via configuration
2026-08-04T15:48:38.251+07:00  INFO [interaction-service,,] 71264 --- [interaction-service] [restartedMain] com.netflix.discovery.DiscoveryClient    : Disable delta property : false
2026-08-04T15:48:38.251+07:00  INFO [interaction-service,,] 71264 --- [interaction-service] [restartedMain] com.netflix.discovery.DiscoveryClient    : Single vip registry refresh property : null
2026-08-04T15:48:38.251+07:00  INFO [interaction-service,,] 71264 --- [interaction-service] [restartedMain] com.netflix.discovery.DiscoveryClient    : Force full registry fetch : false
2026-08-04T15:48:38.252+07:00  INFO [interaction-service,,] 71264 --- [interaction-service] [restartedMain] com.netflix.discovery.DiscoveryClient    : Application is null : false
2026-08-04T15:48:38.252+07:00  INFO [interaction-service,,] 71264 --- [interaction-service] [restartedMain] com.netflix.discovery.DiscoveryClient    : Registered Applications size is zero : true
2026-08-04T15:48:38.252+07:00  INFO [interaction-service,,] 71264 --- [interaction-service] [restartedMain] com.netflix.discovery.DiscoveryClient    : Application version is -1: true
2026-08-04T15:48:38.253+07:00  INFO [interaction-service,,] 71264 --- [interaction-service] [restartedMain] com.netflix.discovery.DiscoveryClient    : Getting all instance registry info from the eureka server
2026-08-04T15:48:38.302+07:00  INFO [interaction-service,,] 71264 --- [interaction-service] [restartedMain] com.netflix.discovery.DiscoveryClient    : The response status is 200
2026-08-04T15:48:38.303+07:00  INFO [interaction-service,,] 71264 --- [interaction-service] [restartedMain] com.netflix.discovery.DiscoveryClient    : Starting heartbeat executor: renew interval is: 30
2026-08-04T15:48:38.304+07:00  INFO [interaction-service,,] 71264 --- [interaction-service] [restartedMain] c.n.discovery.InstanceInfoReplicator     : InstanceInfoReplicator onDemand update allowed rate per min is 4
2026-08-04T15:48:38.305+07:00  INFO [interaction-service,,] 71264 --- [interaction-service] [restartedMain] com.netflix.discovery.DiscoveryClient    : Discovery Client initialized at timestamp 1785833318305 with initial instances count: 4
2026-08-04T15:48:38.308+07:00  INFO [interaction-service,,] 71264 --- [interaction-service] [restartedMain] o.s.c.n.e.s.EurekaServiceRegistry        : Registering application INTERACTION-SERVICE with eureka with status UP
2026-08-04T15:48:38.309+07:00  INFO [interaction-service,,] 71264 --- [interaction-service] [restartedMain] com.netflix.discovery.DiscoveryClient    : Saw local status change event StatusChangeEvent [timestamp=1785833318309, current=UP, previous=STARTING]
2026-08-04T15:48:38.310+07:00  INFO [interaction-service,,] 71264 --- [interaction-service] [DiscoveryClient-InstanceInfoReplicator-%d] com.netflix.discovery.DiscoveryClient    : DiscoveryClient_INTERACTION-SERVICE/LAPTOP-4K64MGNI:interaction-service:8084: registering service...
2026-08-04T15:48:38.317+07:00  INFO [interaction-service,,] 71264 --- [interaction-service] [restartedMain] o.s.b.w.embedded.tomcat.TomcatWebServer  : Tomcat started on port 8084 (http) with context path '/'
2026-08-04T15:48:38.318+07:00  INFO [interaction-service,,] 71264 --- [interaction-service] [restartedMain] .s.c.n.e.s.EurekaAutoServiceRegistration : Updating port to 8084
2026-08-04T15:48:38.331+07:00  INFO [interaction-service,,] 71264 --- [interaction-service] [DiscoveryClient-InstanceInfoReplicator-%d] com.netflix.discovery.DiscoveryClient    : DiscoveryClient_INTERACTION-SERVICE/LAPTOP-4K64MGNI:interaction-service:8084 - registration status: 204
2026-08-04T15:48:38.769+07:00  INFO [interaction-service,,] 71264 --- [interaction-service] [restartedMain] o.s.a.r.c.CachingConnectionFactory       : Attempting to connect to: [localhost:5672]
2026-08-04T15:48:38.784+07:00  INFO [interaction-service,,] 71264 --- [interaction-service] [restartedMain] o.s.a.r.c.CachingConnectionFactory       : Created new connection: rabbitConnectionFactory#3653539:0/SimpleConnection@98df5d [delegate=amqp://guest@127.0.0.1:5672/, localPort=59529]
2026-08-04T15:48:38.855+07:00  INFO [interaction-service,,] 71264 --- [interaction-service] [restartedMain] c.n.S.InteractionServiceApplication      : Started InteractionServiceApplication in 6.065 seconds (process running for 173.144)
2026-08-04T15:48:38.862+07:00  INFO [interaction-service,,] 71264 --- [interaction-service] [restartedMain] .ConditionEvaluationDeltaLoggingListener : Condition evaluation unchanged
2026-08-04T15:48:40.683+07:00  INFO [interaction-service,,] 71264 --- [interaction-service] [http-nio-8084-exec-1] o.a.c.c.C.[Tomcat].[localhost].[/]       : Initializing Spring DispatcherServlet 'dispatcherServlet'
2026-08-04T15:48:40.683+07:00  INFO [interaction-service,,] 71264 --- [interaction-service] [http-nio-8084-exec-1] o.s.web.servlet.DispatcherServlet        : Initializing Servlet 'dispatcherServlet'
2026-08-04T15:48:40.685+07:00  INFO [interaction-service,,] 71264 --- [interaction-service] [http-nio-8084-exec-1] o.s.web.servlet.DispatcherServlet        : Completed initialization in 2 ms
2026-08-04T15:53:38.268+07:00  INFO [interaction-service,,] 71264 --- [interaction-service] [AsyncResolver-bootstrap-executor-%d] c.n.d.s.r.aws.ConfigClusterResolver      : Resolving eureka endpoints via configuration
2026-08-04T15:58:38.279+07:00  INFO [interaction-service,,] 71264 --- [interaction-service] [AsyncResolver-bootstrap-executor-%d] c.n.d.s.r.aws.ConfigClusterResolver      : Resolving eureka endpoints via configuration
2026-08-04T16:02:46.270+07:00  INFO [interaction-service,,] 71264 --- [interaction-service] [File Watcher] rtingClassPathChangeChangedEventListener : Restarting due to 4 class path changes (0 additions, 0 deletions, 4 modifications)
2026-08-04T16:02:46.274+07:00  INFO [interaction-service,,] 71264 --- [interaction-service] [Thread-15] o.s.c.n.e.s.EurekaServiceRegistry        : Unregistering application INTERACTION-SERVICE with eureka with status DOWN
2026-08-04T16:02:46.275+07:00  INFO [interaction-service,,] 71264 --- [interaction-service] [Thread-15] com.netflix.discovery.DiscoveryClient    : Saw local status change event StatusChangeEvent [timestamp=1785834166275, current=DOWN, previous=UP]
2026-08-04T16:02:46.276+07:00  INFO [interaction-service,,] 71264 --- [interaction-service] [DiscoveryClient-InstanceInfoReplicator-%d] com.netflix.discovery.DiscoveryClient    : DiscoveryClient_INTERACTION-SERVICE/LAPTOP-4K64MGNI:interaction-service:8084: registering service...
2026-08-04T16:02:46.281+07:00  INFO [interaction-service,,] 71264 --- [interaction-service] [org.springframework.amqp.rabbit.RabbitListenerEndpointContainer#0-2] o.s.a.r.l.SimpleMessageListenerContainer : Waiting for workers to finish.
2026-08-04T16:02:46.287+07:00  INFO [interaction-service,,] 71264 --- [interaction-service] [DiscoveryClient-InstanceInfoReplicator-%d] com.netflix.discovery.DiscoveryClient    : DiscoveryClient_INTERACTION-SERVICE/LAPTOP-4K64MGNI:interaction-service:8084 - registration status: 204
2026-08-04T16:02:47.229+07:00  INFO [interaction-service,,] 71264 --- [interaction-service] [org.springframework.amqp.rabbit.RabbitListenerEndpointContainer#0-2] o.s.a.r.l.SimpleMessageListenerContainer : Successfully waited for workers to finish.
2026-08-04T16:02:47.534+07:00  INFO [interaction-service,,] 71264 --- [interaction-service] [Thread-15] j.LocalContainerEntityManagerFactoryBean : Closing JPA EntityManagerFactory for persistence unit 'default'
2026-08-04T16:02:47.537+07:00  INFO [interaction-service,,] 71264 --- [interaction-service] [Thread-15] com.zaxxer.hikari.HikariDataSource       : HikariPool-3 - Shutdown initiated...
2026-08-04T16:02:47.541+07:00  INFO [interaction-service,,] 71264 --- [interaction-service] [Thread-15] com.zaxxer.hikari.HikariDataSource       : HikariPool-3 - Shutdown completed.
2026-08-04T16:02:47.542+07:00  INFO [interaction-service,,] 71264 --- [interaction-service] [Thread-15] com.netflix.discovery.DiscoveryClient    : Shutting down DiscoveryClient ...
2026-08-04T16:02:50.554+07:00  INFO [interaction-service,,] 71264 --- [interaction-service] [Thread-15] com.netflix.discovery.DiscoveryClient    : Unregistering ...
2026-08-04T16:02:50.573+07:00  INFO [interaction-service,,] 71264 --- [interaction-service] [Thread-15] com.netflix.discovery.DiscoveryClient    : DiscoveryClient_INTERACTION-SERVICE/LAPTOP-4K64MGNI:interaction-service:8084 - deregister  status: 200
2026-08-04T16:02:50.574+07:00  INFO [interaction-service,,] 71264 --- [interaction-service] [Thread-15] com.netflix.discovery.DiscoveryClient    : Completed shut down of DiscoveryClient
2026-08-04T16:02:50.805+07:00  INFO [interaction-service,,] 71264 --- [interaction-service] [restartedMain] c.n.S.InteractionServiceApplication      : Starting InteractionServiceApplication using Java 17.0.9 with PID 71264 (D:\Projects\Social-media\backend\interaction-service\target\classes started by BANG in D:\Projects\Social-media\backend\interaction-service)
2026-08-04T16:02:50.806+07:00  INFO [interaction-service,,] 71264 --- [interaction-service] [restartedMain] c.n.S.InteractionServiceApplication      : No active profile set, falling back to 1 default profile: "default"
2026-08-04T16:02:51.053+07:00  INFO [interaction-service,,] 71264 --- [interaction-service] [restartedMain] .s.d.r.c.RepositoryConfigurationDelegate : Bootstrapping Spring Data JPA repositories in DEFAULT mode.
2026-08-04T16:02:51.069+07:00  INFO [interaction-service,,] 71264 --- [interaction-service] [restartedMain] .s.d.r.c.RepositoryConfigurationDelegate : Finished Spring Data repository scanning in 15 ms. Found 3 JPA repository interfaces.
2026-08-04T16:02:51.141+07:00  INFO [interaction-service,,] 71264 --- [interaction-service] [restartedMain] o.s.cloud.context.scope.GenericScope     : BeanFactory id=2272e450-8288-3f17-b366-feb225e5ee3b
2026-08-04T16:02:51.197+07:00  INFO [interaction-service,,] 71264 --- [interaction-service] [restartedMain] o.s.b.w.embedded.tomcat.TomcatWebServer  : Tomcat initialized with port 8084 (http)
2026-08-04T16:02:51.198+07:00  INFO [interaction-service,,] 71264 --- [interaction-service] [restartedMain] o.apache.catalina.core.StandardService   : Starting service [Tomcat]
2026-08-04T16:02:51.198+07:00  INFO [interaction-service,,] 71264 --- [interaction-service] [restartedMain] o.apache.catalina.core.StandardEngine    : Starting Servlet engine: [Apache Tomcat/10.1.42]
2026-08-04T16:02:51.219+07:00  INFO [interaction-service,,] 71264 --- [interaction-service] [restartedMain] o.a.c.c.C.[Tomcat].[localhost].[/]       : Initializing Spring embedded WebApplicationContext
2026-08-04T16:02:51.219+07:00  INFO [interaction-service,,] 71264 --- [interaction-service] [restartedMain] w.s.c.ServletWebServerApplicationContext : Root WebApplicationContext: initialization completed in 411 ms
2026-08-04T16:02:51.282+07:00  INFO [interaction-service,,] 71264 --- [interaction-service] [restartedMain] o.hibernate.jpa.internal.util.LogHelper  : HHH000204: Processing PersistenceUnitInfo [name: default]
2026-08-04T16:02:51.285+07:00  INFO [interaction-service,,] 71264 --- [interaction-service] [restartedMain] o.h.c.internal.RegionFactoryInitiator    : HHH000026: Second-level cache disabled
2026-08-04T16:02:51.289+07:00  INFO [interaction-service,,] 71264 --- [interaction-service] [restartedMain] o.s.o.j.p.SpringPersistenceUnitInfo      : No LoadTimeWeaver setup: ignoring JPA class transformer
2026-08-04T16:02:51.291+07:00  INFO [interaction-service,,] 71264 --- [interaction-service] [restartedMain] com.zaxxer.hikari.HikariDataSource       : HikariPool-4 - Starting...
2026-08-04T16:02:51.337+07:00  INFO [interaction-service,,] 71264 --- [interaction-service] [restartedMain] com.zaxxer.hikari.pool.HikariPool        : HikariPool-4 - Added connection org.postgresql.jdbc.PgConnection@11123710
2026-08-04T16:02:51.337+07:00  INFO [interaction-service,,] 71264 --- [interaction-service] [restartedMain] com.zaxxer.hikari.HikariDataSource       : HikariPool-4 - Start completed.
2026-08-04T16:02:51.345+07:00  WARN [interaction-service,,] 71264 --- [interaction-service] [restartedMain] org.hibernate.orm.deprecation            : HHH90000025: PostgreSQLDialect does not need to be specified explicitly using 'hibernate.dialect' (remove the property setting and it will be selected by default)
2026-08-04T16:02:51.398+07:00  INFO [interaction-service,,] 71264 --- [interaction-service] [restartedMain] o.h.e.t.j.p.i.JtaPlatformInitiator       : HHH000489: No JTA platform available (set 'hibernate.transaction.jta.platform' to enable JTA platform integration)
2026-08-04T16:02:51.408+07:00  INFO [interaction-service,,] 71264 --- [interaction-service] [restartedMain] j.LocalContainerEntityManagerFactoryBean : Initialized JPA EntityManagerFactory for persistence unit 'default'
2026-08-04T16:02:51.472+07:00  WARN [interaction-service,,] 71264 --- [interaction-service] [restartedMain] JpaBaseConfiguration$JpaWebConfiguration : spring.jpa.open-in-view is enabled by default. Therefore, database queries may be performed during view rendering. Explicitly configure spring.jpa.open-in-view to disable this warning
2026-08-04T16:02:51.480+07:00  INFO [interaction-service,,] 71264 --- [interaction-service] [restartedMain] o.s.b.d.a.OptionalLiveReloadServer       : LiveReload server is running on port 35729
2026-08-04T16:02:51.655+07:00  INFO [interaction-service,,] 71264 --- [interaction-service] [restartedMain] o.s.c.openfeign.FeignClientFactoryBean   : For 'post-service' URL not provided. Will try picking an instance via load-balancing.
2026-08-04T16:02:51.675+07:00  INFO [interaction-service,,] 71264 --- [interaction-service] [restartedMain] o.s.c.openfeign.FeignClientFactoryBean   : For 'user-service' URL not provided. Will try picking an instance via load-balancing.
2026-08-04T16:02:51.718+07:00  WARN [interaction-service,,] 71264 --- [interaction-service] [restartedMain] ConfigServletWebServerApplicationContext : Exception encountered during context initialization - cancelling refresh attempt: org.springframework.beans.factory.UnsatisfiedDependencyException: Error creating bean with name 'postLikeController' defined in file [D:\Projects\Social-media\backend\interaction-service\target\classes\com\nguyenthanhbang\Social_media\controller\user\PostLikeController.class]: Unsatisfied dependency expressed through constructor parameter 0: No qualifying bean of type 'com.nguyenthanhbang.Social_media.service.PostLikeService' available: expected at least 1 bean which qualifies as autowire candidate. Dependency annotations: {}
2026-08-04T16:02:51.719+07:00  WARN [interaction-service,,] 71264 --- [interaction-service] [restartedMain] s.c.a.AnnotationConfigApplicationContext : Exception thrown from ApplicationListener handling ContextClosedEvent

org.springframework.beans.factory.BeanCreationNotAllowedException: Error creating bean with name 'applicationTaskExecutor': Singleton bean creation not allowed while singletons of this factory are in destruction (Do not request a bean from a BeanFactory in a destroy method implementation!)
	at org.springframework.beans.factory.support.DefaultSingletonBeanRegistry.getSingleton(DefaultSingletonBeanRegistry.java:220) ~[spring-beans-6.1.21.jar:6.1.21]
	at org.springframework.beans.factory.support.AbstractBeanFactory.doGetBean(AbstractBeanFactory.java:335) ~[spring-beans-6.1.21.jar:6.1.21]
	at org.springframework.beans.factory.support.AbstractBeanFactory.getBean(AbstractBeanFactory.java:205) ~[spring-beans-6.1.21.jar:6.1.21]
	at org.springframework.context.event.AbstractApplicationEventMulticaster.retrieveApplicationListeners(AbstractApplicationEventMulticaster.java:265) ~[spring-context-6.1.21.jar:6.1.21]
	at org.springframework.context.event.AbstractApplicationEventMulticaster.getApplicationListeners(AbstractApplicationEventMulticaster.java:222) ~[spring-context-6.1.21.jar:6.1.21]
	at org.springframework.context.event.SimpleApplicationEventMulticaster.multicastEvent(SimpleApplicationEventMulticaster.java:145) ~[spring-context-6.1.21.jar:6.1.21]
	at org.springframework.context.support.AbstractApplicationContext.publishEvent(AbstractApplicationContext.java:452) ~[spring-context-6.1.21.jar:6.1.21]
	at org.springframework.context.support.AbstractApplicationContext.publishEvent(AbstractApplicationContext.java:458) ~[spring-context-6.1.21.jar:6.1.21]
	at org.springframework.context.support.AbstractApplicationContext.publishEvent(AbstractApplicationContext.java:385) ~[spring-context-6.1.21.jar:6.1.21]
	at org.springframework.context.support.AbstractApplicationContext.doClose(AbstractApplicationContext.java:1139) ~[spring-context-6.1.21.jar:6.1.21]
	at org.springframework.context.support.AbstractApplicationContext.close(AbstractApplicationContext.java:1102) ~[spring-context-6.1.21.jar:6.1.21]
	at org.springframework.cloud.context.named.NamedContextFactory.destroy(NamedContextFactory.java:114) ~[spring-cloud-context-4.1.5.jar:4.1.5]
	at org.springframework.beans.factory.support.DisposableBeanAdapter.destroy(DisposableBeanAdapter.java:211) ~[spring-beans-6.1.21.jar:6.1.21]
	at org.springframework.beans.factory.support.DefaultSingletonBeanRegistry.destroyBean(DefaultSingletonBeanRegistry.java:587) ~[spring-beans-6.1.21.jar:6.1.21]
	at org.springframework.beans.factory.support.DefaultSingletonBeanRegistry.destroySingleton(DefaultSingletonBeanRegistry.java:559) ~[spring-beans-6.1.21.jar:6.1.21]
	at org.springframework.beans.factory.support.DefaultListableBeanFactory.destroySingleton(DefaultListableBeanFactory.java:1207) ~[spring-beans-6.1.21.jar:6.1.21]
	at org.springframework.beans.factory.support.DefaultSingletonBeanRegistry.destroySingletons(DefaultSingletonBeanRegistry.java:520) ~[spring-beans-6.1.21.jar:6.1.21]
	at org.springframework.beans.factory.support.DefaultListableBeanFactory.destroySingletons(DefaultListableBeanFactory.java:1200) ~[spring-beans-6.1.21.jar:6.1.21]
	at org.springframework.context.support.AbstractApplicationContext.destroyBeans(AbstractApplicationContext.java:1195) ~[spring-context-6.1.21.jar:6.1.21]
	at org.springframework.context.support.AbstractApplicationContext.refresh(AbstractApplicationContext.java:638) ~[spring-context-6.1.21.jar:6.1.21]
	at org.springframework.boot.web.servlet.context.ServletWebServerApplicationContext.refresh(ServletWebServerApplicationContext.java:146) ~[spring-boot-3.3.13.jar:3.3.13]
	at org.springframework.boot.SpringApplication.refresh(SpringApplication.java:754) ~[spring-boot-3.3.13.jar:3.3.13]
	at org.springframework.boot.SpringApplication.refreshContext(SpringApplication.java:456) ~[spring-boot-3.3.13.jar:3.3.13]
	at org.springframework.boot.SpringApplication.run(SpringApplication.java:335) ~[spring-boot-3.3.13.jar:3.3.13]
	at org.springframework.boot.SpringApplication.run(SpringApplication.java:1363) ~[spring-boot-3.3.13.jar:3.3.13]
	at org.springframework.boot.SpringApplication.run(SpringApplication.java:1352) ~[spring-boot-3.3.13.jar:3.3.13]
	at com.nguyenthanhbang.Social_media.InteractionServiceApplication.main(InteractionServiceApplication.java:11) ~[classes/:na]
	at java.base/jdk.internal.reflect.NativeMethodAccessorImpl.invoke0(Native Method) ~[na:na]
	at java.base/jdk.internal.reflect.NativeMethodAccessorImpl.invoke(NativeMethodAccessorImpl.java:77) ~[na:na]
	at java.base/jdk.internal.reflect.DelegatingMethodAccessorImpl.invoke(DelegatingMethodAccessorImpl.java:43) ~[na:na]
	at java.base/java.lang.reflect.Method.invoke(Method.java:568) ~[na:na]
	at org.springframework.boot.devtools.restart.RestartLauncher.run(RestartLauncher.java:50) ~[spring-boot-devtools-3.3.13.jar:3.3.13]

2026-08-04T16:02:51.723+07:00  WARN [interaction-service,,] 71264 --- [interaction-service] [restartedMain] s.c.a.AnnotationConfigApplicationContext : Exception thrown from ApplicationListener handling ContextClosedEvent

org.springframework.beans.factory.BeanCreationNotAllowedException: Error creating bean with name 'applicationTaskExecutor': Singleton bean creation not allowed while singletons of this factory are in destruction (Do not request a bean from a BeanFactory in a destroy method implementation!)
	at org.springframework.beans.factory.support.DefaultSingletonBeanRegistry.getSingleton(DefaultSingletonBeanRegistry.java:220) ~[spring-beans-6.1.21.jar:6.1.21]
	at org.springframework.beans.factory.support.AbstractBeanFactory.doGetBean(AbstractBeanFactory.java:335) ~[spring-beans-6.1.21.jar:6.1.21]
	at org.springframework.beans.factory.support.AbstractBeanFactory.getBean(AbstractBeanFactory.java:205) ~[spring-beans-6.1.21.jar:6.1.21]
	at org.springframework.context.event.AbstractApplicationEventMulticaster.retrieveApplicationListeners(AbstractApplicationEventMulticaster.java:265) ~[spring-context-6.1.21.jar:6.1.21]
	at org.springframework.context.event.AbstractApplicationEventMulticaster.getApplicationListeners(AbstractApplicationEventMulticaster.java:222) ~[spring-context-6.1.21.jar:6.1.21]
	at org.springframework.context.event.SimpleApplicationEventMulticaster.multicastEvent(SimpleApplicationEventMulticaster.java:145) ~[spring-context-6.1.21.jar:6.1.21]
	at org.springframework.context.support.AbstractApplicationContext.publishEvent(AbstractApplicationContext.java:452) ~[spring-context-6.1.21.jar:6.1.21]
	at org.springframework.context.support.AbstractApplicationContext.publishEvent(AbstractApplicationContext.java:458) ~[spring-context-6.1.21.jar:6.1.21]
	at org.springframework.context.support.AbstractApplicationContext.publishEvent(AbstractApplicationContext.java:385) ~[spring-context-6.1.21.jar:6.1.21]
	at org.springframework.context.support.AbstractApplicationContext.doClose(AbstractApplicationContext.java:1139) ~[spring-context-6.1.21.jar:6.1.21]
	at org.springframework.context.support.AbstractApplicationContext.close(AbstractApplicationContext.java:1102) ~[spring-context-6.1.21.jar:6.1.21]
	at org.springframework.cloud.context.named.NamedContextFactory.destroy(NamedContextFactory.java:114) ~[spring-cloud-context-4.1.5.jar:4.1.5]
	at org.springframework.beans.factory.support.DisposableBeanAdapter.destroy(DisposableBeanAdapter.java:211) ~[spring-beans-6.1.21.jar:6.1.21]
	at org.springframework.beans.factory.support.DefaultSingletonBeanRegistry.destroyBean(DefaultSingletonBeanRegistry.java:587) ~[spring-beans-6.1.21.jar:6.1.21]
	at org.springframework.beans.factory.support.DefaultSingletonBeanRegistry.destroySingleton(DefaultSingletonBeanRegistry.java:559) ~[spring-beans-6.1.21.jar:6.1.21]
	at org.springframework.beans.factory.support.DefaultListableBeanFactory.destroySingleton(DefaultListableBeanFactory.java:1207) ~[spring-beans-6.1.21.jar:6.1.21]
	at org.springframework.beans.factory.support.DefaultSingletonBeanRegistry.destroySingletons(DefaultSingletonBeanRegistry.java:520) ~[spring-beans-6.1.21.jar:6.1.21]
	at org.springframework.beans.factory.support.DefaultListableBeanFactory.destroySingletons(DefaultListableBeanFactory.java:1200) ~[spring-beans-6.1.21.jar:6.1.21]
	at org.springframework.context.support.AbstractApplicationContext.destroyBeans(AbstractApplicationContext.java:1195) ~[spring-context-6.1.21.jar:6.1.21]
	at org.springframework.context.support.AbstractApplicationContext.refresh(AbstractApplicationContext.java:638) ~[spring-context-6.1.21.jar:6.1.21]
	at org.springframework.boot.web.servlet.context.ServletWebServerApplicationContext.refresh(ServletWebServerApplicationContext.java:146) ~[spring-boot-3.3.13.jar:3.3.13]
	at org.springframework.boot.SpringApplication.refresh(SpringApplication.java:754) ~[spring-boot-3.3.13.jar:3.3.13]
	at org.springframework.boot.SpringApplication.refreshContext(SpringApplication.java:456) ~[spring-boot-3.3.13.jar:3.3.13]
	at org.springframework.boot.SpringApplication.run(SpringApplication.java:335) ~[spring-boot-3.3.13.jar:3.3.13]
	at org.springframework.boot.SpringApplication.run(SpringApplication.java:1363) ~[spring-boot-3.3.13.jar:3.3.13]
	at org.springframework.boot.SpringApplication.run(SpringApplication.java:1352) ~[spring-boot-3.3.13.jar:3.3.13]
	at com.nguyenthanhbang.Social_media.InteractionServiceApplication.main(InteractionServiceApplication.java:11) ~[classes/:na]
	at java.base/jdk.internal.reflect.NativeMethodAccessorImpl.invoke0(Native Method) ~[na:na]
	at java.base/jdk.internal.reflect.NativeMethodAccessorImpl.invoke(NativeMethodAccessorImpl.java:77) ~[na:na]
	at java.base/jdk.internal.reflect.DelegatingMethodAccessorImpl.invoke(DelegatingMethodAccessorImpl.java:43) ~[na:na]
	at java.base/java.lang.reflect.Method.invoke(Method.java:568) ~[na:na]
	at org.springframework.boot.devtools.restart.RestartLauncher.run(RestartLauncher.java:50) ~[spring-boot-devtools-3.3.13.jar:3.3.13]

2026-08-04T16:02:51.724+07:00  INFO [interaction-service,,] 71264 --- [interaction-service] [restartedMain] j.LocalContainerEntityManagerFactoryBean : Closing JPA EntityManagerFactory for persistence unit 'default'
2026-08-04T16:02:51.725+07:00  INFO [interaction-service,,] 71264 --- [interaction-service] [restartedMain] com.zaxxer.hikari.HikariDataSource       : HikariPool-4 - Shutdown initiated...
2026-08-04T16:02:51.763+07:00  INFO [interaction-service,,] 71264 --- [interaction-service] [restartedMain] com.zaxxer.hikari.HikariDataSource       : HikariPool-4 - Shutdown completed.
2026-08-04T16:02:51.765+07:00  INFO [interaction-service,,] 71264 --- [interaction-service] [restartedMain] o.apache.catalina.core.StandardService   : Stopping service [Tomcat]
2026-08-04T16:02:51.777+07:00  INFO [interaction-service,,] 71264 --- [interaction-service] [restartedMain] .s.b.a.l.ConditionEvaluationReportLogger : 

Error starting ApplicationContext. To display the condition evaluation report re-run your application with 'debug' enabled.
2026-08-04T16:02:51.797+07:00 ERROR [interaction-service,,] 71264 --- [interaction-service] [restartedMain] o.s.b.d.LoggingFailureAnalysisReporter   : 

***************************
APPLICATION FAILED TO START
***************************

Description:

Parameter 0 of constructor in com.nguyenthanhbang.Social_media.controller.user.PostLikeController required a bean of type 'com.nguyenthanhbang.Social_media.service.PostLikeService' that could not be found.


Action:

Consider defining a bean of type 'com.nguyenthanhbang.Social_media.service.PostLikeService' in your configuration.

2026-08-04T16:03:09.063+07:00  INFO [interaction-service,,] 71264 --- [interaction-service] [restartedMain] c.n.S.InteractionServiceApplication      : Starting InteractionServiceApplication using Java 17.0.9 with PID 71264 (D:\Projects\Social-media\backend\interaction-service\target\classes started by BANG in D:\Projects\Social-media\backend\interaction-service)
2026-08-04T16:03:09.065+07:00  INFO [interaction-service,,] 71264 --- [interaction-service] [restartedMain] c.n.S.InteractionServiceApplication      : No active profile set, falling back to 1 default profile: "default"
2026-08-04T16:03:10.291+07:00  INFO [interaction-service,,] 71264 --- [interaction-service] [restartedMain] .s.d.r.c.RepositoryConfigurationDelegate : Bootstrapping Spring Data JPA repositories in DEFAULT mode.
2026-08-04T16:03:10.297+07:00  INFO [interaction-service,,] 71264 --- [interaction-service] [restartedMain] .s.d.r.c.RepositoryConfigurationDelegate : Finished Spring Data repository scanning in 4 ms. Found 0 JPA repository interfaces.
2026-08-04T16:03:10.662+07:00  INFO [interaction-service,,] 71264 --- [interaction-service] [restartedMain] o.s.cloud.context.scope.GenericScope     : BeanFactory id=f66565e5-7974-3298-8a1d-ae604650384b
2026-08-04T16:03:11.031+07:00  INFO [interaction-service,,] 71264 --- [interaction-service] [restartedMain] o.s.b.w.embedded.tomcat.TomcatWebServer  : Tomcat initialized with port 8084 (http)
2026-08-04T16:03:11.038+07:00  INFO [interaction-service,,] 71264 --- [interaction-service] [restartedMain] o.apache.catalina.core.StandardService   : Starting service [Tomcat]
2026-08-04T16:03:11.041+07:00  INFO [interaction-service,,] 71264 --- [interaction-service] [restartedMain] o.apache.catalina.core.StandardEngine    : Starting Servlet engine: [Apache Tomcat/10.1.42]
2026-08-04T16:03:11.162+07:00  INFO [interaction-service,,] 71264 --- [interaction-service] [restartedMain] o.a.c.c.C.[Tomcat-1].[localhost].[/]     : Initializing Spring embedded WebApplicationContext
2026-08-04T16:03:11.163+07:00  INFO [interaction-service,,] 71264 --- [interaction-service] [restartedMain] w.s.c.ServletWebServerApplicationContext : Root WebApplicationContext: initialization completed in 2087 ms
2026-08-04T16:03:11.472+07:00  INFO [interaction-service,,] 71264 --- [interaction-service] [restartedMain] o.hibernate.jpa.internal.util.LogHelper  : HHH000204: Processing PersistenceUnitInfo [name: default]
2026-08-04T16:03:11.478+07:00  INFO [interaction-service,,] 71264 --- [interaction-service] [restartedMain] o.h.c.internal.RegionFactoryInitiator    : HHH000026: Second-level cache disabled
2026-08-04T16:03:11.506+07:00  INFO [interaction-service,,] 71264 --- [interaction-service] [restartedMain] o.s.o.j.p.SpringPersistenceUnitInfo      : No LoadTimeWeaver setup: ignoring JPA class transformer
2026-08-04T16:03:11.511+07:00  INFO [interaction-service,,] 71264 --- [interaction-service] [restartedMain] com.zaxxer.hikari.HikariDataSource       : HikariPool-5 - Starting...
2026-08-04T16:03:11.695+07:00  INFO [interaction-service,,] 71264 --- [interaction-service] [restartedMain] com.zaxxer.hikari.pool.HikariPool        : HikariPool-5 - Added connection org.postgresql.jdbc.PgConnection@5c88afd1
2026-08-04T16:03:11.697+07:00  INFO [interaction-service,,] 71264 --- [interaction-service] [restartedMain] com.zaxxer.hikari.HikariDataSource       : HikariPool-5 - Start completed.
2026-08-04T16:03:11.744+07:00  WARN [interaction-service,,] 71264 --- [interaction-service] [restartedMain] org.hibernate.orm.deprecation            : HHH90000025: PostgreSQLDialect does not need to be specified explicitly using 'hibernate.dialect' (remove the property setting and it will be selected by default)
2026-08-04T16:03:11.814+07:00  INFO [interaction-service,,] 71264 --- [interaction-service] [restartedMain] o.h.e.t.j.p.i.JtaPlatformInitiator       : HHH000489: No JTA platform available (set 'hibernate.transaction.jta.platform' to enable JTA platform integration)
2026-08-04T16:03:11.816+07:00  INFO [interaction-service,,] 71264 --- [interaction-service] [restartedMain] j.LocalContainerEntityManagerFactoryBean : Initialized JPA EntityManagerFactory for persistence unit 'default'
2026-08-04T16:03:11.984+07:00  WARN [interaction-service,,] 71264 --- [interaction-service] [restartedMain] JpaBaseConfiguration$JpaWebConfiguration : spring.jpa.open-in-view is enabled by default. Therefore, database queries may be performed during view rendering. Explicitly configure spring.jpa.open-in-view to disable this warning
2026-08-04T16:03:14.713+07:00  INFO [interaction-service,,] 71264 --- [interaction-service] [restartedMain] o.s.b.d.a.OptionalLiveReloadServer       : LiveReload server is running on port 35729
2026-08-04T16:03:18.213+07:00  INFO [interaction-service,,] 71264 --- [interaction-service] [restartedMain] DiscoveryClientOptionalArgsConfiguration : Eureka HTTP Client uses RestTemplate.
2026-08-04T16:03:18.294+07:00  WARN [interaction-service,,] 71264 --- [interaction-service] [restartedMain] iguration$LoadBalancerCaffeineWarnLogger : Spring Cloud LoadBalancer is currently working with the default cache. While this cache implementation is useful for development and tests, it's recommended to use Caffeine cache in production.You can switch to using Caffeine cache, by adding it and org.springframework.cache.caffeine.CaffeineCacheManager to the classpath.
2026-08-04T16:03:18.335+07:00  INFO [interaction-service,,] 71264 --- [interaction-service] [restartedMain] o.s.b.a.e.web.EndpointLinksResolver      : Exposing 2 endpoints beneath base path '/actuator'
2026-08-04T16:03:18.353+07:00  INFO [interaction-service,,] 71264 --- [interaction-service] [File Watcher] rtingClassPathChangeChangedEventListener : Restarting due to 1 class path change (1 addition, 0 deletions, 0 modifications)
2026-08-04T16:03:18.410+07:00  INFO [interaction-service,,] 71264 --- [interaction-service] [restartedMain] o.s.c.n.eureka.InstanceInfoFactory       : Setting initial instance status as: STARTING
2026-08-04T16:03:18.416+07:00  INFO [interaction-service,,] 71264 --- [interaction-service] [restartedMain] com.netflix.discovery.DiscoveryClient    : Initializing Eureka in region us-east-1
2026-08-04T16:03:18.417+07:00  INFO [interaction-service,,] 71264 --- [interaction-service] [restartedMain] c.n.d.s.r.aws.ConfigClusterResolver      : Resolving eureka endpoints via configuration
2026-08-04T16:03:18.419+07:00  INFO [interaction-service,,] 71264 --- [interaction-service] [restartedMain] com.netflix.discovery.DiscoveryClient    : Disable delta property : false
2026-08-04T16:03:18.420+07:00  INFO [interaction-service,,] 71264 --- [interaction-service] [restartedMain] com.netflix.discovery.DiscoveryClient    : Single vip registry refresh property : null
2026-08-04T16:03:18.421+07:00  INFO [interaction-service,,] 71264 --- [interaction-service] [restartedMain] com.netflix.discovery.DiscoveryClient    : Force full registry fetch : false
2026-08-04T16:03:18.422+07:00  INFO [interaction-service,,] 71264 --- [interaction-service] [restartedMain] com.netflix.discovery.DiscoveryClient    : Application is null : false
2026-08-04T16:03:18.423+07:00  INFO [interaction-service,,] 71264 --- [interaction-service] [restartedMain] com.netflix.discovery.DiscoveryClient    : Registered Applications size is zero : true
2026-08-04T16:03:18.423+07:00  INFO [interaction-service,,] 71264 --- [interaction-service] [restartedMain] com.netflix.discovery.DiscoveryClient    : Application version is -1: true
2026-08-04T16:03:18.423+07:00  INFO [interaction-service,,] 71264 --- [interaction-service] [restartedMain] com.netflix.discovery.DiscoveryClient    : Getting all instance registry info from the eureka server
2026-08-04T16:03:18.525+07:00  INFO [interaction-service,,] 71264 --- [interaction-service] [restartedMain] com.netflix.discovery.DiscoveryClient    : The response status is 200
2026-08-04T16:03:18.526+07:00  INFO [interaction-service,,] 71264 --- [interaction-service] [restartedMain] com.netflix.discovery.DiscoveryClient    : Starting heartbeat executor: renew interval is: 30
2026-08-04T16:03:18.527+07:00  INFO [interaction-service,,] 71264 --- [interaction-service] [restartedMain] c.n.discovery.InstanceInfoReplicator     : InstanceInfoReplicator onDemand update allowed rate per min is 4
2026-08-04T16:03:18.528+07:00  INFO [interaction-service,,] 71264 --- [interaction-service] [restartedMain] com.netflix.discovery.DiscoveryClient    : Discovery Client initialized at timestamp 1785834198528 with initial instances count: 4
2026-08-04T16:03:18.534+07:00  INFO [interaction-service,,] 71264 --- [interaction-service] [restartedMain] o.s.c.n.e.s.EurekaServiceRegistry        : Registering application INTERACTION-SERVICE with eureka with status UP
2026-08-04T16:03:18.536+07:00  INFO [interaction-service,,] 71264 --- [interaction-service] [restartedMain] com.netflix.discovery.DiscoveryClient    : Saw local status change event StatusChangeEvent [timestamp=1785834198536, current=UP, previous=STARTING]
2026-08-04T16:03:18.537+07:00  INFO [interaction-service,,] 71264 --- [interaction-service] [DiscoveryClient-InstanceInfoReplicator-%d] com.netflix.discovery.DiscoveryClient    : DiscoveryClient_INTERACTION-SERVICE/LAPTOP-4K64MGNI:interaction-service:8084: registering service...
2026-08-04T16:03:18.548+07:00  INFO [interaction-service,,] 71264 --- [interaction-service] [restartedMain] o.s.b.w.embedded.tomcat.TomcatWebServer  : Tomcat started on port 8084 (http) with context path '/'
2026-08-04T16:03:18.562+07:00  INFO [interaction-service,,] 71264 --- [interaction-service] [restartedMain] .s.c.n.e.s.EurekaAutoServiceRegistration : Updating port to 8084
2026-08-04T16:03:18.631+07:00  INFO [interaction-service,,] 71264 --- [interaction-service] [DiscoveryClient-InstanceInfoReplicator-%d] com.netflix.discovery.DiscoveryClient    : DiscoveryClient_INTERACTION-SERVICE/LAPTOP-4K64MGNI:interaction-service:8084 - registration status: 204
2026-08-04T16:03:20.390+07:00  INFO [interaction-service,,] 71264 --- [interaction-service] [restartedMain] c.n.S.InteractionServiceApplication      : Started InteractionServiceApplication in 13.951 seconds (process running for 1054.678)
2026-08-04T16:03:20.391+07:00  INFO [interaction-service,,] 71264 --- [interaction-service] [Thread-21] o.s.c.n.e.s.EurekaServiceRegistry        : Unregistering application INTERACTION-SERVICE with eureka with status DOWN
2026-08-04T16:03:20.392+07:00  INFO [interaction-service,,] 71264 --- [interaction-service] [Thread-21] com.netflix.discovery.DiscoveryClient    : Saw local status change event StatusChangeEvent [timestamp=1785834200392, current=DOWN, previous=UP]
2026-08-04T16:03:20.393+07:00  INFO [interaction-service,,] 71264 --- [interaction-service] [DiscoveryClient-InstanceInfoReplicator-%d] com.netflix.discovery.DiscoveryClient    : DiscoveryClient_INTERACTION-SERVICE/LAPTOP-4K64MGNI:interaction-service:8084: registering service...
2026-08-04T16:03:20.399+07:00  INFO [interaction-service,,] 71264 --- [interaction-service] [restartedMain] .ConditionEvaluationDeltaLoggingListener : Condition evaluation unchanged
2026-08-04T16:03:20.401+07:00  INFO [interaction-service,,] 71264 --- [interaction-service] [DiscoveryClient-InstanceInfoReplicator-%d] com.netflix.discovery.DiscoveryClient    : DiscoveryClient_INTERACTION-SERVICE/LAPTOP-4K64MGNI:interaction-service:8084 - registration status: 204
2026-08-04T16:03:21.749+07:00  INFO [interaction-service,,] 71264 --- [interaction-service] [Thread-21] j.LocalContainerEntityManagerFactoryBean : Closing JPA EntityManagerFactory for persistence unit 'default'
2026-08-04T16:03:21.751+07:00  INFO [interaction-service,,] 71264 --- [interaction-service] [Thread-21] com.zaxxer.hikari.HikariDataSource       : HikariPool-5 - Shutdown initiated...
2026-08-04T16:03:21.769+07:00  INFO [interaction-service,,] 71264 --- [interaction-service] [Thread-21] com.zaxxer.hikari.HikariDataSource       : HikariPool-5 - Shutdown completed.
2026-08-04T16:03:21.771+07:00  INFO [interaction-service,,] 71264 --- [interaction-service] [Thread-21] com.netflix.discovery.DiscoveryClient    : Shutting down DiscoveryClient ...
2026-08-04T16:03:24.784+07:00  INFO [interaction-service,,] 71264 --- [interaction-service] [Thread-21] com.netflix.discovery.DiscoveryClient    : Unregistering ...
2026-08-04T16:03:24.801+07:00  INFO [interaction-service,,] 71264 --- [interaction-service] [Thread-21] com.netflix.discovery.DiscoveryClient    : DiscoveryClient_INTERACTION-SERVICE/LAPTOP-4K64MGNI:interaction-service:8084 - deregister  status: 200
2026-08-04T16:03:24.801+07:00  INFO [interaction-service,,] 71264 --- [interaction-service] [Thread-21] com.netflix.discovery.DiscoveryClient    : Completed shut down of DiscoveryClient
2026-08-04T16:03:25.096+07:00  INFO [interaction-service,,] 71264 --- [interaction-service] [restartedMain] c.n.S.InteractionServiceApplication      : Starting InteractionServiceApplication using Java 17.0.9 with PID 71264 (D:\Projects\Social-media\backend\interaction-service\target\classes started by BANG in D:\Projects\Social-media\backend\interaction-service)
2026-08-04T16:03:25.097+07:00  INFO [interaction-service,,] 71264 --- [interaction-service] [restartedMain] c.n.S.InteractionServiceApplication      : No active profile set, falling back to 1 default profile: "default"
2026-08-04T16:03:25.971+07:00  INFO [interaction-service,,] 71264 --- [interaction-service] [restartedMain] .s.d.r.c.RepositoryConfigurationDelegate : Bootstrapping Spring Data JPA repositories in DEFAULT mode.
2026-08-04T16:03:26.028+07:00  INFO [interaction-service,,] 71264 --- [interaction-service] [restartedMain] .s.d.r.c.RepositoryConfigurationDelegate : Finished Spring Data repository scanning in 56 ms. Found 3 JPA repository interfaces.
2026-08-04T16:03:26.212+07:00  INFO [interaction-service,,] 71264 --- [interaction-service] [restartedMain] o.s.cloud.context.scope.GenericScope     : BeanFactory id=2272e450-8288-3f17-b366-feb225e5ee3b
2026-08-04T16:03:26.374+07:00  INFO [interaction-service,,] 71264 --- [interaction-service] [restartedMain] o.s.b.w.embedded.tomcat.TomcatWebServer  : Tomcat initialized with port 8084 (http)
2026-08-04T16:03:26.375+07:00  INFO [interaction-service,,] 71264 --- [interaction-service] [restartedMain] o.apache.catalina.core.StandardService   : Starting service [Tomcat]
2026-08-04T16:03:26.376+07:00  INFO [interaction-service,,] 71264 --- [interaction-service] [restartedMain] o.apache.catalina.core.StandardEngine    : Starting Servlet engine: [Apache Tomcat/10.1.42]
2026-08-04T16:03:26.449+07:00  INFO [interaction-service,,] 71264 --- [interaction-service] [restartedMain] o.a.c.c.C.[Tomcat-1].[localhost].[/]     : Initializing Spring embedded WebApplicationContext
2026-08-04T16:03:26.449+07:00  INFO [interaction-service,,] 71264 --- [interaction-service] [restartedMain] w.s.c.ServletWebServerApplicationContext : Root WebApplicationContext: initialization completed in 1350 ms
2026-08-04T16:03:26.658+07:00  INFO [interaction-service,,] 71264 --- [interaction-service] [restartedMain] o.hibernate.jpa.internal.util.LogHelper  : HHH000204: Processing PersistenceUnitInfo [name: default]
2026-08-04T16:03:26.665+07:00  INFO [interaction-service,,] 71264 --- [interaction-service] [restartedMain] o.h.c.internal.RegionFactoryInitiator    : HHH000026: Second-level cache disabled
2026-08-04T16:03:26.692+07:00  INFO [interaction-service,,] 71264 --- [interaction-service] [restartedMain] o.s.o.j.p.SpringPersistenceUnitInfo      : No LoadTimeWeaver setup: ignoring JPA class transformer
2026-08-04T16:03:26.694+07:00  INFO [interaction-service,,] 71264 --- [interaction-service] [restartedMain] com.zaxxer.hikari.HikariDataSource       : HikariPool-6 - Starting...
2026-08-04T16:03:26.813+07:00  INFO [interaction-service,,] 71264 --- [interaction-service] [restartedMain] com.zaxxer.hikari.pool.HikariPool        : HikariPool-6 - Added connection org.postgresql.jdbc.PgConnection@6a5c8d7e
2026-08-04T16:03:26.814+07:00  INFO [interaction-service,,] 71264 --- [interaction-service] [restartedMain] com.zaxxer.hikari.HikariDataSource       : HikariPool-6 - Start completed.
2026-08-04T16:03:26.826+07:00  WARN [interaction-service,,] 71264 --- [interaction-service] [restartedMain] org.hibernate.orm.deprecation            : HHH90000025: PostgreSQLDialect does not need to be specified explicitly using 'hibernate.dialect' (remove the property setting and it will be selected by default)
2026-08-04T16:03:27.138+07:00  INFO [interaction-service,,] 71264 --- [interaction-service] [restartedMain] o.h.e.t.j.p.i.JtaPlatformInitiator       : HHH000489: No JTA platform available (set 'hibernate.transaction.jta.platform' to enable JTA platform integration)
2026-08-04T16:03:27.164+07:00  INFO [interaction-service,,] 71264 --- [interaction-service] [restartedMain] j.LocalContainerEntityManagerFactoryBean : Initialized JPA EntityManagerFactory for persistence unit 'default'
2026-08-04T16:03:27.397+07:00  WARN [interaction-service,,] 71264 --- [interaction-service] [restartedMain] JpaBaseConfiguration$JpaWebConfiguration : spring.jpa.open-in-view is enabled by default. Therefore, database queries may be performed during view rendering. Explicitly configure spring.jpa.open-in-view to disable this warning
2026-08-04T16:03:27.441+07:00  INFO [interaction-service,,] 71264 --- [interaction-service] [restartedMain] o.s.b.d.a.OptionalLiveReloadServer       : LiveReload server is running on port 35729
2026-08-04T16:03:28.244+07:00  INFO [interaction-service,,] 71264 --- [interaction-service] [restartedMain] o.s.c.openfeign.FeignClientFactoryBean   : For 'post-service' URL not provided. Will try picking an instance via load-balancing.
2026-08-04T16:03:28.322+07:00  INFO [interaction-service,,] 71264 --- [interaction-service] [restartedMain] o.s.c.openfeign.FeignClientFactoryBean   : For 'user-service' URL not provided. Will try picking an instance via load-balancing.
2026-08-04T16:03:29.666+07:00  INFO [interaction-service,,] 71264 --- [interaction-service] [restartedMain] DiscoveryClientOptionalArgsConfiguration : Eureka HTTP Client uses RestTemplate.
2026-08-04T16:03:29.696+07:00  WARN [interaction-service,,] 71264 --- [interaction-service] [restartedMain] iguration$LoadBalancerCaffeineWarnLogger : Spring Cloud LoadBalancer is currently working with the default cache. While this cache implementation is useful for development and tests, it's recommended to use Caffeine cache in production.You can switch to using Caffeine cache, by adding it and org.springframework.cache.caffeine.CaffeineCacheManager to the classpath.
2026-08-04T16:03:29.715+07:00  INFO [interaction-service,,] 71264 --- [interaction-service] [restartedMain] o.s.b.a.e.web.EndpointLinksResolver      : Exposing 2 endpoints beneath base path '/actuator'
2026-08-04T16:03:29.781+07:00  INFO [interaction-service,,] 71264 --- [interaction-service] [restartedMain] o.s.c.n.eureka.InstanceInfoFactory       : Setting initial instance status as: STARTING
2026-08-04T16:03:29.784+07:00  INFO [interaction-service,,] 71264 --- [interaction-service] [restartedMain] com.netflix.discovery.DiscoveryClient    : Initializing Eureka in region us-east-1
2026-08-04T16:03:29.784+07:00  INFO [interaction-service,,] 71264 --- [interaction-service] [restartedMain] c.n.d.s.r.aws.ConfigClusterResolver      : Resolving eureka endpoints via configuration
2026-08-04T16:03:29.785+07:00  INFO [interaction-service,,] 71264 --- [interaction-service] [restartedMain] com.netflix.discovery.DiscoveryClient    : Disable delta property : false
2026-08-04T16:03:29.785+07:00  INFO [interaction-service,,] 71264 --- [interaction-service] [restartedMain] com.netflix.discovery.DiscoveryClient    : Single vip registry refresh property : null
2026-08-04T16:03:29.785+07:00  INFO [interaction-service,,] 71264 --- [interaction-service] [restartedMain] com.netflix.discovery.DiscoveryClient    : Force full registry fetch : false
2026-08-04T16:03:29.786+07:00  INFO [interaction-service,,] 71264 --- [interaction-service] [restartedMain] com.netflix.discovery.DiscoveryClient    : Application is null : false
2026-08-04T16:03:29.786+07:00  INFO [interaction-service,,] 71264 --- [interaction-service] [restartedMain] com.netflix.discovery.DiscoveryClient    : Registered Applications size is zero : true
2026-08-04T16:03:29.786+07:00  INFO [interaction-service,,] 71264 --- [interaction-service] [restartedMain] com.netflix.discovery.DiscoveryClient    : Application version is -1: true
2026-08-04T16:03:29.787+07:00  INFO [interaction-service,,] 71264 --- [interaction-service] [restartedMain] com.netflix.discovery.DiscoveryClient    : Getting all instance registry info from the eureka server
2026-08-04T16:03:29.844+07:00  INFO [interaction-service,,] 71264 --- [interaction-service] [restartedMain] com.netflix.discovery.DiscoveryClient    : The response status is 200
2026-08-04T16:03:29.845+07:00  INFO [interaction-service,,] 71264 --- [interaction-service] [restartedMain] com.netflix.discovery.DiscoveryClient    : Starting heartbeat executor: renew interval is: 30
2026-08-04T16:03:29.846+07:00  INFO [interaction-service,,] 71264 --- [interaction-service] [restartedMain] c.n.discovery.InstanceInfoReplicator     : InstanceInfoReplicator onDemand update allowed rate per min is 4
2026-08-04T16:03:29.847+07:00  INFO [interaction-service,,] 71264 --- [interaction-service] [restartedMain] com.netflix.discovery.DiscoveryClient    : Discovery Client initialized at timestamp 1785834209847 with initial instances count: 4
2026-08-04T16:03:29.853+07:00  INFO [interaction-service,,] 71264 --- [interaction-service] [restartedMain] o.s.c.n.e.s.EurekaServiceRegistry        : Registering application INTERACTION-SERVICE with eureka with status UP
2026-08-04T16:03:29.854+07:00  INFO [interaction-service,,] 71264 --- [interaction-service] [restartedMain] com.netflix.discovery.DiscoveryClient    : Saw local status change event StatusChangeEvent [timestamp=1785834209854, current=UP, previous=STARTING]
2026-08-04T16:03:29.855+07:00  INFO [interaction-service,,] 71264 --- [interaction-service] [DiscoveryClient-InstanceInfoReplicator-%d] com.netflix.discovery.DiscoveryClient    : DiscoveryClient_INTERACTION-SERVICE/LAPTOP-4K64MGNI:interaction-service:8084: registering service...
2026-08-04T16:03:29.865+07:00  INFO [interaction-service,,] 71264 --- [interaction-service] [restartedMain] o.s.b.w.embedded.tomcat.TomcatWebServer  : Tomcat started on port 8084 (http) with context path '/'
2026-08-04T16:03:29.869+07:00  INFO [interaction-service,,] 71264 --- [interaction-service] [restartedMain] .s.c.n.e.s.EurekaAutoServiceRegistration : Updating port to 8084
2026-08-04T16:03:29.886+07:00  INFO [interaction-service,,] 71264 --- [interaction-service] [DiscoveryClient-InstanceInfoReplicator-%d] com.netflix.discovery.DiscoveryClient    : DiscoveryClient_INTERACTION-SERVICE/LAPTOP-4K64MGNI:interaction-service:8084 - registration status: 204
2026-08-04T16:03:30.480+07:00  INFO [interaction-service,,] 71264 --- [interaction-service] [restartedMain] o.s.a.r.c.CachingConnectionFactory       : Attempting to connect to: [localhost:5672]
2026-08-04T16:03:30.489+07:00  INFO [interaction-service,,] 71264 --- [interaction-service] [restartedMain] o.s.a.r.c.CachingConnectionFactory       : Created new connection: rabbitConnectionFactory#3156b9ff:0/SimpleConnection@326da3b [delegate=amqp://guest@127.0.0.1:5672/, localPort=56370]
2026-08-04T16:03:30.552+07:00  INFO [interaction-service,,] 71264 --- [interaction-service] [restartedMain] c.n.S.InteractionServiceApplication      : Started InteractionServiceApplication in 5.684 seconds (process running for 1064.84)
2026-08-04T16:03:30.557+07:00  INFO [interaction-service,,] 71264 --- [interaction-service] [restartedMain] .ConditionEvaluationDeltaLoggingListener : Condition evaluation unchanged
2026-08-04T16:03:30.637+07:00  INFO [interaction-service,,] 71264 --- [interaction-service] [http-nio-8084-exec-1] o.a.c.c.C.[Tomcat-1].[localhost].[/]     : Initializing Spring DispatcherServlet 'dispatcherServlet'
2026-08-04T16:03:30.638+07:00  INFO [interaction-service,,] 71264 --- [interaction-service] [http-nio-8084-exec-1] o.s.web.servlet.DispatcherServlet        : Initializing Servlet 'dispatcherServlet'
2026-08-04T16:03:30.643+07:00  INFO [interaction-service,,] 71264 --- [interaction-service] [http-nio-8084-exec-1] o.s.web.servlet.DispatcherServlet        : Completed initialization in 5 ms
2026-08-04T16:06:33.776+07:00  WARN [interaction-service,,] 71264 --- [interaction-service] [http-nio-8084-exec-7] o.h.engine.jdbc.spi.SqlExceptionHelper   : SQL Warning Code: 0, SQLState: 01000
2026-08-04T16:06:33.777+07:00  WARN [interaction-service,,] 71264 --- [interaction-service] [http-nio-8084-exec-7] o.h.engine.jdbc.spi.SqlExceptionHelper   : database "social_media_interaction" has a collation version mismatch
2026-08-04T16:06:33.778+07:00  WARN [interaction-service,,] 71264 --- [interaction-service] [http-nio-8084-exec-6] o.h.engine.jdbc.spi.SqlExceptionHelper   : SQL Warning Code: 0, SQLState: 01000
2026-08-04T16:06:33.780+07:00  WARN [interaction-service,,] 71264 --- [interaction-service] [http-nio-8084-exec-5] o.h.engine.jdbc.spi.SqlExceptionHelper   : SQL Warning Code: 0, SQLState: 01000
2026-08-04T16:06:33.780+07:00  WARN [interaction-service,,] 71264 --- [interaction-service] [http-nio-8084-exec-4] o.h.engine.jdbc.spi.SqlExceptionHelper   : SQL Warning Code: 0, SQLState: 01000
2026-08-04T16:06:33.781+07:00  WARN [interaction-service,,] 71264 --- [interaction-service] [http-nio-8084-exec-6] o.h.engine.jdbc.spi.SqlExceptionHelper   : database "social_media_interaction" has a collation version mismatch
2026-08-04T16:06:33.782+07:00  WARN [interaction-service,,] 71264 --- [interaction-service] [http-nio-8084-exec-5] o.h.engine.jdbc.spi.SqlExceptionHelper   : database "social_media_interaction" has a collation version mismatch
2026-08-04T16:06:33.783+07:00  WARN [interaction-service,,] 71264 --- [interaction-service] [http-nio-8084-exec-4] o.h.engine.jdbc.spi.SqlExceptionHelper   : database "social_media_interaction" has a collation version mismatch
2026-08-04T16:06:41.178+07:00  INFO [interaction-service,,] 71264 --- [interaction-service] [http-nio-8084-exec-3] c.n.S.service.impl.CommentServiceImpl    : ---------------comment created event---------------
2026-08-04T16:06:41.222+07:00  INFO [interaction-service,,] 71264 --- [interaction-service] [rabbitConnectionFactory2] c.n.S.common.config.RabbitMQConfig       : RabbitMQ: Message successfully delivered to exchange. CorrelationData: null
2026-08-04T16:08:29.790+07:00  INFO [interaction-service,,] 71264 --- [interaction-service] [AsyncResolver-bootstrap-executor-%d] c.n.d.s.r.aws.ConfigClusterResolver      : Resolving eureka endpoints via configuration
2026-08-04T16:13:29.803+07:00  INFO [interaction-service,,] 71264 --- [interaction-service] [AsyncResolver-bootstrap-executor-%d] c.n.d.s.r.aws.ConfigClusterResolver      : Resolving eureka endpoints via configuration
2026-08-04T16:16:54.863+07:00  INFO [interaction-service,,] 71264 --- [interaction-service] [http-nio-8084-exec-8] c.n.S.service.impl.CommentServiceImpl    : ---------------comment created event---------------
2026-08-04T16:16:54.883+07:00  INFO [interaction-service,,] 71264 --- [interaction-service] [rabbitConnectionFactory4] c.n.S.common.config.RabbitMQConfig       : RabbitMQ: Message successfully delivered to exchange. CorrelationData: null
2026-08-04T16:18:29.816+07:00  INFO [interaction-service,,] 71264 --- [interaction-service] [AsyncResolver-bootstrap-executor-%d] c.n.d.s.r.aws.ConfigClusterResolver      : Resolving eureka endpoints via configuration
2026-08-04T16:23:29.820+07:00  INFO [interaction-service,,] 71264 --- [interaction-service] [AsyncResolver-bootstrap-executor-%d] c.n.d.s.r.aws.ConfigClusterResolver      : Resolving eureka endpoints via configuration
2026-08-04T16:28:29.823+07:00  INFO [interaction-service,,] 71264 --- [interaction-service] [AsyncResolver-bootstrap-executor-%d] c.n.d.s.r.aws.ConfigClusterResolver      : Resolving eureka endpoints via configuration
2026-08-04T16:33:29.831+07:00  INFO [interaction-service,,] 71264 --- [interaction-service] [AsyncResolver-bootstrap-executor-%d] c.n.d.s.r.aws.ConfigClusterResolver      : Resolving eureka endpoints via configuration
2026-08-04T16:38:29.846+07:00  INFO [interaction-service,,] 71264 --- [interaction-service] [AsyncResolver-bootstrap-executor-%d] c.n.d.s.r.aws.ConfigClusterResolver      : Resolving eureka endpoints via configuration
2026-08-04T16:39:43.161+07:00  INFO [interaction-service,,] 71264 --- [interaction-service] [File Watcher] rtingClassPathChangeChangedEventListener : Restarting due to 1 class path change (0 additions, 0 deletions, 1 modification)
2026-08-04T16:39:43.177+07:00  INFO [interaction-service,,] 71264 --- [interaction-service] [Thread-32] o.s.c.n.e.s.EurekaServiceRegistry        : Unregistering application INTERACTION-SERVICE with eureka with status DOWN
2026-08-04T16:39:43.178+07:00  INFO [interaction-service,,] 71264 --- [interaction-service] [Thread-32] com.netflix.discovery.DiscoveryClient    : Saw local status change event StatusChangeEvent [timestamp=1785836383178, current=DOWN, previous=UP]
2026-08-04T16:39:43.179+07:00  INFO [interaction-service,,] 71264 --- [interaction-service] [DiscoveryClient-InstanceInfoReplicator-%d] com.netflix.discovery.DiscoveryClient    : DiscoveryClient_INTERACTION-SERVICE/LAPTOP-4K64MGNI:interaction-service:8084: registering service...
2026-08-04T16:39:43.205+07:00  INFO [interaction-service,,] 71264 --- [interaction-service] [DiscoveryClient-InstanceInfoReplicator-%d] com.netflix.discovery.DiscoveryClient    : DiscoveryClient_INTERACTION-SERVICE/LAPTOP-4K64MGNI:interaction-service:8084 - registration status: 204
2026-08-04T16:39:43.213+07:00  INFO [interaction-service,,] 71264 --- [interaction-service] [org.springframework.amqp.rabbit.RabbitListenerEndpointContainer#0-2] o.s.a.r.l.SimpleMessageListenerContainer : Waiting for workers to finish.
2026-08-04T16:39:43.473+07:00  INFO [interaction-service,,] 71264 --- [interaction-service] [org.springframework.amqp.rabbit.RabbitListenerEndpointContainer#0-2] o.s.a.r.l.SimpleMessageListenerContainer : Successfully waited for workers to finish.
2026-08-04T16:39:43.761+07:00  INFO [interaction-service,,] 71264 --- [interaction-service] [Thread-32] j.LocalContainerEntityManagerFactoryBean : Closing JPA EntityManagerFactory for persistence unit 'default'
2026-08-04T16:39:43.777+07:00  INFO [interaction-service,,] 71264 --- [interaction-service] [Thread-32] com.zaxxer.hikari.HikariDataSource       : HikariPool-6 - Shutdown initiated...
2026-08-04T16:39:43.787+07:00  INFO [interaction-service,,] 71264 --- [interaction-service] [Thread-32] com.zaxxer.hikari.HikariDataSource       : HikariPool-6 - Shutdown completed.
2026-08-04T16:39:43.788+07:00  INFO [interaction-service,,] 71264 --- [interaction-service] [Thread-32] com.netflix.discovery.DiscoveryClient    : Shutting down DiscoveryClient ...
2026-08-04T16:39:46.800+07:00  INFO [interaction-service,,] 71264 --- [interaction-service] [Thread-32] com.netflix.discovery.DiscoveryClient    : Unregistering ...
2026-08-04T16:39:46.821+07:00  INFO [interaction-service,,] 71264 --- [interaction-service] [Thread-32] com.netflix.discovery.DiscoveryClient    : DiscoveryClient_INTERACTION-SERVICE/LAPTOP-4K64MGNI:interaction-service:8084 - deregister  status: 200
2026-08-04T16:39:46.823+07:00  INFO [interaction-service,,] 71264 --- [interaction-service] [Thread-32] com.netflix.discovery.DiscoveryClient    : Completed shut down of DiscoveryClient
2026-08-04T16:39:47.248+07:00  INFO [interaction-service,,] 71264 --- [interaction-service] [restartedMain] c.n.S.InteractionServiceApplication      : Starting InteractionServiceApplication using Java 17.0.9 with PID 71264 (D:\Projects\Social-media\backend\interaction-service\target\classes started by BANG in D:\Projects\Social-media\backend\interaction-service)
2026-08-04T16:39:47.249+07:00  INFO [interaction-service,,] 71264 --- [interaction-service] [restartedMain] c.n.S.InteractionServiceApplication      : No active profile set, falling back to 1 default profile: "default"
2026-08-04T16:39:47.507+07:00  INFO [interaction-service,,] 71264 --- [interaction-service] [restartedMain] .s.d.r.c.RepositoryConfigurationDelegate : Bootstrapping Spring Data JPA repositories in DEFAULT mode.
2026-08-04T16:39:47.518+07:00  INFO [interaction-service,,] 71264 --- [interaction-service] [restartedMain] .s.d.r.c.RepositoryConfigurationDelegate : Finished Spring Data repository scanning in 11 ms. Found 3 JPA repository interfaces.
2026-08-04T16:39:47.588+07:00  INFO [interaction-service,,] 71264 --- [interaction-service] [restartedMain] o.s.cloud.context.scope.GenericScope     : BeanFactory id=2272e450-8288-3f17-b366-feb225e5ee3b
2026-08-04T16:39:47.663+07:00  INFO [interaction-service,,] 71264 --- [interaction-service] [restartedMain] o.s.b.w.embedded.tomcat.TomcatWebServer  : Tomcat initialized with port 8084 (http)
2026-08-04T16:39:47.664+07:00  INFO [interaction-service,,] 71264 --- [interaction-service] [restartedMain] o.apache.catalina.core.StandardService   : Starting service [Tomcat]
2026-08-04T16:39:47.664+07:00  INFO [interaction-service,,] 71264 --- [interaction-service] [restartedMain] o.apache.catalina.core.StandardEngine    : Starting Servlet engine: [Apache Tomcat/10.1.42]
2026-08-04T16:39:47.685+07:00  INFO [interaction-service,,] 71264 --- [interaction-service] [restartedMain] o.a.c.c.C.[Tomcat-1].[localhost].[/]     : Initializing Spring embedded WebApplicationContext
2026-08-04T16:39:47.685+07:00  INFO [interaction-service,,] 71264 --- [interaction-service] [restartedMain] w.s.c.ServletWebServerApplicationContext : Root WebApplicationContext: initialization completed in 434 ms
2026-08-04T16:39:47.738+07:00  INFO [interaction-service,,] 71264 --- [interaction-service] [restartedMain] o.hibernate.jpa.internal.util.LogHelper  : HHH000204: Processing PersistenceUnitInfo [name: default]
2026-08-04T16:39:47.740+07:00  INFO [interaction-service,,] 71264 --- [interaction-service] [restartedMain] o.h.c.internal.RegionFactoryInitiator    : HHH000026: Second-level cache disabled
2026-08-04T16:39:47.753+07:00  INFO [interaction-service,,] 71264 --- [interaction-service] [restartedMain] o.s.o.j.p.SpringPersistenceUnitInfo      : No LoadTimeWeaver setup: ignoring JPA class transformer
2026-08-04T16:39:47.754+07:00  INFO [interaction-service,,] 71264 --- [interaction-service] [restartedMain] com.zaxxer.hikari.HikariDataSource       : HikariPool-7 - Starting...
2026-08-04T16:39:47.797+07:00  INFO [interaction-service,,] 71264 --- [interaction-service] [restartedMain] com.zaxxer.hikari.pool.HikariPool        : HikariPool-7 - Added connection org.postgresql.jdbc.PgConnection@2f24841e
2026-08-04T16:39:47.798+07:00  INFO [interaction-service,,] 71264 --- [interaction-service] [restartedMain] com.zaxxer.hikari.HikariDataSource       : HikariPool-7 - Start completed.
2026-08-04T16:39:47.805+07:00  WARN [interaction-service,,] 71264 --- [interaction-service] [restartedMain] org.hibernate.orm.deprecation            : HHH90000025: PostgreSQLDialect does not need to be specified explicitly using 'hibernate.dialect' (remove the property setting and it will be selected by default)
2026-08-04T16:39:47.848+07:00  INFO [interaction-service,,] 71264 --- [interaction-service] [restartedMain] o.h.e.t.j.p.i.JtaPlatformInitiator       : HHH000489: No JTA platform available (set 'hibernate.transaction.jta.platform' to enable JTA platform integration)
2026-08-04T16:39:47.859+07:00  INFO [interaction-service,,] 71264 --- [interaction-service] [restartedMain] j.LocalContainerEntityManagerFactoryBean : Initialized JPA EntityManagerFactory for persistence unit 'default'
2026-08-04T16:39:47.906+07:00  WARN [interaction-service,,] 71264 --- [interaction-service] [restartedMain] JpaBaseConfiguration$JpaWebConfiguration : spring.jpa.open-in-view is enabled by default. Therefore, database queries may be performed during view rendering. Explicitly configure spring.jpa.open-in-view to disable this warning
2026-08-04T16:39:47.914+07:00  INFO [interaction-service,,] 71264 --- [interaction-service] [restartedMain] o.s.b.d.a.OptionalLiveReloadServer       : LiveReload server is running on port 35729
2026-08-04T16:39:48.093+07:00  INFO [interaction-service,,] 71264 --- [interaction-service] [restartedMain] o.s.c.openfeign.FeignClientFactoryBean   : For 'post-service' URL not provided. Will try picking an instance via load-balancing.
2026-08-04T16:39:48.106+07:00  INFO [interaction-service,,] 71264 --- [interaction-service] [restartedMain] o.s.c.openfeign.FeignClientFactoryBean   : For 'user-service' URL not provided. Will try picking an instance via load-balancing.
2026-08-04T16:39:48.157+07:00  WARN [interaction-service,,] 71264 --- [interaction-service] [restartedMain] ConfigServletWebServerApplicationContext : Exception encountered during context initialization - cancelling refresh attempt: org.springframework.beans.factory.BeanCreationException: Error creating bean with name 'postDeletedConsumer': Resolution of declared constructors on bean Class [com.nguyenthanhbang.Social_media.event.PostDeletedConsumer] from ClassLoader [org.springframework.boot.devtools.restart.classloader.RestartClassLoader@79c1d7dd] failed
2026-08-04T16:39:48.158+07:00  WARN [interaction-service,,] 71264 --- [interaction-service] [restartedMain] s.c.a.AnnotationConfigApplicationContext : Exception thrown from ApplicationListener handling ContextClosedEvent

org.springframework.beans.factory.BeanCreationNotAllowedException: Error creating bean with name 'applicationTaskExecutor': Singleton bean creation not allowed while singletons of this factory are in destruction (Do not request a bean from a BeanFactory in a destroy method implementation!)
	at org.springframework.beans.factory.support.DefaultSingletonBeanRegistry.getSingleton(DefaultSingletonBeanRegistry.java:220) ~[spring-beans-6.1.21.jar:6.1.21]
	at org.springframework.beans.factory.support.AbstractBeanFactory.doGetBean(AbstractBeanFactory.java:335) ~[spring-beans-6.1.21.jar:6.1.21]
	at org.springframework.beans.factory.support.AbstractBeanFactory.getBean(AbstractBeanFactory.java:205) ~[spring-beans-6.1.21.jar:6.1.21]
	at org.springframework.context.event.AbstractApplicationEventMulticaster.retrieveApplicationListeners(AbstractApplicationEventMulticaster.java:265) ~[spring-context-6.1.21.jar:6.1.21]
	at org.springframework.context.event.AbstractApplicationEventMulticaster.getApplicationListeners(AbstractApplicationEventMulticaster.java:222) ~[spring-context-6.1.21.jar:6.1.21]
	at org.springframework.context.event.SimpleApplicationEventMulticaster.multicastEvent(SimpleApplicationEventMulticaster.java:145) ~[spring-context-6.1.21.jar:6.1.21]
	at org.springframework.context.support.AbstractApplicationContext.publishEvent(AbstractApplicationContext.java:452) ~[spring-context-6.1.21.jar:6.1.21]
	at org.springframework.context.support.AbstractApplicationContext.publishEvent(AbstractApplicationContext.java:458) ~[spring-context-6.1.21.jar:6.1.21]
	at org.springframework.context.support.AbstractApplicationContext.publishEvent(AbstractApplicationContext.java:385) ~[spring-context-6.1.21.jar:6.1.21]
	at org.springframework.context.support.AbstractApplicationContext.doClose(AbstractApplicationContext.java:1139) ~[spring-context-6.1.21.jar:6.1.21]
	at org.springframework.context.support.AbstractApplicationContext.close(AbstractApplicationContext.java:1102) ~[spring-context-6.1.21.jar:6.1.21]
	at org.springframework.cloud.context.named.NamedContextFactory.destroy(NamedContextFactory.java:114) ~[spring-cloud-context-4.1.5.jar:4.1.5]
	at org.springframework.beans.factory.support.DisposableBeanAdapter.destroy(DisposableBeanAdapter.java:211) ~[spring-beans-6.1.21.jar:6.1.21]
	at org.springframework.beans.factory.support.DefaultSingletonBeanRegistry.destroyBean(DefaultSingletonBeanRegistry.java:587) ~[spring-beans-6.1.21.jar:6.1.21]
	at org.springframework.beans.factory.support.DefaultSingletonBeanRegistry.destroySingleton(DefaultSingletonBeanRegistry.java:559) ~[spring-beans-6.1.21.jar:6.1.21]
	at org.springframework.beans.factory.support.DefaultListableBeanFactory.destroySingleton(DefaultListableBeanFactory.java:1207) ~[spring-beans-6.1.21.jar:6.1.21]
	at org.springframework.beans.factory.support.DefaultSingletonBeanRegistry.destroySingletons(DefaultSingletonBeanRegistry.java:520) ~[spring-beans-6.1.21.jar:6.1.21]
	at org.springframework.beans.factory.support.DefaultListableBeanFactory.destroySingletons(DefaultListableBeanFactory.java:1200) ~[spring-beans-6.1.21.jar:6.1.21]
	at org.springframework.context.support.AbstractApplicationContext.destroyBeans(AbstractApplicationContext.java:1195) ~[spring-context-6.1.21.jar:6.1.21]
	at org.springframework.context.support.AbstractApplicationContext.refresh(AbstractApplicationContext.java:638) ~[spring-context-6.1.21.jar:6.1.21]
	at org.springframework.boot.web.servlet.context.ServletWebServerApplicationContext.refresh(ServletWebServerApplicationContext.java:146) ~[spring-boot-3.3.13.jar:3.3.13]
	at org.springframework.boot.SpringApplication.refresh(SpringApplication.java:754) ~[spring-boot-3.3.13.jar:3.3.13]
	at org.springframework.boot.SpringApplication.refreshContext(SpringApplication.java:456) ~[spring-boot-3.3.13.jar:3.3.13]
	at org.springframework.boot.SpringApplication.run(SpringApplication.java:335) ~[spring-boot-3.3.13.jar:3.3.13]
	at org.springframework.boot.SpringApplication.run(SpringApplication.java:1363) ~[spring-boot-3.3.13.jar:3.3.13]
	at org.springframework.boot.SpringApplication.run(SpringApplication.java:1352) ~[spring-boot-3.3.13.jar:3.3.13]
	at com.nguyenthanhbang.Social_media.InteractionServiceApplication.main(InteractionServiceApplication.java:11) ~[classes/:na]
	at java.base/jdk.internal.reflect.NativeMethodAccessorImpl.invoke0(Native Method) ~[na:na]
	at java.base/jdk.internal.reflect.NativeMethodAccessorImpl.invoke(NativeMethodAccessorImpl.java:77) ~[na:na]
	at java.base/jdk.internal.reflect.DelegatingMethodAccessorImpl.invoke(DelegatingMethodAccessorImpl.java:43) ~[na:na]
	at java.base/java.lang.reflect.Method.invoke(Method.java:568) ~[na:na]
	at org.springframework.boot.devtools.restart.RestartLauncher.run(RestartLauncher.java:50) ~[spring-boot-devtools-3.3.13.jar:3.3.13]

2026-08-04T16:39:48.159+07:00  WARN [interaction-service,,] 71264 --- [interaction-service] [restartedMain] s.c.a.AnnotationConfigApplicationContext : Exception thrown from ApplicationListener handling ContextClosedEvent

org.springframework.beans.factory.BeanCreationNotAllowedException: Error creating bean with name 'applicationTaskExecutor': Singleton bean creation not allowed while singletons of this factory are in destruction (Do not request a bean from a BeanFactory in a destroy method implementation!)
	at org.springframework.beans.factory.support.DefaultSingletonBeanRegistry.getSingleton(DefaultSingletonBeanRegistry.java:220) ~[spring-beans-6.1.21.jar:6.1.21]
	at org.springframework.beans.factory.support.AbstractBeanFactory.doGetBean(AbstractBeanFactory.java:335) ~[spring-beans-6.1.21.jar:6.1.21]
	at org.springframework.beans.factory.support.AbstractBeanFactory.getBean(AbstractBeanFactory.java:205) ~[spring-beans-6.1.21.jar:6.1.21]
	at org.springframework.context.event.AbstractApplicationEventMulticaster.retrieveApplicationListeners(AbstractApplicationEventMulticaster.java:265) ~[spring-context-6.1.21.jar:6.1.21]
	at org.springframework.context.event.AbstractApplicationEventMulticaster.getApplicationListeners(AbstractApplicationEventMulticaster.java:222) ~[spring-context-6.1.21.jar:6.1.21]
	at org.springframework.context.event.SimpleApplicationEventMulticaster.multicastEvent(SimpleApplicationEventMulticaster.java:145) ~[spring-context-6.1.21.jar:6.1.21]
	at org.springframework.context.support.AbstractApplicationContext.publishEvent(AbstractApplicationContext.java:452) ~[spring-context-6.1.21.jar:6.1.21]
	at org.springframework.context.support.AbstractApplicationContext.publishEvent(AbstractApplicationContext.java:458) ~[spring-context-6.1.21.jar:6.1.21]
	at org.springframework.context.support.AbstractApplicationContext.publishEvent(AbstractApplicationContext.java:385) ~[spring-context-6.1.21.jar:6.1.21]
	at org.springframework.context.support.AbstractApplicationContext.doClose(AbstractApplicationContext.java:1139) ~[spring-context-6.1.21.jar:6.1.21]
	at org.springframework.context.support.AbstractApplicationContext.close(AbstractApplicationContext.java:1102) ~[spring-context-6.1.21.jar:6.1.21]
	at org.springframework.cloud.context.named.NamedContextFactory.destroy(NamedContextFactory.java:114) ~[spring-cloud-context-4.1.5.jar:4.1.5]
	at org.springframework.beans.factory.support.DisposableBeanAdapter.destroy(DisposableBeanAdapter.java:211) ~[spring-beans-6.1.21.jar:6.1.21]
	at org.springframework.beans.factory.support.DefaultSingletonBeanRegistry.destroyBean(DefaultSingletonBeanRegistry.java:587) ~[spring-beans-6.1.21.jar:6.1.21]
	at org.springframework.beans.factory.support.DefaultSingletonBeanRegistry.destroySingleton(DefaultSingletonBeanRegistry.java:559) ~[spring-beans-6.1.21.jar:6.1.21]
	at org.springframework.beans.factory.support.DefaultListableBeanFactory.destroySingleton(DefaultListableBeanFactory.java:1207) ~[spring-beans-6.1.21.jar:6.1.21]
	at org.springframework.beans.factory.support.DefaultSingletonBeanRegistry.destroySingletons(DefaultSingletonBeanRegistry.java:520) ~[spring-beans-6.1.21.jar:6.1.21]
	at org.springframework.beans.factory.support.DefaultListableBeanFactory.destroySingletons(DefaultListableBeanFactory.java:1200) ~[spring-beans-6.1.21.jar:6.1.21]
	at org.springframework.context.support.AbstractApplicationContext.destroyBeans(AbstractApplicationContext.java:1195) ~[spring-context-6.1.21.jar:6.1.21]
	at org.springframework.context.support.AbstractApplicationContext.refresh(AbstractApplicationContext.java:638) ~[spring-context-6.1.21.jar:6.1.21]
	at org.springframework.boot.web.servlet.context.ServletWebServerApplicationContext.refresh(ServletWebServerApplicationContext.java:146) ~[spring-boot-3.3.13.jar:3.3.13]
	at org.springframework.boot.SpringApplication.refresh(SpringApplication.java:754) ~[spring-boot-3.3.13.jar:3.3.13]
	at org.springframework.boot.SpringApplication.refreshContext(SpringApplication.java:456) ~[spring-boot-3.3.13.jar:3.3.13]
	at org.springframework.boot.SpringApplication.run(SpringApplication.java:335) ~[spring-boot-3.3.13.jar:3.3.13]
	at org.springframework.boot.SpringApplication.run(SpringApplication.java:1363) ~[spring-boot-3.3.13.jar:3.3.13]
	at org.springframework.boot.SpringApplication.run(SpringApplication.java:1352) ~[spring-boot-3.3.13.jar:3.3.13]
	at com.nguyenthanhbang.Social_media.InteractionServiceApplication.main(InteractionServiceApplication.java:11) ~[classes/:na]
	at java.base/jdk.internal.reflect.NativeMethodAccessorImpl.invoke0(Native Method) ~[na:na]
	at java.base/jdk.internal.reflect.NativeMethodAccessorImpl.invoke(NativeMethodAccessorImpl.java:77) ~[na:na]
	at java.base/jdk.internal.reflect.DelegatingMethodAccessorImpl.invoke(DelegatingMethodAccessorImpl.java:43) ~[na:na]
	at java.base/java.lang.reflect.Method.invoke(Method.java:568) ~[na:na]
	at org.springframework.boot.devtools.restart.RestartLauncher.run(RestartLauncher.java:50) ~[spring-boot-devtools-3.3.13.jar:3.3.13]

2026-08-04T16:39:48.161+07:00  INFO [interaction-service,,] 71264 --- [interaction-service] [restartedMain] j.LocalContainerEntityManagerFactoryBean : Closing JPA EntityManagerFactory for persistence unit 'default'
2026-08-04T16:39:48.161+07:00  INFO [interaction-service,,] 71264 --- [interaction-service] [restartedMain] com.zaxxer.hikari.HikariDataSource       : HikariPool-7 - Shutdown initiated...
2026-08-04T16:39:48.189+07:00  INFO [interaction-service,,] 71264 --- [interaction-service] [restartedMain] com.zaxxer.hikari.HikariDataSource       : HikariPool-7 - Shutdown completed.
2026-08-04T16:39:48.189+07:00  INFO [interaction-service,,] 71264 --- [interaction-service] [restartedMain] o.apache.catalina.core.StandardService   : Stopping service [Tomcat]
2026-08-04T16:39:48.198+07:00  INFO [interaction-service,,] 71264 --- [interaction-service] [restartedMain] .s.b.a.l.ConditionEvaluationReportLogger : 

Error starting ApplicationContext. To display the condition evaluation report re-run your application with 'debug' enabled.
2026-08-04T16:39:48.201+07:00 ERROR [interaction-service,,] 71264 --- [interaction-service] [restartedMain] o.s.boot.SpringApplication               : Application run failed

org.springframework.beans.factory.BeanCreationException: Error creating bean with name 'postDeletedConsumer': Resolution of declared constructors on bean Class [com.nguyenthanhbang.Social_media.event.PostDeletedConsumer] from ClassLoader [org.springframework.boot.devtools.restart.classloader.RestartClassLoader@79c1d7dd] failed
	at org.springframework.beans.factory.annotation.AutowiredAnnotationBeanPostProcessor.determineCandidateConstructors(AutowiredAnnotationBeanPostProcessor.java:384) ~[spring-beans-6.1.21.jar:6.1.21]
	at org.springframework.beans.factory.support.AbstractAutowireCapableBeanFactory.determineConstructorsFromBeanPostProcessors(AbstractAutowireCapableBeanFactory.java:1314) ~[spring-beans-6.1.21.jar:6.1.21]
	at org.springframework.beans.factory.support.AbstractAutowireCapableBeanFactory.createBeanInstance(AbstractAutowireCapableBeanFactory.java:1209) ~[spring-beans-6.1.21.jar:6.1.21]
	at org.springframework.beans.factory.support.AbstractAutowireCapableBeanFactory.doCreateBean(AbstractAutowireCapableBeanFactory.java:562) ~[spring-beans-6.1.21.jar:6.1.21]
	at org.springframework.beans.factory.support.AbstractAutowireCapableBeanFactory.createBean(AbstractAutowireCapableBeanFactory.java:522) ~[spring-beans-6.1.21.jar:6.1.21]
	at org.springframework.beans.factory.support.AbstractBeanFactory.lambda$doGetBean$0(AbstractBeanFactory.java:337) ~[spring-beans-6.1.21.jar:6.1.21]
	at org.springframework.beans.factory.support.DefaultSingletonBeanRegistry.getSingleton(DefaultSingletonBeanRegistry.java:234) ~[spring-beans-6.1.21.jar:6.1.21]
	at org.springframework.beans.factory.support.AbstractBeanFactory.doGetBean(AbstractBeanFactory.java:335) ~[spring-beans-6.1.21.jar:6.1.21]
	at org.springframework.beans.factory.support.AbstractBeanFactory.getBean(AbstractBeanFactory.java:200) ~[spring-beans-6.1.21.jar:6.1.21]
	at org.springframework.beans.factory.support.DefaultListableBeanFactory.preInstantiateSingletons(DefaultListableBeanFactory.java:975) ~[spring-beans-6.1.21.jar:6.1.21]
	at org.springframework.context.support.AbstractApplicationContext.finishBeanFactoryInitialization(AbstractApplicationContext.java:971) ~[spring-context-6.1.21.jar:6.1.21]
	at org.springframework.context.support.AbstractApplicationContext.refresh(AbstractApplicationContext.java:625) ~[spring-context-6.1.21.jar:6.1.21]
	at org.springframework.boot.web.servlet.context.ServletWebServerApplicationContext.refresh(ServletWebServerApplicationContext.java:146) ~[spring-boot-3.3.13.jar:3.3.13]
	at org.springframework.boot.SpringApplication.refresh(SpringApplication.java:754) ~[spring-boot-3.3.13.jar:3.3.13]
	at org.springframework.boot.SpringApplication.refreshContext(SpringApplication.java:456) ~[spring-boot-3.3.13.jar:3.3.13]
	at org.springframework.boot.SpringApplication.run(SpringApplication.java:335) ~[spring-boot-3.3.13.jar:3.3.13]
	at org.springframework.boot.SpringApplication.run(SpringApplication.java:1363) ~[spring-boot-3.3.13.jar:3.3.13]
	at org.springframework.boot.SpringApplication.run(SpringApplication.java:1352) ~[spring-boot-3.3.13.jar:3.3.13]
	at com.nguyenthanhbang.Social_media.InteractionServiceApplication.main(InteractionServiceApplication.java:11) ~[classes/:na]
	at java.base/jdk.internal.reflect.NativeMethodAccessorImpl.invoke0(Native Method) ~[na:na]
	at java.base/jdk.internal.reflect.NativeMethodAccessorImpl.invoke(NativeMethodAccessorImpl.java:77) ~[na:na]
	at java.base/jdk.internal.reflect.DelegatingMethodAccessorImpl.invoke(DelegatingMethodAccessorImpl.java:43) ~[na:na]
	at java.base/java.lang.reflect.Method.invoke(Method.java:568) ~[na:na]
	at org.springframework.boot.devtools.restart.RestartLauncher.run(RestartLauncher.java:50) ~[spring-boot-devtools-3.3.13.jar:3.3.13]
Caused by: java.lang.NoClassDefFoundError: CommentServiceImpl
	at java.base/java.lang.Class.getDeclaredConstructors0(Native Method) ~[na:na]
	at java.base/java.lang.Class.privateGetDeclaredConstructors(Class.java:3373) ~[na:na]
	at java.base/java.lang.Class.getDeclaredConstructors(Class.java:2555) ~[na:na]
	at org.springframework.beans.factory.annotation.AutowiredAnnotationBeanPostProcessor.determineCandidateConstructors(AutowiredAnnotationBeanPostProcessor.java:379) ~[spring-beans-6.1.21.jar:6.1.21]
	... 23 common frames omitted
Caused by: java.lang.ClassNotFoundException: CommentServiceImpl
	at java.base/jdk.internal.loader.BuiltinClassLoader.loadClass(BuiltinClassLoader.java:641) ~[na:na]
	at java.base/jdk.internal.loader.ClassLoaders$AppClassLoader.loadClass(ClassLoaders.java:188) ~[na:na]
	at java.base/java.lang.ClassLoader.loadClass(ClassLoader.java:520) ~[na:na]
	at java.base/java.lang.Class.forName0(Native Method) ~[na:na]
	at java.base/java.lang.Class.forName(Class.java:467) ~[na:na]
	at org.springframework.boot.devtools.restart.classloader.RestartClassLoader.loadClass(RestartClassLoader.java:121) ~[spring-boot-devtools-3.3.13.jar:3.3.13]
	at java.base/java.lang.ClassLoader.loadClass(ClassLoader.java:520) ~[na:na]
	... 27 common frames omitted

2026-08-04T16:39:50.795+07:00  INFO [interaction-service,,] 71264 --- [interaction-service] [restartedMain] c.n.S.InteractionServiceApplication      : Starting InteractionServiceApplication using Java 17.0.9 with PID 71264 (D:\Projects\Social-media\backend\interaction-service\target\classes started by BANG in D:\Projects\Social-media\backend\interaction-service)
2026-08-04T16:39:50.795+07:00  INFO [interaction-service,,] 71264 --- [interaction-service] [restartedMain] c.n.S.InteractionServiceApplication      : No active profile set, falling back to 1 default profile: "default"
2026-08-04T16:39:50.990+07:00  INFO [interaction-service,,] 71264 --- [interaction-service] [restartedMain] .s.d.r.c.RepositoryConfigurationDelegate : Bootstrapping Spring Data JPA repositories in DEFAULT mode.
2026-08-04T16:39:51.000+07:00  INFO [interaction-service,,] 71264 --- [interaction-service] [restartedMain] .s.d.r.c.RepositoryConfigurationDelegate : Finished Spring Data repository scanning in 9 ms. Found 3 JPA repository interfaces.
2026-08-04T16:39:51.047+07:00  INFO [interaction-service,,] 71264 --- [interaction-service] [restartedMain] o.s.cloud.context.scope.GenericScope     : BeanFactory id=2272e450-8288-3f17-b366-feb225e5ee3b
2026-08-04T16:39:51.090+07:00  INFO [interaction-service,,] 71264 --- [interaction-service] [restartedMain] o.s.b.w.embedded.tomcat.TomcatWebServer  : Tomcat initialized with port 8084 (http)
2026-08-04T16:39:51.091+07:00  INFO [interaction-service,,] 71264 --- [interaction-service] [restartedMain] o.apache.catalina.core.StandardService   : Starting service [Tomcat]
2026-08-04T16:39:51.091+07:00  INFO [interaction-service,,] 71264 --- [interaction-service] [restartedMain] o.apache.catalina.core.StandardEngine    : Starting Servlet engine: [Apache Tomcat/10.1.42]
2026-08-04T16:39:51.110+07:00  INFO [interaction-service,,] 71264 --- [interaction-service] [restartedMain] o.a.c.c.C.[Tomcat-2].[localhost].[/]     : Initializing Spring embedded WebApplicationContext
2026-08-04T16:39:51.111+07:00  INFO [interaction-service,,] 71264 --- [interaction-service] [restartedMain] w.s.c.ServletWebServerApplicationContext : Root WebApplicationContext: initialization completed in 315 ms
2026-08-04T16:39:51.169+07:00  INFO [interaction-service,,] 71264 --- [interaction-service] [restartedMain] o.hibernate.jpa.internal.util.LogHelper  : HHH000204: Processing PersistenceUnitInfo [name: default]
2026-08-04T16:39:51.171+07:00  INFO [interaction-service,,] 71264 --- [interaction-service] [restartedMain] o.h.c.internal.RegionFactoryInitiator    : HHH000026: Second-level cache disabled
2026-08-04T16:39:51.176+07:00  INFO [interaction-service,,] 71264 --- [interaction-service] [restartedMain] o.s.o.j.p.SpringPersistenceUnitInfo      : No LoadTimeWeaver setup: ignoring JPA class transformer
2026-08-04T16:39:51.177+07:00  INFO [interaction-service,,] 71264 --- [interaction-service] [restartedMain] com.zaxxer.hikari.HikariDataSource       : HikariPool-8 - Starting...
2026-08-04T16:39:51.222+07:00  INFO [interaction-service,,] 71264 --- [interaction-service] [restartedMain] com.zaxxer.hikari.pool.HikariPool        : HikariPool-8 - Added connection org.postgresql.jdbc.PgConnection@67bafe5e
2026-08-04T16:39:51.222+07:00  INFO [interaction-service,,] 71264 --- [interaction-service] [restartedMain] com.zaxxer.hikari.HikariDataSource       : HikariPool-8 - Start completed.
2026-08-04T16:39:51.228+07:00  WARN [interaction-service,,] 71264 --- [interaction-service] [restartedMain] org.hibernate.orm.deprecation            : HHH90000025: PostgreSQLDialect does not need to be specified explicitly using 'hibernate.dialect' (remove the property setting and it will be selected by default)
2026-08-04T16:39:51.327+07:00  INFO [interaction-service,,] 71264 --- [interaction-service] [restartedMain] o.h.e.t.j.p.i.JtaPlatformInitiator       : HHH000489: No JTA platform available (set 'hibernate.transaction.jta.platform' to enable JTA platform integration)
2026-08-04T16:39:51.363+07:00  INFO [interaction-service,,] 71264 --- [interaction-service] [restartedMain] j.LocalContainerEntityManagerFactoryBean : Initialized JPA EntityManagerFactory for persistence unit 'default'
2026-08-04T16:39:51.408+07:00  WARN [interaction-service,,] 71264 --- [interaction-service] [restartedMain] JpaBaseConfiguration$JpaWebConfiguration : spring.jpa.open-in-view is enabled by default. Therefore, database queries may be performed during view rendering. Explicitly configure spring.jpa.open-in-view to disable this warning
2026-08-04T16:39:51.414+07:00  INFO [interaction-service,,] 71264 --- [interaction-service] [restartedMain] o.s.b.d.a.OptionalLiveReloadServer       : LiveReload server is running on port 35729
2026-08-04T16:39:51.572+07:00  INFO [interaction-service,,] 71264 --- [interaction-service] [restartedMain] o.s.c.openfeign.FeignClientFactoryBean   : For 'post-service' URL not provided. Will try picking an instance via load-balancing.
2026-08-04T16:39:51.587+07:00  INFO [interaction-service,,] 71264 --- [interaction-service] [restartedMain] o.s.c.openfeign.FeignClientFactoryBean   : For 'user-service' URL not provided. Will try picking an instance via load-balancing.
2026-08-04T16:39:51.630+07:00  WARN [interaction-service,,] 71264 --- [interaction-service] [restartedMain] ConfigServletWebServerApplicationContext : Exception encountered during context initialization - cancelling refresh attempt: org.springframework.beans.factory.BeanCreationException: Error creating bean with name 'postDeletedConsumer': Resolution of declared constructors on bean Class [com.nguyenthanhbang.Social_media.event.PostDeletedConsumer] from ClassLoader [org.springframework.boot.devtools.restart.classloader.RestartClassLoader@605c296c] failed
2026-08-04T16:39:51.631+07:00  WARN [interaction-service,,] 71264 --- [interaction-service] [restartedMain] s.c.a.AnnotationConfigApplicationContext : Exception thrown from ApplicationListener handling ContextClosedEvent

org.springframework.beans.factory.BeanCreationNotAllowedException: Error creating bean with name 'applicationTaskExecutor': Singleton bean creation not allowed while singletons of this factory are in destruction (Do not request a bean from a BeanFactory in a destroy method implementation!)
	at org.springframework.beans.factory.support.DefaultSingletonBeanRegistry.getSingleton(DefaultSingletonBeanRegistry.java:220) ~[spring-beans-6.1.21.jar:6.1.21]
	at org.springframework.beans.factory.support.AbstractBeanFactory.doGetBean(AbstractBeanFactory.java:335) ~[spring-beans-6.1.21.jar:6.1.21]
	at org.springframework.beans.factory.support.AbstractBeanFactory.getBean(AbstractBeanFactory.java:205) ~[spring-beans-6.1.21.jar:6.1.21]
	at org.springframework.context.event.AbstractApplicationEventMulticaster.retrieveApplicationListeners(AbstractApplicationEventMulticaster.java:265) ~[spring-context-6.1.21.jar:6.1.21]
	at org.springframework.context.event.AbstractApplicationEventMulticaster.getApplicationListeners(AbstractApplicationEventMulticaster.java:222) ~[spring-context-6.1.21.jar:6.1.21]
	at org.springframework.context.event.SimpleApplicationEventMulticaster.multicastEvent(SimpleApplicationEventMulticaster.java:145) ~[spring-context-6.1.21.jar:6.1.21]
	at org.springframework.context.support.AbstractApplicationContext.publishEvent(AbstractApplicationContext.java:452) ~[spring-context-6.1.21.jar:6.1.21]
	at org.springframework.context.support.AbstractApplicationContext.publishEvent(AbstractApplicationContext.java:458) ~[spring-context-6.1.21.jar:6.1.21]
	at org.springframework.context.support.AbstractApplicationContext.publishEvent(AbstractApplicationContext.java:385) ~[spring-context-6.1.21.jar:6.1.21]
	at org.springframework.context.support.AbstractApplicationContext.doClose(AbstractApplicationContext.java:1139) ~[spring-context-6.1.21.jar:6.1.21]
	at org.springframework.context.support.AbstractApplicationContext.close(AbstractApplicationContext.java:1102) ~[spring-context-6.1.21.jar:6.1.21]
	at org.springframework.cloud.context.named.NamedContextFactory.destroy(NamedContextFactory.java:114) ~[spring-cloud-context-4.1.5.jar:4.1.5]
	at org.springframework.beans.factory.support.DisposableBeanAdapter.destroy(DisposableBeanAdapter.java:211) ~[spring-beans-6.1.21.jar:6.1.21]
	at org.springframework.beans.factory.support.DefaultSingletonBeanRegistry.destroyBean(DefaultSingletonBeanRegistry.java:587) ~[spring-beans-6.1.21.jar:6.1.21]
	at org.springframework.beans.factory.support.DefaultSingletonBeanRegistry.destroySingleton(DefaultSingletonBeanRegistry.java:559) ~[spring-beans-6.1.21.jar:6.1.21]
	at org.springframework.beans.factory.support.DefaultListableBeanFactory.destroySingleton(DefaultListableBeanFactory.java:1207) ~[spring-beans-6.1.21.jar:6.1.21]
	at org.springframework.beans.factory.support.DefaultSingletonBeanRegistry.destroySingletons(DefaultSingletonBeanRegistry.java:520) ~[spring-beans-6.1.21.jar:6.1.21]
	at org.springframework.beans.factory.support.DefaultListableBeanFactory.destroySingletons(DefaultListableBeanFactory.java:1200) ~[spring-beans-6.1.21.jar:6.1.21]
	at org.springframework.context.support.AbstractApplicationContext.destroyBeans(AbstractApplicationContext.java:1195) ~[spring-context-6.1.21.jar:6.1.21]
	at org.springframework.context.support.AbstractApplicationContext.refresh(AbstractApplicationContext.java:638) ~[spring-context-6.1.21.jar:6.1.21]
	at org.springframework.boot.web.servlet.context.ServletWebServerApplicationContext.refresh(ServletWebServerApplicationContext.java:146) ~[spring-boot-3.3.13.jar:3.3.13]
	at org.springframework.boot.SpringApplication.refresh(SpringApplication.java:754) ~[spring-boot-3.3.13.jar:3.3.13]
	at org.springframework.boot.SpringApplication.refreshContext(SpringApplication.java:456) ~[spring-boot-3.3.13.jar:3.3.13]
	at org.springframework.boot.SpringApplication.run(SpringApplication.java:335) ~[spring-boot-3.3.13.jar:3.3.13]
	at org.springframework.boot.SpringApplication.run(SpringApplication.java:1363) ~[spring-boot-3.3.13.jar:3.3.13]
	at org.springframework.boot.SpringApplication.run(SpringApplication.java:1352) ~[spring-boot-3.3.13.jar:3.3.13]
	at com.nguyenthanhbang.Social_media.InteractionServiceApplication.main(InteractionServiceApplication.java:11) ~[classes/:na]
	at java.base/jdk.internal.reflect.NativeMethodAccessorImpl.invoke0(Native Method) ~[na:na]
	at java.base/jdk.internal.reflect.NativeMethodAccessorImpl.invoke(NativeMethodAccessorImpl.java:77) ~[na:na]
	at java.base/jdk.internal.reflect.DelegatingMethodAccessorImpl.invoke(DelegatingMethodAccessorImpl.java:43) ~[na:na]
	at java.base/java.lang.reflect.Method.invoke(Method.java:568) ~[na:na]
	at org.springframework.boot.devtools.restart.RestartLauncher.run(RestartLauncher.java:50) ~[spring-boot-devtools-3.3.13.jar:3.3.13]

2026-08-04T16:39:51.632+07:00  WARN [interaction-service,,] 71264 --- [interaction-service] [restartedMain] s.c.a.AnnotationConfigApplicationContext : Exception thrown from ApplicationListener handling ContextClosedEvent

org.springframework.beans.factory.BeanCreationNotAllowedException: Error creating bean with name 'applicationTaskExecutor': Singleton bean creation not allowed while singletons of this factory are in destruction (Do not request a bean from a BeanFactory in a destroy method implementation!)
	at org.springframework.beans.factory.support.DefaultSingletonBeanRegistry.getSingleton(DefaultSingletonBeanRegistry.java:220) ~[spring-beans-6.1.21.jar:6.1.21]
	at org.springframework.beans.factory.support.AbstractBeanFactory.doGetBean(AbstractBeanFactory.java:335) ~[spring-beans-6.1.21.jar:6.1.21]
	at org.springframework.beans.factory.support.AbstractBeanFactory.getBean(AbstractBeanFactory.java:205) ~[spring-beans-6.1.21.jar:6.1.21]
	at org.springframework.context.event.AbstractApplicationEventMulticaster.retrieveApplicationListeners(AbstractApplicationEventMulticaster.java:265) ~[spring-context-6.1.21.jar:6.1.21]
	at org.springframework.context.event.AbstractApplicationEventMulticaster.getApplicationListeners(AbstractApplicationEventMulticaster.java:222) ~[spring-context-6.1.21.jar:6.1.21]
	at org.springframework.context.event.SimpleApplicationEventMulticaster.multicastEvent(SimpleApplicationEventMulticaster.java:145) ~[spring-context-6.1.21.jar:6.1.21]
	at org.springframework.context.support.AbstractApplicationContext.publishEvent(AbstractApplicationContext.java:452) ~[spring-context-6.1.21.jar:6.1.21]
	at org.springframework.context.support.AbstractApplicationContext.publishEvent(AbstractApplicationContext.java:458) ~[spring-context-6.1.21.jar:6.1.21]
	at org.springframework.context.support.AbstractApplicationContext.publishEvent(AbstractApplicationContext.java:385) ~[spring-context-6.1.21.jar:6.1.21]
	at org.springframework.context.support.AbstractApplicationContext.doClose(AbstractApplicationContext.java:1139) ~[spring-context-6.1.21.jar:6.1.21]
	at org.springframework.context.support.AbstractApplicationContext.close(AbstractApplicationContext.java:1102) ~[spring-context-6.1.21.jar:6.1.21]
	at org.springframework.cloud.context.named.NamedContextFactory.destroy(NamedContextFactory.java:114) ~[spring-cloud-context-4.1.5.jar:4.1.5]
	at org.springframework.beans.factory.support.DisposableBeanAdapter.destroy(DisposableBeanAdapter.java:211) ~[spring-beans-6.1.21.jar:6.1.21]
	at org.springframework.beans.factory.support.DefaultSingletonBeanRegistry.destroyBean(DefaultSingletonBeanRegistry.java:587) ~[spring-beans-6.1.21.jar:6.1.21]
	at org.springframework.beans.factory.support.DefaultSingletonBeanRegistry.destroySingleton(DefaultSingletonBeanRegistry.java:559) ~[spring-beans-6.1.21.jar:6.1.21]
	at org.springframework.beans.factory.support.DefaultListableBeanFactory.destroySingleton(DefaultListableBeanFactory.java:1207) ~[spring-beans-6.1.21.jar:6.1.21]
	at org.springframework.beans.factory.support.DefaultSingletonBeanRegistry.destroySingletons(DefaultSingletonBeanRegistry.java:520) ~[spring-beans-6.1.21.jar:6.1.21]
	at org.springframework.beans.factory.support.DefaultListableBeanFactory.destroySingletons(DefaultListableBeanFactory.java:1200) ~[spring-beans-6.1.21.jar:6.1.21]
	at org.springframework.context.support.AbstractApplicationContext.destroyBeans(AbstractApplicationContext.java:1195) ~[spring-context-6.1.21.jar:6.1.21]
	at org.springframework.context.support.AbstractApplicationContext.refresh(AbstractApplicationContext.java:638) ~[spring-context-6.1.21.jar:6.1.21]
	at org.springframework.boot.web.servlet.context.ServletWebServerApplicationContext.refresh(ServletWebServerApplicationContext.java:146) ~[spring-boot-3.3.13.jar:3.3.13]
	at org.springframework.boot.SpringApplication.refresh(SpringApplication.java:754) ~[spring-boot-3.3.13.jar:3.3.13]
	at org.springframework.boot.SpringApplication.refreshContext(SpringApplication.java:456) ~[spring-boot-3.3.13.jar:3.3.13]
	at org.springframework.boot.SpringApplication.run(SpringApplication.java:335) ~[spring-boot-3.3.13.jar:3.3.13]
	at org.springframework.boot.SpringApplication.run(SpringApplication.java:1363) ~[spring-boot-3.3.13.jar:3.3.13]
	at org.springframework.boot.SpringApplication.run(SpringApplication.java:1352) ~[spring-boot-3.3.13.jar:3.3.13]
	at com.nguyenthanhbang.Social_media.InteractionServiceApplication.main(InteractionServiceApplication.java:11) ~[classes/:na]
	at java.base/jdk.internal.reflect.NativeMethodAccessorImpl.invoke0(Native Method) ~[na:na]
	at java.base/jdk.internal.reflect.NativeMethodAccessorImpl.invoke(NativeMethodAccessorImpl.java:77) ~[na:na]
	at java.base/jdk.internal.reflect.DelegatingMethodAccessorImpl.invoke(DelegatingMethodAccessorImpl.java:43) ~[na:na]
	at java.base/java.lang.reflect.Method.invoke(Method.java:568) ~[na:na]
	at org.springframework.boot.devtools.restart.RestartLauncher.run(RestartLauncher.java:50) ~[spring-boot-devtools-3.3.13.jar:3.3.13]

2026-08-04T16:39:51.633+07:00  INFO [interaction-service,,] 71264 --- [interaction-service] [restartedMain] j.LocalContainerEntityManagerFactoryBean : Closing JPA EntityManagerFactory for persistence unit 'default'
2026-08-04T16:39:51.633+07:00  INFO [interaction-service,,] 71264 --- [interaction-service] [restartedMain] com.zaxxer.hikari.HikariDataSource       : HikariPool-8 - Shutdown initiated...
2026-08-04T16:39:51.658+07:00  INFO [interaction-service,,] 71264 --- [interaction-service] [restartedMain] com.zaxxer.hikari.HikariDataSource       : HikariPool-8 - Shutdown completed.
2026-08-04T16:39:51.658+07:00  INFO [interaction-service,,] 71264 --- [interaction-service] [restartedMain] o.apache.catalina.core.StandardService   : Stopping service [Tomcat]
2026-08-04T16:39:51.666+07:00  INFO [interaction-service,,] 71264 --- [interaction-service] [restartedMain] .s.b.a.l.ConditionEvaluationReportLogger : 

Error starting ApplicationContext. To display the condition evaluation report re-run your application with 'debug' enabled.
2026-08-04T16:39:51.668+07:00 ERROR [interaction-service,,] 71264 --- [interaction-service] [restartedMain] o.s.boot.SpringApplication               : Application run failed

org.springframework.beans.factory.BeanCreationException: Error creating bean with name 'postDeletedConsumer': Resolution of declared constructors on bean Class [com.nguyenthanhbang.Social_media.event.PostDeletedConsumer] from ClassLoader [org.springframework.boot.devtools.restart.classloader.RestartClassLoader@605c296c] failed
	at org.springframework.beans.factory.annotation.AutowiredAnnotationBeanPostProcessor.determineCandidateConstructors(AutowiredAnnotationBeanPostProcessor.java:384) ~[spring-beans-6.1.21.jar:6.1.21]
	at org.springframework.beans.factory.support.AbstractAutowireCapableBeanFactory.determineConstructorsFromBeanPostProcessors(AbstractAutowireCapableBeanFactory.java:1314) ~[spring-beans-6.1.21.jar:6.1.21]
	at org.springframework.beans.factory.support.AbstractAutowireCapableBeanFactory.createBeanInstance(AbstractAutowireCapableBeanFactory.java:1209) ~[spring-beans-6.1.21.jar:6.1.21]
	at org.springframework.beans.factory.support.AbstractAutowireCapableBeanFactory.doCreateBean(AbstractAutowireCapableBeanFactory.java:562) ~[spring-beans-6.1.21.jar:6.1.21]
	at org.springframework.beans.factory.support.AbstractAutowireCapableBeanFactory.createBean(AbstractAutowireCapableBeanFactory.java:522) ~[spring-beans-6.1.21.jar:6.1.21]
	at org.springframework.beans.factory.support.AbstractBeanFactory.lambda$doGetBean$0(AbstractBeanFactory.java:337) ~[spring-beans-6.1.21.jar:6.1.21]
	at org.springframework.beans.factory.support.DefaultSingletonBeanRegistry.getSingleton(DefaultSingletonBeanRegistry.java:234) ~[spring-beans-6.1.21.jar:6.1.21]
	at org.springframework.beans.factory.support.AbstractBeanFactory.doGetBean(AbstractBeanFactory.java:335) ~[spring-beans-6.1.21.jar:6.1.21]
	at org.springframework.beans.factory.support.AbstractBeanFactory.getBean(AbstractBeanFactory.java:200) ~[spring-beans-6.1.21.jar:6.1.21]
	at org.springframework.beans.factory.support.DefaultListableBeanFactory.preInstantiateSingletons(DefaultListableBeanFactory.java:975) ~[spring-beans-6.1.21.jar:6.1.21]
	at org.springframework.context.support.AbstractApplicationContext.finishBeanFactoryInitialization(AbstractApplicationContext.java:971) ~[spring-context-6.1.21.jar:6.1.21]
	at org.springframework.context.support.AbstractApplicationContext.refresh(AbstractApplicationContext.java:625) ~[spring-context-6.1.21.jar:6.1.21]
	at org.springframework.boot.web.servlet.context.ServletWebServerApplicationContext.refresh(ServletWebServerApplicationContext.java:146) ~[spring-boot-3.3.13.jar:3.3.13]
	at org.springframework.boot.SpringApplication.refresh(SpringApplication.java:754) ~[spring-boot-3.3.13.jar:3.3.13]
	at org.springframework.boot.SpringApplication.refreshContext(SpringApplication.java:456) ~[spring-boot-3.3.13.jar:3.3.13]
	at org.springframework.boot.SpringApplication.run(SpringApplication.java:335) ~[spring-boot-3.3.13.jar:3.3.13]
	at org.springframework.boot.SpringApplication.run(SpringApplication.java:1363) ~[spring-boot-3.3.13.jar:3.3.13]
	at org.springframework.boot.SpringApplication.run(SpringApplication.java:1352) ~[spring-boot-3.3.13.jar:3.3.13]
	at com.nguyenthanhbang.Social_media.InteractionServiceApplication.main(InteractionServiceApplication.java:11) ~[classes/:na]
	at java.base/jdk.internal.reflect.NativeMethodAccessorImpl.invoke0(Native Method) ~[na:na]
	at java.base/jdk.internal.reflect.NativeMethodAccessorImpl.invoke(NativeMethodAccessorImpl.java:77) ~[na:na]
	at java.base/jdk.internal.reflect.DelegatingMethodAccessorImpl.invoke(DelegatingMethodAccessorImpl.java:43) ~[na:na]
	at java.base/java.lang.reflect.Method.invoke(Method.java:568) ~[na:na]
	at org.springframework.boot.devtools.restart.RestartLauncher.run(RestartLauncher.java:50) ~[spring-boot-devtools-3.3.13.jar:3.3.13]
Caused by: java.lang.NoClassDefFoundError: CommentServiceImpl
	at java.base/java.lang.Class.getDeclaredConstructors0(Native Method) ~[na:na]
	at java.base/java.lang.Class.privateGetDeclaredConstructors(Class.java:3373) ~[na:na]
	at java.base/java.lang.Class.getDeclaredConstructors(Class.java:2555) ~[na:na]
	at org.springframework.beans.factory.annotation.AutowiredAnnotationBeanPostProcessor.determineCandidateConstructors(AutowiredAnnotationBeanPostProcessor.java:379) ~[spring-beans-6.1.21.jar:6.1.21]
	... 23 common frames omitted
Caused by: java.lang.ClassNotFoundException: CommentServiceImpl
	at java.base/jdk.internal.loader.BuiltinClassLoader.loadClass(BuiltinClassLoader.java:641) ~[na:na]
	at java.base/jdk.internal.loader.ClassLoaders$AppClassLoader.loadClass(ClassLoaders.java:188) ~[na:na]
	at java.base/java.lang.ClassLoader.loadClass(ClassLoader.java:520) ~[na:na]
	at java.base/java.lang.Class.forName0(Native Method) ~[na:na]
	at java.base/java.lang.Class.forName(Class.java:467) ~[na:na]
	at org.springframework.boot.devtools.restart.classloader.RestartClassLoader.loadClass(RestartClassLoader.java:121) ~[spring-boot-devtools-3.3.13.jar:3.3.13]
	at java.base/java.lang.ClassLoader.loadClass(ClassLoader.java:520) ~[na:na]
	... 27 common frames omitted

2026-08-04T16:39:56.334+07:00  INFO [interaction-service,,] 71264 --- [interaction-service] [restartedMain] c.n.S.InteractionServiceApplication      : Starting InteractionServiceApplication using Java 17.0.9 with PID 71264 (D:\Projects\Social-media\backend\interaction-service\target\classes started by BANG in D:\Projects\Social-media\backend\interaction-service)
2026-08-04T16:39:56.334+07:00  INFO [interaction-service,,] 71264 --- [interaction-service] [restartedMain] c.n.S.InteractionServiceApplication      : No active profile set, falling back to 1 default profile: "default"
2026-08-04T16:39:56.547+07:00  INFO [interaction-service,,] 71264 --- [interaction-service] [restartedMain] .s.d.r.c.RepositoryConfigurationDelegate : Bootstrapping Spring Data JPA repositories in DEFAULT mode.
2026-08-04T16:39:56.561+07:00  INFO [interaction-service,,] 71264 --- [interaction-service] [restartedMain] .s.d.r.c.RepositoryConfigurationDelegate : Finished Spring Data repository scanning in 14 ms. Found 4 JPA repository interfaces.
2026-08-04T16:39:56.617+07:00  INFO [interaction-service,,] 71264 --- [interaction-service] [restartedMain] o.s.cloud.context.scope.GenericScope     : BeanFactory id=ad1e2bb0-d660-33dd-93dc-8c63162eaf3a
2026-08-04T16:39:56.677+07:00  INFO [interaction-service,,] 71264 --- [interaction-service] [restartedMain] o.s.b.w.embedded.tomcat.TomcatWebServer  : Tomcat initialized with port 8084 (http)
2026-08-04T16:39:56.678+07:00  INFO [interaction-service,,] 71264 --- [interaction-service] [restartedMain] o.apache.catalina.core.StandardService   : Starting service [Tomcat]
2026-08-04T16:39:56.679+07:00  INFO [interaction-service,,] 71264 --- [interaction-service] [restartedMain] o.apache.catalina.core.StandardEngine    : Starting Servlet engine: [Apache Tomcat/10.1.42]
2026-08-04T16:39:56.705+07:00  INFO [interaction-service,,] 71264 --- [interaction-service] [restartedMain] o.a.c.c.C.[Tomcat-3].[localhost].[/]     : Initializing Spring embedded WebApplicationContext
2026-08-04T16:39:56.706+07:00  INFO [interaction-service,,] 71264 --- [interaction-service] [restartedMain] w.s.c.ServletWebServerApplicationContext : Root WebApplicationContext: initialization completed in 370 ms
2026-08-04T16:39:56.781+07:00  INFO [interaction-service,,] 71264 --- [interaction-service] [restartedMain] o.hibernate.jpa.internal.util.LogHelper  : HHH000204: Processing PersistenceUnitInfo [name: default]
2026-08-04T16:39:56.783+07:00  INFO [interaction-service,,] 71264 --- [interaction-service] [restartedMain] o.h.c.internal.RegionFactoryInitiator    : HHH000026: Second-level cache disabled
2026-08-04T16:39:56.790+07:00  INFO [interaction-service,,] 71264 --- [interaction-service] [restartedMain] o.s.o.j.p.SpringPersistenceUnitInfo      : No LoadTimeWeaver setup: ignoring JPA class transformer
2026-08-04T16:39:56.790+07:00  INFO [interaction-service,,] 71264 --- [interaction-service] [restartedMain] com.zaxxer.hikari.HikariDataSource       : HikariPool-9 - Starting...
2026-08-04T16:39:56.850+07:00  INFO [interaction-service,,] 71264 --- [interaction-service] [restartedMain] com.zaxxer.hikari.pool.HikariPool        : HikariPool-9 - Added connection org.postgresql.jdbc.PgConnection@14ecc64a
2026-08-04T16:39:56.850+07:00  INFO [interaction-service,,] 71264 --- [interaction-service] [restartedMain] com.zaxxer.hikari.HikariDataSource       : HikariPool-9 - Start completed.
2026-08-04T16:39:56.859+07:00  WARN [interaction-service,,] 71264 --- [interaction-service] [restartedMain] org.hibernate.orm.deprecation            : HHH90000025: PostgreSQLDialect does not need to be specified explicitly using 'hibernate.dialect' (remove the property setting and it will be selected by default)
2026-08-04T16:39:56.928+07:00  INFO [interaction-service,,] 71264 --- [interaction-service] [restartedMain] o.h.e.t.j.p.i.JtaPlatformInitiator       : HHH000489: No JTA platform available (set 'hibernate.transaction.jta.platform' to enable JTA platform integration)
2026-08-04T16:39:56.939+07:00  INFO [interaction-service,,] 71264 --- [interaction-service] [restartedMain] j.LocalContainerEntityManagerFactoryBean : Initialized JPA EntityManagerFactory for persistence unit 'default'
2026-08-04T16:39:56.994+07:00  WARN [interaction-service,,] 71264 --- [interaction-service] [restartedMain] JpaBaseConfiguration$JpaWebConfiguration : spring.jpa.open-in-view is enabled by default. Therefore, database queries may be performed during view rendering. Explicitly configure spring.jpa.open-in-view to disable this warning
2026-08-04T16:39:57.001+07:00  INFO [interaction-service,,] 71264 --- [interaction-service] [restartedMain] o.s.b.d.a.OptionalLiveReloadServer       : LiveReload server is running on port 35729
2026-08-04T16:39:57.213+07:00  INFO [interaction-service,,] 71264 --- [interaction-service] [restartedMain] o.s.c.openfeign.FeignClientFactoryBean   : For 'post-service' URL not provided. Will try picking an instance via load-balancing.
2026-08-04T16:39:57.234+07:00  INFO [interaction-service,,] 71264 --- [interaction-service] [restartedMain] o.s.c.openfeign.FeignClientFactoryBean   : For 'user-service' URL not provided. Will try picking an instance via load-balancing.
2026-08-04T16:39:57.311+07:00  WARN [interaction-service,,] 71264 --- [interaction-service] [restartedMain] ConfigServletWebServerApplicationContext : Exception encountered during context initialization - cancelling refresh attempt: org.springframework.beans.factory.BeanCreationException: Error creating bean with name 'postDeletedConsumer': Resolution of declared constructors on bean Class [com.nguyenthanhbang.Social_media.event.PostDeletedConsumer] from ClassLoader [org.springframework.boot.devtools.restart.classloader.RestartClassLoader@4b6cc7f3] failed
2026-08-04T16:39:57.312+07:00  WARN [interaction-service,,] 71264 --- [interaction-service] [restartedMain] s.c.a.AnnotationConfigApplicationContext : Exception thrown from ApplicationListener handling ContextClosedEvent

org.springframework.beans.factory.BeanCreationNotAllowedException: Error creating bean with name 'applicationTaskExecutor': Singleton bean creation not allowed while singletons of this factory are in destruction (Do not request a bean from a BeanFactory in a destroy method implementation!)
	at org.springframework.beans.factory.support.DefaultSingletonBeanRegistry.getSingleton(DefaultSingletonBeanRegistry.java:220) ~[spring-beans-6.1.21.jar:6.1.21]
	at org.springframework.beans.factory.support.AbstractBeanFactory.doGetBean(AbstractBeanFactory.java:335) ~[spring-beans-6.1.21.jar:6.1.21]
	at org.springframework.beans.factory.support.AbstractBeanFactory.getBean(AbstractBeanFactory.java:205) ~[spring-beans-6.1.21.jar:6.1.21]
	at org.springframework.context.event.AbstractApplicationEventMulticaster.retrieveApplicationListeners(AbstractApplicationEventMulticaster.java:265) ~[spring-context-6.1.21.jar:6.1.21]
	at org.springframework.context.event.AbstractApplicationEventMulticaster.getApplicationListeners(AbstractApplicationEventMulticaster.java:222) ~[spring-context-6.1.21.jar:6.1.21]
	at org.springframework.context.event.SimpleApplicationEventMulticaster.multicastEvent(SimpleApplicationEventMulticaster.java:145) ~[spring-context-6.1.21.jar:6.1.21]
	at org.springframework.context.support.AbstractApplicationContext.publishEvent(AbstractApplicationContext.java:452) ~[spring-context-6.1.21.jar:6.1.21]
	at org.springframework.context.support.AbstractApplicationContext.publishEvent(AbstractApplicationContext.java:458) ~[spring-context-6.1.21.jar:6.1.21]
	at org.springframework.context.support.AbstractApplicationContext.publishEvent(AbstractApplicationContext.java:385) ~[spring-context-6.1.21.jar:6.1.21]
	at org.springframework.context.support.AbstractApplicationContext.doClose(AbstractApplicationContext.java:1139) ~[spring-context-6.1.21.jar:6.1.21]
	at org.springframework.context.support.AbstractApplicationContext.close(AbstractApplicationContext.java:1102) ~[spring-context-6.1.21.jar:6.1.21]
	at org.springframework.cloud.context.named.NamedContextFactory.destroy(NamedContextFactory.java:114) ~[spring-cloud-context-4.1.5.jar:4.1.5]
	at org.springframework.beans.factory.support.DisposableBeanAdapter.destroy(DisposableBeanAdapter.java:211) ~[spring-beans-6.1.21.jar:6.1.21]
	at org.springframework.beans.factory.support.DefaultSingletonBeanRegistry.destroyBean(DefaultSingletonBeanRegistry.java:587) ~[spring-beans-6.1.21.jar:6.1.21]
	at org.springframework.beans.factory.support.DefaultSingletonBeanRegistry.destroySingleton(DefaultSingletonBeanRegistry.java:559) ~[spring-beans-6.1.21.jar:6.1.21]
	at org.springframework.beans.factory.support.DefaultListableBeanFactory.destroySingleton(DefaultListableBeanFactory.java:1207) ~[spring-beans-6.1.21.jar:6.1.21]
	at org.springframework.beans.factory.support.DefaultSingletonBeanRegistry.destroySingletons(DefaultSingletonBeanRegistry.java:520) ~[spring-beans-6.1.21.jar:6.1.21]
	at org.springframework.beans.factory.support.DefaultListableBeanFactory.destroySingletons(DefaultListableBeanFactory.java:1200) ~[spring-beans-6.1.21.jar:6.1.21]
	at org.springframework.context.support.AbstractApplicationContext.destroyBeans(AbstractApplicationContext.java:1195) ~[spring-context-6.1.21.jar:6.1.21]
	at org.springframework.context.support.AbstractApplicationContext.refresh(AbstractApplicationContext.java:638) ~[spring-context-6.1.21.jar:6.1.21]
	at org.springframework.boot.web.servlet.context.ServletWebServerApplicationContext.refresh(ServletWebServerApplicationContext.java:146) ~[spring-boot-3.3.13.jar:3.3.13]
	at org.springframework.boot.SpringApplication.refresh(SpringApplication.java:754) ~[spring-boot-3.3.13.jar:3.3.13]
	at org.springframework.boot.SpringApplication.refreshContext(SpringApplication.java:456) ~[spring-boot-3.3.13.jar:3.3.13]
	at org.springframework.boot.SpringApplication.run(SpringApplication.java:335) ~[spring-boot-3.3.13.jar:3.3.13]
	at org.springframework.boot.SpringApplication.run(SpringApplication.java:1363) ~[spring-boot-3.3.13.jar:3.3.13]
	at org.springframework.boot.SpringApplication.run(SpringApplication.java:1352) ~[spring-boot-3.3.13.jar:3.3.13]
	at com.nguyenthanhbang.Social_media.InteractionServiceApplication.main(InteractionServiceApplication.java:11) ~[classes/:na]
	at java.base/jdk.internal.reflect.NativeMethodAccessorImpl.invoke0(Native Method) ~[na:na]
	at java.base/jdk.internal.reflect.NativeMethodAccessorImpl.invoke(NativeMethodAccessorImpl.java:77) ~[na:na]
	at java.base/jdk.internal.reflect.DelegatingMethodAccessorImpl.invoke(DelegatingMethodAccessorImpl.java:43) ~[na:na]
	at java.base/java.lang.reflect.Method.invoke(Method.java:568) ~[na:na]
	at org.springframework.boot.devtools.restart.RestartLauncher.run(RestartLauncher.java:50) ~[spring-boot-devtools-3.3.13.jar:3.3.13]

2026-08-04T16:39:57.313+07:00  WARN [interaction-service,,] 71264 --- [interaction-service] [restartedMain] s.c.a.AnnotationConfigApplicationContext : Exception thrown from ApplicationListener handling ContextClosedEvent

org.springframework.beans.factory.BeanCreationNotAllowedException: Error creating bean with name 'applicationTaskExecutor': Singleton bean creation not allowed while singletons of this factory are in destruction (Do not request a bean from a BeanFactory in a destroy method implementation!)
	at org.springframework.beans.factory.support.DefaultSingletonBeanRegistry.getSingleton(DefaultSingletonBeanRegistry.java:220) ~[spring-beans-6.1.21.jar:6.1.21]
	at org.springframework.beans.factory.support.AbstractBeanFactory.doGetBean(AbstractBeanFactory.java:335) ~[spring-beans-6.1.21.jar:6.1.21]
	at org.springframework.beans.factory.support.AbstractBeanFactory.getBean(AbstractBeanFactory.java:205) ~[spring-beans-6.1.21.jar:6.1.21]
	at org.springframework.context.event.AbstractApplicationEventMulticaster.retrieveApplicationListeners(AbstractApplicationEventMulticaster.java:265) ~[spring-context-6.1.21.jar:6.1.21]
	at org.springframework.context.event.AbstractApplicationEventMulticaster.getApplicationListeners(AbstractApplicationEventMulticaster.java:222) ~[spring-context-6.1.21.jar:6.1.21]
	at org.springframework.context.event.SimpleApplicationEventMulticaster.multicastEvent(SimpleApplicationEventMulticaster.java:145) ~[spring-context-6.1.21.jar:6.1.21]
	at org.springframework.context.support.AbstractApplicationContext.publishEvent(AbstractApplicationContext.java:452) ~[spring-context-6.1.21.jar:6.1.21]
	at org.springframework.context.support.AbstractApplicationContext.publishEvent(AbstractApplicationContext.java:458) ~[spring-context-6.1.21.jar:6.1.21]
	at org.springframework.context.support.AbstractApplicationContext.publishEvent(AbstractApplicationContext.java:385) ~[spring-context-6.1.21.jar:6.1.21]
	at org.springframework.context.support.AbstractApplicationContext.doClose(AbstractApplicationContext.java:1139) ~[spring-context-6.1.21.jar:6.1.21]
	at org.springframework.context.support.AbstractApplicationContext.close(AbstractApplicationContext.java:1102) ~[spring-context-6.1.21.jar:6.1.21]
	at org.springframework.cloud.context.named.NamedContextFactory.destroy(NamedContextFactory.java:114) ~[spring-cloud-context-4.1.5.jar:4.1.5]
	at org.springframework.beans.factory.support.DisposableBeanAdapter.destroy(DisposableBeanAdapter.java:211) ~[spring-beans-6.1.21.jar:6.1.21]
	at org.springframework.beans.factory.support.DefaultSingletonBeanRegistry.destroyBean(DefaultSingletonBeanRegistry.java:587) ~[spring-beans-6.1.21.jar:6.1.21]
	at org.springframework.beans.factory.support.DefaultSingletonBeanRegistry.destroySingleton(DefaultSingletonBeanRegistry.java:559) ~[spring-beans-6.1.21.jar:6.1.21]
	at org.springframework.beans.factory.support.DefaultListableBeanFactory.destroySingleton(DefaultListableBeanFactory.java:1207) ~[spring-beans-6.1.21.jar:6.1.21]
	at org.springframework.beans.factory.support.DefaultSingletonBeanRegistry.destroySingletons(DefaultSingletonBeanRegistry.java:520) ~[spring-beans-6.1.21.jar:6.1.21]
	at org.springframework.beans.factory.support.DefaultListableBeanFactory.destroySingletons(DefaultListableBeanFactory.java:1200) ~[spring-beans-6.1.21.jar:6.1.21]
	at org.springframework.context.support.AbstractApplicationContext.destroyBeans(AbstractApplicationContext.java:1195) ~[spring-context-6.1.21.jar:6.1.21]
	at org.springframework.context.support.AbstractApplicationContext.refresh(AbstractApplicationContext.java:638) ~[spring-context-6.1.21.jar:6.1.21]
	at org.springframework.boot.web.servlet.context.ServletWebServerApplicationContext.refresh(ServletWebServerApplicationContext.java:146) ~[spring-boot-3.3.13.jar:3.3.13]
	at org.springframework.boot.SpringApplication.refresh(SpringApplication.java:754) ~[spring-boot-3.3.13.jar:3.3.13]
	at org.springframework.boot.SpringApplication.refreshContext(SpringApplication.java:456) ~[spring-boot-3.3.13.jar:3.3.13]
	at org.springframework.boot.SpringApplication.run(SpringApplication.java:335) ~[spring-boot-3.3.13.jar:3.3.13]
	at org.springframework.boot.SpringApplication.run(SpringApplication.java:1363) ~[spring-boot-3.3.13.jar:3.3.13]
	at org.springframework.boot.SpringApplication.run(SpringApplication.java:1352) ~[spring-boot-3.3.13.jar:3.3.13]
	at com.nguyenthanhbang.Social_media.InteractionServiceApplication.main(InteractionServiceApplication.java:11) ~[classes/:na]
	at java.base/jdk.internal.reflect.NativeMethodAccessorImpl.invoke0(Native Method) ~[na:na]
	at java.base/jdk.internal.reflect.NativeMethodAccessorImpl.invoke(NativeMethodAccessorImpl.java:77) ~[na:na]
	at java.base/jdk.internal.reflect.DelegatingMethodAccessorImpl.invoke(DelegatingMethodAccessorImpl.java:43) ~[na:na]
	at java.base/java.lang.reflect.Method.invoke(Method.java:568) ~[na:na]
	at org.springframework.boot.devtools.restart.RestartLauncher.run(RestartLauncher.java:50) ~[spring-boot-devtools-3.3.13.jar:3.3.13]

2026-08-04T16:39:57.314+07:00  INFO [interaction-service,,] 71264 --- [interaction-service] [restartedMain] j.LocalContainerEntityManagerFactoryBean : Closing JPA EntityManagerFactory for persistence unit 'default'
2026-08-04T16:39:57.315+07:00  INFO [interaction-service,,] 71264 --- [interaction-service] [restartedMain] com.zaxxer.hikari.HikariDataSource       : HikariPool-9 - Shutdown initiated...
2026-08-04T16:39:57.346+07:00  INFO [interaction-service,,] 71264 --- [interaction-service] [restartedMain] com.zaxxer.hikari.HikariDataSource       : HikariPool-9 - Shutdown completed.
2026-08-04T16:39:57.347+07:00  INFO [interaction-service,,] 71264 --- [interaction-service] [restartedMain] o.apache.catalina.core.StandardService   : Stopping service [Tomcat]
2026-08-04T16:39:57.358+07:00  INFO [interaction-service,,] 71264 --- [interaction-service] [restartedMain] .s.b.a.l.ConditionEvaluationReportLogger : 

Error starting ApplicationContext. To display the condition evaluation report re-run your application with 'debug' enabled.
2026-08-04T16:39:57.360+07:00 ERROR [interaction-service,,] 71264 --- [interaction-service] [restartedMain] o.s.boot.SpringApplication               : Application run failed

org.springframework.beans.factory.BeanCreationException: Error creating bean with name 'postDeletedConsumer': Resolution of declared constructors on bean Class [com.nguyenthanhbang.Social_media.event.PostDeletedConsumer] from ClassLoader [org.springframework.boot.devtools.restart.classloader.RestartClassLoader@4b6cc7f3] failed
	at org.springframework.beans.factory.annotation.AutowiredAnnotationBeanPostProcessor.determineCandidateConstructors(AutowiredAnnotationBeanPostProcessor.java:384) ~[spring-beans-6.1.21.jar:6.1.21]
	at org.springframework.beans.factory.support.AbstractAutowireCapableBeanFactory.determineConstructorsFromBeanPostProcessors(AbstractAutowireCapableBeanFactory.java:1314) ~[spring-beans-6.1.21.jar:6.1.21]
	at org.springframework.beans.factory.support.AbstractAutowireCapableBeanFactory.createBeanInstance(AbstractAutowireCapableBeanFactory.java:1209) ~[spring-beans-6.1.21.jar:6.1.21]
	at org.springframework.beans.factory.support.AbstractAutowireCapableBeanFactory.doCreateBean(AbstractAutowireCapableBeanFactory.java:562) ~[spring-beans-6.1.21.jar:6.1.21]
	at org.springframework.beans.factory.support.AbstractAutowireCapableBeanFactory.createBean(AbstractAutowireCapableBeanFactory.java:522) ~[spring-beans-6.1.21.jar:6.1.21]
	at org.springframework.beans.factory.support.AbstractBeanFactory.lambda$doGetBean$0(AbstractBeanFactory.java:337) ~[spring-beans-6.1.21.jar:6.1.21]
	at org.springframework.beans.factory.support.DefaultSingletonBeanRegistry.getSingleton(DefaultSingletonBeanRegistry.java:234) ~[spring-beans-6.1.21.jar:6.1.21]
	at org.springframework.beans.factory.support.AbstractBeanFactory.doGetBean(AbstractBeanFactory.java:335) ~[spring-beans-6.1.21.jar:6.1.21]
	at org.springframework.beans.factory.support.AbstractBeanFactory.getBean(AbstractBeanFactory.java:200) ~[spring-beans-6.1.21.jar:6.1.21]
	at org.springframework.beans.factory.support.DefaultListableBeanFactory.preInstantiateSingletons(DefaultListableBeanFactory.java:975) ~[spring-beans-6.1.21.jar:6.1.21]
	at org.springframework.context.support.AbstractApplicationContext.finishBeanFactoryInitialization(AbstractApplicationContext.java:971) ~[spring-context-6.1.21.jar:6.1.21]
	at org.springframework.context.support.AbstractApplicationContext.refresh(AbstractApplicationContext.java:625) ~[spring-context-6.1.21.jar:6.1.21]
	at org.springframework.boot.web.servlet.context.ServletWebServerApplicationContext.refresh(ServletWebServerApplicationContext.java:146) ~[spring-boot-3.3.13.jar:3.3.13]
	at org.springframework.boot.SpringApplication.refresh(SpringApplication.java:754) ~[spring-boot-3.3.13.jar:3.3.13]
	at org.springframework.boot.SpringApplication.refreshContext(SpringApplication.java:456) ~[spring-boot-3.3.13.jar:3.3.13]
	at org.springframework.boot.SpringApplication.run(SpringApplication.java:335) ~[spring-boot-3.3.13.jar:3.3.13]
	at org.springframework.boot.SpringApplication.run(SpringApplication.java:1363) ~[spring-boot-3.3.13.jar:3.3.13]
	at org.springframework.boot.SpringApplication.run(SpringApplication.java:1352) ~[spring-boot-3.3.13.jar:3.3.13]
	at com.nguyenthanhbang.Social_media.InteractionServiceApplication.main(InteractionServiceApplication.java:11) ~[classes/:na]
	at java.base/jdk.internal.reflect.NativeMethodAccessorImpl.invoke0(Native Method) ~[na:na]
	at java.base/jdk.internal.reflect.NativeMethodAccessorImpl.invoke(NativeMethodAccessorImpl.java:77) ~[na:na]
	at java.base/jdk.internal.reflect.DelegatingMethodAccessorImpl.invoke(DelegatingMethodAccessorImpl.java:43) ~[na:na]
	at java.base/java.lang.reflect.Method.invoke(Method.java:568) ~[na:na]
	at org.springframework.boot.devtools.restart.RestartLauncher.run(RestartLauncher.java:50) ~[spring-boot-devtools-3.3.13.jar:3.3.13]
Caused by: java.lang.NoClassDefFoundError: CommentServiceImpl
	at java.base/java.lang.Class.getDeclaredConstructors0(Native Method) ~[na:na]
	at java.base/java.lang.Class.privateGetDeclaredConstructors(Class.java:3373) ~[na:na]
	at java.base/java.lang.Class.getDeclaredConstructors(Class.java:2555) ~[na:na]
	at org.springframework.beans.factory.annotation.AutowiredAnnotationBeanPostProcessor.determineCandidateConstructors(AutowiredAnnotationBeanPostProcessor.java:379) ~[spring-beans-6.1.21.jar:6.1.21]
	... 23 common frames omitted
Caused by: java.lang.ClassNotFoundException: CommentServiceImpl
	at java.base/jdk.internal.loader.BuiltinClassLoader.loadClass(BuiltinClassLoader.java:641) ~[na:na]
	at java.base/jdk.internal.loader.ClassLoaders$AppClassLoader.loadClass(ClassLoaders.java:188) ~[na:na]
	at java.base/java.lang.ClassLoader.loadClass(ClassLoader.java:520) ~[na:na]
	at java.base/java.lang.Class.forName0(Native Method) ~[na:na]
	at java.base/java.lang.Class.forName(Class.java:467) ~[na:na]
	at org.springframework.boot.devtools.restart.classloader.RestartClassLoader.loadClass(RestartClassLoader.java:121) ~[spring-boot-devtools-3.3.13.jar:3.3.13]
	at java.base/java.lang.ClassLoader.loadClass(ClassLoader.java:520) ~[na:na]
	... 27 common frames omitted

2026-08-04T16:40:02.052+07:00  INFO [interaction-service,,] 71264 --- [interaction-service] [restartedMain] c.n.S.InteractionServiceApplication      : Starting InteractionServiceApplication using Java 17.0.9 with PID 71264 (D:\Projects\Social-media\backend\interaction-service\target\classes started by BANG in D:\Projects\Social-media\backend\interaction-service)
2026-08-04T16:40:02.052+07:00  INFO [interaction-service,,] 71264 --- [interaction-service] [restartedMain] c.n.S.InteractionServiceApplication      : No active profile set, falling back to 1 default profile: "default"
2026-08-04T16:40:02.288+07:00  INFO [interaction-service,,] 71264 --- [interaction-service] [restartedMain] .s.d.r.c.RepositoryConfigurationDelegate : Bootstrapping Spring Data JPA repositories in DEFAULT mode.
2026-08-04T16:40:02.304+07:00  INFO [interaction-service,,] 71264 --- [interaction-service] [restartedMain] .s.d.r.c.RepositoryConfigurationDelegate : Finished Spring Data repository scanning in 15 ms. Found 4 JPA repository interfaces.
2026-08-04T16:40:02.388+07:00  INFO [interaction-service,,] 71264 --- [interaction-service] [restartedMain] o.s.cloud.context.scope.GenericScope     : BeanFactory id=ad1e2bb0-d660-33dd-93dc-8c63162eaf3a
2026-08-04T16:40:02.464+07:00  INFO [interaction-service,,] 71264 --- [interaction-service] [restartedMain] o.s.b.w.embedded.tomcat.TomcatWebServer  : Tomcat initialized with port 8084 (http)
2026-08-04T16:40:02.464+07:00  INFO [interaction-service,,] 71264 --- [interaction-service] [restartedMain] o.apache.catalina.core.StandardService   : Starting service [Tomcat]
2026-08-04T16:40:02.465+07:00  INFO [interaction-service,,] 71264 --- [interaction-service] [restartedMain] o.apache.catalina.core.StandardEngine    : Starting Servlet engine: [Apache Tomcat/10.1.42]
2026-08-04T16:40:02.498+07:00  INFO [interaction-service,,] 71264 --- [interaction-service] [restartedMain] o.a.c.c.C.[Tomcat-4].[localhost].[/]     : Initializing Spring embedded WebApplicationContext
2026-08-04T16:40:02.498+07:00  INFO [interaction-service,,] 71264 --- [interaction-service] [restartedMain] w.s.c.ServletWebServerApplicationContext : Root WebApplicationContext: initialization completed in 444 ms
2026-08-04T16:40:02.586+07:00  INFO [interaction-service,,] 71264 --- [interaction-service] [restartedMain] o.hibernate.jpa.internal.util.LogHelper  : HHH000204: Processing PersistenceUnitInfo [name: default]
2026-08-04T16:40:02.589+07:00  INFO [interaction-service,,] 71264 --- [interaction-service] [restartedMain] o.h.c.internal.RegionFactoryInitiator    : HHH000026: Second-level cache disabled
2026-08-04T16:40:02.595+07:00  INFO [interaction-service,,] 71264 --- [interaction-service] [restartedMain] o.s.o.j.p.SpringPersistenceUnitInfo      : No LoadTimeWeaver setup: ignoring JPA class transformer
2026-08-04T16:40:02.597+07:00  INFO [interaction-service,,] 71264 --- [interaction-service] [restartedMain] com.zaxxer.hikari.HikariDataSource       : HikariPool-10 - Starting...
2026-08-04T16:40:02.663+07:00  INFO [interaction-service,,] 71264 --- [interaction-service] [restartedMain] com.zaxxer.hikari.pool.HikariPool        : HikariPool-10 - Added connection org.postgresql.jdbc.PgConnection@273f21cc
2026-08-04T16:40:02.664+07:00  INFO [interaction-service,,] 71264 --- [interaction-service] [restartedMain] com.zaxxer.hikari.HikariDataSource       : HikariPool-10 - Start completed.
2026-08-04T16:40:02.677+07:00  WARN [interaction-service,,] 71264 --- [interaction-service] [restartedMain] org.hibernate.orm.deprecation            : HHH90000025: PostgreSQLDialect does not need to be specified explicitly using 'hibernate.dialect' (remove the property setting and it will be selected by default)
2026-08-04T16:40:02.735+07:00  INFO [interaction-service,,] 71264 --- [interaction-service] [restartedMain] o.h.e.t.j.p.i.JtaPlatformInitiator       : HHH000489: No JTA platform available (set 'hibernate.transaction.jta.platform' to enable JTA platform integration)
2026-08-04T16:40:02.745+07:00  INFO [interaction-service,,] 71264 --- [interaction-service] [restartedMain] j.LocalContainerEntityManagerFactoryBean : Initialized JPA EntityManagerFactory for persistence unit 'default'
2026-08-04T16:40:02.799+07:00  WARN [interaction-service,,] 71264 --- [interaction-service] [restartedMain] JpaBaseConfiguration$JpaWebConfiguration : spring.jpa.open-in-view is enabled by default. Therefore, database queries may be performed during view rendering. Explicitly configure spring.jpa.open-in-view to disable this warning
2026-08-04T16:40:02.806+07:00  INFO [interaction-service,,] 71264 --- [interaction-service] [restartedMain] o.s.b.d.a.OptionalLiveReloadServer       : LiveReload server is running on port 35729
2026-08-04T16:40:02.966+07:00  INFO [interaction-service,,] 71264 --- [interaction-service] [restartedMain] o.s.c.openfeign.FeignClientFactoryBean   : For 'post-service' URL not provided. Will try picking an instance via load-balancing.
2026-08-04T16:40:02.993+07:00  INFO [interaction-service,,] 71264 --- [interaction-service] [restartedMain] o.s.c.openfeign.FeignClientFactoryBean   : For 'user-service' URL not provided. Will try picking an instance via load-balancing.
2026-08-04T16:40:03.042+07:00  WARN [interaction-service,,] 71264 --- [interaction-service] [restartedMain] ConfigServletWebServerApplicationContext : Exception encountered during context initialization - cancelling refresh attempt: org.springframework.beans.factory.BeanCreationException: Error creating bean with name 'postDeletedConsumer': Resolution of declared constructors on bean Class [com.nguyenthanhbang.Social_media.event.PostDeletedConsumer] from ClassLoader [org.springframework.boot.devtools.restart.classloader.RestartClassLoader@168e1123] failed
2026-08-04T16:40:03.043+07:00  WARN [interaction-service,,] 71264 --- [interaction-service] [restartedMain] s.c.a.AnnotationConfigApplicationContext : Exception thrown from ApplicationListener handling ContextClosedEvent

org.springframework.beans.factory.BeanCreationNotAllowedException: Error creating bean with name 'applicationTaskExecutor': Singleton bean creation not allowed while singletons of this factory are in destruction (Do not request a bean from a BeanFactory in a destroy method implementation!)
	at org.springframework.beans.factory.support.DefaultSingletonBeanRegistry.getSingleton(DefaultSingletonBeanRegistry.java:220) ~[spring-beans-6.1.21.jar:6.1.21]
	at org.springframework.beans.factory.support.AbstractBeanFactory.doGetBean(AbstractBeanFactory.java:335) ~[spring-beans-6.1.21.jar:6.1.21]
	at org.springframework.beans.factory.support.AbstractBeanFactory.getBean(AbstractBeanFactory.java:205) ~[spring-beans-6.1.21.jar:6.1.21]
	at org.springframework.context.event.AbstractApplicationEventMulticaster.retrieveApplicationListeners(AbstractApplicationEventMulticaster.java:265) ~[spring-context-6.1.21.jar:6.1.21]
	at org.springframework.context.event.AbstractApplicationEventMulticaster.getApplicationListeners(AbstractApplicationEventMulticaster.java:222) ~[spring-context-6.1.21.jar:6.1.21]
	at org.springframework.context.event.SimpleApplicationEventMulticaster.multicastEvent(SimpleApplicationEventMulticaster.java:145) ~[spring-context-6.1.21.jar:6.1.21]
	at org.springframework.context.support.AbstractApplicationContext.publishEvent(AbstractApplicationContext.java:452) ~[spring-context-6.1.21.jar:6.1.21]
	at org.springframework.context.support.AbstractApplicationContext.publishEvent(AbstractApplicationContext.java:458) ~[spring-context-6.1.21.jar:6.1.21]
	at org.springframework.context.support.AbstractApplicationContext.publishEvent(AbstractApplicationContext.java:385) ~[spring-context-6.1.21.jar:6.1.21]
	at org.springframework.context.support.AbstractApplicationContext.doClose(AbstractApplicationContext.java:1139) ~[spring-context-6.1.21.jar:6.1.21]
	at org.springframework.context.support.AbstractApplicationContext.close(AbstractApplicationContext.java:1102) ~[spring-context-6.1.21.jar:6.1.21]
	at org.springframework.cloud.context.named.NamedContextFactory.destroy(NamedContextFactory.java:114) ~[spring-cloud-context-4.1.5.jar:4.1.5]
	at org.springframework.beans.factory.support.DisposableBeanAdapter.destroy(DisposableBeanAdapter.java:211) ~[spring-beans-6.1.21.jar:6.1.21]
	at org.springframework.beans.factory.support.DefaultSingletonBeanRegistry.destroyBean(DefaultSingletonBeanRegistry.java:587) ~[spring-beans-6.1.21.jar:6.1.21]
	at org.springframework.beans.factory.support.DefaultSingletonBeanRegistry.destroySingleton(DefaultSingletonBeanRegistry.java:559) ~[spring-beans-6.1.21.jar:6.1.21]
	at org.springframework.beans.factory.support.DefaultListableBeanFactory.destroySingleton(DefaultListableBeanFactory.java:1207) ~[spring-beans-6.1.21.jar:6.1.21]
	at org.springframework.beans.factory.support.DefaultSingletonBeanRegistry.destroySingletons(DefaultSingletonBeanRegistry.java:520) ~[spring-beans-6.1.21.jar:6.1.21]
	at org.springframework.beans.factory.support.DefaultListableBeanFactory.destroySingletons(DefaultListableBeanFactory.java:1200) ~[spring-beans-6.1.21.jar:6.1.21]
	at org.springframework.context.support.AbstractApplicationContext.destroyBeans(AbstractApplicationContext.java:1195) ~[spring-context-6.1.21.jar:6.1.21]
	at org.springframework.context.support.AbstractApplicationContext.refresh(AbstractApplicationContext.java:638) ~[spring-context-6.1.21.jar:6.1.21]
	at org.springframework.boot.web.servlet.context.ServletWebServerApplicationContext.refresh(ServletWebServerApplicationContext.java:146) ~[spring-boot-3.3.13.jar:3.3.13]
	at org.springframework.boot.SpringApplication.refresh(SpringApplication.java:754) ~[spring-boot-3.3.13.jar:3.3.13]
	at org.springframework.boot.SpringApplication.refreshContext(SpringApplication.java:456) ~[spring-boot-3.3.13.jar:3.3.13]
	at org.springframework.boot.SpringApplication.run(SpringApplication.java:335) ~[spring-boot-3.3.13.jar:3.3.13]
	at org.springframework.boot.SpringApplication.run(SpringApplication.java:1363) ~[spring-boot-3.3.13.jar:3.3.13]
	at org.springframework.boot.SpringApplication.run(SpringApplication.java:1352) ~[spring-boot-3.3.13.jar:3.3.13]
	at com.nguyenthanhbang.Social_media.InteractionServiceApplication.main(InteractionServiceApplication.java:11) ~[classes/:na]
	at java.base/jdk.internal.reflect.NativeMethodAccessorImpl.invoke0(Native Method) ~[na:na]
	at java.base/jdk.internal.reflect.NativeMethodAccessorImpl.invoke(NativeMethodAccessorImpl.java:77) ~[na:na]
	at java.base/jdk.internal.reflect.DelegatingMethodAccessorImpl.invoke(DelegatingMethodAccessorImpl.java:43) ~[na:na]
	at java.base/java.lang.reflect.Method.invoke(Method.java:568) ~[na:na]
	at org.springframework.boot.devtools.restart.RestartLauncher.run(RestartLauncher.java:50) ~[spring-boot-devtools-3.3.13.jar:3.3.13]

2026-08-04T16:40:03.044+07:00  WARN [interaction-service,,] 71264 --- [interaction-service] [restartedMain] s.c.a.AnnotationConfigApplicationContext : Exception thrown from ApplicationListener handling ContextClosedEvent

org.springframework.beans.factory.BeanCreationNotAllowedException: Error creating bean with name 'applicationTaskExecutor': Singleton bean creation not allowed while singletons of this factory are in destruction (Do not request a bean from a BeanFactory in a destroy method implementation!)
	at org.springframework.beans.factory.support.DefaultSingletonBeanRegistry.getSingleton(DefaultSingletonBeanRegistry.java:220) ~[spring-beans-6.1.21.jar:6.1.21]
	at org.springframework.beans.factory.support.AbstractBeanFactory.doGetBean(AbstractBeanFactory.java:335) ~[spring-beans-6.1.21.jar:6.1.21]
	at org.springframework.beans.factory.support.AbstractBeanFactory.getBean(AbstractBeanFactory.java:205) ~[spring-beans-6.1.21.jar:6.1.21]
	at org.springframework.context.event.AbstractApplicationEventMulticaster.retrieveApplicationListeners(AbstractApplicationEventMulticaster.java:265) ~[spring-context-6.1.21.jar:6.1.21]
	at org.springframework.context.event.AbstractApplicationEventMulticaster.getApplicationListeners(AbstractApplicationEventMulticaster.java:222) ~[spring-context-6.1.21.jar:6.1.21]
	at org.springframework.context.event.SimpleApplicationEventMulticaster.multicastEvent(SimpleApplicationEventMulticaster.java:145) ~[spring-context-6.1.21.jar:6.1.21]
	at org.springframework.context.support.AbstractApplicationContext.publishEvent(AbstractApplicationContext.java:452) ~[spring-context-6.1.21.jar:6.1.21]
	at org.springframework.context.support.AbstractApplicationContext.publishEvent(AbstractApplicationContext.java:458) ~[spring-context-6.1.21.jar:6.1.21]
	at org.springframework.context.support.AbstractApplicationContext.publishEvent(AbstractApplicationContext.java:385) ~[spring-context-6.1.21.jar:6.1.21]
	at org.springframework.context.support.AbstractApplicationContext.doClose(AbstractApplicationContext.java:1139) ~[spring-context-6.1.21.jar:6.1.21]
	at org.springframework.context.support.AbstractApplicationContext.close(AbstractApplicationContext.java:1102) ~[spring-context-6.1.21.jar:6.1.21]
	at org.springframework.cloud.context.named.NamedContextFactory.destroy(NamedContextFactory.java:114) ~[spring-cloud-context-4.1.5.jar:4.1.5]
	at org.springframework.beans.factory.support.DisposableBeanAdapter.destroy(DisposableBeanAdapter.java:211) ~[spring-beans-6.1.21.jar:6.1.21]
	at org.springframework.beans.factory.support.DefaultSingletonBeanRegistry.destroyBean(DefaultSingletonBeanRegistry.java:587) ~[spring-beans-6.1.21.jar:6.1.21]
	at org.springframework.beans.factory.support.DefaultSingletonBeanRegistry.destroySingleton(DefaultSingletonBeanRegistry.java:559) ~[spring-beans-6.1.21.jar:6.1.21]
	at org.springframework.beans.factory.support.DefaultListableBeanFactory.destroySingleton(DefaultListableBeanFactory.java:1207) ~[spring-beans-6.1.21.jar:6.1.21]
	at org.springframework.beans.factory.support.DefaultSingletonBeanRegistry.destroySingletons(DefaultSingletonBeanRegistry.java:520) ~[spring-beans-6.1.21.jar:6.1.21]
	at org.springframework.beans.factory.support.DefaultListableBeanFactory.destroySingletons(DefaultListableBeanFactory.java:1200) ~[spring-beans-6.1.21.jar:6.1.21]
	at org.springframework.context.support.AbstractApplicationContext.destroyBeans(AbstractApplicationContext.java:1195) ~[spring-context-6.1.21.jar:6.1.21]
	at org.springframework.context.support.AbstractApplicationContext.refresh(AbstractApplicationContext.java:638) ~[spring-context-6.1.21.jar:6.1.21]
	at org.springframework.boot.web.servlet.context.ServletWebServerApplicationContext.refresh(ServletWebServerApplicationContext.java:146) ~[spring-boot-3.3.13.jar:3.3.13]
	at org.springframework.boot.SpringApplication.refresh(SpringApplication.java:754) ~[spring-boot-3.3.13.jar:3.3.13]
	at org.springframework.boot.SpringApplication.refreshContext(SpringApplication.java:456) ~[spring-boot-3.3.13.jar:3.3.13]
	at org.springframework.boot.SpringApplication.run(SpringApplication.java:335) ~[spring-boot-3.3.13.jar:3.3.13]
	at org.springframework.boot.SpringApplication.run(SpringApplication.java:1363) ~[spring-boot-3.3.13.jar:3.3.13]
	at org.springframework.boot.SpringApplication.run(SpringApplication.java:1352) ~[spring-boot-3.3.13.jar:3.3.13]
	at com.nguyenthanhbang.Social_media.InteractionServiceApplication.main(InteractionServiceApplication.java:11) ~[classes/:na]
	at java.base/jdk.internal.reflect.NativeMethodAccessorImpl.invoke0(Native Method) ~[na:na]
	at java.base/jdk.internal.reflect.NativeMethodAccessorImpl.invoke(NativeMethodAccessorImpl.java:77) ~[na:na]
	at java.base/jdk.internal.reflect.DelegatingMethodAccessorImpl.invoke(DelegatingMethodAccessorImpl.java:43) ~[na:na]
	at java.base/java.lang.reflect.Method.invoke(Method.java:568) ~[na:na]
	at org.springframework.boot.devtools.restart.RestartLauncher.run(RestartLauncher.java:50) ~[spring-boot-devtools-3.3.13.jar:3.3.13]

2026-08-04T16:40:03.045+07:00  INFO [interaction-service,,] 71264 --- [interaction-service] [restartedMain] j.LocalContainerEntityManagerFactoryBean : Closing JPA EntityManagerFactory for persistence unit 'default'
2026-08-04T16:40:03.046+07:00  INFO [interaction-service,,] 71264 --- [interaction-service] [restartedMain] com.zaxxer.hikari.HikariDataSource       : HikariPool-10 - Shutdown initiated...
2026-08-04T16:40:03.121+07:00  INFO [interaction-service,,] 71264 --- [interaction-service] [restartedMain] com.zaxxer.hikari.HikariDataSource       : HikariPool-10 - Shutdown completed.
2026-08-04T16:40:03.122+07:00  INFO [interaction-service,,] 71264 --- [interaction-service] [restartedMain] o.apache.catalina.core.StandardService   : Stopping service [Tomcat]
2026-08-04T16:40:03.138+07:00  INFO [interaction-service,,] 71264 --- [interaction-service] [restartedMain] .s.b.a.l.ConditionEvaluationReportLogger : 

Error starting ApplicationContext. To display the condition evaluation report re-run your application with 'debug' enabled.
2026-08-04T16:40:03.140+07:00 ERROR [interaction-service,,] 71264 --- [interaction-service] [restartedMain] o.s.boot.SpringApplication               : Application run failed

org.springframework.beans.factory.BeanCreationException: Error creating bean with name 'postDeletedConsumer': Resolution of declared constructors on bean Class [com.nguyenthanhbang.Social_media.event.PostDeletedConsumer] from ClassLoader [org.springframework.boot.devtools.restart.classloader.RestartClassLoader@168e1123] failed
	at org.springframework.beans.factory.annotation.AutowiredAnnotationBeanPostProcessor.determineCandidateConstructors(AutowiredAnnotationBeanPostProcessor.java:384) ~[spring-beans-6.1.21.jar:6.1.21]
	at org.springframework.beans.factory.support.AbstractAutowireCapableBeanFactory.determineConstructorsFromBeanPostProcessors(AbstractAutowireCapableBeanFactory.java:1314) ~[spring-beans-6.1.21.jar:6.1.21]
	at org.springframework.beans.factory.support.AbstractAutowireCapableBeanFactory.createBeanInstance(AbstractAutowireCapableBeanFactory.java:1209) ~[spring-beans-6.1.21.jar:6.1.21]
	at org.springframework.beans.factory.support.AbstractAutowireCapableBeanFactory.doCreateBean(AbstractAutowireCapableBeanFactory.java:562) ~[spring-beans-6.1.21.jar:6.1.21]
	at org.springframework.beans.factory.support.AbstractAutowireCapableBeanFactory.createBean(AbstractAutowireCapableBeanFactory.java:522) ~[spring-beans-6.1.21.jar:6.1.21]
	at org.springframework.beans.factory.support.AbstractBeanFactory.lambda$doGetBean$0(AbstractBeanFactory.java:337) ~[spring-beans-6.1.21.jar:6.1.21]
	at org.springframework.beans.factory.support.DefaultSingletonBeanRegistry.getSingleton(DefaultSingletonBeanRegistry.java:234) ~[spring-beans-6.1.21.jar:6.1.21]
	at org.springframework.beans.factory.support.AbstractBeanFactory.doGetBean(AbstractBeanFactory.java:335) ~[spring-beans-6.1.21.jar:6.1.21]
	at org.springframework.beans.factory.support.AbstractBeanFactory.getBean(AbstractBeanFactory.java:200) ~[spring-beans-6.1.21.jar:6.1.21]
	at org.springframework.beans.factory.support.DefaultListableBeanFactory.preInstantiateSingletons(DefaultListableBeanFactory.java:975) ~[spring-beans-6.1.21.jar:6.1.21]
	at org.springframework.context.support.AbstractApplicationContext.finishBeanFactoryInitialization(AbstractApplicationContext.java:971) ~[spring-context-6.1.21.jar:6.1.21]
	at org.springframework.context.support.AbstractApplicationContext.refresh(AbstractApplicationContext.java:625) ~[spring-context-6.1.21.jar:6.1.21]
	at org.springframework.boot.web.servlet.context.ServletWebServerApplicationContext.refresh(ServletWebServerApplicationContext.java:146) ~[spring-boot-3.3.13.jar:3.3.13]
	at org.springframework.boot.SpringApplication.refresh(SpringApplication.java:754) ~[spring-boot-3.3.13.jar:3.3.13]
	at org.springframework.boot.SpringApplication.refreshContext(SpringApplication.java:456) ~[spring-boot-3.3.13.jar:3.3.13]
	at org.springframework.boot.SpringApplication.run(SpringApplication.java:335) ~[spring-boot-3.3.13.jar:3.3.13]
	at org.springframework.boot.SpringApplication.run(SpringApplication.java:1363) ~[spring-boot-3.3.13.jar:3.3.13]
	at org.springframework.boot.SpringApplication.run(SpringApplication.java:1352) ~[spring-boot-3.3.13.jar:3.3.13]
	at com.nguyenthanhbang.Social_media.InteractionServiceApplication.main(InteractionServiceApplication.java:11) ~[classes/:na]
	at java.base/jdk.internal.reflect.NativeMethodAccessorImpl.invoke0(Native Method) ~[na:na]
	at java.base/jdk.internal.reflect.NativeMethodAccessorImpl.invoke(NativeMethodAccessorImpl.java:77) ~[na:na]
	at java.base/jdk.internal.reflect.DelegatingMethodAccessorImpl.invoke(DelegatingMethodAccessorImpl.java:43) ~[na:na]
	at java.base/java.lang.reflect.Method.invoke(Method.java:568) ~[na:na]
	at org.springframework.boot.devtools.restart.RestartLauncher.run(RestartLauncher.java:50) ~[spring-boot-devtools-3.3.13.jar:3.3.13]
Caused by: java.lang.NoClassDefFoundError: CommentServiceImpl
	at java.base/java.lang.Class.getDeclaredConstructors0(Native Method) ~[na:na]
	at java.base/java.lang.Class.privateGetDeclaredConstructors(Class.java:3373) ~[na:na]
	at java.base/java.lang.Class.getDeclaredConstructors(Class.java:2555) ~[na:na]
	at org.springframework.beans.factory.annotation.AutowiredAnnotationBeanPostProcessor.determineCandidateConstructors(AutowiredAnnotationBeanPostProcessor.java:379) ~[spring-beans-6.1.21.jar:6.1.21]
	... 23 common frames omitted
Caused by: java.lang.ClassNotFoundException: CommentServiceImpl
	at java.base/jdk.internal.loader.BuiltinClassLoader.loadClass(BuiltinClassLoader.java:641) ~[na:na]
	at java.base/jdk.internal.loader.ClassLoaders$AppClassLoader.loadClass(ClassLoaders.java:188) ~[na:na]
	at java.base/java.lang.ClassLoader.loadClass(ClassLoader.java:520) ~[na:na]
	at java.base/java.lang.Class.forName0(Native Method) ~[na:na]
	at java.base/java.lang.Class.forName(Class.java:467) ~[na:na]
	at org.springframework.boot.devtools.restart.classloader.RestartClassLoader.loadClass(RestartClassLoader.java:121) ~[spring-boot-devtools-3.3.13.jar:3.3.13]
	at java.base/java.lang.ClassLoader.loadClass(ClassLoader.java:520) ~[na:na]
	... 27 common frames omitted

2026-08-04T16:40:06.835+07:00  INFO [interaction-service,,] 71264 --- [interaction-service] [restartedMain] c.n.S.InteractionServiceApplication      : Starting InteractionServiceApplication using Java 17.0.9 with PID 71264 (D:\Projects\Social-media\backend\interaction-service\target\classes started by BANG in D:\Projects\Social-media\backend\interaction-service)
2026-08-04T16:40:06.835+07:00  INFO [interaction-service,,] 71264 --- [interaction-service] [restartedMain] c.n.S.InteractionServiceApplication      : No active profile set, falling back to 1 default profile: "default"
2026-08-04T16:40:07.019+07:00  INFO [interaction-service,,] 71264 --- [interaction-service] [restartedMain] .s.d.r.c.RepositoryConfigurationDelegate : Bootstrapping Spring Data JPA repositories in DEFAULT mode.
2026-08-04T16:40:07.033+07:00  INFO [interaction-service,,] 71264 --- [interaction-service] [restartedMain] .s.d.r.c.RepositoryConfigurationDelegate : Finished Spring Data repository scanning in 14 ms. Found 4 JPA repository interfaces.
2026-08-04T16:40:07.118+07:00  INFO [interaction-service,,] 71264 --- [interaction-service] [restartedMain] o.s.cloud.context.scope.GenericScope     : BeanFactory id=296c1f29-0d0d-31b2-a929-457f77647b04
2026-08-04T16:40:07.197+07:00  INFO [interaction-service,,] 71264 --- [interaction-service] [restartedMain] o.s.b.w.embedded.tomcat.TomcatWebServer  : Tomcat initialized with port 8084 (http)
2026-08-04T16:40:07.198+07:00  INFO [interaction-service,,] 71264 --- [interaction-service] [restartedMain] o.apache.catalina.core.StandardService   : Starting service [Tomcat]
2026-08-04T16:40:07.198+07:00  INFO [interaction-service,,] 71264 --- [interaction-service] [restartedMain] o.apache.catalina.core.StandardEngine    : Starting Servlet engine: [Apache Tomcat/10.1.42]
2026-08-04T16:40:07.221+07:00  INFO [interaction-service,,] 71264 --- [interaction-service] [restartedMain] o.a.c.c.C.[Tomcat-5].[localhost].[/]     : Initializing Spring embedded WebApplicationContext
2026-08-04T16:40:07.221+07:00  INFO [interaction-service,,] 71264 --- [interaction-service] [restartedMain] w.s.c.ServletWebServerApplicationContext : Root WebApplicationContext: initialization completed in 385 ms
2026-08-04T16:40:07.311+07:00  INFO [interaction-service,,] 71264 --- [interaction-service] [restartedMain] o.hibernate.jpa.internal.util.LogHelper  : HHH000204: Processing PersistenceUnitInfo [name: default]
2026-08-04T16:40:07.313+07:00  INFO [interaction-service,,] 71264 --- [interaction-service] [restartedMain] o.h.c.internal.RegionFactoryInitiator    : HHH000026: Second-level cache disabled
2026-08-04T16:40:07.322+07:00  INFO [interaction-service,,] 71264 --- [interaction-service] [restartedMain] o.s.o.j.p.SpringPersistenceUnitInfo      : No LoadTimeWeaver setup: ignoring JPA class transformer
2026-08-04T16:40:07.323+07:00  INFO [interaction-service,,] 71264 --- [interaction-service] [restartedMain] com.zaxxer.hikari.HikariDataSource       : HikariPool-11 - Starting...
2026-08-04T16:40:07.385+07:00  INFO [interaction-service,,] 71264 --- [interaction-service] [restartedMain] com.zaxxer.hikari.pool.HikariPool        : HikariPool-11 - Added connection org.postgresql.jdbc.PgConnection@14c9d469
2026-08-04T16:40:07.386+07:00  INFO [interaction-service,,] 71264 --- [interaction-service] [restartedMain] com.zaxxer.hikari.HikariDataSource       : HikariPool-11 - Start completed.
2026-08-04T16:40:07.396+07:00  WARN [interaction-service,,] 71264 --- [interaction-service] [restartedMain] org.hibernate.orm.deprecation            : HHH90000025: PostgreSQLDialect does not need to be specified explicitly using 'hibernate.dialect' (remove the property setting and it will be selected by default)
2026-08-04T16:40:07.459+07:00  INFO [interaction-service,,] 71264 --- [interaction-service] [restartedMain] o.h.e.t.j.p.i.JtaPlatformInitiator       : HHH000489: No JTA platform available (set 'hibernate.transaction.jta.platform' to enable JTA platform integration)
2026-08-04T16:40:07.471+07:00  INFO [interaction-service,,] 71264 --- [interaction-service] [restartedMain] j.LocalContainerEntityManagerFactoryBean : Initialized JPA EntityManagerFactory for persistence unit 'default'
2026-08-04T16:40:07.555+07:00  WARN [interaction-service,,] 71264 --- [interaction-service] [restartedMain] JpaBaseConfiguration$JpaWebConfiguration : spring.jpa.open-in-view is enabled by default. Therefore, database queries may be performed during view rendering. Explicitly configure spring.jpa.open-in-view to disable this warning
2026-08-04T16:40:07.564+07:00  INFO [interaction-service,,] 71264 --- [interaction-service] [restartedMain] o.s.b.d.a.OptionalLiveReloadServer       : LiveReload server is running on port 35729
2026-08-04T16:40:07.842+07:00  INFO [interaction-service,,] 71264 --- [interaction-service] [restartedMain] o.s.c.openfeign.FeignClientFactoryBean   : For 'post-service' URL not provided. Will try picking an instance via load-balancing.
2026-08-04T16:40:07.868+07:00  INFO [interaction-service,,] 71264 --- [interaction-service] [restartedMain] o.s.c.openfeign.FeignClientFactoryBean   : For 'user-service' URL not provided. Will try picking an instance via load-balancing.
2026-08-04T16:40:07.929+07:00  WARN [interaction-service,,] 71264 --- [interaction-service] [restartedMain] ConfigServletWebServerApplicationContext : Exception encountered during context initialization - cancelling refresh attempt: org.springframework.beans.factory.BeanCreationException: Error creating bean with name 'postDeletedConsumer': Resolution of declared constructors on bean Class [com.nguyenthanhbang.Social_media.event.PostDeletedConsumer] from ClassLoader [org.springframework.boot.devtools.restart.classloader.RestartClassLoader@61065310] failed
2026-08-04T16:40:07.930+07:00  WARN [interaction-service,,] 71264 --- [interaction-service] [restartedMain] s.c.a.AnnotationConfigApplicationContext : Exception thrown from ApplicationListener handling ContextClosedEvent

org.springframework.beans.factory.BeanCreationNotAllowedException: Error creating bean with name 'applicationTaskExecutor': Singleton bean creation not allowed while singletons of this factory are in destruction (Do not request a bean from a BeanFactory in a destroy method implementation!)
	at org.springframework.beans.factory.support.DefaultSingletonBeanRegistry.getSingleton(DefaultSingletonBeanRegistry.java:220) ~[spring-beans-6.1.21.jar:6.1.21]
	at org.springframework.beans.factory.support.AbstractBeanFactory.doGetBean(AbstractBeanFactory.java:335) ~[spring-beans-6.1.21.jar:6.1.21]
	at org.springframework.beans.factory.support.AbstractBeanFactory.getBean(AbstractBeanFactory.java:205) ~[spring-beans-6.1.21.jar:6.1.21]
	at org.springframework.context.event.AbstractApplicationEventMulticaster.retrieveApplicationListeners(AbstractApplicationEventMulticaster.java:265) ~[spring-context-6.1.21.jar:6.1.21]
	at org.springframework.context.event.AbstractApplicationEventMulticaster.getApplicationListeners(AbstractApplicationEventMulticaster.java:222) ~[spring-context-6.1.21.jar:6.1.21]
	at org.springframework.context.event.SimpleApplicationEventMulticaster.multicastEvent(SimpleApplicationEventMulticaster.java:145) ~[spring-context-6.1.21.jar:6.1.21]
	at org.springframework.context.support.AbstractApplicationContext.publishEvent(AbstractApplicationContext.java:452) ~[spring-context-6.1.21.jar:6.1.21]
	at org.springframework.context.support.AbstractApplicationContext.publishEvent(AbstractApplicationContext.java:458) ~[spring-context-6.1.21.jar:6.1.21]
	at org.springframework.context.support.AbstractApplicationContext.publishEvent(AbstractApplicationContext.java:385) ~[spring-context-6.1.21.jar:6.1.21]
	at org.springframework.context.support.AbstractApplicationContext.doClose(AbstractApplicationContext.java:1139) ~[spring-context-6.1.21.jar:6.1.21]
	at org.springframework.context.support.AbstractApplicationContext.close(AbstractApplicationContext.java:1102) ~[spring-context-6.1.21.jar:6.1.21]
	at org.springframework.cloud.context.named.NamedContextFactory.destroy(NamedContextFactory.java:114) ~[spring-cloud-context-4.1.5.jar:4.1.5]
	at org.springframework.beans.factory.support.DisposableBeanAdapter.destroy(DisposableBeanAdapter.java:211) ~[spring-beans-6.1.21.jar:6.1.21]
	at org.springframework.beans.factory.support.DefaultSingletonBeanRegistry.destroyBean(DefaultSingletonBeanRegistry.java:587) ~[spring-beans-6.1.21.jar:6.1.21]
	at org.springframework.beans.factory.support.DefaultSingletonBeanRegistry.destroySingleton(DefaultSingletonBeanRegistry.java:559) ~[spring-beans-6.1.21.jar:6.1.21]
	at org.springframework.beans.factory.support.DefaultListableBeanFactory.destroySingleton(DefaultListableBeanFactory.java:1207) ~[spring-beans-6.1.21.jar:6.1.21]
	at org.springframework.beans.factory.support.DefaultSingletonBeanRegistry.destroySingletons(DefaultSingletonBeanRegistry.java:520) ~[spring-beans-6.1.21.jar:6.1.21]
	at org.springframework.beans.factory.support.DefaultListableBeanFactory.destroySingletons(DefaultListableBeanFactory.java:1200) ~[spring-beans-6.1.21.jar:6.1.21]
	at org.springframework.context.support.AbstractApplicationContext.destroyBeans(AbstractApplicationContext.java:1195) ~[spring-context-6.1.21.jar:6.1.21]
	at org.springframework.context.support.AbstractApplicationContext.refresh(AbstractApplicationContext.java:638) ~[spring-context-6.1.21.jar:6.1.21]
	at org.springframework.boot.web.servlet.context.ServletWebServerApplicationContext.refresh(ServletWebServerApplicationContext.java:146) ~[spring-boot-3.3.13.jar:3.3.13]
	at org.springframework.boot.SpringApplication.refresh(SpringApplication.java:754) ~[spring-boot-3.3.13.jar:3.3.13]
	at org.springframework.boot.SpringApplication.refreshContext(SpringApplication.java:456) ~[spring-boot-3.3.13.jar:3.3.13]
	at org.springframework.boot.SpringApplication.run(SpringApplication.java:335) ~[spring-boot-3.3.13.jar:3.3.13]
	at org.springframework.boot.SpringApplication.run(SpringApplication.java:1363) ~[spring-boot-3.3.13.jar:3.3.13]
	at org.springframework.boot.SpringApplication.run(SpringApplication.java:1352) ~[spring-boot-3.3.13.jar:3.3.13]
	at com.nguyenthanhbang.Social_media.InteractionServiceApplication.main(InteractionServiceApplication.java:11) ~[classes/:na]
	at java.base/jdk.internal.reflect.NativeMethodAccessorImpl.invoke0(Native Method) ~[na:na]
	at java.base/jdk.internal.reflect.NativeMethodAccessorImpl.invoke(NativeMethodAccessorImpl.java:77) ~[na:na]
	at java.base/jdk.internal.reflect.DelegatingMethodAccessorImpl.invoke(DelegatingMethodAccessorImpl.java:43) ~[na:na]
	at java.base/java.lang.reflect.Method.invoke(Method.java:568) ~[na:na]
	at org.springframework.boot.devtools.restart.RestartLauncher.run(RestartLauncher.java:50) ~[spring-boot-devtools-3.3.13.jar:3.3.13]

2026-08-04T16:40:07.932+07:00  WARN [interaction-service,,] 71264 --- [interaction-service] [restartedMain] s.c.a.AnnotationConfigApplicationContext : Exception thrown from ApplicationListener handling ContextClosedEvent

org.springframework.beans.factory.BeanCreationNotAllowedException: Error creating bean with name 'applicationTaskExecutor': Singleton bean creation not allowed while singletons of this factory are in destruction (Do not request a bean from a BeanFactory in a destroy method implementation!)
	at org.springframework.beans.factory.support.DefaultSingletonBeanRegistry.getSingleton(DefaultSingletonBeanRegistry.java:220) ~[spring-beans-6.1.21.jar:6.1.21]
	at org.springframework.beans.factory.support.AbstractBeanFactory.doGetBean(AbstractBeanFactory.java:335) ~[spring-beans-6.1.21.jar:6.1.21]
	at org.springframework.beans.factory.support.AbstractBeanFactory.getBean(AbstractBeanFactory.java:205) ~[spring-beans-6.1.21.jar:6.1.21]
	at org.springframework.context.event.AbstractApplicationEventMulticaster.retrieveApplicationListeners(AbstractApplicationEventMulticaster.java:265) ~[spring-context-6.1.21.jar:6.1.21]
	at org.springframework.context.event.AbstractApplicationEventMulticaster.getApplicationListeners(AbstractApplicationEventMulticaster.java:222) ~[spring-context-6.1.21.jar:6.1.21]
	at org.springframework.context.event.SimpleApplicationEventMulticaster.multicastEvent(SimpleApplicationEventMulticaster.java:145) ~[spring-context-6.1.21.jar:6.1.21]
	at org.springframework.context.support.AbstractApplicationContext.publishEvent(AbstractApplicationContext.java:452) ~[spring-context-6.1.21.jar:6.1.21]
	at org.springframework.context.support.AbstractApplicationContext.publishEvent(AbstractApplicationContext.java:458) ~[spring-context-6.1.21.jar:6.1.21]
	at org.springframework.context.support.AbstractApplicationContext.publishEvent(AbstractApplicationContext.java:385) ~[spring-context-6.1.21.jar:6.1.21]
	at org.springframework.context.support.AbstractApplicationContext.doClose(AbstractApplicationContext.java:1139) ~[spring-context-6.1.21.jar:6.1.21]
	at org.springframework.context.support.AbstractApplicationContext.close(AbstractApplicationContext.java:1102) ~[spring-context-6.1.21.jar:6.1.21]
	at org.springframework.cloud.context.named.NamedContextFactory.destroy(NamedContextFactory.java:114) ~[spring-cloud-context-4.1.5.jar:4.1.5]
	at org.springframework.beans.factory.support.DisposableBeanAdapter.destroy(DisposableBeanAdapter.java:211) ~[spring-beans-6.1.21.jar:6.1.21]
	at org.springframework.beans.factory.support.DefaultSingletonBeanRegistry.destroyBean(DefaultSingletonBeanRegistry.java:587) ~[spring-beans-6.1.21.jar:6.1.21]
	at org.springframework.beans.factory.support.DefaultSingletonBeanRegistry.destroySingleton(DefaultSingletonBeanRegistry.java:559) ~[spring-beans-6.1.21.jar:6.1.21]
	at org.springframework.beans.factory.support.DefaultListableBeanFactory.destroySingleton(DefaultListableBeanFactory.java:1207) ~[spring-beans-6.1.21.jar:6.1.21]
	at org.springframework.beans.factory.support.DefaultSingletonBeanRegistry.destroySingletons(DefaultSingletonBeanRegistry.java:520) ~[spring-beans-6.1.21.jar:6.1.21]
	at org.springframework.beans.factory.support.DefaultListableBeanFactory.destroySingletons(DefaultListableBeanFactory.java:1200) ~[spring-beans-6.1.21.jar:6.1.21]
	at org.springframework.context.support.AbstractApplicationContext.destroyBeans(AbstractApplicationContext.java:1195) ~[spring-context-6.1.21.jar:6.1.21]
	at org.springframework.context.support.AbstractApplicationContext.refresh(AbstractApplicationContext.java:638) ~[spring-context-6.1.21.jar:6.1.21]
	at org.springframework.boot.web.servlet.context.ServletWebServerApplicationContext.refresh(ServletWebServerApplicationContext.java:146) ~[spring-boot-3.3.13.jar:3.3.13]
	at org.springframework.boot.SpringApplication.refresh(SpringApplication.java:754) ~[spring-boot-3.3.13.jar:3.3.13]
	at org.springframework.boot.SpringApplication.refreshContext(SpringApplication.java:456) ~[spring-boot-3.3.13.jar:3.3.13]
	at org.springframework.boot.SpringApplication.run(SpringApplication.java:335) ~[spring-boot-3.3.13.jar:3.3.13]
	at org.springframework.boot.SpringApplication.run(SpringApplication.java:1363) ~[spring-boot-3.3.13.jar:3.3.13]
	at org.springframework.boot.SpringApplication.run(SpringApplication.java:1352) ~[spring-boot-3.3.13.jar:3.3.13]
	at com.nguyenthanhbang.Social_media.InteractionServiceApplication.main(InteractionServiceApplication.java:11) ~[classes/:na]
	at java.base/jdk.internal.reflect.NativeMethodAccessorImpl.invoke0(Native Method) ~[na:na]
	at java.base/jdk.internal.reflect.NativeMethodAccessorImpl.invoke(NativeMethodAccessorImpl.java:77) ~[na:na]
	at java.base/jdk.internal.reflect.DelegatingMethodAccessorImpl.invoke(DelegatingMethodAccessorImpl.java:43) ~[na:na]
	at java.base/java.lang.reflect.Method.invoke(Method.java:568) ~[na:na]
	at org.springframework.boot.devtools.restart.RestartLauncher.run(RestartLauncher.java:50) ~[spring-boot-devtools-3.3.13.jar:3.3.13]

2026-08-04T16:40:07.934+07:00  INFO [interaction-service,,] 71264 --- [interaction-service] [restartedMain] j.LocalContainerEntityManagerFactoryBean : Closing JPA EntityManagerFactory for persistence unit 'default'
2026-08-04T16:40:07.935+07:00  INFO [interaction-service,,] 71264 --- [interaction-service] [restartedMain] com.zaxxer.hikari.HikariDataSource       : HikariPool-11 - Shutdown initiated...
2026-08-04T16:40:08.027+07:00  INFO [interaction-service,,] 71264 --- [interaction-service] [restartedMain] com.zaxxer.hikari.HikariDataSource       : HikariPool-11 - Shutdown completed.
2026-08-04T16:40:08.028+07:00  INFO [interaction-service,,] 71264 --- [interaction-service] [restartedMain] o.apache.catalina.core.StandardService   : Stopping service [Tomcat]
2026-08-04T16:40:08.046+07:00  INFO [interaction-service,,] 71264 --- [interaction-service] [restartedMain] .s.b.a.l.ConditionEvaluationReportLogger : 

Error starting ApplicationContext. To display the condition evaluation report re-run your application with 'debug' enabled.
2026-08-04T16:40:08.050+07:00 ERROR [interaction-service,,] 71264 --- [interaction-service] [restartedMain] o.s.boot.SpringApplication               : Application run failed

org.springframework.beans.factory.BeanCreationException: Error creating bean with name 'postDeletedConsumer': Resolution of declared constructors on bean Class [com.nguyenthanhbang.Social_media.event.PostDeletedConsumer] from ClassLoader [org.springframework.boot.devtools.restart.classloader.RestartClassLoader@61065310] failed
	at org.springframework.beans.factory.annotation.AutowiredAnnotationBeanPostProcessor.determineCandidateConstructors(AutowiredAnnotationBeanPostProcessor.java:384) ~[spring-beans-6.1.21.jar:6.1.21]
	at org.springframework.beans.factory.support.AbstractAutowireCapableBeanFactory.determineConstructorsFromBeanPostProcessors(AbstractAutowireCapableBeanFactory.java:1314) ~[spring-beans-6.1.21.jar:6.1.21]
	at org.springframework.beans.factory.support.AbstractAutowireCapableBeanFactory.createBeanInstance(AbstractAutowireCapableBeanFactory.java:1209) ~[spring-beans-6.1.21.jar:6.1.21]
	at org.springframework.beans.factory.support.AbstractAutowireCapableBeanFactory.doCreateBean(AbstractAutowireCapableBeanFactory.java:562) ~[spring-beans-6.1.21.jar:6.1.21]
	at org.springframework.beans.factory.support.AbstractAutowireCapableBeanFactory.createBean(AbstractAutowireCapableBeanFactory.java:522) ~[spring-beans-6.1.21.jar:6.1.21]
	at org.springframework.beans.factory.support.AbstractBeanFactory.lambda$doGetBean$0(AbstractBeanFactory.java:337) ~[spring-beans-6.1.21.jar:6.1.21]
	at org.springframework.beans.factory.support.DefaultSingletonBeanRegistry.getSingleton(DefaultSingletonBeanRegistry.java:234) ~[spring-beans-6.1.21.jar:6.1.21]
	at org.springframework.beans.factory.support.AbstractBeanFactory.doGetBean(AbstractBeanFactory.java:335) ~[spring-beans-6.1.21.jar:6.1.21]
	at org.springframework.beans.factory.support.AbstractBeanFactory.getBean(AbstractBeanFactory.java:200) ~[spring-beans-6.1.21.jar:6.1.21]
	at org.springframework.beans.factory.support.DefaultListableBeanFactory.preInstantiateSingletons(DefaultListableBeanFactory.java:975) ~[spring-beans-6.1.21.jar:6.1.21]
	at org.springframework.context.support.AbstractApplicationContext.finishBeanFactoryInitialization(AbstractApplicationContext.java:971) ~[spring-context-6.1.21.jar:6.1.21]
	at org.springframework.context.support.AbstractApplicationContext.refresh(AbstractApplicationContext.java:625) ~[spring-context-6.1.21.jar:6.1.21]
	at org.springframework.boot.web.servlet.context.ServletWebServerApplicationContext.refresh(ServletWebServerApplicationContext.java:146) ~[spring-boot-3.3.13.jar:3.3.13]
	at org.springframework.boot.SpringApplication.refresh(SpringApplication.java:754) ~[spring-boot-3.3.13.jar:3.3.13]
	at org.springframework.boot.SpringApplication.refreshContext(SpringApplication.java:456) ~[spring-boot-3.3.13.jar:3.3.13]
	at org.springframework.boot.SpringApplication.run(SpringApplication.java:335) ~[spring-boot-3.3.13.jar:3.3.13]
	at org.springframework.boot.SpringApplication.run(SpringApplication.java:1363) ~[spring-boot-3.3.13.jar:3.3.13]
	at org.springframework.boot.SpringApplication.run(SpringApplication.java:1352) ~[spring-boot-3.3.13.jar:3.3.13]
	at com.nguyenthanhbang.Social_media.InteractionServiceApplication.main(InteractionServiceApplication.java:11) ~[classes/:na]
	at java.base/jdk.internal.reflect.NativeMethodAccessorImpl.invoke0(Native Method) ~[na:na]
	at java.base/jdk.internal.reflect.NativeMethodAccessorImpl.invoke(NativeMethodAccessorImpl.java:77) ~[na:na]
	at java.base/jdk.internal.reflect.DelegatingMethodAccessorImpl.invoke(DelegatingMethodAccessorImpl.java:43) ~[na:na]
	at java.base/java.lang.reflect.Method.invoke(Method.java:568) ~[na:na]
	at org.springframework.boot.devtools.restart.RestartLauncher.run(RestartLauncher.java:50) ~[spring-boot-devtools-3.3.13.jar:3.3.13]
Caused by: java.lang.NoClassDefFoundError: CommentServiceImpl
	at java.base/java.lang.Class.getDeclaredConstructors0(Native Method) ~[na:na]
	at java.base/java.lang.Class.privateGetDeclaredConstructors(Class.java:3373) ~[na:na]
	at java.base/java.lang.Class.getDeclaredConstructors(Class.java:2555) ~[na:na]
	at org.springframework.beans.factory.annotation.AutowiredAnnotationBeanPostProcessor.determineCandidateConstructors(AutowiredAnnotationBeanPostProcessor.java:379) ~[spring-beans-6.1.21.jar:6.1.21]
	... 23 common frames omitted
Caused by: java.lang.ClassNotFoundException: CommentServiceImpl
	at java.base/jdk.internal.loader.BuiltinClassLoader.loadClass(BuiltinClassLoader.java:641) ~[na:na]
	at java.base/jdk.internal.loader.ClassLoaders$AppClassLoader.loadClass(ClassLoaders.java:188) ~[na:na]
	at java.base/java.lang.ClassLoader.loadClass(ClassLoader.java:520) ~[na:na]
	at java.base/java.lang.Class.forName0(Native Method) ~[na:na]
	at java.base/java.lang.Class.forName(Class.java:467) ~[na:na]
	at org.springframework.boot.devtools.restart.classloader.RestartClassLoader.loadClass(RestartClassLoader.java:121) ~[spring-boot-devtools-3.3.13.jar:3.3.13]
	at java.base/java.lang.ClassLoader.loadClass(ClassLoader.java:520) ~[na:na]
	... 27 common frames omitted

2026-08-04T16:40:15.772+07:00  INFO [interaction-service,,] 71264 --- [interaction-service] [restartedMain] c.n.S.InteractionServiceApplication      : Starting InteractionServiceApplication using Java 17.0.9 with PID 71264 (D:\Projects\Social-media\backend\interaction-service\target\classes started by BANG in D:\Projects\Social-media\backend\interaction-service)
2026-08-04T16:40:15.772+07:00  INFO [interaction-service,,] 71264 --- [interaction-service] [restartedMain] c.n.S.InteractionServiceApplication      : No active profile set, falling back to 1 default profile: "default"
2026-08-04T16:40:16.004+07:00  INFO [interaction-service,,] 71264 --- [interaction-service] [restartedMain] .s.d.r.c.RepositoryConfigurationDelegate : Bootstrapping Spring Data JPA repositories in DEFAULT mode.
2026-08-04T16:40:16.016+07:00  INFO [interaction-service,,] 71264 --- [interaction-service] [restartedMain] .s.d.r.c.RepositoryConfigurationDelegate : Finished Spring Data repository scanning in 11 ms. Found 4 JPA repository interfaces.
2026-08-04T16:40:16.111+07:00  INFO [interaction-service,,] 71264 --- [interaction-service] [restartedMain] o.s.cloud.context.scope.GenericScope     : BeanFactory id=eff88f64-c1d9-3d8f-883f-987207296ac6
2026-08-04T16:40:16.177+07:00  INFO [interaction-service,,] 71264 --- [interaction-service] [restartedMain] o.s.b.w.embedded.tomcat.TomcatWebServer  : Tomcat initialized with port 8084 (http)
2026-08-04T16:40:16.178+07:00  INFO [interaction-service,,] 71264 --- [interaction-service] [restartedMain] o.apache.catalina.core.StandardService   : Starting service [Tomcat]
2026-08-04T16:40:16.178+07:00  INFO [interaction-service,,] 71264 --- [interaction-service] [restartedMain] o.apache.catalina.core.StandardEngine    : Starting Servlet engine: [Apache Tomcat/10.1.42]
2026-08-04T16:40:16.212+07:00  INFO [interaction-service,,] 71264 --- [interaction-service] [restartedMain] o.a.c.c.C.[Tomcat-6].[localhost].[/]     : Initializing Spring embedded WebApplicationContext
2026-08-04T16:40:16.213+07:00  INFO [interaction-service,,] 71264 --- [interaction-service] [restartedMain] w.s.c.ServletWebServerApplicationContext : Root WebApplicationContext: initialization completed in 439 ms
2026-08-04T16:40:16.276+07:00  INFO [interaction-service,,] 71264 --- [interaction-service] [restartedMain] o.hibernate.jpa.internal.util.LogHelper  : HHH000204: Processing PersistenceUnitInfo [name: default]
2026-08-04T16:40:16.277+07:00  INFO [interaction-service,,] 71264 --- [interaction-service] [restartedMain] o.h.c.internal.RegionFactoryInitiator    : HHH000026: Second-level cache disabled
2026-08-04T16:40:16.283+07:00  INFO [interaction-service,,] 71264 --- [interaction-service] [restartedMain] o.s.o.j.p.SpringPersistenceUnitInfo      : No LoadTimeWeaver setup: ignoring JPA class transformer
2026-08-04T16:40:16.284+07:00  INFO [interaction-service,,] 71264 --- [interaction-service] [restartedMain] com.zaxxer.hikari.HikariDataSource       : HikariPool-12 - Starting...
2026-08-04T16:40:16.326+07:00  INFO [interaction-service,,] 71264 --- [interaction-service] [restartedMain] com.zaxxer.hikari.pool.HikariPool        : HikariPool-12 - Added connection org.postgresql.jdbc.PgConnection@8d81c98
2026-08-04T16:40:16.326+07:00  INFO [interaction-service,,] 71264 --- [interaction-service] [restartedMain] com.zaxxer.hikari.HikariDataSource       : HikariPool-12 - Start completed.
2026-08-04T16:40:16.334+07:00  WARN [interaction-service,,] 71264 --- [interaction-service] [restartedMain] org.hibernate.orm.deprecation            : HHH90000025: PostgreSQLDialect does not need to be specified explicitly using 'hibernate.dialect' (remove the property setting and it will be selected by default)
2026-08-04T16:40:16.379+07:00  INFO [interaction-service,,] 71264 --- [interaction-service] [restartedMain] o.h.e.t.j.p.i.JtaPlatformInitiator       : HHH000489: No JTA platform available (set 'hibernate.transaction.jta.platform' to enable JTA platform integration)
2026-08-04T16:40:16.389+07:00  INFO [interaction-service,,] 71264 --- [interaction-service] [restartedMain] j.LocalContainerEntityManagerFactoryBean : Initialized JPA EntityManagerFactory for persistence unit 'default'
2026-08-04T16:40:16.487+07:00  WARN [interaction-service,,] 71264 --- [interaction-service] [restartedMain] JpaBaseConfiguration$JpaWebConfiguration : spring.jpa.open-in-view is enabled by default. Therefore, database queries may be performed during view rendering. Explicitly configure spring.jpa.open-in-view to disable this warning
2026-08-04T16:40:16.496+07:00  INFO [interaction-service,,] 71264 --- [interaction-service] [restartedMain] o.s.b.d.a.OptionalLiveReloadServer       : LiveReload server is running on port 35729
2026-08-04T16:40:16.764+07:00  INFO [interaction-service,,] 71264 --- [interaction-service] [restartedMain] o.s.c.openfeign.FeignClientFactoryBean   : For 'post-service' URL not provided. Will try picking an instance via load-balancing.
2026-08-04T16:40:16.808+07:00  INFO [interaction-service,,] 71264 --- [interaction-service] [restartedMain] o.s.c.openfeign.FeignClientFactoryBean   : For 'user-service' URL not provided. Will try picking an instance via load-balancing.
2026-08-04T16:40:17.979+07:00  INFO [interaction-service,,] 71264 --- [interaction-service] [restartedMain] DiscoveryClientOptionalArgsConfiguration : Eureka HTTP Client uses RestTemplate.
2026-08-04T16:40:18.007+07:00  WARN [interaction-service,,] 71264 --- [interaction-service] [restartedMain] iguration$LoadBalancerCaffeineWarnLogger : Spring Cloud LoadBalancer is currently working with the default cache. While this cache implementation is useful for development and tests, it's recommended to use Caffeine cache in production.You can switch to using Caffeine cache, by adding it and org.springframework.cache.caffeine.CaffeineCacheManager to the classpath.
2026-08-04T16:40:18.023+07:00  INFO [interaction-service,,] 71264 --- [interaction-service] [restartedMain] o.s.b.a.e.web.EndpointLinksResolver      : Exposing 2 endpoints beneath base path '/actuator'
2026-08-04T16:40:18.084+07:00  INFO [interaction-service,,] 71264 --- [interaction-service] [restartedMain] o.s.c.n.eureka.InstanceInfoFactory       : Setting initial instance status as: STARTING
2026-08-04T16:40:18.089+07:00  INFO [interaction-service,,] 71264 --- [interaction-service] [restartedMain] com.netflix.discovery.DiscoveryClient    : Initializing Eureka in region us-east-1
2026-08-04T16:40:18.090+07:00  INFO [interaction-service,,] 71264 --- [interaction-service] [restartedMain] c.n.d.s.r.aws.ConfigClusterResolver      : Resolving eureka endpoints via configuration
2026-08-04T16:40:18.091+07:00  INFO [interaction-service,,] 71264 --- [interaction-service] [restartedMain] com.netflix.discovery.DiscoveryClient    : Disable delta property : false
2026-08-04T16:40:18.091+07:00  INFO [interaction-service,,] 71264 --- [interaction-service] [restartedMain] com.netflix.discovery.DiscoveryClient    : Single vip registry refresh property : null
2026-08-04T16:40:18.092+07:00  INFO [interaction-service,,] 71264 --- [interaction-service] [restartedMain] com.netflix.discovery.DiscoveryClient    : Force full registry fetch : false
2026-08-04T16:40:18.092+07:00  INFO [interaction-service,,] 71264 --- [interaction-service] [restartedMain] com.netflix.discovery.DiscoveryClient    : Application is null : false
2026-08-04T16:40:18.093+07:00  INFO [interaction-service,,] 71264 --- [interaction-service] [restartedMain] com.netflix.discovery.DiscoveryClient    : Registered Applications size is zero : true
2026-08-04T16:40:18.093+07:00  INFO [interaction-service,,] 71264 --- [interaction-service] [restartedMain] com.netflix.discovery.DiscoveryClient    : Application version is -1: true
2026-08-04T16:40:18.093+07:00  INFO [interaction-service,,] 71264 --- [interaction-service] [restartedMain] com.netflix.discovery.DiscoveryClient    : Getting all instance registry info from the eureka server
2026-08-04T16:40:18.151+07:00  INFO [interaction-service,,] 71264 --- [interaction-service] [restartedMain] com.netflix.discovery.DiscoveryClient    : The response status is 200
2026-08-04T16:40:18.154+07:00  INFO [interaction-service,,] 71264 --- [interaction-service] [restartedMain] com.netflix.discovery.DiscoveryClient    : Starting heartbeat executor: renew interval is: 30
2026-08-04T16:40:18.155+07:00  INFO [interaction-service,,] 71264 --- [interaction-service] [restartedMain] c.n.discovery.InstanceInfoReplicator     : InstanceInfoReplicator onDemand update allowed rate per min is 4
2026-08-04T16:40:18.155+07:00  INFO [interaction-service,,] 71264 --- [interaction-service] [restartedMain] com.netflix.discovery.DiscoveryClient    : Discovery Client initialized at timestamp 1785836418155 with initial instances count: 4
2026-08-04T16:40:18.160+07:00  INFO [interaction-service,,] 71264 --- [interaction-service] [restartedMain] o.s.c.n.e.s.EurekaServiceRegistry        : Registering application INTERACTION-SERVICE with eureka with status UP
2026-08-04T16:40:18.163+07:00  INFO [interaction-service,,] 71264 --- [interaction-service] [restartedMain] com.netflix.discovery.DiscoveryClient    : Saw local status change event StatusChangeEvent [timestamp=1785836418163, current=UP, previous=STARTING]
2026-08-04T16:40:18.164+07:00  INFO [interaction-service,,] 71264 --- [interaction-service] [DiscoveryClient-InstanceInfoReplicator-%d] com.netflix.discovery.DiscoveryClient    : DiscoveryClient_INTERACTION-SERVICE/LAPTOP-4K64MGNI:interaction-service:8084: registering service...
2026-08-04T16:40:18.174+07:00  INFO [interaction-service,,] 71264 --- [interaction-service] [restartedMain] o.s.b.w.embedded.tomcat.TomcatWebServer  : Tomcat started on port 8084 (http) with context path '/'
2026-08-04T16:40:18.175+07:00  INFO [interaction-service,,] 71264 --- [interaction-service] [restartedMain] .s.c.n.e.s.EurekaAutoServiceRegistration : Updating port to 8084
2026-08-04T16:40:18.191+07:00  INFO [interaction-service,,] 71264 --- [interaction-service] [DiscoveryClient-InstanceInfoReplicator-%d] com.netflix.discovery.DiscoveryClient    : DiscoveryClient_INTERACTION-SERVICE/LAPTOP-4K64MGNI:interaction-service:8084 - registration status: 204
2026-08-04T16:40:18.787+07:00  INFO [interaction-service,,] 71264 --- [interaction-service] [restartedMain] o.s.a.r.c.CachingConnectionFactory       : Attempting to connect to: [localhost:5672]
2026-08-04T16:40:18.838+07:00  INFO [interaction-service,,] 71264 --- [interaction-service] [restartedMain] o.s.a.r.c.CachingConnectionFactory       : Created new connection: rabbitConnectionFactory#87cc83a:0/SimpleConnection@3c2e0b0d [delegate=amqp://guest@127.0.0.1:5672/, localPort=51928]
2026-08-04T16:40:19.107+07:00  INFO [interaction-service,,] 71264 --- [interaction-service] [restartedMain] c.n.S.InteractionServiceApplication      : Started InteractionServiceApplication in 3.506 seconds (process running for 3273.396)
2026-08-04T16:40:19.115+07:00  INFO [interaction-service,,] 71264 --- [interaction-service] [restartedMain] .ConditionEvaluationDeltaLoggingListener : Condition evaluation unchanged
2026-08-04T16:40:26.008+07:00  INFO [interaction-service,,] 71264 --- [interaction-service] [File Watcher] rtingClassPathChangeChangedEventListener : Restarting due to 1 class path change (0 additions, 0 deletions, 1 modification)
2026-08-04T16:40:26.011+07:00  INFO [interaction-service,,] 71264 --- [interaction-service] [Thread-38] o.s.c.n.e.s.EurekaServiceRegistry        : Unregistering application INTERACTION-SERVICE with eureka with status DOWN
2026-08-04T16:40:26.012+07:00  INFO [interaction-service,,] 71264 --- [interaction-service] [Thread-38] com.netflix.discovery.DiscoveryClient    : Saw local status change event StatusChangeEvent [timestamp=1785836426012, current=DOWN, previous=UP]
2026-08-04T16:40:26.013+07:00  INFO [interaction-service,,] 71264 --- [interaction-service] [DiscoveryClient-InstanceInfoReplicator-%d] com.netflix.discovery.DiscoveryClient    : DiscoveryClient_INTERACTION-SERVICE/LAPTOP-4K64MGNI:interaction-service:8084: registering service...
2026-08-04T16:40:26.033+07:00  INFO [interaction-service,,] 71264 --- [interaction-service] [DiscoveryClient-InstanceInfoReplicator-%d] com.netflix.discovery.DiscoveryClient    : DiscoveryClient_INTERACTION-SERVICE/LAPTOP-4K64MGNI:interaction-service:8084 - registration status: 204
2026-08-04T16:40:26.091+07:00  INFO [interaction-service,,] 71264 --- [interaction-service] [org.springframework.amqp.rabbit.RabbitListenerEndpointContainer#0-2] o.s.a.r.l.SimpleMessageListenerContainer : Waiting for workers to finish.
2026-08-04T16:40:26.136+07:00  INFO [interaction-service,,] 71264 --- [interaction-service] [org.springframework.amqp.rabbit.RabbitListenerEndpointContainer#0-2] o.s.a.r.l.SimpleMessageListenerContainer : Successfully waited for workers to finish.
2026-08-04T16:40:27.371+07:00  INFO [interaction-service,,] 71264 --- [interaction-service] [Thread-38] j.LocalContainerEntityManagerFactoryBean : Closing JPA EntityManagerFactory for persistence unit 'default'
2026-08-04T16:40:27.374+07:00  INFO [interaction-service,,] 71264 --- [interaction-service] [Thread-38] com.zaxxer.hikari.HikariDataSource       : HikariPool-12 - Shutdown initiated...
2026-08-04T16:40:27.389+07:00  INFO [interaction-service,,] 71264 --- [interaction-service] [Thread-38] com.zaxxer.hikari.HikariDataSource       : HikariPool-12 - Shutdown completed.
2026-08-04T16:40:27.390+07:00  INFO [interaction-service,,] 71264 --- [interaction-service] [Thread-38] com.netflix.discovery.DiscoveryClient    : Shutting down DiscoveryClient ...
2026-08-04T16:40:30.396+07:00  INFO [interaction-service,,] 71264 --- [interaction-service] [Thread-38] com.netflix.discovery.DiscoveryClient    : Unregistering ...
2026-08-04T16:40:30.415+07:00  INFO [interaction-service,,] 71264 --- [interaction-service] [Thread-38] com.netflix.discovery.DiscoveryClient    : DiscoveryClient_INTERACTION-SERVICE/LAPTOP-4K64MGNI:interaction-service:8084 - deregister  status: 200
2026-08-04T16:40:30.416+07:00  INFO [interaction-service,,] 71264 --- [interaction-service] [Thread-38] com.netflix.discovery.DiscoveryClient    : Completed shut down of DiscoveryClient
2026-08-04T16:40:31.316+07:00  INFO [interaction-service,,] 71264 --- [interaction-service] [restartedMain] c.n.S.InteractionServiceApplication      : Starting InteractionServiceApplication using Java 17.0.9 with PID 71264 (D:\Projects\Social-media\backend\interaction-service\target\classes started by BANG in D:\Projects\Social-media\backend\interaction-service)
2026-08-04T16:40:31.317+07:00  INFO [interaction-service,,] 71264 --- [interaction-service] [restartedMain] c.n.S.InteractionServiceApplication      : No active profile set, falling back to 1 default profile: "default"
2026-08-04T16:40:32.227+07:00  INFO [interaction-service,,] 71264 --- [interaction-service] [restartedMain] .s.d.r.c.RepositoryConfigurationDelegate : Bootstrapping Spring Data JPA repositories in DEFAULT mode.
2026-08-04T16:40:32.279+07:00  INFO [interaction-service,,] 71264 --- [interaction-service] [restartedMain] .s.d.r.c.RepositoryConfigurationDelegate : Finished Spring Data repository scanning in 50 ms. Found 4 JPA repository interfaces.
2026-08-04T16:40:32.590+07:00  INFO [interaction-service,,] 71264 --- [interaction-service] [restartedMain] o.s.cloud.context.scope.GenericScope     : BeanFactory id=eff88f64-c1d9-3d8f-883f-987207296ac6
2026-08-04T16:40:32.825+07:00  INFO [interaction-service,,] 71264 --- [interaction-service] [restartedMain] o.s.b.w.embedded.tomcat.TomcatWebServer  : Tomcat initialized with port 8084 (http)
2026-08-04T16:40:32.827+07:00  INFO [interaction-service,,] 71264 --- [interaction-service] [restartedMain] o.apache.catalina.core.StandardService   : Starting service [Tomcat]
2026-08-04T16:40:32.827+07:00  INFO [interaction-service,,] 71264 --- [interaction-service] [restartedMain] o.apache.catalina.core.StandardEngine    : Starting Servlet engine: [Apache Tomcat/10.1.42]
2026-08-04T16:40:32.913+07:00  INFO [interaction-service,,] 71264 --- [interaction-service] [restartedMain] o.a.c.c.C.[Tomcat-6].[localhost].[/]     : Initializing Spring embedded WebApplicationContext
2026-08-04T16:40:32.914+07:00  INFO [interaction-service,,] 71264 --- [interaction-service] [restartedMain] w.s.c.ServletWebServerApplicationContext : Root WebApplicationContext: initialization completed in 1591 ms
2026-08-04T16:40:33.170+07:00  INFO [interaction-service,,] 71264 --- [interaction-service] [restartedMain] o.hibernate.jpa.internal.util.LogHelper  : HHH000204: Processing PersistenceUnitInfo [name: default]
2026-08-04T16:40:33.175+07:00  INFO [interaction-service,,] 71264 --- [interaction-service] [restartedMain] o.h.c.internal.RegionFactoryInitiator    : HHH000026: Second-level cache disabled
2026-08-04T16:40:33.190+07:00  INFO [interaction-service,,] 71264 --- [interaction-service] [restartedMain] o.s.o.j.p.SpringPersistenceUnitInfo      : No LoadTimeWeaver setup: ignoring JPA class transformer
2026-08-04T16:40:33.192+07:00  INFO [interaction-service,,] 71264 --- [interaction-service] [restartedMain] com.zaxxer.hikari.HikariDataSource       : HikariPool-13 - Starting...
2026-08-04T16:40:33.517+07:00  INFO [interaction-service,,] 71264 --- [interaction-service] [restartedMain] com.zaxxer.hikari.pool.HikariPool        : HikariPool-13 - Added connection org.postgresql.jdbc.PgConnection@53bdc251
2026-08-04T16:40:33.518+07:00  INFO [interaction-service,,] 71264 --- [interaction-service] [restartedMain] com.zaxxer.hikari.HikariDataSource       : HikariPool-13 - Start completed.
2026-08-04T16:40:33.548+07:00  WARN [interaction-service,,] 71264 --- [interaction-service] [restartedMain] org.hibernate.orm.deprecation            : HHH90000025: PostgreSQLDialect does not need to be specified explicitly using 'hibernate.dialect' (remove the property setting and it will be selected by default)
2026-08-04T16:40:33.753+07:00  INFO [interaction-service,,] 71264 --- [interaction-service] [restartedMain] o.h.e.t.j.p.i.JtaPlatformInitiator       : HHH000489: No JTA platform available (set 'hibernate.transaction.jta.platform' to enable JTA platform integration)
2026-08-04T16:40:33.802+07:00  INFO [interaction-service,,] 71264 --- [interaction-service] [restartedMain] j.LocalContainerEntityManagerFactoryBean : Initialized JPA EntityManagerFactory for persistence unit 'default'
2026-08-04T16:40:34.041+07:00  WARN [interaction-service,,] 71264 --- [interaction-service] [restartedMain] JpaBaseConfiguration$JpaWebConfiguration : spring.jpa.open-in-view is enabled by default. Therefore, database queries may be performed during view rendering. Explicitly configure spring.jpa.open-in-view to disable this warning
2026-08-04T16:40:34.076+07:00  INFO [interaction-service,,] 71264 --- [interaction-service] [restartedMain] o.s.b.d.a.OptionalLiveReloadServer       : LiveReload server is running on port 35729
2026-08-04T16:40:35.111+07:00  INFO [interaction-service,,] 71264 --- [interaction-service] [restartedMain] o.s.c.openfeign.FeignClientFactoryBean   : For 'post-service' URL not provided. Will try picking an instance via load-balancing.
2026-08-04T16:40:35.171+07:00  INFO [interaction-service,,] 71264 --- [interaction-service] [restartedMain] o.s.c.openfeign.FeignClientFactoryBean   : For 'user-service' URL not provided. Will try picking an instance via load-balancing.
2026-08-04T16:40:36.629+07:00  INFO [interaction-service,,] 71264 --- [interaction-service] [restartedMain] DiscoveryClientOptionalArgsConfiguration : Eureka HTTP Client uses RestTemplate.
2026-08-04T16:40:36.663+07:00  WARN [interaction-service,,] 71264 --- [interaction-service] [restartedMain] iguration$LoadBalancerCaffeineWarnLogger : Spring Cloud LoadBalancer is currently working with the default cache. While this cache implementation is useful for development and tests, it's recommended to use Caffeine cache in production.You can switch to using Caffeine cache, by adding it and org.springframework.cache.caffeine.CaffeineCacheManager to the classpath.
2026-08-04T16:40:36.675+07:00  INFO [interaction-service,,] 71264 --- [interaction-service] [restartedMain] o.s.b.a.e.web.EndpointLinksResolver      : Exposing 2 endpoints beneath base path '/actuator'
2026-08-04T16:40:36.723+07:00  INFO [interaction-service,,] 71264 --- [interaction-service] [restartedMain] o.s.c.n.eureka.InstanceInfoFactory       : Setting initial instance status as: STARTING
2026-08-04T16:40:36.728+07:00  INFO [interaction-service,,] 71264 --- [interaction-service] [restartedMain] com.netflix.discovery.DiscoveryClient    : Initializing Eureka in region us-east-1
2026-08-04T16:40:36.728+07:00  INFO [interaction-service,,] 71264 --- [interaction-service] [restartedMain] c.n.d.s.r.aws.ConfigClusterResolver      : Resolving eureka endpoints via configuration
2026-08-04T16:40:36.730+07:00  INFO [interaction-service,,] 71264 --- [interaction-service] [restartedMain] com.netflix.discovery.DiscoveryClient    : Disable delta property : false
2026-08-04T16:40:36.730+07:00  INFO [interaction-service,,] 71264 --- [interaction-service] [restartedMain] com.netflix.discovery.DiscoveryClient    : Single vip registry refresh property : null
2026-08-04T16:40:36.731+07:00  INFO [interaction-service,,] 71264 --- [interaction-service] [restartedMain] com.netflix.discovery.DiscoveryClient    : Force full registry fetch : false
2026-08-04T16:40:36.731+07:00  INFO [interaction-service,,] 71264 --- [interaction-service] [restartedMain] com.netflix.discovery.DiscoveryClient    : Application is null : false
2026-08-04T16:40:36.732+07:00  INFO [interaction-service,,] 71264 --- [interaction-service] [restartedMain] com.netflix.discovery.DiscoveryClient    : Registered Applications size is zero : true
2026-08-04T16:40:36.732+07:00  INFO [interaction-service,,] 71264 --- [interaction-service] [restartedMain] com.netflix.discovery.DiscoveryClient    : Application version is -1: true
2026-08-04T16:40:36.733+07:00  INFO [interaction-service,,] 71264 --- [interaction-service] [restartedMain] com.netflix.discovery.DiscoveryClient    : Getting all instance registry info from the eureka server
2026-08-04T16:40:36.789+07:00  INFO [interaction-service,,] 71264 --- [interaction-service] [restartedMain] com.netflix.discovery.DiscoveryClient    : The response status is 200
2026-08-04T16:40:36.791+07:00  INFO [interaction-service,,] 71264 --- [interaction-service] [restartedMain] com.netflix.discovery.DiscoveryClient    : Starting heartbeat executor: renew interval is: 30
2026-08-04T16:40:36.793+07:00  INFO [interaction-service,,] 71264 --- [interaction-service] [restartedMain] c.n.discovery.InstanceInfoReplicator     : InstanceInfoReplicator onDemand update allowed rate per min is 4
2026-08-04T16:40:36.795+07:00  INFO [interaction-service,,] 71264 --- [interaction-service] [restartedMain] com.netflix.discovery.DiscoveryClient    : Discovery Client initialized at timestamp 1785836436795 with initial instances count: 4
2026-08-04T16:40:36.804+07:00  INFO [interaction-service,,] 71264 --- [interaction-service] [restartedMain] o.s.c.n.e.s.EurekaServiceRegistry        : Registering application INTERACTION-SERVICE with eureka with status UP
2026-08-04T16:40:36.806+07:00  INFO [interaction-service,,] 71264 --- [interaction-service] [restartedMain] com.netflix.discovery.DiscoveryClient    : Saw local status change event StatusChangeEvent [timestamp=1785836436806, current=UP, previous=STARTING]
2026-08-04T16:40:36.806+07:00  INFO [interaction-service,,] 71264 --- [interaction-service] [DiscoveryClient-InstanceInfoReplicator-%d] com.netflix.discovery.DiscoveryClient    : DiscoveryClient_INTERACTION-SERVICE/LAPTOP-4K64MGNI:interaction-service:8084: registering service...
2026-08-04T16:40:36.816+07:00  INFO [interaction-service,,] 71264 --- [interaction-service] [restartedMain] o.s.b.w.embedded.tomcat.TomcatWebServer  : Tomcat started on port 8084 (http) with context path '/'
2026-08-04T16:40:36.817+07:00  INFO [interaction-service,,] 71264 --- [interaction-service] [restartedMain] .s.c.n.e.s.EurekaAutoServiceRegistration : Updating port to 8084
2026-08-04T16:40:36.836+07:00  INFO [interaction-service,,] 71264 --- [interaction-service] [DiscoveryClient-InstanceInfoReplicator-%d] com.netflix.discovery.DiscoveryClient    : DiscoveryClient_INTERACTION-SERVICE/LAPTOP-4K64MGNI:interaction-service:8084 - registration status: 204
2026-08-04T16:40:38.710+07:00  INFO [interaction-service,,] 71264 --- [interaction-service] [restartedMain] o.s.a.r.c.CachingConnectionFactory       : Attempting to connect to: [localhost:5672]
2026-08-04T16:40:38.748+07:00  INFO [interaction-service,,] 71264 --- [interaction-service] [restartedMain] o.s.a.r.c.CachingConnectionFactory       : Created new connection: rabbitConnectionFactory#566487d1:0/SimpleConnection@31b462af [delegate=amqp://guest@127.0.0.1:5672/, localPort=61263]
2026-08-04T16:40:38.997+07:00  INFO [interaction-service,,] 71264 --- [interaction-service] [restartedMain] c.n.S.InteractionServiceApplication      : Started InteractionServiceApplication in 8.402 seconds (process running for 3293.286)
2026-08-04T16:40:39.008+07:00  INFO [interaction-service,,] 71264 --- [interaction-service] [restartedMain] .ConditionEvaluationDeltaLoggingListener : Condition evaluation unchanged
2026-08-04T16:42:24.963+07:00  INFO [interaction-service,,] 71264 --- [interaction-service] [File Watcher] rtingClassPathChangeChangedEventListener : Restarting due to 43 class path changes (0 additions, 43 deletions, 0 modifications)
2026-08-04T16:42:24.984+07:00  INFO [interaction-service,,] 71264 --- [interaction-service] [Thread-69] o.s.c.n.e.s.EurekaServiceRegistry        : Unregistering application INTERACTION-SERVICE with eureka with status DOWN
2026-08-04T16:42:24.987+07:00  INFO [interaction-service,,] 71264 --- [interaction-service] [Thread-69] com.netflix.discovery.DiscoveryClient    : Saw local status change event StatusChangeEvent [timestamp=1785836544987, current=DOWN, previous=UP]
2026-08-04T16:42:24.998+07:00  INFO [interaction-service,,] 71264 --- [interaction-service] [DiscoveryClient-InstanceInfoReplicator-%d] com.netflix.discovery.DiscoveryClient    : DiscoveryClient_INTERACTION-SERVICE/LAPTOP-4K64MGNI:interaction-service:8084: registering service...
2026-08-04T16:42:25.058+07:00  INFO [interaction-service,,] 71264 --- [interaction-service] [org.springframework.amqp.rabbit.RabbitListenerEndpointContainer#0-2] o.s.a.r.l.SimpleMessageListenerContainer : Waiting for workers to finish.
2026-08-04T16:42:25.063+07:00  INFO [interaction-service,,] 71264 --- [interaction-service] [DiscoveryClient-InstanceInfoReplicator-%d] com.netflix.discovery.DiscoveryClient    : DiscoveryClient_INTERACTION-SERVICE/LAPTOP-4K64MGNI:interaction-service:8084 - registration status: 204
2026-08-04T16:42:25.802+07:00  INFO [interaction-service,,] 71264 --- [interaction-service] [org.springframework.amqp.rabbit.RabbitListenerEndpointContainer#0-2] o.s.a.r.l.SimpleMessageListenerContainer : Successfully waited for workers to finish.
2026-08-04T16:42:32.347+07:00  INFO [interaction-service,,] 71264 --- [interaction-service] [Thread-69] j.LocalContainerEntityManagerFactoryBean : Closing JPA EntityManagerFactory for persistence unit 'default'
2026-08-04T16:42:32.371+07:00  INFO [interaction-service,,] 71264 --- [interaction-service] [Thread-69] com.zaxxer.hikari.HikariDataSource       : HikariPool-13 - Shutdown initiated...
2026-08-04T16:42:32.498+07:00  INFO [interaction-service,,] 71264 --- [interaction-service] [Thread-69] com.zaxxer.hikari.HikariDataSource       : HikariPool-13 - Shutdown completed.
2026-08-04T16:42:32.512+07:00  INFO [interaction-service,,] 71264 --- [interaction-service] [Thread-69] com.netflix.discovery.DiscoveryClient    : Shutting down DiscoveryClient ...
2026-08-04T16:42:35.685+07:00  INFO [interaction-service,,] 71264 --- [interaction-service] [Thread-69] com.netflix.discovery.DiscoveryClient    : Unregistering ...
2026-08-04T16:42:35.904+07:00  INFO [interaction-service,,] 71264 --- [interaction-service] [Thread-69] com.netflix.discovery.DiscoveryClient    : DiscoveryClient_INTERACTION-SERVICE/LAPTOP-4K64MGNI:interaction-service:8084 - deregister  status: 200
2026-08-04T16:42:35.937+07:00  INFO [interaction-service,,] 71264 --- [interaction-service] [Thread-69] com.netflix.discovery.DiscoveryClient    : Completed shut down of DiscoveryClient
2026-08-04T16:42:43.368+07:00  INFO [interaction-service,,] 71264 --- [interaction-service] [restartedMain] c.n.S.InteractionServiceApplication      : Starting InteractionServiceApplication using Java 17.0.9 with PID 71264 (D:\Projects\Social-media\backend\interaction-service\target\classes started by BANG in D:\Projects\Social-media\backend\interaction-service)
2026-08-04T16:42:43.371+07:00  INFO [interaction-service,,] 71264 --- [interaction-service] [restartedMain] c.n.S.InteractionServiceApplication      : No active profile set, falling back to 1 default profile: "default"
2026-08-04T16:42:54.290+07:00  INFO [interaction-service,,] 71264 --- [interaction-service] [restartedMain] .s.d.r.c.RepositoryConfigurationDelegate : Bootstrapping Spring Data JPA repositories in DEFAULT mode.
2026-08-04T16:42:54.314+07:00  WARN [interaction-service,,] 71264 --- [interaction-service] [restartedMain] ConfigServletWebServerApplicationContext : Exception encountered during context initialization - cancelling refresh attempt: org.springframework.beans.factory.BeanDefinitionStoreException: Failed to read candidate component class: file [D:\Projects\Social-media\backend\interaction-service\target\classes\com\nguyenthanhbang\Social_media\service\CommentLikeService.class]
2026-08-04T16:42:54.667+07:00  INFO [interaction-service,,] 71264 --- [interaction-service] [restartedMain] .s.b.a.l.ConditionEvaluationReportLogger : 

Error starting ApplicationContext. To display the condition evaluation report re-run your application with 'debug' enabled.
2026-08-04T16:42:54.768+07:00 ERROR [interaction-service,,] 71264 --- [interaction-service] [restartedMain] o.s.boot.SpringApplication               : Application run failed

org.springframework.beans.factory.BeanDefinitionStoreException: Failed to read candidate component class: file [D:\Projects\Social-media\backend\interaction-service\target\classes\com\nguyenthanhbang\Social_media\service\CommentLikeService.class]
	at org.springframework.context.annotation.ClassPathScanningCandidateComponentProvider.scanCandidateComponents(ClassPathScanningCandidateComponentProvider.java:510) ~[spring-context-6.1.21.jar:6.1.21]
	at org.springframework.context.annotation.ClassPathScanningCandidateComponentProvider.findCandidateComponents(ClassPathScanningCandidateComponentProvider.java:351) ~[spring-context-6.1.21.jar:6.1.21]
	at org.springframework.data.repository.config.RepositoryComponentProvider.findCandidateComponents(RepositoryComponentProvider.java:119) ~[spring-data-commons-3.3.13.jar:3.3.13]
	at org.springframework.data.repository.config.RepositoryConfigurationSourceSupport.lambda$getCandidates$0(RepositoryConfigurationSourceSupport.java:76) ~[spring-data-commons-3.3.13.jar:3.3.13]
	at java.base/java.util.stream.ReferencePipeline$7$1.accept(ReferencePipeline.java:273) ~[na:na]
	at java.base/java.util.Spliterators$IteratorSpliterator.tryAdvance(Spliterators.java:1856) ~[na:na]
	at java.base/java.util.stream.StreamSpliterators$WrappingSpliterator.lambda$initPartialTraversalState$0(StreamSpliterators.java:292) ~[na:na]
	at java.base/java.util.stream.StreamSpliterators$AbstractWrappingSpliterator.fillBuffer(StreamSpliterators.java:206) ~[na:na]
	at java.base/java.util.stream.StreamSpliterators$AbstractWrappingSpliterator.doAdvance(StreamSpliterators.java:161) ~[na:na]
	at java.base/java.util.stream.StreamSpliterators$WrappingSpliterator.tryAdvance(StreamSpliterators.java:298) ~[na:na]
	at java.base/java.util.Spliterators$1Adapter.hasNext(Spliterators.java:681) ~[na:na]
	at org.springframework.data.repository.config.RepositoryConfigurationExtensionSupport.getRepositoryConfigurations(RepositoryConfigurationExtensionSupport.java:81) ~[spring-data-commons-3.3.13.jar:3.3.13]
	at org.springframework.data.repository.config.RepositoryConfigurationDelegate.registerRepositoriesIn(RepositoryConfigurationDelegate.java:172) ~[spring-data-commons-3.3.13.jar:3.3.13]
	at org.springframework.boot.autoconfigure.data.AbstractRepositoryConfigurationSourceSupport.registerBeanDefinitions(AbstractRepositoryConfigurationSourceSupport.java:62) ~[spring-boot-autoconfigure-3.3.13.jar:3.3.13]
	at org.springframework.context.annotation.ConfigurationClassBeanDefinitionReader.lambda$loadBeanDefinitionsFromRegistrars$1(ConfigurationClassBeanDefinitionReader.java:375) ~[spring-context-6.1.21.jar:6.1.21]
	at java.base/java.util.LinkedHashMap.forEach(LinkedHashMap.java:721) ~[na:na]
	at org.springframework.context.annotation.ConfigurationClassBeanDefinitionReader.loadBeanDefinitionsFromRegistrars(ConfigurationClassBeanDefinitionReader.java:374) ~[spring-context-6.1.21.jar:6.1.21]
	at org.springframework.context.annotation.ConfigurationClassBeanDefinitionReader.loadBeanDefinitionsForConfigurationClass(ConfigurationClassBeanDefinitionReader.java:147) ~[spring-context-6.1.21.jar:6.1.21]
	at org.springframework.context.annotation.ConfigurationClassBeanDefinitionReader.loadBeanDefinitions(ConfigurationClassBeanDefinitionReader.java:119) ~[spring-context-6.1.21.jar:6.1.21]
	at org.springframework.context.annotation.ConfigurationClassPostProcessor.processConfigBeanDefinitions(ConfigurationClassPostProcessor.java:429) ~[spring-context-6.1.21.jar:6.1.21]
	at org.springframework.context.annotation.ConfigurationClassPostProcessor.postProcessBeanDefinitionRegistry(ConfigurationClassPostProcessor.java:290) ~[spring-context-6.1.21.jar:6.1.21]
	at org.springframework.context.support.PostProcessorRegistrationDelegate.invokeBeanDefinitionRegistryPostProcessors(PostProcessorRegistrationDelegate.java:349) ~[spring-context-6.1.21.jar:6.1.21]
	at org.springframework.context.support.PostProcessorRegistrationDelegate.invokeBeanFactoryPostProcessors(PostProcessorRegistrationDelegate.java:118) ~[spring-context-6.1.21.jar:6.1.21]
	at org.springframework.context.support.AbstractApplicationContext.invokeBeanFactoryPostProcessors(AbstractApplicationContext.java:789) ~[spring-context-6.1.21.jar:6.1.21]
	at org.springframework.context.support.AbstractApplicationContext.refresh(AbstractApplicationContext.java:607) ~[spring-context-6.1.21.jar:6.1.21]
	at org.springframework.boot.web.servlet.context.ServletWebServerApplicationContext.refresh(ServletWebServerApplicationContext.java:146) ~[spring-boot-3.3.13.jar:3.3.13]
	at org.springframework.boot.SpringApplication.refresh(SpringApplication.java:754) ~[spring-boot-3.3.13.jar:3.3.13]
	at org.springframework.boot.SpringApplication.refreshContext(SpringApplication.java:456) ~[spring-boot-3.3.13.jar:3.3.13]
	at org.springframework.boot.SpringApplication.run(SpringApplication.java:335) ~[spring-boot-3.3.13.jar:3.3.13]
	at org.springframework.boot.SpringApplication.run(SpringApplication.java:1363) ~[spring-boot-3.3.13.jar:3.3.13]
	at org.springframework.boot.SpringApplication.run(SpringApplication.java:1352) ~[spring-boot-3.3.13.jar:3.3.13]
	at com.nguyenthanhbang.Social_media.InteractionServiceApplication.main(InteractionServiceApplication.java:11) ~[classes/:na]
	at java.base/jdk.internal.reflect.NativeMethodAccessorImpl.invoke0(Native Method) ~[na:na]
	at java.base/jdk.internal.reflect.NativeMethodAccessorImpl.invoke(NativeMethodAccessorImpl.java:77) ~[na:na]
	at java.base/jdk.internal.reflect.DelegatingMethodAccessorImpl.invoke(DelegatingMethodAccessorImpl.java:43) ~[na:na]
	at java.base/java.lang.reflect.Method.invoke(Method.java:568) ~[na:na]
	at org.springframework.boot.devtools.restart.RestartLauncher.run(RestartLauncher.java:50) ~[spring-boot-devtools-3.3.13.jar:3.3.13]
Caused by: java.lang.ArrayIndexOutOfBoundsException: Index 6 out of bounds for length 0
	at org.springframework.asm.ClassReader.readShort(ClassReader.java:3627) ~[spring-core-6.1.21.jar:6.1.21]
	at org.springframework.asm.ClassReader.<init>(ClassReader.java:197) ~[spring-core-6.1.21.jar:6.1.21]
	at org.springframework.asm.ClassReader.<init>(ClassReader.java:180) ~[spring-core-6.1.21.jar:6.1.21]
	at org.springframework.asm.ClassReader.<init>(ClassReader.java:166) ~[spring-core-6.1.21.jar:6.1.21]
	at org.springframework.asm.ClassReader.<init>(ClassReader.java:287) ~[spring-core-6.1.21.jar:6.1.21]
	at org.springframework.core.type.classreading.SimpleMetadataReader.getClassReader(SimpleMetadataReader.java:56) ~[spring-core-6.1.21.jar:6.1.21]
	at org.springframework.core.type.classreading.SimpleMetadataReader.<init>(SimpleMetadataReader.java:48) ~[spring-core-6.1.21.jar:6.1.21]
	at org.springframework.core.type.classreading.SimpleMetadataReaderFactory.getMetadataReader(SimpleMetadataReaderFactory.java:103) ~[spring-core-6.1.21.jar:6.1.21]
	at org.springframework.core.type.classreading.CachingMetadataReaderFactory.getMetadataReader(CachingMetadataReaderFactory.java:122) ~[spring-core-6.1.21.jar:6.1.21]
	at org.springframework.context.annotation.ClassPathScanningCandidateComponentProvider.scanCandidateComponents(ClassPathScanningCandidateComponentProvider.java:470) ~[spring-context-6.1.21.jar:6.1.21]
	... 36 common frames omitted

2026-08-04T16:43:01.244+07:00  INFO [interaction-service,,] 71264 --- [interaction-service] [restartedMain] c.n.S.InteractionServiceApplication      : Starting InteractionServiceApplication using Java 17.0.9 with PID 71264 (D:\Projects\Social-media\backend\interaction-service\target\classes started by BANG in D:\Projects\Social-media\backend\interaction-service)
2026-08-04T16:43:01.245+07:00  INFO [interaction-service,,] 71264 --- [interaction-service] [restartedMain] c.n.S.InteractionServiceApplication      : No active profile set, falling back to 1 default profile: "default"
2026-08-04T16:43:05.892+07:00  INFO [interaction-service,,] 71264 --- [interaction-service] [restartedMain] .s.d.r.c.RepositoryConfigurationDelegate : Bootstrapping Spring Data JPA repositories in DEFAULT mode.
2026-08-04T16:43:06.115+07:00  INFO [interaction-service,,] 71264 --- [interaction-service] [restartedMain] .s.d.r.c.RepositoryConfigurationDelegate : Finished Spring Data repository scanning in 215 ms. Found 4 JPA repository interfaces.
2026-08-04T16:43:06.923+07:00  INFO [interaction-service,,] 71264 --- [interaction-service] [restartedMain] o.s.cloud.context.scope.GenericScope     : BeanFactory id=eff88f64-c1d9-3d8f-883f-987207296ac6
2026-08-04T16:43:08.186+07:00  INFO [interaction-service,,] 71264 --- [interaction-service] [restartedMain] o.s.b.w.embedded.tomcat.TomcatWebServer  : Tomcat initialized with port 8084 (http)
2026-08-04T16:43:08.205+07:00  INFO [interaction-service,,] 71264 --- [interaction-service] [restartedMain] o.apache.catalina.core.StandardService   : Starting service [Tomcat]
2026-08-04T16:43:08.219+07:00  INFO [interaction-service,,] 71264 --- [interaction-service] [restartedMain] o.apache.catalina.core.StandardEngine    : Starting Servlet engine: [Apache Tomcat/10.1.42]
2026-08-04T16:43:08.694+07:00  INFO [interaction-service,,] 71264 --- [interaction-service] [restartedMain] o.a.c.c.C.[Tomcat-6].[localhost].[/]     : Initializing Spring embedded WebApplicationContext
2026-08-04T16:43:08.707+07:00  INFO [interaction-service,,] 71264 --- [interaction-service] [restartedMain] w.s.c.ServletWebServerApplicationContext : Root WebApplicationContext: initialization completed in 7449 ms
2026-08-04T16:43:09.835+07:00  INFO [interaction-service,,] 71264 --- [interaction-service] [restartedMain] o.hibernate.jpa.internal.util.LogHelper  : HHH000204: Processing PersistenceUnitInfo [name: default]
2026-08-04T16:43:09.894+07:00  INFO [interaction-service,,] 71264 --- [interaction-service] [restartedMain] o.h.c.internal.RegionFactoryInitiator    : HHH000026: Second-level cache disabled
2026-08-04T16:43:10.058+07:00  INFO [interaction-service,,] 71264 --- [interaction-service] [restartedMain] o.s.o.j.p.SpringPersistenceUnitInfo      : No LoadTimeWeaver setup: ignoring JPA class transformer
2026-08-04T16:43:10.078+07:00  INFO [interaction-service,,] 71264 --- [interaction-service] [restartedMain] com.zaxxer.hikari.HikariDataSource       : HikariPool-14 - Starting...
2026-08-04T16:43:18.690+07:00  INFO [interaction-service,,] 71264 --- [interaction-service] [restartedMain] com.zaxxer.hikari.pool.HikariPool        : HikariPool-14 - Added connection org.postgresql.jdbc.PgConnection@51759775
2026-08-04T16:43:18.703+07:00  INFO [interaction-service,,] 71264 --- [interaction-service] [restartedMain] com.zaxxer.hikari.HikariDataSource       : HikariPool-14 - Start completed.
2026-08-04T16:43:18.721+07:00  WARN [interaction-service,,] 71264 --- [interaction-service] [restartedMain] org.hibernate.orm.deprecation            : HHH90000025: PostgreSQLDialect does not need to be specified explicitly using 'hibernate.dialect' (remove the property setting and it will be selected by default)
2026-08-04T16:43:20.228+07:00  INFO [interaction-service,,] 71264 --- [interaction-service] [restartedMain] o.h.e.t.j.p.i.JtaPlatformInitiator       : HHH000489: No JTA platform available (set 'hibernate.transaction.jta.platform' to enable JTA platform integration)
2026-08-04T16:43:20.284+07:00  INFO [interaction-service,,] 71264 --- [interaction-service] [restartedMain] j.LocalContainerEntityManagerFactoryBean : Initialized JPA EntityManagerFactory for persistence unit 'default'
2026-08-04T16:43:21.616+07:00  WARN [interaction-service,,] 71264 --- [interaction-service] [restartedMain] JpaBaseConfiguration$JpaWebConfiguration : spring.jpa.open-in-view is enabled by default. Therefore, database queries may be performed during view rendering. Explicitly configure spring.jpa.open-in-view to disable this warning
2026-08-04T16:43:21.811+07:00  INFO [interaction-service,,] 71264 --- [interaction-service] [restartedMain] o.s.b.d.a.OptionalLiveReloadServer       : LiveReload server is running on port 35729
2026-08-04T16:43:26.172+07:00  INFO [interaction-service,,] 71264 --- [interaction-service] [restartedMain] o.s.c.openfeign.FeignClientFactoryBean   : For 'post-service' URL not provided. Will try picking an instance via load-balancing.
2026-08-04T16:43:26.661+07:00  INFO [interaction-service,,] 71264 --- [interaction-service] [restartedMain] o.s.c.openfeign.FeignClientFactoryBean   : For 'user-service' URL not provided. Will try picking an instance via load-balancing.
2026-08-04T16:43:31.765+07:00  INFO [interaction-service,,] 71264 --- [interaction-service] [restartedMain] DiscoveryClientOptionalArgsConfiguration : Eureka HTTP Client uses RestTemplate.
2026-08-04T16:43:31.853+07:00  WARN [interaction-service,,] 71264 --- [interaction-service] [restartedMain] iguration$LoadBalancerCaffeineWarnLogger : Spring Cloud LoadBalancer is currently working with the default cache. While this cache implementation is useful for development and tests, it's recommended to use Caffeine cache in production.You can switch to using Caffeine cache, by adding it and org.springframework.cache.caffeine.CaffeineCacheManager to the classpath.
2026-08-04T16:43:31.897+07:00  INFO [interaction-service,,] 71264 --- [interaction-service] [restartedMain] o.s.b.a.e.web.EndpointLinksResolver      : Exposing 2 endpoints beneath base path '/actuator'
2026-08-04T16:43:31.992+07:00  INFO [interaction-service,,] 71264 --- [interaction-service] [restartedMain] o.s.c.n.eureka.InstanceInfoFactory       : Setting initial instance status as: STARTING
2026-08-04T16:43:31.998+07:00  INFO [interaction-service,,] 71264 --- [interaction-service] [restartedMain] com.netflix.discovery.DiscoveryClient    : Initializing Eureka in region us-east-1
2026-08-04T16:43:31.999+07:00  INFO [interaction-service,,] 71264 --- [interaction-service] [restartedMain] c.n.d.s.r.aws.ConfigClusterResolver      : Resolving eureka endpoints via configuration
2026-08-04T16:43:32.000+07:00  INFO [interaction-service,,] 71264 --- [interaction-service] [restartedMain] com.netflix.discovery.DiscoveryClient    : Disable delta property : false
2026-08-04T16:43:32.001+07:00  INFO [interaction-service,,] 71264 --- [interaction-service] [restartedMain] com.netflix.discovery.DiscoveryClient    : Single vip registry refresh property : null
2026-08-04T16:43:32.001+07:00  INFO [interaction-service,,] 71264 --- [interaction-service] [restartedMain] com.netflix.discovery.DiscoveryClient    : Force full registry fetch : false
2026-08-04T16:43:32.002+07:00  INFO [interaction-service,,] 71264 --- [interaction-service] [restartedMain] com.netflix.discovery.DiscoveryClient    : Application is null : false
2026-08-04T16:43:32.002+07:00  INFO [interaction-service,,] 71264 --- [interaction-service] [restartedMain] com.netflix.discovery.DiscoveryClient    : Registered Applications size is zero : true
2026-08-04T16:43:32.003+07:00  INFO [interaction-service,,] 71264 --- [interaction-service] [restartedMain] com.netflix.discovery.DiscoveryClient    : Application version is -1: true
2026-08-04T16:43:32.003+07:00  INFO [interaction-service,,] 71264 --- [interaction-service] [restartedMain] com.netflix.discovery.DiscoveryClient    : Getting all instance registry info from the eureka server
2026-08-04T16:43:32.062+07:00  INFO [interaction-service,,] 71264 --- [interaction-service] [restartedMain] com.netflix.discovery.DiscoveryClient    : The response status is 200
2026-08-04T16:43:32.063+07:00  INFO [interaction-service,,] 71264 --- [interaction-service] [restartedMain] com.netflix.discovery.DiscoveryClient    : Starting heartbeat executor: renew interval is: 30
2026-08-04T16:43:32.067+07:00  INFO [interaction-service,,] 71264 --- [interaction-service] [restartedMain] c.n.discovery.InstanceInfoReplicator     : InstanceInfoReplicator onDemand update allowed rate per min is 4
2026-08-04T16:43:32.067+07:00  INFO [interaction-service,,] 71264 --- [interaction-service] [restartedMain] com.netflix.discovery.DiscoveryClient    : Discovery Client initialized at timestamp 1785836612067 with initial instances count: 3
2026-08-04T16:43:32.075+07:00  INFO [interaction-service,,] 71264 --- [interaction-service] [restartedMain] o.s.c.n.e.s.EurekaServiceRegistry        : Registering application INTERACTION-SERVICE with eureka with status UP
2026-08-04T16:43:32.076+07:00  INFO [interaction-service,,] 71264 --- [interaction-service] [restartedMain] com.netflix.discovery.DiscoveryClient    : Saw local status change event StatusChangeEvent [timestamp=1785836612076, current=UP, previous=STARTING]
2026-08-04T16:43:32.079+07:00  INFO [interaction-service,,] 71264 --- [interaction-service] [DiscoveryClient-InstanceInfoReplicator-%d] com.netflix.discovery.DiscoveryClient    : DiscoveryClient_INTERACTION-SERVICE/LAPTOP-4K64MGNI:interaction-service:8084: registering service...
2026-08-04T16:43:32.094+07:00  INFO [interaction-service,,] 71264 --- [interaction-service] [restartedMain] o.s.b.w.embedded.tomcat.TomcatWebServer  : Tomcat started on port 8084 (http) with context path '/'
2026-08-04T16:43:32.096+07:00  INFO [interaction-service,,] 71264 --- [interaction-service] [restartedMain] .s.c.n.e.s.EurekaAutoServiceRegistration : Updating port to 8084
2026-08-04T16:43:32.108+07:00  INFO [interaction-service,,] 71264 --- [interaction-service] [DiscoveryClient-InstanceInfoReplicator-%d] com.netflix.discovery.DiscoveryClient    : DiscoveryClient_INTERACTION-SERVICE/LAPTOP-4K64MGNI:interaction-service:8084 - registration status: 204
2026-08-04T16:43:35.506+07:00  INFO [interaction-service,,] 71264 --- [interaction-service] [restartedMain] o.s.a.r.c.CachingConnectionFactory       : Attempting to connect to: [localhost:5672]
2026-08-04T16:43:35.665+07:00  INFO [interaction-service,,] 71264 --- [interaction-service] [restartedMain] o.s.a.r.c.CachingConnectionFactory       : Created new connection: rabbitConnectionFactory#2d5f4944:0/SimpleConnection@74ef8837 [delegate=amqp://guest@127.0.0.1:5672/, localPort=50606]
2026-08-04T16:43:36.091+07:00  INFO [interaction-service,,] 71264 --- [interaction-service] [restartedMain] c.n.S.InteractionServiceApplication      : Started InteractionServiceApplication in 37.651 seconds (process running for 3470.38)
2026-08-04T16:43:36.108+07:00  INFO [interaction-service,,] 71264 --- [interaction-service] [restartedMain] .ConditionEvaluationDeltaLoggingListener : Condition evaluation unchanged
2026-08-04T16:48:32.019+07:00  INFO [interaction-service,,] 71264 --- [interaction-service] [AsyncResolver-bootstrap-executor-%d] c.n.d.s.r.aws.ConfigClusterResolver      : Resolving eureka endpoints via configuration
2026-08-04T16:53:32.024+07:00  INFO [interaction-service,,] 71264 --- [interaction-service] [AsyncResolver-bootstrap-executor-%d] c.n.d.s.r.aws.ConfigClusterResolver      : Resolving eureka endpoints via configuration
2026-08-04T16:58:32.310+07:00  INFO [interaction-service,,] 71264 --- [interaction-service] [AsyncResolver-bootstrap-executor-%d] c.n.d.s.r.aws.ConfigClusterResolver      : Resolving eureka endpoints via configuration
2026-08-04T17:03:32.721+07:00  INFO [interaction-service,,] 71264 --- [interaction-service] [AsyncResolver-bootstrap-executor-%d] c.n.d.s.r.aws.ConfigClusterResolver      : Resolving eureka endpoints via configuration
2026-08-04T17:08:32.732+07:00  INFO [interaction-service,,] 71264 --- [interaction-service] [AsyncResolver-bootstrap-executor-%d] c.n.d.s.r.aws.ConfigClusterResolver      : Resolving eureka endpoints via configuration
2026-08-04T17:13:32.740+07:00  INFO [interaction-service,,] 71264 --- [interaction-service] [AsyncResolver-bootstrap-executor-%d] c.n.d.s.r.aws.ConfigClusterResolver      : Resolving eureka endpoints via configuration
2026-08-04T17:18:32.758+07:00  INFO [interaction-service,,] 71264 --- [interaction-service] [AsyncResolver-bootstrap-executor-%d] c.n.d.s.r.aws.ConfigClusterResolver      : Resolving eureka endpoints via configuration
2026-08-04T17:23:32.778+07:00  INFO [interaction-service,,] 71264 --- [interaction-service] [AsyncResolver-bootstrap-executor-%d] c.n.d.s.r.aws.ConfigClusterResolver      : Resolving eureka endpoints via configuration
2026-08-04T17:28:32.792+07:00  INFO [interaction-service,,] 71264 --- [interaction-service] [AsyncResolver-bootstrap-executor-%d] c.n.d.s.r.aws.ConfigClusterResolver      : Resolving eureka endpoints via configuration
2026-08-04T17:33:35.441+07:00  INFO [interaction-service,,] 71264 --- [interaction-service] [AsyncResolver-bootstrap-executor-%d] c.n.d.s.r.aws.ConfigClusterResolver      : Resolving eureka endpoints via configuration
2026-08-04T17:38:38.810+07:00  INFO [interaction-service,,] 71264 --- [interaction-service] [AsyncResolver-bootstrap-executor-%d] c.n.d.s.r.aws.ConfigClusterResolver      : Resolving eureka endpoints via configuration
2026-08-04T17:43:38.831+07:00  INFO [interaction-service,,] 71264 --- [interaction-service] [AsyncResolver-bootstrap-executor-%d] c.n.d.s.r.aws.ConfigClusterResolver      : Resolving eureka endpoints via configuration
2026-08-04T17:48:38.856+07:00  INFO [interaction-service,,] 71264 --- [interaction-service] [AsyncResolver-bootstrap-executor-%d] c.n.d.s.r.aws.ConfigClusterResolver      : Resolving eureka endpoints via configuration
2026-08-04T17:50:31.056+07:00  INFO [interaction-service,,] 71264 --- [interaction-service] [File Watcher] rtingClassPathChangeChangedEventListener : Restarting due to 43 class path changes (0 additions, 43 deletions, 0 modifications)
2026-08-04T17:50:31.126+07:00  INFO [interaction-service,,] 71264 --- [interaction-service] [Thread-75] o.s.c.n.e.s.EurekaServiceRegistry        : Unregistering application INTERACTION-SERVICE with eureka with status DOWN
2026-08-04T17:50:31.128+07:00  INFO [interaction-service,,] 71264 --- [interaction-service] [Thread-75] com.netflix.discovery.DiscoveryClient    : Saw local status change event StatusChangeEvent [timestamp=1785840631128, current=DOWN, previous=UP]
2026-08-04T17:50:31.131+07:00  INFO [interaction-service,,] 71264 --- [interaction-service] [DiscoveryClient-InstanceInfoReplicator-%d] com.netflix.discovery.DiscoveryClient    : DiscoveryClient_INTERACTION-SERVICE/LAPTOP-4K64MGNI:interaction-service:8084: registering service...
2026-08-04T17:50:31.204+07:00  INFO [interaction-service,,] 71264 --- [interaction-service] [DiscoveryClient-InstanceInfoReplicator-%d] com.netflix.discovery.DiscoveryClient    : DiscoveryClient_INTERACTION-SERVICE/LAPTOP-4K64MGNI:interaction-service:8084 - registration status: 204
2026-08-04T17:50:31.274+07:00  INFO [interaction-service,,] 71264 --- [interaction-service] [org.springframework.amqp.rabbit.RabbitListenerEndpointContainer#0-2] o.s.a.r.l.SimpleMessageListenerContainer : Waiting for workers to finish.
2026-08-04T17:50:31.291+07:00  INFO [interaction-service,,] 71264 --- [interaction-service] [org.springframework.amqp.rabbit.RabbitListenerEndpointContainer#0-2] o.s.a.r.l.SimpleMessageListenerContainer : Successfully waited for workers to finish.
2026-08-04T17:50:33.361+07:00  INFO [interaction-service,,] 71264 --- [interaction-service] [Thread-75] j.LocalContainerEntityManagerFactoryBean : Closing JPA EntityManagerFactory for persistence unit 'default'
2026-08-04T17:50:33.410+07:00  INFO [interaction-service,,] 71264 --- [interaction-service] [Thread-75] com.zaxxer.hikari.HikariDataSource       : HikariPool-14 - Shutdown initiated...
2026-08-04T17:50:33.421+07:00  INFO [interaction-service,,] 71264 --- [interaction-service] [Thread-75] com.zaxxer.hikari.HikariDataSource       : HikariPool-14 - Shutdown completed.
2026-08-04T17:50:33.426+07:00  INFO [interaction-service,,] 71264 --- [interaction-service] [Thread-75] com.netflix.discovery.DiscoveryClient    : Shutting down DiscoveryClient ...
2026-08-04T17:50:36.444+07:00  INFO [interaction-service,,] 71264 --- [interaction-service] [Thread-75] com.netflix.discovery.DiscoveryClient    : Unregistering ...
2026-08-04T17:50:36.464+07:00  INFO [interaction-service,,] 71264 --- [interaction-service] [Thread-75] com.netflix.discovery.DiscoveryClient    : DiscoveryClient_INTERACTION-SERVICE/LAPTOP-4K64MGNI:interaction-service:8084 - deregister  status: 200
2026-08-04T17:50:36.467+07:00  INFO [interaction-service,,] 71264 --- [interaction-service] [Thread-75] com.netflix.discovery.DiscoveryClient    : Completed shut down of DiscoveryClient
2026-08-04T17:50:39.169+07:00  INFO [interaction-service,,] 71264 --- [interaction-service] [restartedMain] c.n.S.InteractionServiceApplication      : Starting InteractionServiceApplication using Java 17.0.9 with PID 71264 (D:\Projects\Social-media\backend\interaction-service\target\classes started by BANG in D:\Projects\Social-media\backend\interaction-service)
2026-08-04T17:50:39.173+07:00  INFO [interaction-service,,] 71264 --- [interaction-service] [restartedMain] c.n.S.InteractionServiceApplication      : No active profile set, falling back to 1 default profile: "default"
2026-08-04T17:50:41.473+07:00  INFO [interaction-service,,] 71264 --- [interaction-service] [restartedMain] .s.d.r.c.RepositoryConfigurationDelegate : Bootstrapping Spring Data JPA repositories in DEFAULT mode.
2026-08-04T17:50:41.579+07:00  INFO [interaction-service,,] 71264 --- [interaction-service] [restartedMain] .s.d.r.c.RepositoryConfigurationDelegate : Finished Spring Data repository scanning in 103 ms. Found 4 JPA repository interfaces.
2026-08-04T17:50:42.302+07:00  INFO [interaction-service,,] 71264 --- [interaction-service] [restartedMain] o.s.cloud.context.scope.GenericScope     : BeanFactory id=eff88f64-c1d9-3d8f-883f-987207296ac6
2026-08-04T17:50:43.137+07:00  INFO [interaction-service,,] 71264 --- [interaction-service] [restartedMain] o.s.b.w.embedded.tomcat.TomcatWebServer  : Tomcat initialized with port 8084 (http)
2026-08-04T17:50:43.153+07:00  INFO [interaction-service,,] 71264 --- [interaction-service] [restartedMain] o.apache.catalina.core.StandardService   : Starting service [Tomcat]
2026-08-04T17:50:43.165+07:00  INFO [interaction-service,,] 71264 --- [interaction-service] [restartedMain] o.apache.catalina.core.StandardEngine    : Starting Servlet engine: [Apache Tomcat/10.1.42]
2026-08-04T17:50:43.394+07:00  INFO [interaction-service,,] 71264 --- [interaction-service] [restartedMain] o.a.c.c.C.[Tomcat-6].[localhost].[/]     : Initializing Spring embedded WebApplicationContext
2026-08-04T17:50:43.452+07:00  INFO [interaction-service,,] 71264 --- [interaction-service] [restartedMain] w.s.c.ServletWebServerApplicationContext : Root WebApplicationContext: initialization completed in 4263 ms
2026-08-04T17:50:43.893+07:00  INFO [interaction-service,,] 71264 --- [interaction-service] [restartedMain] o.hibernate.jpa.internal.util.LogHelper  : HHH000204: Processing PersistenceUnitInfo [name: default]
2026-08-04T17:50:43.903+07:00  INFO [interaction-service,,] 71264 --- [interaction-service] [restartedMain] o.h.c.internal.RegionFactoryInitiator    : HHH000026: Second-level cache disabled
2026-08-04T17:50:43.930+07:00  INFO [interaction-service,,] 71264 --- [interaction-service] [restartedMain] o.s.o.j.p.SpringPersistenceUnitInfo      : No LoadTimeWeaver setup: ignoring JPA class transformer
2026-08-04T17:50:43.933+07:00  INFO [interaction-service,,] 71264 --- [interaction-service] [restartedMain] com.zaxxer.hikari.HikariDataSource       : HikariPool-15 - Starting...
2026-08-04T17:50:44.189+07:00  INFO [interaction-service,,] 71264 --- [interaction-service] [restartedMain] com.zaxxer.hikari.pool.HikariPool        : HikariPool-15 - Added connection org.postgresql.jdbc.PgConnection@791ca89d
2026-08-04T17:50:44.190+07:00  INFO [interaction-service,,] 71264 --- [interaction-service] [restartedMain] com.zaxxer.hikari.HikariDataSource       : HikariPool-15 - Start completed.
2026-08-04T17:50:44.229+07:00  WARN [interaction-service,,] 71264 --- [interaction-service] [restartedMain] org.hibernate.orm.deprecation            : HHH90000025: PostgreSQLDialect does not need to be specified explicitly using 'hibernate.dialect' (remove the property setting and it will be selected by default)
2026-08-04T17:50:44.508+07:00  INFO [interaction-service,,] 71264 --- [interaction-service] [restartedMain] o.h.e.t.j.p.i.JtaPlatformInitiator       : HHH000489: No JTA platform available (set 'hibernate.transaction.jta.platform' to enable JTA platform integration)
2026-08-04T17:50:44.628+07:00  INFO [interaction-service,,] 71264 --- [interaction-service] [restartedMain] j.LocalContainerEntityManagerFactoryBean : Initialized JPA EntityManagerFactory for persistence unit 'default'
2026-08-04T17:50:45.022+07:00  WARN [interaction-service,,] 71264 --- [interaction-service] [restartedMain] JpaBaseConfiguration$JpaWebConfiguration : spring.jpa.open-in-view is enabled by default. Therefore, database queries may be performed during view rendering. Explicitly configure spring.jpa.open-in-view to disable this warning
2026-08-04T17:50:45.077+07:00  INFO [interaction-service,,] 71264 --- [interaction-service] [restartedMain] o.s.b.d.a.OptionalLiveReloadServer       : LiveReload server is running on port 35729
2026-08-04T17:50:47.234+07:00  INFO [interaction-service,,] 71264 --- [interaction-service] [restartedMain] o.s.c.openfeign.FeignClientFactoryBean   : For 'post-service' URL not provided. Will try picking an instance via load-balancing.
2026-08-04T17:50:47.298+07:00  INFO [interaction-service,,] 71264 --- [interaction-service] [restartedMain] o.s.c.openfeign.FeignClientFactoryBean   : For 'user-service' URL not provided. Will try picking an instance via load-balancing.
2026-08-04T17:50:48.698+07:00  INFO [interaction-service,,] 71264 --- [interaction-service] [restartedMain] DiscoveryClientOptionalArgsConfiguration : Eureka HTTP Client uses RestTemplate.
2026-08-04T17:50:48.732+07:00  WARN [interaction-service,,] 71264 --- [interaction-service] [restartedMain] iguration$LoadBalancerCaffeineWarnLogger : Spring Cloud LoadBalancer is currently working with the default cache. While this cache implementation is useful for development and tests, it's recommended to use Caffeine cache in production.You can switch to using Caffeine cache, by adding it and org.springframework.cache.caffeine.CaffeineCacheManager to the classpath.
2026-08-04T17:50:48.754+07:00  INFO [interaction-service,,] 71264 --- [interaction-service] [restartedMain] o.s.b.a.e.web.EndpointLinksResolver      : Exposing 2 endpoints beneath base path '/actuator'
2026-08-04T17:50:48.819+07:00  INFO [interaction-service,,] 71264 --- [interaction-service] [restartedMain] o.s.c.n.eureka.InstanceInfoFactory       : Setting initial instance status as: STARTING
2026-08-04T17:50:48.827+07:00  INFO [interaction-service,,] 71264 --- [interaction-service] [restartedMain] com.netflix.discovery.DiscoveryClient    : Initializing Eureka in region us-east-1
2026-08-04T17:50:48.827+07:00  INFO [interaction-service,,] 71264 --- [interaction-service] [restartedMain] c.n.d.s.r.aws.ConfigClusterResolver      : Resolving eureka endpoints via configuration
2026-08-04T17:50:48.828+07:00  INFO [interaction-service,,] 71264 --- [interaction-service] [restartedMain] com.netflix.discovery.DiscoveryClient    : Disable delta property : false
2026-08-04T17:50:48.829+07:00  INFO [interaction-service,,] 71264 --- [interaction-service] [restartedMain] com.netflix.discovery.DiscoveryClient    : Single vip registry refresh property : null
2026-08-04T17:50:48.830+07:00  INFO [interaction-service,,] 71264 --- [interaction-service] [restartedMain] com.netflix.discovery.DiscoveryClient    : Force full registry fetch : false
2026-08-04T17:50:48.830+07:00  INFO [interaction-service,,] 71264 --- [interaction-service] [restartedMain] com.netflix.discovery.DiscoveryClient    : Application is null : false
2026-08-04T17:50:48.830+07:00  INFO [interaction-service,,] 71264 --- [interaction-service] [restartedMain] com.netflix.discovery.DiscoveryClient    : Registered Applications size is zero : true
2026-08-04T17:50:48.831+07:00  INFO [interaction-service,,] 71264 --- [interaction-service] [restartedMain] com.netflix.discovery.DiscoveryClient    : Application version is -1: true
2026-08-04T17:50:48.832+07:00  INFO [interaction-service,,] 71264 --- [interaction-service] [restartedMain] com.netflix.discovery.DiscoveryClient    : Getting all instance registry info from the eureka server
2026-08-04T17:50:48.880+07:00  INFO [interaction-service,,] 71264 --- [interaction-service] [restartedMain] com.netflix.discovery.DiscoveryClient    : The response status is 200
2026-08-04T17:50:48.882+07:00  INFO [interaction-service,,] 71264 --- [interaction-service] [restartedMain] com.netflix.discovery.DiscoveryClient    : Starting heartbeat executor: renew interval is: 30
2026-08-04T17:50:48.883+07:00  INFO [interaction-service,,] 71264 --- [interaction-service] [restartedMain] c.n.discovery.InstanceInfoReplicator     : InstanceInfoReplicator onDemand update allowed rate per min is 4
2026-08-04T17:50:48.884+07:00  INFO [interaction-service,,] 71264 --- [interaction-service] [restartedMain] com.netflix.discovery.DiscoveryClient    : Discovery Client initialized at timestamp 1785840648884 with initial instances count: 4
2026-08-04T17:50:48.892+07:00  INFO [interaction-service,,] 71264 --- [interaction-service] [restartedMain] o.s.c.n.e.s.EurekaServiceRegistry        : Registering application INTERACTION-SERVICE with eureka with status UP
2026-08-04T17:50:48.892+07:00  INFO [interaction-service,,] 71264 --- [interaction-service] [restartedMain] com.netflix.discovery.DiscoveryClient    : Saw local status change event StatusChangeEvent [timestamp=1785840648892, current=UP, previous=STARTING]
2026-08-04T17:50:48.893+07:00  INFO [interaction-service,,] 71264 --- [interaction-service] [DiscoveryClient-InstanceInfoReplicator-%d] com.netflix.discovery.DiscoveryClient    : DiscoveryClient_INTERACTION-SERVICE/LAPTOP-4K64MGNI:interaction-service:8084: registering service...
2026-08-04T17:50:48.901+07:00  INFO [interaction-service,,] 71264 --- [interaction-service] [restartedMain] o.s.b.w.embedded.tomcat.TomcatWebServer  : Tomcat started on port 8084 (http) with context path '/'
2026-08-04T17:50:48.902+07:00  INFO [interaction-service,,] 71264 --- [interaction-service] [restartedMain] .s.c.n.e.s.EurekaAutoServiceRegistration : Updating port to 8084
2026-08-04T17:50:48.916+07:00  INFO [interaction-service,,] 71264 --- [interaction-service] [DiscoveryClient-InstanceInfoReplicator-%d] com.netflix.discovery.DiscoveryClient    : DiscoveryClient_INTERACTION-SERVICE/LAPTOP-4K64MGNI:interaction-service:8084 - registration status: 204
2026-08-04T17:50:49.568+07:00  INFO [interaction-service,,] 71264 --- [interaction-service] [restartedMain] o.s.a.r.c.CachingConnectionFactory       : Attempting to connect to: [localhost:5672]
2026-08-04T17:50:49.748+07:00  INFO [interaction-service,,] 71264 --- [interaction-service] [restartedMain] o.s.a.r.c.CachingConnectionFactory       : Created new connection: rabbitConnectionFactory#9dbae67:0/SimpleConnection@521a279a [delegate=amqp://guest@127.0.0.1:5672/, localPort=56911]
2026-08-04T17:50:50.039+07:00  INFO [interaction-service,,] 71264 --- [interaction-service] [restartedMain] c.n.S.InteractionServiceApplication      : Started InteractionServiceApplication in 12.871 seconds (process running for 7504.328)
2026-08-04T17:50:50.045+07:00  INFO [interaction-service,,] 71264 --- [interaction-service] [restartedMain] .ConditionEvaluationDeltaLoggingListener : Condition evaluation unchanged
2026-08-04T17:55:48.849+07:00  INFO [interaction-service,,] 71264 --- [interaction-service] [AsyncResolver-bootstrap-executor-%d] c.n.d.s.r.aws.ConfigClusterResolver      : Resolving eureka endpoints via configuration
2026-08-04T18:00:48.852+07:00  INFO [interaction-service,,] 71264 --- [interaction-service] [AsyncResolver-bootstrap-executor-%d] c.n.d.s.r.aws.ConfigClusterResolver      : Resolving eureka endpoints via configuration
2026-08-04T18:05:48.867+07:00  INFO [interaction-service,,] 71264 --- [interaction-service] [AsyncResolver-bootstrap-executor-%d] c.n.d.s.r.aws.ConfigClusterResolver      : Resolving eureka endpoints via configuration
2026-08-04T18:10:48.881+07:00  INFO [interaction-service,,] 71264 --- [interaction-service] [AsyncResolver-bootstrap-executor-%d] c.n.d.s.r.aws.ConfigClusterResolver      : Resolving eureka endpoints via configuration
2026-08-04T18:11:31.707+07:00  INFO [interaction-service,,] 71264 --- [interaction-service] [File Watcher] rtingClassPathChangeChangedEventListener : Restarting due to 16 class path changes (0 additions, 0 deletions, 16 modifications)
2026-08-04T18:11:31.718+07:00  INFO [interaction-service,,] 71264 --- [interaction-service] [Thread-85] o.s.c.n.e.s.EurekaServiceRegistry        : Unregistering application INTERACTION-SERVICE with eureka with status DOWN
2026-08-04T18:11:31.718+07:00  INFO [interaction-service,,] 71264 --- [interaction-service] [Thread-85] com.netflix.discovery.DiscoveryClient    : Saw local status change event StatusChangeEvent [timestamp=1785841891718, current=DOWN, previous=UP]
2026-08-04T18:11:31.720+07:00  INFO [interaction-service,,] 71264 --- [interaction-service] [DiscoveryClient-InstanceInfoReplicator-%d] com.netflix.discovery.DiscoveryClient    : DiscoveryClient_INTERACTION-SERVICE/LAPTOP-4K64MGNI:interaction-service:8084: registering service...
2026-08-04T18:11:31.752+07:00  INFO [interaction-service,,] 71264 --- [interaction-service] [DiscoveryClient-InstanceInfoReplicator-%d] com.netflix.discovery.DiscoveryClient    : DiscoveryClient_INTERACTION-SERVICE/LAPTOP-4K64MGNI:interaction-service:8084 - registration status: 204
2026-08-04T18:11:31.753+07:00  INFO [interaction-service,,] 71264 --- [interaction-service] [org.springframework.amqp.rabbit.RabbitListenerEndpointContainer#0-2] o.s.a.r.l.SimpleMessageListenerContainer : Waiting for workers to finish.
2026-08-04T18:11:32.508+07:00  INFO [interaction-service,,] 71264 --- [interaction-service] [org.springframework.amqp.rabbit.RabbitListenerEndpointContainer#0-2] o.s.a.r.l.SimpleMessageListenerContainer : Successfully waited for workers to finish.
2026-08-04T18:11:43.018+07:00  INFO [interaction-service,,] 71264 --- [interaction-service] [Thread-85] j.LocalContainerEntityManagerFactoryBean : Closing JPA EntityManagerFactory for persistence unit 'default'
2026-08-04T18:11:44.350+07:00  INFO [interaction-service,,] 71264 --- [interaction-service] [Thread-85] com.zaxxer.hikari.HikariDataSource       : HikariPool-15 - Shutdown initiated...
2026-08-04T18:11:44.573+07:00  INFO [interaction-service,,] 71264 --- [interaction-service] [Thread-85] com.zaxxer.hikari.HikariDataSource       : HikariPool-15 - Shutdown completed.
2026-08-04T18:11:44.636+07:00  INFO [interaction-service,,] 71264 --- [interaction-service] [Thread-85] com.netflix.discovery.DiscoveryClient    : Shutting down DiscoveryClient ...
2026-08-04T18:11:47.959+07:00  INFO [interaction-service,,] 71264 --- [interaction-service] [Thread-85] com.netflix.discovery.DiscoveryClient    : Unregistering ...
2026-08-04T18:11:48.002+07:00  INFO [interaction-service,,] 71264 --- [interaction-service] [Thread-85] com.netflix.discovery.DiscoveryClient    : DiscoveryClient_INTERACTION-SERVICE/LAPTOP-4K64MGNI:interaction-service:8084 - deregister  status: 200
2026-08-04T18:11:48.007+07:00  INFO [interaction-service,,] 71264 --- [interaction-service] [Thread-85] com.netflix.discovery.DiscoveryClient    : Completed shut down of DiscoveryClient
2026-08-04T18:11:52.622+07:00  INFO [interaction-service,,] 71264 --- [interaction-service] [restartedMain] c.n.S.InteractionServiceApplication      : Starting InteractionServiceApplication using Java 17.0.9 with PID 71264 (D:\Projects\Social-media\backend\interaction-service\target\classes started by BANG in D:\Projects\Social-media\backend\interaction-service)
2026-08-04T18:11:52.629+07:00  INFO [interaction-service,,] 71264 --- [interaction-service] [restartedMain] c.n.S.InteractionServiceApplication      : No active profile set, falling back to 1 default profile: "default"
2026-08-04T18:11:56.091+07:00  INFO [interaction-service,,] 71264 --- [interaction-service] [restartedMain] .s.d.r.c.RepositoryConfigurationDelegate : Bootstrapping Spring Data JPA repositories in DEFAULT mode.
2026-08-04T18:11:56.323+07:00  INFO [interaction-service,,] 71264 --- [interaction-service] [restartedMain] .s.d.r.c.RepositoryConfigurationDelegate : Finished Spring Data repository scanning in 214 ms. Found 4 JPA repository interfaces.
2026-08-04T18:11:57.751+07:00  INFO [interaction-service,,] 71264 --- [interaction-service] [restartedMain] o.s.cloud.context.scope.GenericScope     : BeanFactory id=eff88f64-c1d9-3d8f-883f-987207296ac6
2026-08-04T18:11:58.172+07:00  INFO [interaction-service,,] 71264 --- [interaction-service] [restartedMain] o.s.b.w.embedded.tomcat.TomcatWebServer  : Tomcat initialized with port 8084 (http)
2026-08-04T18:11:58.175+07:00  INFO [interaction-service,,] 71264 --- [interaction-service] [restartedMain] o.apache.catalina.core.StandardService   : Starting service [Tomcat]
2026-08-04T18:11:58.176+07:00  INFO [interaction-service,,] 71264 --- [interaction-service] [restartedMain] o.apache.catalina.core.StandardEngine    : Starting Servlet engine: [Apache Tomcat/10.1.42]
2026-08-04T18:11:58.288+07:00  INFO [interaction-service,,] 71264 --- [interaction-service] [restartedMain] o.a.c.c.C.[Tomcat-6].[localhost].[/]     : Initializing Spring embedded WebApplicationContext
2026-08-04T18:11:58.289+07:00  INFO [interaction-service,,] 71264 --- [interaction-service] [restartedMain] w.s.c.ServletWebServerApplicationContext : Root WebApplicationContext: initialization completed in 5639 ms
2026-08-04T18:11:58.770+07:00  INFO [interaction-service,,] 71264 --- [interaction-service] [restartedMain] o.hibernate.jpa.internal.util.LogHelper  : HHH000204: Processing PersistenceUnitInfo [name: default]
2026-08-04T18:11:58.785+07:00  INFO [interaction-service,,] 71264 --- [interaction-service] [restartedMain] o.h.c.internal.RegionFactoryInitiator    : HHH000026: Second-level cache disabled
2026-08-04T18:11:58.906+07:00  INFO [interaction-service,,] 71264 --- [interaction-service] [restartedMain] o.s.o.j.p.SpringPersistenceUnitInfo      : No LoadTimeWeaver setup: ignoring JPA class transformer
2026-08-04T18:11:58.913+07:00  INFO [interaction-service,,] 71264 --- [interaction-service] [restartedMain] com.zaxxer.hikari.HikariDataSource       : HikariPool-16 - Starting...
2026-08-04T18:11:59.238+07:00  INFO [interaction-service,,] 71264 --- [interaction-service] [restartedMain] com.zaxxer.hikari.pool.HikariPool        : HikariPool-16 - Added connection org.postgresql.jdbc.PgConnection@70a32b51
2026-08-04T18:11:59.239+07:00  INFO [interaction-service,,] 71264 --- [interaction-service] [restartedMain] com.zaxxer.hikari.HikariDataSource       : HikariPool-16 - Start completed.
2026-08-04T18:11:59.276+07:00  WARN [interaction-service,,] 71264 --- [interaction-service] [restartedMain] org.hibernate.orm.deprecation            : HHH90000025: PostgreSQLDialect does not need to be specified explicitly using 'hibernate.dialect' (remove the property setting and it will be selected by default)
2026-08-04T18:11:59.651+07:00  INFO [interaction-service,,] 71264 --- [interaction-service] [restartedMain] o.h.e.t.j.p.i.JtaPlatformInitiator       : HHH000489: No JTA platform available (set 'hibernate.transaction.jta.platform' to enable JTA platform integration)
2026-08-04T18:11:59.712+07:00  INFO [interaction-service,,] 71264 --- [interaction-service] [restartedMain] j.LocalContainerEntityManagerFactoryBean : Initialized JPA EntityManagerFactory for persistence unit 'default'
2026-08-04T18:12:00.045+07:00  WARN [interaction-service,,] 71264 --- [interaction-service] [restartedMain] JpaBaseConfiguration$JpaWebConfiguration : spring.jpa.open-in-view is enabled by default. Therefore, database queries may be performed during view rendering. Explicitly configure spring.jpa.open-in-view to disable this warning
2026-08-04T18:12:00.086+07:00  INFO [interaction-service,,] 71264 --- [interaction-service] [restartedMain] o.s.b.d.a.OptionalLiveReloadServer       : LiveReload server is running on port 35729
2026-08-04T18:12:01.220+07:00  INFO [interaction-service,,] 71264 --- [interaction-service] [restartedMain] o.s.c.openfeign.FeignClientFactoryBean   : For 'post-service' URL not provided. Will try picking an instance via load-balancing.
2026-08-04T18:12:01.300+07:00  INFO [interaction-service,,] 71264 --- [interaction-service] [restartedMain] o.s.c.openfeign.FeignClientFactoryBean   : For 'user-service' URL not provided. Will try picking an instance via load-balancing.
2026-08-04T18:12:03.432+07:00  INFO [interaction-service,,] 71264 --- [interaction-service] [restartedMain] DiscoveryClientOptionalArgsConfiguration : Eureka HTTP Client uses RestTemplate.
2026-08-04T18:12:03.475+07:00  WARN [interaction-service,,] 71264 --- [interaction-service] [restartedMain] iguration$LoadBalancerCaffeineWarnLogger : Spring Cloud LoadBalancer is currently working with the default cache. While this cache implementation is useful for development and tests, it's recommended to use Caffeine cache in production.You can switch to using Caffeine cache, by adding it and org.springframework.cache.caffeine.CaffeineCacheManager to the classpath.
2026-08-04T18:12:03.499+07:00  INFO [interaction-service,,] 71264 --- [interaction-service] [restartedMain] o.s.b.a.e.web.EndpointLinksResolver      : Exposing 2 endpoints beneath base path '/actuator'
2026-08-04T18:12:03.577+07:00  INFO [interaction-service,,] 71264 --- [interaction-service] [restartedMain] o.s.c.n.eureka.InstanceInfoFactory       : Setting initial instance status as: STARTING
2026-08-04T18:12:03.593+07:00  INFO [interaction-service,,] 71264 --- [interaction-service] [restartedMain] com.netflix.discovery.DiscoveryClient    : Initializing Eureka in region us-east-1
2026-08-04T18:12:03.595+07:00  INFO [interaction-service,,] 71264 --- [interaction-service] [restartedMain] c.n.d.s.r.aws.ConfigClusterResolver      : Resolving eureka endpoints via configuration
2026-08-04T18:12:03.597+07:00  INFO [interaction-service,,] 71264 --- [interaction-service] [restartedMain] com.netflix.discovery.DiscoveryClient    : Disable delta property : false
2026-08-04T18:12:03.597+07:00  INFO [interaction-service,,] 71264 --- [interaction-service] [restartedMain] com.netflix.discovery.DiscoveryClient    : Single vip registry refresh property : null
2026-08-04T18:12:03.598+07:00  INFO [interaction-service,,] 71264 --- [interaction-service] [restartedMain] com.netflix.discovery.DiscoveryClient    : Force full registry fetch : false
2026-08-04T18:12:03.598+07:00  INFO [interaction-service,,] 71264 --- [interaction-service] [restartedMain] com.netflix.discovery.DiscoveryClient    : Application is null : false
2026-08-04T18:12:03.599+07:00  INFO [interaction-service,,] 71264 --- [interaction-service] [restartedMain] com.netflix.discovery.DiscoveryClient    : Registered Applications size is zero : true
2026-08-04T18:12:03.599+07:00  INFO [interaction-service,,] 71264 --- [interaction-service] [restartedMain] com.netflix.discovery.DiscoveryClient    : Application version is -1: true
2026-08-04T18:12:03.599+07:00  INFO [interaction-service,,] 71264 --- [interaction-service] [restartedMain] com.netflix.discovery.DiscoveryClient    : Getting all instance registry info from the eureka server
2026-08-04T18:12:03.648+07:00  INFO [interaction-service,,] 71264 --- [interaction-service] [restartedMain] com.netflix.discovery.DiscoveryClient    : The response status is 200
2026-08-04T18:12:03.649+07:00  INFO [interaction-service,,] 71264 --- [interaction-service] [restartedMain] com.netflix.discovery.DiscoveryClient    : Starting heartbeat executor: renew interval is: 30
2026-08-04T18:12:03.651+07:00  INFO [interaction-service,,] 71264 --- [interaction-service] [restartedMain] c.n.discovery.InstanceInfoReplicator     : InstanceInfoReplicator onDemand update allowed rate per min is 4
2026-08-04T18:12:03.652+07:00  INFO [interaction-service,,] 71264 --- [interaction-service] [restartedMain] com.netflix.discovery.DiscoveryClient    : Discovery Client initialized at timestamp 1785841923651 with initial instances count: 3
2026-08-04T18:12:03.660+07:00  INFO [interaction-service,,] 71264 --- [interaction-service] [restartedMain] o.s.c.n.e.s.EurekaServiceRegistry        : Registering application INTERACTION-SERVICE with eureka with status UP
2026-08-04T18:12:03.661+07:00  INFO [interaction-service,,] 71264 --- [interaction-service] [restartedMain] com.netflix.discovery.DiscoveryClient    : Saw local status change event StatusChangeEvent [timestamp=1785841923661, current=UP, previous=STARTING]
2026-08-04T18:12:03.662+07:00  INFO [interaction-service,,] 71264 --- [interaction-service] [DiscoveryClient-InstanceInfoReplicator-%d] com.netflix.discovery.DiscoveryClient    : DiscoveryClient_INTERACTION-SERVICE/LAPTOP-4K64MGNI:interaction-service:8084: registering service...
2026-08-04T18:12:03.674+07:00  INFO [interaction-service,,] 71264 --- [interaction-service] [restartedMain] o.s.b.w.embedded.tomcat.TomcatWebServer  : Tomcat started on port 8084 (http) with context path '/'
2026-08-04T18:12:03.676+07:00  INFO [interaction-service,,] 71264 --- [interaction-service] [restartedMain] .s.c.n.e.s.EurekaAutoServiceRegistration : Updating port to 8084
2026-08-04T18:12:03.682+07:00  INFO [interaction-service,,] 71264 --- [interaction-service] [DiscoveryClient-InstanceInfoReplicator-%d] com.netflix.discovery.DiscoveryClient    : DiscoveryClient_INTERACTION-SERVICE/LAPTOP-4K64MGNI:interaction-service:8084 - registration status: 204
2026-08-04T18:12:04.749+07:00  INFO [interaction-service,,] 71264 --- [interaction-service] [restartedMain] o.s.a.r.c.CachingConnectionFactory       : Attempting to connect to: [localhost:5672]
2026-08-04T18:12:04.813+07:00  INFO [interaction-service,,] 71264 --- [interaction-service] [restartedMain] o.s.a.r.c.CachingConnectionFactory       : Created new connection: rabbitConnectionFactory#2b66ec3b:0/SimpleConnection@49612570 [delegate=amqp://guest@127.0.0.1:5672/, localPort=58579]
2026-08-04T18:12:05.098+07:00  INFO [interaction-service,,] 71264 --- [interaction-service] [restartedMain] c.n.S.InteractionServiceApplication      : Started InteractionServiceApplication in 14.904 seconds (process running for 8779.386)
2026-08-04T18:12:05.103+07:00  INFO [interaction-service,,] 71264 --- [interaction-service] [restartedMain] .ConditionEvaluationDeltaLoggingListener : Condition evaluation unchanged
2026-08-04T18:12:41.829+07:00  INFO [interaction-service,,] 71264 --- [interaction-service] [File Watcher] rtingClassPathChangeChangedEventListener : Restarting due to 1 class path change (0 additions, 0 deletions, 1 modification)
2026-08-04T18:12:41.831+07:00  INFO [interaction-service,,] 71264 --- [interaction-service] [Thread-91] o.s.c.n.e.s.EurekaServiceRegistry        : Unregistering application INTERACTION-SERVICE with eureka with status DOWN
2026-08-04T18:12:41.831+07:00  INFO [interaction-service,,] 71264 --- [interaction-service] [Thread-91] com.netflix.discovery.DiscoveryClient    : Saw local status change event StatusChangeEvent [timestamp=1785841961831, current=DOWN, previous=UP]
2026-08-04T18:12:41.831+07:00  INFO [interaction-service,,] 71264 --- [interaction-service] [DiscoveryClient-InstanceInfoReplicator-%d] com.netflix.discovery.DiscoveryClient    : DiscoveryClient_INTERACTION-SERVICE/LAPTOP-4K64MGNI:interaction-service:8084: registering service...
2026-08-04T18:12:41.834+07:00  INFO [interaction-service,,] 71264 --- [interaction-service] [org.springframework.amqp.rabbit.RabbitListenerEndpointContainer#0-2] o.s.a.r.l.SimpleMessageListenerContainer : Waiting for workers to finish.
2026-08-04T18:12:41.844+07:00  INFO [interaction-service,,] 71264 --- [interaction-service] [DiscoveryClient-InstanceInfoReplicator-%d] com.netflix.discovery.DiscoveryClient    : DiscoveryClient_INTERACTION-SERVICE/LAPTOP-4K64MGNI:interaction-service:8084 - registration status: 204
2026-08-04T18:12:42.400+07:00  INFO [interaction-service,,] 71264 --- [interaction-service] [org.springframework.amqp.rabbit.RabbitListenerEndpointContainer#0-2] o.s.a.r.l.SimpleMessageListenerContainer : Successfully waited for workers to finish.
2026-08-04T18:12:42.670+07:00  INFO [interaction-service,,] 71264 --- [interaction-service] [Thread-91] j.LocalContainerEntityManagerFactoryBean : Closing JPA EntityManagerFactory for persistence unit 'default'
2026-08-04T18:12:42.670+07:00  INFO [interaction-service,,] 71264 --- [interaction-service] [Thread-91] com.zaxxer.hikari.HikariDataSource       : HikariPool-16 - Shutdown initiated...
2026-08-04T18:12:42.673+07:00  INFO [interaction-service,,] 71264 --- [interaction-service] [Thread-91] com.zaxxer.hikari.HikariDataSource       : HikariPool-16 - Shutdown completed.
2026-08-04T18:12:42.676+07:00  INFO [interaction-service,,] 71264 --- [interaction-service] [Thread-91] com.netflix.discovery.DiscoveryClient    : Shutting down DiscoveryClient ...
2026-08-04T18:12:45.681+07:00  INFO [interaction-service,,] 71264 --- [interaction-service] [Thread-91] com.netflix.discovery.DiscoveryClient    : Unregistering ...
2026-08-04T18:12:45.699+07:00  INFO [interaction-service,,] 71264 --- [interaction-service] [Thread-91] com.netflix.discovery.DiscoveryClient    : DiscoveryClient_INTERACTION-SERVICE/LAPTOP-4K64MGNI:interaction-service:8084 - deregister  status: 200
2026-08-04T18:12:45.699+07:00  INFO [interaction-service,,] 71264 --- [interaction-service] [Thread-91] com.netflix.discovery.DiscoveryClient    : Completed shut down of DiscoveryClient
2026-08-04T18:12:45.934+07:00  INFO [interaction-service,,] 71264 --- [interaction-service] [restartedMain] c.n.S.InteractionServiceApplication      : Starting InteractionServiceApplication using Java 17.0.9 with PID 71264 (D:\Projects\Social-media\backend\interaction-service\target\classes started by BANG in D:\Projects\Social-media\backend\interaction-service)
2026-08-04T18:12:45.935+07:00  INFO [interaction-service,,] 71264 --- [interaction-service] [restartedMain] c.n.S.InteractionServiceApplication      : No active profile set, falling back to 1 default profile: "default"
2026-08-04T18:12:46.105+07:00  INFO [interaction-service,,] 71264 --- [interaction-service] [restartedMain] .s.d.r.c.RepositoryConfigurationDelegate : Bootstrapping Spring Data JPA repositories in DEFAULT mode.
2026-08-04T18:12:46.115+07:00  INFO [interaction-service,,] 71264 --- [interaction-service] [restartedMain] .s.d.r.c.RepositoryConfigurationDelegate : Finished Spring Data repository scanning in 10 ms. Found 4 JPA repository interfaces.
2026-08-04T18:12:46.161+07:00  INFO [interaction-service,,] 71264 --- [interaction-service] [restartedMain] o.s.cloud.context.scope.GenericScope     : BeanFactory id=57188c94-2882-3c40-965e-4407b85cadd9
2026-08-04T18:12:46.216+07:00  INFO [interaction-service,,] 71264 --- [interaction-service] [restartedMain] o.s.b.w.embedded.tomcat.TomcatWebServer  : Tomcat initialized with port 8084 (http)
2026-08-04T18:12:46.217+07:00  INFO [interaction-service,,] 71264 --- [interaction-service] [restartedMain] o.apache.catalina.core.StandardService   : Starting service [Tomcat]
2026-08-04T18:12:46.217+07:00  INFO [interaction-service,,] 71264 --- [interaction-service] [restartedMain] o.apache.catalina.core.StandardEngine    : Starting Servlet engine: [Apache Tomcat/10.1.42]
2026-08-04T18:12:46.235+07:00  INFO [interaction-service,,] 71264 --- [interaction-service] [restartedMain] o.a.c.c.C.[Tomcat-6].[localhost].[/]     : Initializing Spring embedded WebApplicationContext
2026-08-04T18:12:46.236+07:00  INFO [interaction-service,,] 71264 --- [interaction-service] [restartedMain] w.s.c.ServletWebServerApplicationContext : Root WebApplicationContext: initialization completed in 298 ms
2026-08-04T18:12:46.285+07:00  INFO [interaction-service,,] 71264 --- [interaction-service] [restartedMain] o.hibernate.jpa.internal.util.LogHelper  : HHH000204: Processing PersistenceUnitInfo [name: default]
2026-08-04T18:12:46.288+07:00  INFO [interaction-service,,] 71264 --- [interaction-service] [restartedMain] o.h.c.internal.RegionFactoryInitiator    : HHH000026: Second-level cache disabled
2026-08-04T18:12:46.292+07:00  INFO [interaction-service,,] 71264 --- [interaction-service] [restartedMain] o.s.o.j.p.SpringPersistenceUnitInfo      : No LoadTimeWeaver setup: ignoring JPA class transformer
2026-08-04T18:12:46.292+07:00  INFO [interaction-service,,] 71264 --- [interaction-service] [restartedMain] com.zaxxer.hikari.HikariDataSource       : HikariPool-17 - Starting...
2026-08-04T18:12:46.333+07:00  INFO [interaction-service,,] 71264 --- [interaction-service] [restartedMain] com.zaxxer.hikari.pool.HikariPool        : HikariPool-17 - Added connection org.postgresql.jdbc.PgConnection@32f3cc66
2026-08-04T18:12:46.333+07:00  INFO [interaction-service,,] 71264 --- [interaction-service] [restartedMain] com.zaxxer.hikari.HikariDataSource       : HikariPool-17 - Start completed.
2026-08-04T18:12:46.340+07:00  WARN [interaction-service,,] 71264 --- [interaction-service] [restartedMain] org.hibernate.orm.deprecation            : HHH90000025: PostgreSQLDialect does not need to be specified explicitly using 'hibernate.dialect' (remove the property setting and it will be selected by default)
2026-08-04T18:12:46.375+07:00  INFO [interaction-service,,] 71264 --- [interaction-service] [restartedMain] o.h.e.t.j.p.i.JtaPlatformInitiator       : HHH000489: No JTA platform available (set 'hibernate.transaction.jta.platform' to enable JTA platform integration)
2026-08-04T18:12:46.384+07:00  INFO [interaction-service,,] 71264 --- [interaction-service] [restartedMain] j.LocalContainerEntityManagerFactoryBean : Initialized JPA EntityManagerFactory for persistence unit 'default'
2026-08-04T18:12:46.434+07:00  WARN [interaction-service,,] 71264 --- [interaction-service] [restartedMain] JpaBaseConfiguration$JpaWebConfiguration : spring.jpa.open-in-view is enabled by default. Therefore, database queries may be performed during view rendering. Explicitly configure spring.jpa.open-in-view to disable this warning
2026-08-04T18:12:46.447+07:00  INFO [interaction-service,,] 71264 --- [interaction-service] [restartedMain] o.s.b.d.a.OptionalLiveReloadServer       : LiveReload server is running on port 35729
2026-08-04T18:12:46.625+07:00  INFO [interaction-service,,] 71264 --- [interaction-service] [restartedMain] o.s.c.openfeign.FeignClientFactoryBean   : For 'post-service' URL not provided. Will try picking an instance via load-balancing.
2026-08-04T18:12:46.641+07:00  INFO [interaction-service,,] 71264 --- [interaction-service] [restartedMain] o.s.c.openfeign.FeignClientFactoryBean   : For 'user-service' URL not provided. Will try picking an instance via load-balancing.
2026-08-04T18:12:47.028+07:00  INFO [interaction-service,,] 71264 --- [interaction-service] [restartedMain] DiscoveryClientOptionalArgsConfiguration : Eureka HTTP Client uses RestTemplate.
2026-08-04T18:12:47.037+07:00  WARN [interaction-service,,] 71264 --- [interaction-service] [restartedMain] iguration$LoadBalancerCaffeineWarnLogger : Spring Cloud LoadBalancer is currently working with the default cache. While this cache implementation is useful for development and tests, it's recommended to use Caffeine cache in production.You can switch to using Caffeine cache, by adding it and org.springframework.cache.caffeine.CaffeineCacheManager to the classpath.
2026-08-04T18:12:47.044+07:00  INFO [interaction-service,,] 71264 --- [interaction-service] [restartedMain] o.s.b.a.e.web.EndpointLinksResolver      : Exposing 2 endpoints beneath base path '/actuator'
2026-08-04T18:12:47.063+07:00  INFO [interaction-service,,] 71264 --- [interaction-service] [restartedMain] o.s.c.n.eureka.InstanceInfoFactory       : Setting initial instance status as: STARTING
2026-08-04T18:12:47.064+07:00  INFO [interaction-service,,] 71264 --- [interaction-service] [restartedMain] com.netflix.discovery.DiscoveryClient    : Initializing Eureka in region us-east-1
2026-08-04T18:12:47.064+07:00  INFO [interaction-service,,] 71264 --- [interaction-service] [restartedMain] c.n.d.s.r.aws.ConfigClusterResolver      : Resolving eureka endpoints via configuration
2026-08-04T18:12:47.066+07:00  INFO [interaction-service,,] 71264 --- [interaction-service] [restartedMain] com.netflix.discovery.DiscoveryClient    : Disable delta property : false
2026-08-04T18:12:47.066+07:00  INFO [interaction-service,,] 71264 --- [interaction-service] [restartedMain] com.netflix.discovery.DiscoveryClient    : Single vip registry refresh property : null
2026-08-04T18:12:47.066+07:00  INFO [interaction-service,,] 71264 --- [interaction-service] [restartedMain] com.netflix.discovery.DiscoveryClient    : Force full registry fetch : false
2026-08-04T18:12:47.066+07:00  INFO [interaction-service,,] 71264 --- [interaction-service] [restartedMain] com.netflix.discovery.DiscoveryClient    : Application is null : false
2026-08-04T18:12:47.066+07:00  INFO [interaction-service,,] 71264 --- [interaction-service] [restartedMain] com.netflix.discovery.DiscoveryClient    : Registered Applications size is zero : true
2026-08-04T18:12:47.066+07:00  INFO [interaction-service,,] 71264 --- [interaction-service] [restartedMain] com.netflix.discovery.DiscoveryClient    : Application version is -1: true
2026-08-04T18:12:47.066+07:00  INFO [interaction-service,,] 71264 --- [interaction-service] [restartedMain] com.netflix.discovery.DiscoveryClient    : Getting all instance registry info from the eureka server
2026-08-04T18:12:47.079+07:00  INFO [interaction-service,,] 71264 --- [interaction-service] [restartedMain] com.netflix.discovery.DiscoveryClient    : The response status is 200
2026-08-04T18:12:47.079+07:00  INFO [interaction-service,,] 71264 --- [interaction-service] [restartedMain] com.netflix.discovery.DiscoveryClient    : Starting heartbeat executor: renew interval is: 30
2026-08-04T18:12:47.080+07:00  INFO [interaction-service,,] 71264 --- [interaction-service] [restartedMain] c.n.discovery.InstanceInfoReplicator     : InstanceInfoReplicator onDemand update allowed rate per min is 4
2026-08-04T18:12:47.080+07:00  INFO [interaction-service,,] 71264 --- [interaction-service] [restartedMain] com.netflix.discovery.DiscoveryClient    : Discovery Client initialized at timestamp 1785841967080 with initial instances count: 3
2026-08-04T18:12:47.082+07:00  INFO [interaction-service,,] 71264 --- [interaction-service] [restartedMain] o.s.c.n.e.s.EurekaServiceRegistry        : Registering application INTERACTION-SERVICE with eureka with status UP
2026-08-04T18:12:47.082+07:00  INFO [interaction-service,,] 71264 --- [interaction-service] [restartedMain] com.netflix.discovery.DiscoveryClient    : Saw local status change event StatusChangeEvent [timestamp=1785841967082, current=UP, previous=STARTING]
2026-08-04T18:12:47.083+07:00  INFO [interaction-service,,] 71264 --- [interaction-service] [DiscoveryClient-InstanceInfoReplicator-%d] com.netflix.discovery.DiscoveryClient    : DiscoveryClient_INTERACTION-SERVICE/LAPTOP-4K64MGNI:interaction-service:8084: registering service...
2026-08-04T18:12:47.086+07:00  INFO [interaction-service,,] 71264 --- [interaction-service] [restartedMain] o.s.b.w.embedded.tomcat.TomcatWebServer  : Tomcat started on port 8084 (http) with context path '/'
2026-08-04T18:12:47.086+07:00  INFO [interaction-service,,] 71264 --- [interaction-service] [restartedMain] .s.c.n.e.s.EurekaAutoServiceRegistration : Updating port to 8084
2026-08-04T18:12:47.092+07:00  INFO [interaction-service,,] 71264 --- [interaction-service] [DiscoveryClient-InstanceInfoReplicator-%d] com.netflix.discovery.DiscoveryClient    : DiscoveryClient_INTERACTION-SERVICE/LAPTOP-4K64MGNI:interaction-service:8084 - registration status: 204
2026-08-04T18:12:47.305+07:00  INFO [interaction-service,,] 71264 --- [interaction-service] [restartedMain] o.s.a.r.c.CachingConnectionFactory       : Attempting to connect to: [localhost:5672]
2026-08-04T18:12:47.312+07:00  INFO [interaction-service,,] 71264 --- [interaction-service] [restartedMain] o.s.a.r.c.CachingConnectionFactory       : Created new connection: rabbitConnectionFactory#4b93b06a:0/SimpleConnection@6a00b388 [delegate=amqp://guest@127.0.0.1:5672/, localPort=58139]
2026-08-04T18:12:47.355+07:00  INFO [interaction-service,,] 71264 --- [interaction-service] [restartedMain] c.n.S.InteractionServiceApplication      : Started InteractionServiceApplication in 1.572 seconds (process running for 8821.644)
2026-08-04T18:12:47.361+07:00  INFO [interaction-service,,] 71264 --- [interaction-service] [restartedMain] .ConditionEvaluationDeltaLoggingListener : Condition evaluation delta:


==========================
CONDITION EVALUATION DELTA
==========================


Positive matches:
-----------------

   TaskSchedulingAutoConfiguration#scheduledBeanLazyInitializationExcludeFilter matched:
      - @ConditionalOnBean (names: org.springframework.context.annotation.internalScheduledAnnotationProcessor; SearchStrategy: all) found bean 'org.springframework.context.annotation.internalScheduledAnnotationProcessor' (OnBeanCondition)

   TaskSchedulingConfigurations.TaskSchedulerConfiguration matched:
      - @ConditionalOnBean (names: org.springframework.context.annotation.internalScheduledAnnotationProcessor; SearchStrategy: all) found bean 'org.springframework.context.annotation.internalScheduledAnnotationProcessor'; @ConditionalOnMissingBean (types: org.springframework.scheduling.TaskScheduler,java.util.concurrent.ScheduledExecutorService; SearchStrategy: all) did not find any beans (OnBeanCondition)

   TaskSchedulingConfigurations.TaskSchedulerConfiguration#taskScheduler matched:
      - @ConditionalOnThreading found PLATFORM (OnThreadingCondition)


Negative matches:
-----------------

   TaskSchedulingConfigurations.TaskSchedulerConfiguration#taskSchedulerVirtualThreads:
      Did not match:
         - @ConditionalOnThreading did not find VIRTUAL (OnThreadingCondition)


Exclusions:
-----------

    None


Unconditional classes:
----------------------

    None



2026-08-04T18:13:10.730+07:00  INFO [interaction-service,,] 71264 --- [interaction-service] [File Watcher] rtingClassPathChangeChangedEventListener : Restarting due to 1 class path change (0 additions, 0 deletions, 1 modification)
2026-08-04T18:13:10.732+07:00  INFO [interaction-service,,] 71264 --- [interaction-service] [Thread-97] o.s.c.n.e.s.EurekaServiceRegistry        : Unregistering application INTERACTION-SERVICE with eureka with status DOWN
2026-08-04T18:13:10.733+07:00  INFO [interaction-service,,] 71264 --- [interaction-service] [Thread-97] com.netflix.discovery.DiscoveryClient    : Saw local status change event StatusChangeEvent [timestamp=1785841990733, current=DOWN, previous=UP]
2026-08-04T18:13:10.733+07:00  INFO [interaction-service,,] 71264 --- [interaction-service] [DiscoveryClient-InstanceInfoReplicator-%d] com.netflix.discovery.DiscoveryClient    : DiscoveryClient_INTERACTION-SERVICE/LAPTOP-4K64MGNI:interaction-service:8084: registering service...
2026-08-04T18:13:10.739+07:00  INFO [interaction-service,,] 71264 --- [interaction-service] [org.springframework.amqp.rabbit.RabbitListenerEndpointContainer#0-2] o.s.a.r.l.SimpleMessageListenerContainer : Waiting for workers to finish.
2026-08-04T18:13:10.747+07:00  INFO [interaction-service,,] 71264 --- [interaction-service] [DiscoveryClient-InstanceInfoReplicator-%d] com.netflix.discovery.DiscoveryClient    : DiscoveryClient_INTERACTION-SERVICE/LAPTOP-4K64MGNI:interaction-service:8084 - registration status: 204
2026-08-04T18:13:11.584+07:00  INFO [interaction-service,,] 71264 --- [interaction-service] [org.springframework.amqp.rabbit.RabbitListenerEndpointContainer#0-2] o.s.a.r.l.SimpleMessageListenerContainer : Successfully waited for workers to finish.
2026-08-04T18:13:11.849+07:00  INFO [interaction-service,,] 71264 --- [interaction-service] [Thread-97] j.LocalContainerEntityManagerFactoryBean : Closing JPA EntityManagerFactory for persistence unit 'default'
2026-08-04T18:13:11.849+07:00  INFO [interaction-service,,] 71264 --- [interaction-service] [Thread-97] com.zaxxer.hikari.HikariDataSource       : HikariPool-17 - Shutdown initiated...
2026-08-04T18:13:11.856+07:00  INFO [interaction-service,,] 71264 --- [interaction-service] [Thread-97] com.zaxxer.hikari.HikariDataSource       : HikariPool-17 - Shutdown completed.
2026-08-04T18:13:11.858+07:00  INFO [interaction-service,,] 71264 --- [interaction-service] [Thread-97] com.netflix.discovery.DiscoveryClient    : Shutting down DiscoveryClient ...
2026-08-04T18:13:14.865+07:00  INFO [interaction-service,,] 71264 --- [interaction-service] [Thread-97] com.netflix.discovery.DiscoveryClient    : Unregistering ...
2026-08-04T18:13:14.884+07:00  INFO [interaction-service,,] 71264 --- [interaction-service] [Thread-97] com.netflix.discovery.DiscoveryClient    : DiscoveryClient_INTERACTION-SERVICE/LAPTOP-4K64MGNI:interaction-service:8084 - deregister  status: 200
2026-08-04T18:13:14.885+07:00  INFO [interaction-service,,] 71264 --- [interaction-service] [Thread-97] com.netflix.discovery.DiscoveryClient    : Completed shut down of DiscoveryClient
2026-08-04T18:13:15.217+07:00  INFO [interaction-service,,] 71264 --- [interaction-service] [restartedMain] c.n.S.InteractionServiceApplication      : Starting InteractionServiceApplication using Java 17.0.9 with PID 71264 (D:\Projects\Social-media\backend\interaction-service\target\classes started by BANG in D:\Projects\Social-media\backend\interaction-service)
2026-08-04T18:13:15.217+07:00  INFO [interaction-service,,] 71264 --- [interaction-service] [restartedMain] c.n.S.InteractionServiceApplication      : No active profile set, falling back to 1 default profile: "default"
2026-08-04T18:13:15.393+07:00  INFO [interaction-service,,] 71264 --- [interaction-service] [restartedMain] .s.d.r.c.RepositoryConfigurationDelegate : Bootstrapping Spring Data JPA repositories in DEFAULT mode.
2026-08-04T18:13:15.405+07:00  INFO [interaction-service,,] 71264 --- [interaction-service] [restartedMain] .s.d.r.c.RepositoryConfigurationDelegate : Finished Spring Data repository scanning in 11 ms. Found 4 JPA repository interfaces.
2026-08-04T18:13:15.498+07:00  INFO [interaction-service,,] 71264 --- [interaction-service] [restartedMain] o.s.cloud.context.scope.GenericScope     : BeanFactory id=57188c94-2882-3c40-965e-4407b85cadd9
2026-08-04T18:13:15.562+07:00  INFO [interaction-service,,] 71264 --- [interaction-service] [restartedMain] o.s.b.w.embedded.tomcat.TomcatWebServer  : Tomcat initialized with port 8084 (http)
2026-08-04T18:13:15.563+07:00  INFO [interaction-service,,] 71264 --- [interaction-service] [restartedMain] o.apache.catalina.core.StandardService   : Starting service [Tomcat]
2026-08-04T18:13:15.563+07:00  INFO [interaction-service,,] 71264 --- [interaction-service] [restartedMain] o.apache.catalina.core.StandardEngine    : Starting Servlet engine: [Apache Tomcat/10.1.42]
2026-08-04T18:13:15.584+07:00  INFO [interaction-service,,] 71264 --- [interaction-service] [restartedMain] o.a.c.c.C.[Tomcat-6].[localhost].[/]     : Initializing Spring embedded WebApplicationContext
2026-08-04T18:13:15.585+07:00  INFO [interaction-service,,] 71264 --- [interaction-service] [restartedMain] w.s.c.ServletWebServerApplicationContext : Root WebApplicationContext: initialization completed in 366 ms
2026-08-04T18:13:15.638+07:00  INFO [interaction-service,,] 71264 --- [interaction-service] [restartedMain] o.hibernate.jpa.internal.util.LogHelper  : HHH000204: Processing PersistenceUnitInfo [name: default]
2026-08-04T18:13:15.640+07:00  INFO [interaction-service,,] 71264 --- [interaction-service] [restartedMain] o.h.c.internal.RegionFactoryInitiator    : HHH000026: Second-level cache disabled
2026-08-04T18:13:15.645+07:00  INFO [interaction-service,,] 71264 --- [interaction-service] [restartedMain] o.s.o.j.p.SpringPersistenceUnitInfo      : No LoadTimeWeaver setup: ignoring JPA class transformer
2026-08-04T18:13:15.646+07:00  INFO [interaction-service,,] 71264 --- [interaction-service] [restartedMain] com.zaxxer.hikari.HikariDataSource       : HikariPool-18 - Starting...
2026-08-04T18:13:15.705+07:00  INFO [interaction-service,,] 71264 --- [interaction-service] [restartedMain] com.zaxxer.hikari.pool.HikariPool        : HikariPool-18 - Added connection org.postgresql.jdbc.PgConnection@5784d91f
2026-08-04T18:13:15.706+07:00  INFO [interaction-service,,] 71264 --- [interaction-service] [restartedMain] com.zaxxer.hikari.HikariDataSource       : HikariPool-18 - Start completed.
2026-08-04T18:13:15.713+07:00  WARN [interaction-service,,] 71264 --- [interaction-service] [restartedMain] org.hibernate.orm.deprecation            : HHH90000025: PostgreSQLDialect does not need to be specified explicitly using 'hibernate.dialect' (remove the property setting and it will be selected by default)
2026-08-04T18:13:15.760+07:00  INFO [interaction-service,,] 71264 --- [interaction-service] [restartedMain] o.h.e.t.j.p.i.JtaPlatformInitiator       : HHH000489: No JTA platform available (set 'hibernate.transaction.jta.platform' to enable JTA platform integration)
2026-08-04T18:13:15.769+07:00  INFO [interaction-service,,] 71264 --- [interaction-service] [restartedMain] j.LocalContainerEntityManagerFactoryBean : Initialized JPA EntityManagerFactory for persistence unit 'default'
2026-08-04T18:13:15.821+07:00  WARN [interaction-service,,] 71264 --- [interaction-service] [restartedMain] JpaBaseConfiguration$JpaWebConfiguration : spring.jpa.open-in-view is enabled by default. Therefore, database queries may be performed during view rendering. Explicitly configure spring.jpa.open-in-view to disable this warning
2026-08-04T18:13:15.830+07:00  INFO [interaction-service,,] 71264 --- [interaction-service] [restartedMain] o.s.b.d.a.OptionalLiveReloadServer       : LiveReload server is running on port 35729
2026-08-04T18:13:15.989+07:00  INFO [interaction-service,,] 71264 --- [interaction-service] [restartedMain] o.s.c.openfeign.FeignClientFactoryBean   : For 'post-service' URL not provided. Will try picking an instance via load-balancing.
2026-08-04T18:13:16.006+07:00  INFO [interaction-service,,] 71264 --- [interaction-service] [restartedMain] o.s.c.openfeign.FeignClientFactoryBean   : For 'user-service' URL not provided. Will try picking an instance via load-balancing.
2026-08-04T18:13:16.011+07:00  WARN [interaction-service,,] 71264 --- [interaction-service] [restartedMain] ConfigServletWebServerApplicationContext : Exception encountered during context initialization - cancelling refresh attempt: org.springframework.beans.factory.UnsatisfiedDependencyException: Error creating bean with name 'commentController' defined in file [D:\Projects\Social-media\backend\interaction-service\target\classes\com\nguyenthanhbang\Social_media\controller\user\CommentController.class]: Unsatisfied dependency expressed through constructor parameter 0: Error creating bean with name 'commentServiceImpl' defined in file [D:\Projects\Social-media\backend\interaction-service\target\classes\com\nguyenthanhbang\Social_media\service\impl\CommentServiceImpl.class]: Unsatisfied dependency expressed through constructor parameter 3: Error creating bean with name 'commentPublisher': Resolution of declared constructors on bean Class [com.nguyenthanhbang.Social_media.event.CommentPublisher] from ClassLoader [org.springframework.boot.devtools.restart.classloader.RestartClassLoader@66a09047] failed
2026-08-04T18:13:16.011+07:00  WARN [interaction-service,,] 71264 --- [interaction-service] [restartedMain] s.c.a.AnnotationConfigApplicationContext : Exception thrown from ApplicationListener handling ContextClosedEvent

org.springframework.beans.factory.BeanCreationNotAllowedException: Error creating bean with name 'applicationTaskExecutor': Singleton bean creation not allowed while singletons of this factory are in destruction (Do not request a bean from a BeanFactory in a destroy method implementation!)
	at org.springframework.beans.factory.support.DefaultSingletonBeanRegistry.getSingleton(DefaultSingletonBeanRegistry.java:220) ~[spring-beans-6.1.21.jar:6.1.21]
	at org.springframework.beans.factory.support.AbstractBeanFactory.doGetBean(AbstractBeanFactory.java:335) ~[spring-beans-6.1.21.jar:6.1.21]
	at org.springframework.beans.factory.support.AbstractBeanFactory.getBean(AbstractBeanFactory.java:205) ~[spring-beans-6.1.21.jar:6.1.21]
	at org.springframework.context.event.AbstractApplicationEventMulticaster.retrieveApplicationListeners(AbstractApplicationEventMulticaster.java:265) ~[spring-context-6.1.21.jar:6.1.21]
	at org.springframework.context.event.AbstractApplicationEventMulticaster.getApplicationListeners(AbstractApplicationEventMulticaster.java:222) ~[spring-context-6.1.21.jar:6.1.21]
	at org.springframework.context.event.SimpleApplicationEventMulticaster.multicastEvent(SimpleApplicationEventMulticaster.java:145) ~[spring-context-6.1.21.jar:6.1.21]
	at org.springframework.context.support.AbstractApplicationContext.publishEvent(AbstractApplicationContext.java:452) ~[spring-context-6.1.21.jar:6.1.21]
	at org.springframework.context.support.AbstractApplicationContext.publishEvent(AbstractApplicationContext.java:458) ~[spring-context-6.1.21.jar:6.1.21]
	at org.springframework.context.support.AbstractApplicationContext.publishEvent(AbstractApplicationContext.java:385) ~[spring-context-6.1.21.jar:6.1.21]
	at org.springframework.context.support.AbstractApplicationContext.doClose(AbstractApplicationContext.java:1139) ~[spring-context-6.1.21.jar:6.1.21]
	at org.springframework.context.support.AbstractApplicationContext.close(AbstractApplicationContext.java:1102) ~[spring-context-6.1.21.jar:6.1.21]
	at org.springframework.cloud.context.named.NamedContextFactory.destroy(NamedContextFactory.java:114) ~[spring-cloud-context-4.1.5.jar:4.1.5]
	at org.springframework.beans.factory.support.DisposableBeanAdapter.destroy(DisposableBeanAdapter.java:211) ~[spring-beans-6.1.21.jar:6.1.21]
	at org.springframework.beans.factory.support.DefaultSingletonBeanRegistry.destroyBean(DefaultSingletonBeanRegistry.java:587) ~[spring-beans-6.1.21.jar:6.1.21]
	at org.springframework.beans.factory.support.DefaultSingletonBeanRegistry.destroySingleton(DefaultSingletonBeanRegistry.java:559) ~[spring-beans-6.1.21.jar:6.1.21]
	at org.springframework.beans.factory.support.DefaultListableBeanFactory.destroySingleton(DefaultListableBeanFactory.java:1207) ~[spring-beans-6.1.21.jar:6.1.21]
	at org.springframework.beans.factory.support.DefaultSingletonBeanRegistry.destroySingletons(DefaultSingletonBeanRegistry.java:520) ~[spring-beans-6.1.21.jar:6.1.21]
	at org.springframework.beans.factory.support.DefaultListableBeanFactory.destroySingletons(DefaultListableBeanFactory.java:1200) ~[spring-beans-6.1.21.jar:6.1.21]
	at org.springframework.context.support.AbstractApplicationContext.destroyBeans(AbstractApplicationContext.java:1195) ~[spring-context-6.1.21.jar:6.1.21]
	at org.springframework.context.support.AbstractApplicationContext.refresh(AbstractApplicationContext.java:638) ~[spring-context-6.1.21.jar:6.1.21]
	at org.springframework.boot.web.servlet.context.ServletWebServerApplicationContext.refresh(ServletWebServerApplicationContext.java:146) ~[spring-boot-3.3.13.jar:3.3.13]
	at org.springframework.boot.SpringApplication.refresh(SpringApplication.java:754) ~[spring-boot-3.3.13.jar:3.3.13]
	at org.springframework.boot.SpringApplication.refreshContext(SpringApplication.java:456) ~[spring-boot-3.3.13.jar:3.3.13]
	at org.springframework.boot.SpringApplication.run(SpringApplication.java:335) ~[spring-boot-3.3.13.jar:3.3.13]
	at org.springframework.boot.SpringApplication.run(SpringApplication.java:1363) ~[spring-boot-3.3.13.jar:3.3.13]
	at org.springframework.boot.SpringApplication.run(SpringApplication.java:1352) ~[spring-boot-3.3.13.jar:3.3.13]
	at com.nguyenthanhbang.Social_media.InteractionServiceApplication.main(InteractionServiceApplication.java:14) ~[classes/:na]
	at java.base/jdk.internal.reflect.NativeMethodAccessorImpl.invoke0(Native Method) ~[na:na]
	at java.base/jdk.internal.reflect.NativeMethodAccessorImpl.invoke(NativeMethodAccessorImpl.java:77) ~[na:na]
	at java.base/jdk.internal.reflect.DelegatingMethodAccessorImpl.invoke(DelegatingMethodAccessorImpl.java:43) ~[na:na]
	at java.base/java.lang.reflect.Method.invoke(Method.java:568) ~[na:na]
	at org.springframework.boot.devtools.restart.RestartLauncher.run(RestartLauncher.java:50) ~[spring-boot-devtools-3.3.13.jar:3.3.13]

2026-08-04T18:13:16.014+07:00  WARN [interaction-service,,] 71264 --- [interaction-service] [restartedMain] s.c.a.AnnotationConfigApplicationContext : Exception thrown from ApplicationListener handling ContextClosedEvent

org.springframework.beans.factory.BeanCreationNotAllowedException: Error creating bean with name 'applicationTaskExecutor': Singleton bean creation not allowed while singletons of this factory are in destruction (Do not request a bean from a BeanFactory in a destroy method implementation!)
	at org.springframework.beans.factory.support.DefaultSingletonBeanRegistry.getSingleton(DefaultSingletonBeanRegistry.java:220) ~[spring-beans-6.1.21.jar:6.1.21]
	at org.springframework.beans.factory.support.AbstractBeanFactory.doGetBean(AbstractBeanFactory.java:335) ~[spring-beans-6.1.21.jar:6.1.21]
	at org.springframework.beans.factory.support.AbstractBeanFactory.getBean(AbstractBeanFactory.java:205) ~[spring-beans-6.1.21.jar:6.1.21]
	at org.springframework.context.event.AbstractApplicationEventMulticaster.retrieveApplicationListeners(AbstractApplicationEventMulticaster.java:265) ~[spring-context-6.1.21.jar:6.1.21]
	at org.springframework.context.event.AbstractApplicationEventMulticaster.getApplicationListeners(AbstractApplicationEventMulticaster.java:222) ~[spring-context-6.1.21.jar:6.1.21]
	at org.springframework.context.event.SimpleApplicationEventMulticaster.multicastEvent(SimpleApplicationEventMulticaster.java:145) ~[spring-context-6.1.21.jar:6.1.21]
	at org.springframework.context.support.AbstractApplicationContext.publishEvent(AbstractApplicationContext.java:452) ~[spring-context-6.1.21.jar:6.1.21]
	at org.springframework.context.support.AbstractApplicationContext.publishEvent(AbstractApplicationContext.java:458) ~[spring-context-6.1.21.jar:6.1.21]
	at org.springframework.context.support.AbstractApplicationContext.publishEvent(AbstractApplicationContext.java:385) ~[spring-context-6.1.21.jar:6.1.21]
	at org.springframework.context.support.AbstractApplicationContext.doClose(AbstractApplicationContext.java:1139) ~[spring-context-6.1.21.jar:6.1.21]
	at org.springframework.context.support.AbstractApplicationContext.close(AbstractApplicationContext.java:1102) ~[spring-context-6.1.21.jar:6.1.21]
	at org.springframework.cloud.context.named.NamedContextFactory.destroy(NamedContextFactory.java:114) ~[spring-cloud-context-4.1.5.jar:4.1.5]
	at org.springframework.beans.factory.support.DisposableBeanAdapter.destroy(DisposableBeanAdapter.java:211) ~[spring-beans-6.1.21.jar:6.1.21]
	at org.springframework.beans.factory.support.DefaultSingletonBeanRegistry.destroyBean(DefaultSingletonBeanRegistry.java:587) ~[spring-beans-6.1.21.jar:6.1.21]
	at org.springframework.beans.factory.support.DefaultSingletonBeanRegistry.destroySingleton(DefaultSingletonBeanRegistry.java:559) ~[spring-beans-6.1.21.jar:6.1.21]
	at org.springframework.beans.factory.support.DefaultListableBeanFactory.destroySingleton(DefaultListableBeanFactory.java:1207) ~[spring-beans-6.1.21.jar:6.1.21]
	at org.springframework.beans.factory.support.DefaultSingletonBeanRegistry.destroySingletons(DefaultSingletonBeanRegistry.java:520) ~[spring-beans-6.1.21.jar:6.1.21]
	at org.springframework.beans.factory.support.DefaultListableBeanFactory.destroySingletons(DefaultListableBeanFactory.java:1200) ~[spring-beans-6.1.21.jar:6.1.21]
	at org.springframework.context.support.AbstractApplicationContext.destroyBeans(AbstractApplicationContext.java:1195) ~[spring-context-6.1.21.jar:6.1.21]
	at org.springframework.context.support.AbstractApplicationContext.refresh(AbstractApplicationContext.java:638) ~[spring-context-6.1.21.jar:6.1.21]
	at org.springframework.boot.web.servlet.context.ServletWebServerApplicationContext.refresh(ServletWebServerApplicationContext.java:146) ~[spring-boot-3.3.13.jar:3.3.13]
	at org.springframework.boot.SpringApplication.refresh(SpringApplication.java:754) ~[spring-boot-3.3.13.jar:3.3.13]
	at org.springframework.boot.SpringApplication.refreshContext(SpringApplication.java:456) ~[spring-boot-3.3.13.jar:3.3.13]
	at org.springframework.boot.SpringApplication.run(SpringApplication.java:335) ~[spring-boot-3.3.13.jar:3.3.13]
	at org.springframework.boot.SpringApplication.run(SpringApplication.java:1363) ~[spring-boot-3.3.13.jar:3.3.13]
	at org.springframework.boot.SpringApplication.run(SpringApplication.java:1352) ~[spring-boot-3.3.13.jar:3.3.13]
	at com.nguyenthanhbang.Social_media.InteractionServiceApplication.main(InteractionServiceApplication.java:14) ~[classes/:na]
	at java.base/jdk.internal.reflect.NativeMethodAccessorImpl.invoke0(Native Method) ~[na:na]
	at java.base/jdk.internal.reflect.NativeMethodAccessorImpl.invoke(NativeMethodAccessorImpl.java:77) ~[na:na]
	at java.base/jdk.internal.reflect.DelegatingMethodAccessorImpl.invoke(DelegatingMethodAccessorImpl.java:43) ~[na:na]
	at java.base/java.lang.reflect.Method.invoke(Method.java:568) ~[na:na]
	at org.springframework.boot.devtools.restart.RestartLauncher.run(RestartLauncher.java:50) ~[spring-boot-devtools-3.3.13.jar:3.3.13]

2026-08-04T18:13:16.015+07:00  INFO [interaction-service,,] 71264 --- [interaction-service] [restartedMain] j.LocalContainerEntityManagerFactoryBean : Closing JPA EntityManagerFactory for persistence unit 'default'
2026-08-04T18:13:16.015+07:00  INFO [interaction-service,,] 71264 --- [interaction-service] [restartedMain] com.zaxxer.hikari.HikariDataSource       : HikariPool-18 - Shutdown initiated...
2026-08-04T18:13:16.071+07:00  INFO [interaction-service,,] 71264 --- [interaction-service] [restartedMain] com.zaxxer.hikari.HikariDataSource       : HikariPool-18 - Shutdown completed.
2026-08-04T18:13:16.072+07:00  INFO [interaction-service,,] 71264 --- [interaction-service] [restartedMain] o.apache.catalina.core.StandardService   : Stopping service [Tomcat]
2026-08-04T18:13:16.085+07:00  INFO [interaction-service,,] 71264 --- [interaction-service] [restartedMain] .s.b.a.l.ConditionEvaluationReportLogger : 

Error starting ApplicationContext. To display the condition evaluation report re-run your application with 'debug' enabled.
2026-08-04T18:13:16.087+07:00 ERROR [interaction-service,,] 71264 --- [interaction-service] [restartedMain] o.s.boot.SpringApplication               : Application run failed

org.springframework.beans.factory.UnsatisfiedDependencyException: Error creating bean with name 'commentController' defined in file [D:\Projects\Social-media\backend\interaction-service\target\classes\com\nguyenthanhbang\Social_media\controller\user\CommentController.class]: Unsatisfied dependency expressed through constructor parameter 0: Error creating bean with name 'commentServiceImpl' defined in file [D:\Projects\Social-media\backend\interaction-service\target\classes\com\nguyenthanhbang\Social_media\service\impl\CommentServiceImpl.class]: Unsatisfied dependency expressed through constructor parameter 3: Error creating bean with name 'commentPublisher': Resolution of declared constructors on bean Class [com.nguyenthanhbang.Social_media.event.CommentPublisher] from ClassLoader [org.springframework.boot.devtools.restart.classloader.RestartClassLoader@66a09047] failed
	at org.springframework.beans.factory.support.ConstructorResolver.createArgumentArray(ConstructorResolver.java:795) ~[spring-beans-6.1.21.jar:6.1.21]
	at org.springframework.beans.factory.support.ConstructorResolver.autowireConstructor(ConstructorResolver.java:237) ~[spring-beans-6.1.21.jar:6.1.21]
	at org.springframework.beans.factory.support.AbstractAutowireCapableBeanFactory.autowireConstructor(AbstractAutowireCapableBeanFactory.java:1375) ~[spring-beans-6.1.21.jar:6.1.21]
	at org.springframework.beans.factory.support.AbstractAutowireCapableBeanFactory.createBeanInstance(AbstractAutowireCapableBeanFactory.java:1212) ~[spring-beans-6.1.21.jar:6.1.21]
	at org.springframework.beans.factory.support.AbstractAutowireCapableBeanFactory.doCreateBean(AbstractAutowireCapableBeanFactory.java:562) ~[spring-beans-6.1.21.jar:6.1.21]
	at org.springframework.beans.factory.support.AbstractAutowireCapableBeanFactory.createBean(AbstractAutowireCapableBeanFactory.java:522) ~[spring-beans-6.1.21.jar:6.1.21]
	at org.springframework.beans.factory.support.AbstractBeanFactory.lambda$doGetBean$0(AbstractBeanFactory.java:337) ~[spring-beans-6.1.21.jar:6.1.21]
	at org.springframework.beans.factory.support.DefaultSingletonBeanRegistry.getSingleton(DefaultSingletonBeanRegistry.java:234) ~[spring-beans-6.1.21.jar:6.1.21]
	at org.springframework.beans.factory.support.AbstractBeanFactory.doGetBean(AbstractBeanFactory.java:335) ~[spring-beans-6.1.21.jar:6.1.21]
	at org.springframework.beans.factory.support.AbstractBeanFactory.getBean(AbstractBeanFactory.java:200) ~[spring-beans-6.1.21.jar:6.1.21]
	at org.springframework.beans.factory.support.DefaultListableBeanFactory.preInstantiateSingletons(DefaultListableBeanFactory.java:975) ~[spring-beans-6.1.21.jar:6.1.21]
	at org.springframework.context.support.AbstractApplicationContext.finishBeanFactoryInitialization(AbstractApplicationContext.java:971) ~[spring-context-6.1.21.jar:6.1.21]
	at org.springframework.context.support.AbstractApplicationContext.refresh(AbstractApplicationContext.java:625) ~[spring-context-6.1.21.jar:6.1.21]
	at org.springframework.boot.web.servlet.context.ServletWebServerApplicationContext.refresh(ServletWebServerApplicationContext.java:146) ~[spring-boot-3.3.13.jar:3.3.13]
	at org.springframework.boot.SpringApplication.refresh(SpringApplication.java:754) ~[spring-boot-3.3.13.jar:3.3.13]
	at org.springframework.boot.SpringApplication.refreshContext(SpringApplication.java:456) ~[spring-boot-3.3.13.jar:3.3.13]
	at org.springframework.boot.SpringApplication.run(SpringApplication.java:335) ~[spring-boot-3.3.13.jar:3.3.13]
	at org.springframework.boot.SpringApplication.run(SpringApplication.java:1363) ~[spring-boot-3.3.13.jar:3.3.13]
	at org.springframework.boot.SpringApplication.run(SpringApplication.java:1352) ~[spring-boot-3.3.13.jar:3.3.13]
	at com.nguyenthanhbang.Social_media.InteractionServiceApplication.main(InteractionServiceApplication.java:14) ~[classes/:na]
	at java.base/jdk.internal.reflect.NativeMethodAccessorImpl.invoke0(Native Method) ~[na:na]
	at java.base/jdk.internal.reflect.NativeMethodAccessorImpl.invoke(NativeMethodAccessorImpl.java:77) ~[na:na]
	at java.base/jdk.internal.reflect.DelegatingMethodAccessorImpl.invoke(DelegatingMethodAccessorImpl.java:43) ~[na:na]
	at java.base/java.lang.reflect.Method.invoke(Method.java:568) ~[na:na]
	at org.springframework.boot.devtools.restart.RestartLauncher.run(RestartLauncher.java:50) ~[spring-boot-devtools-3.3.13.jar:3.3.13]
Caused by: org.springframework.beans.factory.UnsatisfiedDependencyException: Error creating bean with name 'commentServiceImpl' defined in file [D:\Projects\Social-media\backend\interaction-service\target\classes\com\nguyenthanhbang\Social_media\service\impl\CommentServiceImpl.class]: Unsatisfied dependency expressed through constructor parameter 3: Error creating bean with name 'commentPublisher': Resolution of declared constructors on bean Class [com.nguyenthanhbang.Social_media.event.CommentPublisher] from ClassLoader [org.springframework.boot.devtools.restart.classloader.RestartClassLoader@66a09047] failed
	at org.springframework.beans.factory.support.ConstructorResolver.createArgumentArray(ConstructorResolver.java:795) ~[spring-beans-6.1.21.jar:6.1.21]
	at org.springframework.beans.factory.support.ConstructorResolver.autowireConstructor(ConstructorResolver.java:237) ~[spring-beans-6.1.21.jar:6.1.21]
	at org.springframework.beans.factory.support.AbstractAutowireCapableBeanFactory.autowireConstructor(AbstractAutowireCapableBeanFactory.java:1375) ~[spring-beans-6.1.21.jar:6.1.21]
	at org.springframework.beans.factory.support.AbstractAutowireCapableBeanFactory.createBeanInstance(AbstractAutowireCapableBeanFactory.java:1212) ~[spring-beans-6.1.21.jar:6.1.21]
	at org.springframework.beans.factory.support.AbstractAutowireCapableBeanFactory.doCreateBean(AbstractAutowireCapableBeanFactory.java:562) ~[spring-beans-6.1.21.jar:6.1.21]
	at org.springframework.beans.factory.support.AbstractAutowireCapableBeanFactory.createBean(AbstractAutowireCapableBeanFactory.java:522) ~[spring-beans-6.1.21.jar:6.1.21]
	at org.springframework.beans.factory.support.AbstractBeanFactory.lambda$doGetBean$0(AbstractBeanFactory.java:337) ~[spring-beans-6.1.21.jar:6.1.21]
	at org.springframework.beans.factory.support.DefaultSingletonBeanRegistry.getSingleton(DefaultSingletonBeanRegistry.java:234) ~[spring-beans-6.1.21.jar:6.1.21]
	at org.springframework.beans.factory.support.AbstractBeanFactory.doGetBean(AbstractBeanFactory.java:335) ~[spring-beans-6.1.21.jar:6.1.21]
	at org.springframework.beans.factory.support.AbstractBeanFactory.getBean(AbstractBeanFactory.java:200) ~[spring-beans-6.1.21.jar:6.1.21]
	at org.springframework.beans.factory.config.DependencyDescriptor.resolveCandidate(DependencyDescriptor.java:254) ~[spring-beans-6.1.21.jar:6.1.21]
	at org.springframework.beans.factory.support.DefaultListableBeanFactory.doResolveDependency(DefaultListableBeanFactory.java:1448) ~[spring-beans-6.1.21.jar:6.1.21]
	at org.springframework.beans.factory.support.DefaultListableBeanFactory.resolveDependency(DefaultListableBeanFactory.java:1358) ~[spring-beans-6.1.21.jar:6.1.21]
	at org.springframework.beans.factory.support.ConstructorResolver.resolveAutowiredArgument(ConstructorResolver.java:904) ~[spring-beans-6.1.21.jar:6.1.21]
	at org.springframework.beans.factory.support.ConstructorResolver.createArgumentArray(ConstructorResolver.java:782) ~[spring-beans-6.1.21.jar:6.1.21]
	... 24 common frames omitted
Caused by: org.springframework.beans.factory.BeanCreationException: Error creating bean with name 'commentPublisher': Resolution of declared constructors on bean Class [com.nguyenthanhbang.Social_media.event.CommentPublisher] from ClassLoader [org.springframework.boot.devtools.restart.classloader.RestartClassLoader@66a09047] failed
	at org.springframework.beans.factory.annotation.AutowiredAnnotationBeanPostProcessor.determineCandidateConstructors(AutowiredAnnotationBeanPostProcessor.java:384) ~[spring-beans-6.1.21.jar:6.1.21]
	at org.springframework.beans.factory.support.AbstractAutowireCapableBeanFactory.determineConstructorsFromBeanPostProcessors(AbstractAutowireCapableBeanFactory.java:1314) ~[spring-beans-6.1.21.jar:6.1.21]
	at org.springframework.beans.factory.support.AbstractAutowireCapableBeanFactory.createBeanInstance(AbstractAutowireCapableBeanFactory.java:1209) ~[spring-beans-6.1.21.jar:6.1.21]
	at org.springframework.beans.factory.support.AbstractAutowireCapableBeanFactory.doCreateBean(AbstractAutowireCapableBeanFactory.java:562) ~[spring-beans-6.1.21.jar:6.1.21]
	at org.springframework.beans.factory.support.AbstractAutowireCapableBeanFactory.createBean(AbstractAutowireCapableBeanFactory.java:522) ~[spring-beans-6.1.21.jar:6.1.21]
	at org.springframework.beans.factory.support.AbstractBeanFactory.lambda$doGetBean$0(AbstractBeanFactory.java:337) ~[spring-beans-6.1.21.jar:6.1.21]
	at org.springframework.beans.factory.support.DefaultSingletonBeanRegistry.getSingleton(DefaultSingletonBeanRegistry.java:234) ~[spring-beans-6.1.21.jar:6.1.21]
	at org.springframework.beans.factory.support.AbstractBeanFactory.doGetBean(AbstractBeanFactory.java:335) ~[spring-beans-6.1.21.jar:6.1.21]
	at org.springframework.beans.factory.support.AbstractBeanFactory.getBean(AbstractBeanFactory.java:200) ~[spring-beans-6.1.21.jar:6.1.21]
	at org.springframework.beans.factory.config.DependencyDescriptor.resolveCandidate(DependencyDescriptor.java:254) ~[spring-beans-6.1.21.jar:6.1.21]
	at org.springframework.beans.factory.support.DefaultListableBeanFactory.doResolveDependency(DefaultListableBeanFactory.java:1448) ~[spring-beans-6.1.21.jar:6.1.21]
	at org.springframework.beans.factory.support.DefaultListableBeanFactory.resolveDependency(DefaultListableBeanFactory.java:1358) ~[spring-beans-6.1.21.jar:6.1.21]
	at org.springframework.beans.factory.support.ConstructorResolver.resolveAutowiredArgument(ConstructorResolver.java:904) ~[spring-beans-6.1.21.jar:6.1.21]
	at org.springframework.beans.factory.support.ConstructorResolver.createArgumentArray(ConstructorResolver.java:782) ~[spring-beans-6.1.21.jar:6.1.21]
	... 38 common frames omitted
Caused by: java.lang.NoClassDefFoundError: com/nguyenthanhbang/Social_media/common/outbox/service/OutboxService
	at java.base/java.lang.Class.getDeclaredConstructors0(Native Method) ~[na:na]
	at java.base/java.lang.Class.privateGetDeclaredConstructors(Class.java:3373) ~[na:na]
	at java.base/java.lang.Class.getDeclaredConstructors(Class.java:2555) ~[na:na]
	at org.springframework.beans.factory.annotation.AutowiredAnnotationBeanPostProcessor.determineCandidateConstructors(AutowiredAnnotationBeanPostProcessor.java:379) ~[spring-beans-6.1.21.jar:6.1.21]
	... 51 common frames omitted
Caused by: java.lang.ClassNotFoundException: com.nguyenthanhbang.Social_media.common.outbox.service.OutboxService
	at java.base/jdk.internal.loader.BuiltinClassLoader.loadClass(BuiltinClassLoader.java:641) ~[na:na]
	at java.base/jdk.internal.loader.ClassLoaders$AppClassLoader.loadClass(ClassLoaders.java:188) ~[na:na]
	at java.base/java.lang.ClassLoader.loadClass(ClassLoader.java:520) ~[na:na]
	at java.base/java.lang.Class.forName0(Native Method) ~[na:na]
	at java.base/java.lang.Class.forName(Class.java:467) ~[na:na]
	at org.springframework.boot.devtools.restart.classloader.RestartClassLoader.loadClass(RestartClassLoader.java:121) ~[spring-boot-devtools-3.3.13.jar:3.3.13]
	at java.base/java.lang.ClassLoader.loadClass(ClassLoader.java:520) ~[na:na]
	... 55 common frames omitted

2026-08-04T18:13:49.358+07:00  INFO [interaction-service,,] 71264 --- [interaction-service] [restartedMain] c.n.S.InteractionServiceApplication      : Starting InteractionServiceApplication using Java 17.0.9 with PID 71264 (D:\Projects\Social-media\backend\interaction-service\target\classes started by BANG in D:\Projects\Social-media\backend\interaction-service)
2026-08-04T18:13:49.358+07:00  INFO [interaction-service,,] 71264 --- [interaction-service] [restartedMain] c.n.S.InteractionServiceApplication      : No active profile set, falling back to 1 default profile: "default"
2026-08-04T18:13:49.567+07:00  INFO [interaction-service,,] 71264 --- [interaction-service] [restartedMain] .s.d.r.c.RepositoryConfigurationDelegate : Bootstrapping Spring Data JPA repositories in DEFAULT mode.
2026-08-04T18:13:49.581+07:00  INFO [interaction-service,,] 71264 --- [interaction-service] [restartedMain] .s.d.r.c.RepositoryConfigurationDelegate : Finished Spring Data repository scanning in 13 ms. Found 4 JPA repository interfaces.
2026-08-04T18:13:49.624+07:00  INFO [interaction-service,,] 71264 --- [interaction-service] [restartedMain] o.s.cloud.context.scope.GenericScope     : BeanFactory id=57188c94-2882-3c40-965e-4407b85cadd9
2026-08-04T18:13:49.676+07:00  INFO [interaction-service,,] 71264 --- [interaction-service] [restartedMain] o.s.b.w.embedded.tomcat.TomcatWebServer  : Tomcat initialized with port 8084 (http)
2026-08-04T18:13:49.677+07:00  INFO [interaction-service,,] 71264 --- [interaction-service] [restartedMain] o.apache.catalina.core.StandardService   : Starting service [Tomcat]
2026-08-04T18:13:49.677+07:00  INFO [interaction-service,,] 71264 --- [interaction-service] [restartedMain] o.apache.catalina.core.StandardEngine    : Starting Servlet engine: [Apache Tomcat/10.1.42]
2026-08-04T18:13:49.696+07:00  INFO [interaction-service,,] 71264 --- [interaction-service] [restartedMain] o.a.c.c.C.[Tomcat-7].[localhost].[/]     : Initializing Spring embedded WebApplicationContext
2026-08-04T18:13:49.696+07:00  INFO [interaction-service,,] 71264 --- [interaction-service] [restartedMain] w.s.c.ServletWebServerApplicationContext : Root WebApplicationContext: initialization completed in 336 ms
2026-08-04T18:13:49.748+07:00  INFO [interaction-service,,] 71264 --- [interaction-service] [restartedMain] o.hibernate.jpa.internal.util.LogHelper  : HHH000204: Processing PersistenceUnitInfo [name: default]
2026-08-04T18:13:49.750+07:00  INFO [interaction-service,,] 71264 --- [interaction-service] [restartedMain] o.h.c.internal.RegionFactoryInitiator    : HHH000026: Second-level cache disabled
2026-08-04T18:13:49.755+07:00  INFO [interaction-service,,] 71264 --- [interaction-service] [restartedMain] o.s.o.j.p.SpringPersistenceUnitInfo      : No LoadTimeWeaver setup: ignoring JPA class transformer
2026-08-04T18:13:49.757+07:00  INFO [interaction-service,,] 71264 --- [interaction-service] [restartedMain] com.zaxxer.hikari.HikariDataSource       : HikariPool-19 - Starting...
2026-08-04T18:13:49.802+07:00  INFO [interaction-service,,] 71264 --- [interaction-service] [restartedMain] com.zaxxer.hikari.pool.HikariPool        : HikariPool-19 - Added connection org.postgresql.jdbc.PgConnection@1029a39f
2026-08-04T18:13:49.802+07:00  INFO [interaction-service,,] 71264 --- [interaction-service] [restartedMain] com.zaxxer.hikari.HikariDataSource       : HikariPool-19 - Start completed.
2026-08-04T18:13:49.809+07:00  WARN [interaction-service,,] 71264 --- [interaction-service] [restartedMain] org.hibernate.orm.deprecation            : HHH90000025: PostgreSQLDialect does not need to be specified explicitly using 'hibernate.dialect' (remove the property setting and it will be selected by default)
2026-08-04T18:13:49.845+07:00  INFO [interaction-service,,] 71264 --- [interaction-service] [restartedMain] o.h.e.t.j.p.i.JtaPlatformInitiator       : HHH000489: No JTA platform available (set 'hibernate.transaction.jta.platform' to enable JTA platform integration)
2026-08-04T18:13:49.854+07:00  INFO [interaction-service,,] 71264 --- [interaction-service] [restartedMain] j.LocalContainerEntityManagerFactoryBean : Initialized JPA EntityManagerFactory for persistence unit 'default'
2026-08-04T18:13:49.896+07:00  WARN [interaction-service,,] 71264 --- [interaction-service] [restartedMain] JpaBaseConfiguration$JpaWebConfiguration : spring.jpa.open-in-view is enabled by default. Therefore, database queries may be performed during view rendering. Explicitly configure spring.jpa.open-in-view to disable this warning
2026-08-04T18:13:49.902+07:00  INFO [interaction-service,,] 71264 --- [interaction-service] [restartedMain] o.s.b.d.a.OptionalLiveReloadServer       : LiveReload server is running on port 35729
2026-08-04T18:13:50.063+07:00  INFO [interaction-service,,] 71264 --- [interaction-service] [restartedMain] o.s.c.openfeign.FeignClientFactoryBean   : For 'post-service' URL not provided. Will try picking an instance via load-balancing.
2026-08-04T18:13:50.083+07:00  INFO [interaction-service,,] 71264 --- [interaction-service] [restartedMain] o.s.c.openfeign.FeignClientFactoryBean   : For 'user-service' URL not provided. Will try picking an instance via load-balancing.
2026-08-04T18:13:50.086+07:00  WARN [interaction-service,,] 71264 --- [interaction-service] [restartedMain] ConfigServletWebServerApplicationContext : Exception encountered during context initialization - cancelling refresh attempt: org.springframework.beans.factory.UnsatisfiedDependencyException: Error creating bean with name 'commentController' defined in file [D:\Projects\Social-media\backend\interaction-service\target\classes\com\nguyenthanhbang\Social_media\controller\user\CommentController.class]: Unsatisfied dependency expressed through constructor parameter 0: Error creating bean with name 'commentServiceImpl' defined in file [D:\Projects\Social-media\backend\interaction-service\target\classes\com\nguyenthanhbang\Social_media\service\impl\CommentServiceImpl.class]: Unsatisfied dependency expressed through constructor parameter 3: Error creating bean with name 'commentPublisher': Resolution of declared constructors on bean Class [com.nguyenthanhbang.Social_media.event.CommentPublisher] from ClassLoader [org.springframework.boot.devtools.restart.classloader.RestartClassLoader@38629e94] failed
2026-08-04T18:13:50.087+07:00  WARN [interaction-service,,] 71264 --- [interaction-service] [restartedMain] s.c.a.AnnotationConfigApplicationContext : Exception thrown from ApplicationListener handling ContextClosedEvent

org.springframework.beans.factory.BeanCreationNotAllowedException: Error creating bean with name 'applicationTaskExecutor': Singleton bean creation not allowed while singletons of this factory are in destruction (Do not request a bean from a BeanFactory in a destroy method implementation!)
	at org.springframework.beans.factory.support.DefaultSingletonBeanRegistry.getSingleton(DefaultSingletonBeanRegistry.java:220) ~[spring-beans-6.1.21.jar:6.1.21]
	at org.springframework.beans.factory.support.AbstractBeanFactory.doGetBean(AbstractBeanFactory.java:335) ~[spring-beans-6.1.21.jar:6.1.21]
	at org.springframework.beans.factory.support.AbstractBeanFactory.getBean(AbstractBeanFactory.java:205) ~[spring-beans-6.1.21.jar:6.1.21]
	at org.springframework.context.event.AbstractApplicationEventMulticaster.retrieveApplicationListeners(AbstractApplicationEventMulticaster.java:265) ~[spring-context-6.1.21.jar:6.1.21]
	at org.springframework.context.event.AbstractApplicationEventMulticaster.getApplicationListeners(AbstractApplicationEventMulticaster.java:222) ~[spring-context-6.1.21.jar:6.1.21]
	at org.springframework.context.event.SimpleApplicationEventMulticaster.multicastEvent(SimpleApplicationEventMulticaster.java:145) ~[spring-context-6.1.21.jar:6.1.21]
	at org.springframework.context.support.AbstractApplicationContext.publishEvent(AbstractApplicationContext.java:452) ~[spring-context-6.1.21.jar:6.1.21]
	at org.springframework.context.support.AbstractApplicationContext.publishEvent(AbstractApplicationContext.java:458) ~[spring-context-6.1.21.jar:6.1.21]
	at org.springframework.context.support.AbstractApplicationContext.publishEvent(AbstractApplicationContext.java:385) ~[spring-context-6.1.21.jar:6.1.21]
	at org.springframework.context.support.AbstractApplicationContext.doClose(AbstractApplicationContext.java:1139) ~[spring-context-6.1.21.jar:6.1.21]
	at org.springframework.context.support.AbstractApplicationContext.close(AbstractApplicationContext.java:1102) ~[spring-context-6.1.21.jar:6.1.21]
	at org.springframework.cloud.context.named.NamedContextFactory.destroy(NamedContextFactory.java:114) ~[spring-cloud-context-4.1.5.jar:4.1.5]
	at org.springframework.beans.factory.support.DisposableBeanAdapter.destroy(DisposableBeanAdapter.java:211) ~[spring-beans-6.1.21.jar:6.1.21]
	at org.springframework.beans.factory.support.DefaultSingletonBeanRegistry.destroyBean(DefaultSingletonBeanRegistry.java:587) ~[spring-beans-6.1.21.jar:6.1.21]
	at org.springframework.beans.factory.support.DefaultSingletonBeanRegistry.destroySingleton(DefaultSingletonBeanRegistry.java:559) ~[spring-beans-6.1.21.jar:6.1.21]
	at org.springframework.beans.factory.support.DefaultListableBeanFactory.destroySingleton(DefaultListableBeanFactory.java:1207) ~[spring-beans-6.1.21.jar:6.1.21]
	at org.springframework.beans.factory.support.DefaultSingletonBeanRegistry.destroySingletons(DefaultSingletonBeanRegistry.java:520) ~[spring-beans-6.1.21.jar:6.1.21]
	at org.springframework.beans.factory.support.DefaultListableBeanFactory.destroySingletons(DefaultListableBeanFactory.java:1200) ~[spring-beans-6.1.21.jar:6.1.21]
	at org.springframework.context.support.AbstractApplicationContext.destroyBeans(AbstractApplicationContext.java:1195) ~[spring-context-6.1.21.jar:6.1.21]
	at org.springframework.context.support.AbstractApplicationContext.refresh(AbstractApplicationContext.java:638) ~[spring-context-6.1.21.jar:6.1.21]
	at org.springframework.boot.web.servlet.context.ServletWebServerApplicationContext.refresh(ServletWebServerApplicationContext.java:146) ~[spring-boot-3.3.13.jar:3.3.13]
	at org.springframework.boot.SpringApplication.refresh(SpringApplication.java:754) ~[spring-boot-3.3.13.jar:3.3.13]
	at org.springframework.boot.SpringApplication.refreshContext(SpringApplication.java:456) ~[spring-boot-3.3.13.jar:3.3.13]
	at org.springframework.boot.SpringApplication.run(SpringApplication.java:335) ~[spring-boot-3.3.13.jar:3.3.13]
	at org.springframework.boot.SpringApplication.run(SpringApplication.java:1363) ~[spring-boot-3.3.13.jar:3.3.13]
	at org.springframework.boot.SpringApplication.run(SpringApplication.java:1352) ~[spring-boot-3.3.13.jar:3.3.13]
	at com.nguyenthanhbang.Social_media.InteractionServiceApplication.main(InteractionServiceApplication.java:14) ~[classes/:na]
	at java.base/jdk.internal.reflect.NativeMethodAccessorImpl.invoke0(Native Method) ~[na:na]
	at java.base/jdk.internal.reflect.NativeMethodAccessorImpl.invoke(NativeMethodAccessorImpl.java:77) ~[na:na]
	at java.base/jdk.internal.reflect.DelegatingMethodAccessorImpl.invoke(DelegatingMethodAccessorImpl.java:43) ~[na:na]
	at java.base/java.lang.reflect.Method.invoke(Method.java:568) ~[na:na]
	at org.springframework.boot.devtools.restart.RestartLauncher.run(RestartLauncher.java:50) ~[spring-boot-devtools-3.3.13.jar:3.3.13]

2026-08-04T18:13:50.089+07:00  WARN [interaction-service,,] 71264 --- [interaction-service] [restartedMain] s.c.a.AnnotationConfigApplicationContext : Exception thrown from ApplicationListener handling ContextClosedEvent

org.springframework.beans.factory.BeanCreationNotAllowedException: Error creating bean with name 'applicationTaskExecutor': Singleton bean creation not allowed while singletons of this factory are in destruction (Do not request a bean from a BeanFactory in a destroy method implementation!)
	at org.springframework.beans.factory.support.DefaultSingletonBeanRegistry.getSingleton(DefaultSingletonBeanRegistry.java:220) ~[spring-beans-6.1.21.jar:6.1.21]
	at org.springframework.beans.factory.support.AbstractBeanFactory.doGetBean(AbstractBeanFactory.java:335) ~[spring-beans-6.1.21.jar:6.1.21]
	at org.springframework.beans.factory.support.AbstractBeanFactory.getBean(AbstractBeanFactory.java:205) ~[spring-beans-6.1.21.jar:6.1.21]
	at org.springframework.context.event.AbstractApplicationEventMulticaster.retrieveApplicationListeners(AbstractApplicationEventMulticaster.java:265) ~[spring-context-6.1.21.jar:6.1.21]
	at org.springframework.context.event.AbstractApplicationEventMulticaster.getApplicationListeners(AbstractApplicationEventMulticaster.java:222) ~[spring-context-6.1.21.jar:6.1.21]
	at org.springframework.context.event.SimpleApplicationEventMulticaster.multicastEvent(SimpleApplicationEventMulticaster.java:145) ~[spring-context-6.1.21.jar:6.1.21]
	at org.springframework.context.support.AbstractApplicationContext.publishEvent(AbstractApplicationContext.java:452) ~[spring-context-6.1.21.jar:6.1.21]
	at org.springframework.context.support.AbstractApplicationContext.publishEvent(AbstractApplicationContext.java:458) ~[spring-context-6.1.21.jar:6.1.21]
	at org.springframework.context.support.AbstractApplicationContext.publishEvent(AbstractApplicationContext.java:385) ~[spring-context-6.1.21.jar:6.1.21]
	at org.springframework.context.support.AbstractApplicationContext.doClose(AbstractApplicationContext.java:1139) ~[spring-context-6.1.21.jar:6.1.21]
	at org.springframework.context.support.AbstractApplicationContext.close(AbstractApplicationContext.java:1102) ~[spring-context-6.1.21.jar:6.1.21]
	at org.springframework.cloud.context.named.NamedContextFactory.destroy(NamedContextFactory.java:114) ~[spring-cloud-context-4.1.5.jar:4.1.5]
	at org.springframework.beans.factory.support.DisposableBeanAdapter.destroy(DisposableBeanAdapter.java:211) ~[spring-beans-6.1.21.jar:6.1.21]
	at org.springframework.beans.factory.support.DefaultSingletonBeanRegistry.destroyBean(DefaultSingletonBeanRegistry.java:587) ~[spring-beans-6.1.21.jar:6.1.21]
	at org.springframework.beans.factory.support.DefaultSingletonBeanRegistry.destroySingleton(DefaultSingletonBeanRegistry.java:559) ~[spring-beans-6.1.21.jar:6.1.21]
	at org.springframework.beans.factory.support.DefaultListableBeanFactory.destroySingleton(DefaultListableBeanFactory.java:1207) ~[spring-beans-6.1.21.jar:6.1.21]
	at org.springframework.beans.factory.support.DefaultSingletonBeanRegistry.destroySingletons(DefaultSingletonBeanRegistry.java:520) ~[spring-beans-6.1.21.jar:6.1.21]
	at org.springframework.beans.factory.support.DefaultListableBeanFactory.destroySingletons(DefaultListableBeanFactory.java:1200) ~[spring-beans-6.1.21.jar:6.1.21]
	at org.springframework.context.support.AbstractApplicationContext.destroyBeans(AbstractApplicationContext.java:1195) ~[spring-context-6.1.21.jar:6.1.21]
	at org.springframework.context.support.AbstractApplicationContext.refresh(AbstractApplicationContext.java:638) ~[spring-context-6.1.21.jar:6.1.21]
	at org.springframework.boot.web.servlet.context.ServletWebServerApplicationContext.refresh(ServletWebServerApplicationContext.java:146) ~[spring-boot-3.3.13.jar:3.3.13]
	at org.springframework.boot.SpringApplication.refresh(SpringApplication.java:754) ~[spring-boot-3.3.13.jar:3.3.13]
	at org.springframework.boot.SpringApplication.refreshContext(SpringApplication.java:456) ~[spring-boot-3.3.13.jar:3.3.13]
	at org.springframework.boot.SpringApplication.run(SpringApplication.java:335) ~[spring-boot-3.3.13.jar:3.3.13]
	at org.springframework.boot.SpringApplication.run(SpringApplication.java:1363) ~[spring-boot-3.3.13.jar:3.3.13]
	at org.springframework.boot.SpringApplication.run(SpringApplication.java:1352) ~[spring-boot-3.3.13.jar:3.3.13]
	at com.nguyenthanhbang.Social_media.InteractionServiceApplication.main(InteractionServiceApplication.java:14) ~[classes/:na]
	at java.base/jdk.internal.reflect.NativeMethodAccessorImpl.invoke0(Native Method) ~[na:na]
	at java.base/jdk.internal.reflect.NativeMethodAccessorImpl.invoke(NativeMethodAccessorImpl.java:77) ~[na:na]
	at java.base/jdk.internal.reflect.DelegatingMethodAccessorImpl.invoke(DelegatingMethodAccessorImpl.java:43) ~[na:na]
	at java.base/java.lang.reflect.Method.invoke(Method.java:568) ~[na:na]
	at org.springframework.boot.devtools.restart.RestartLauncher.run(RestartLauncher.java:50) ~[spring-boot-devtools-3.3.13.jar:3.3.13]

2026-08-04T18:13:50.091+07:00  INFO [interaction-service,,] 71264 --- [interaction-service] [restartedMain] j.LocalContainerEntityManagerFactoryBean : Closing JPA EntityManagerFactory for persistence unit 'default'
2026-08-04T18:13:50.092+07:00  INFO [interaction-service,,] 71264 --- [interaction-service] [restartedMain] com.zaxxer.hikari.HikariDataSource       : HikariPool-19 - Shutdown initiated...
2026-08-04T18:13:50.159+07:00  INFO [interaction-service,,] 71264 --- [interaction-service] [restartedMain] com.zaxxer.hikari.HikariDataSource       : HikariPool-19 - Shutdown completed.
2026-08-04T18:13:50.160+07:00  INFO [interaction-service,,] 71264 --- [interaction-service] [restartedMain] o.apache.catalina.core.StandardService   : Stopping service [Tomcat]
2026-08-04T18:13:50.176+07:00  INFO [interaction-service,,] 71264 --- [interaction-service] [restartedMain] .s.b.a.l.ConditionEvaluationReportLogger : 

Error starting ApplicationContext. To display the condition evaluation report re-run your application with 'debug' enabled.
2026-08-04T18:13:50.178+07:00 ERROR [interaction-service,,] 71264 --- [interaction-service] [restartedMain] o.s.boot.SpringApplication               : Application run failed

org.springframework.beans.factory.UnsatisfiedDependencyException: Error creating bean with name 'commentController' defined in file [D:\Projects\Social-media\backend\interaction-service\target\classes\com\nguyenthanhbang\Social_media\controller\user\CommentController.class]: Unsatisfied dependency expressed through constructor parameter 0: Error creating bean with name 'commentServiceImpl' defined in file [D:\Projects\Social-media\backend\interaction-service\target\classes\com\nguyenthanhbang\Social_media\service\impl\CommentServiceImpl.class]: Unsatisfied dependency expressed through constructor parameter 3: Error creating bean with name 'commentPublisher': Resolution of declared constructors on bean Class [com.nguyenthanhbang.Social_media.event.CommentPublisher] from ClassLoader [org.springframework.boot.devtools.restart.classloader.RestartClassLoader@38629e94] failed
	at org.springframework.beans.factory.support.ConstructorResolver.createArgumentArray(ConstructorResolver.java:795) ~[spring-beans-6.1.21.jar:6.1.21]
	at org.springframework.beans.factory.support.ConstructorResolver.autowireConstructor(ConstructorResolver.java:237) ~[spring-beans-6.1.21.jar:6.1.21]
	at org.springframework.beans.factory.support.AbstractAutowireCapableBeanFactory.autowireConstructor(AbstractAutowireCapableBeanFactory.java:1375) ~[spring-beans-6.1.21.jar:6.1.21]
	at org.springframework.beans.factory.support.AbstractAutowireCapableBeanFactory.createBeanInstance(AbstractAutowireCapableBeanFactory.java:1212) ~[spring-beans-6.1.21.jar:6.1.21]
	at org.springframework.beans.factory.support.AbstractAutowireCapableBeanFactory.doCreateBean(AbstractAutowireCapableBeanFactory.java:562) ~[spring-beans-6.1.21.jar:6.1.21]
	at org.springframework.beans.factory.support.AbstractAutowireCapableBeanFactory.createBean(AbstractAutowireCapableBeanFactory.java:522) ~[spring-beans-6.1.21.jar:6.1.21]
	at org.springframework.beans.factory.support.AbstractBeanFactory.lambda$doGetBean$0(AbstractBeanFactory.java:337) ~[spring-beans-6.1.21.jar:6.1.21]
	at org.springframework.beans.factory.support.DefaultSingletonBeanRegistry.getSingleton(DefaultSingletonBeanRegistry.java:234) ~[spring-beans-6.1.21.jar:6.1.21]
	at org.springframework.beans.factory.support.AbstractBeanFactory.doGetBean(AbstractBeanFactory.java:335) ~[spring-beans-6.1.21.jar:6.1.21]
	at org.springframework.beans.factory.support.AbstractBeanFactory.getBean(AbstractBeanFactory.java:200) ~[spring-beans-6.1.21.jar:6.1.21]
	at org.springframework.beans.factory.support.DefaultListableBeanFactory.preInstantiateSingletons(DefaultListableBeanFactory.java:975) ~[spring-beans-6.1.21.jar:6.1.21]
	at org.springframework.context.support.AbstractApplicationContext.finishBeanFactoryInitialization(AbstractApplicationContext.java:971) ~[spring-context-6.1.21.jar:6.1.21]
	at org.springframework.context.support.AbstractApplicationContext.refresh(AbstractApplicationContext.java:625) ~[spring-context-6.1.21.jar:6.1.21]
	at org.springframework.boot.web.servlet.context.ServletWebServerApplicationContext.refresh(ServletWebServerApplicationContext.java:146) ~[spring-boot-3.3.13.jar:3.3.13]
	at org.springframework.boot.SpringApplication.refresh(SpringApplication.java:754) ~[spring-boot-3.3.13.jar:3.3.13]
	at org.springframework.boot.SpringApplication.refreshContext(SpringApplication.java:456) ~[spring-boot-3.3.13.jar:3.3.13]
	at org.springframework.boot.SpringApplication.run(SpringApplication.java:335) ~[spring-boot-3.3.13.jar:3.3.13]
	at org.springframework.boot.SpringApplication.run(SpringApplication.java:1363) ~[spring-boot-3.3.13.jar:3.3.13]
	at org.springframework.boot.SpringApplication.run(SpringApplication.java:1352) ~[spring-boot-3.3.13.jar:3.3.13]
	at com.nguyenthanhbang.Social_media.InteractionServiceApplication.main(InteractionServiceApplication.java:14) ~[classes/:na]
	at java.base/jdk.internal.reflect.NativeMethodAccessorImpl.invoke0(Native Method) ~[na:na]
	at java.base/jdk.internal.reflect.NativeMethodAccessorImpl.invoke(NativeMethodAccessorImpl.java:77) ~[na:na]
	at java.base/jdk.internal.reflect.DelegatingMethodAccessorImpl.invoke(DelegatingMethodAccessorImpl.java:43) ~[na:na]
	at java.base/java.lang.reflect.Method.invoke(Method.java:568) ~[na:na]
	at org.springframework.boot.devtools.restart.RestartLauncher.run(RestartLauncher.java:50) ~[spring-boot-devtools-3.3.13.jar:3.3.13]
Caused by: org.springframework.beans.factory.UnsatisfiedDependencyException: Error creating bean with name 'commentServiceImpl' defined in file [D:\Projects\Social-media\backend\interaction-service\target\classes\com\nguyenthanhbang\Social_media\service\impl\CommentServiceImpl.class]: Unsatisfied dependency expressed through constructor parameter 3: Error creating bean with name 'commentPublisher': Resolution of declared constructors on bean Class [com.nguyenthanhbang.Social_media.event.CommentPublisher] from ClassLoader [org.springframework.boot.devtools.restart.classloader.RestartClassLoader@38629e94] failed
	at org.springframework.beans.factory.support.ConstructorResolver.createArgumentArray(ConstructorResolver.java:795) ~[spring-beans-6.1.21.jar:6.1.21]
	at org.springframework.beans.factory.support.ConstructorResolver.autowireConstructor(ConstructorResolver.java:237) ~[spring-beans-6.1.21.jar:6.1.21]
	at org.springframework.beans.factory.support.AbstractAutowireCapableBeanFactory.autowireConstructor(AbstractAutowireCapableBeanFactory.java:1375) ~[spring-beans-6.1.21.jar:6.1.21]
	at org.springframework.beans.factory.support.AbstractAutowireCapableBeanFactory.createBeanInstance(AbstractAutowireCapableBeanFactory.java:1212) ~[spring-beans-6.1.21.jar:6.1.21]
	at org.springframework.beans.factory.support.AbstractAutowireCapableBeanFactory.doCreateBean(AbstractAutowireCapableBeanFactory.java:562) ~[spring-beans-6.1.21.jar:6.1.21]
	at org.springframework.beans.factory.support.AbstractAutowireCapableBeanFactory.createBean(AbstractAutowireCapableBeanFactory.java:522) ~[spring-beans-6.1.21.jar:6.1.21]
	at org.springframework.beans.factory.support.AbstractBeanFactory.lambda$doGetBean$0(AbstractBeanFactory.java:337) ~[spring-beans-6.1.21.jar:6.1.21]
	at org.springframework.beans.factory.support.DefaultSingletonBeanRegistry.getSingleton(DefaultSingletonBeanRegistry.java:234) ~[spring-beans-6.1.21.jar:6.1.21]
	at org.springframework.beans.factory.support.AbstractBeanFactory.doGetBean(AbstractBeanFactory.java:335) ~[spring-beans-6.1.21.jar:6.1.21]
	at org.springframework.beans.factory.support.AbstractBeanFactory.getBean(AbstractBeanFactory.java:200) ~[spring-beans-6.1.21.jar:6.1.21]
	at org.springframework.beans.factory.config.DependencyDescriptor.resolveCandidate(DependencyDescriptor.java:254) ~[spring-beans-6.1.21.jar:6.1.21]
	at org.springframework.beans.factory.support.DefaultListableBeanFactory.doResolveDependency(DefaultListableBeanFactory.java:1448) ~[spring-beans-6.1.21.jar:6.1.21]
	at org.springframework.beans.factory.support.DefaultListableBeanFactory.resolveDependency(DefaultListableBeanFactory.java:1358) ~[spring-beans-6.1.21.jar:6.1.21]
	at org.springframework.beans.factory.support.ConstructorResolver.resolveAutowiredArgument(ConstructorResolver.java:904) ~[spring-beans-6.1.21.jar:6.1.21]
	at org.springframework.beans.factory.support.ConstructorResolver.createArgumentArray(ConstructorResolver.java:782) ~[spring-beans-6.1.21.jar:6.1.21]
	... 24 common frames omitted
Caused by: org.springframework.beans.factory.BeanCreationException: Error creating bean with name 'commentPublisher': Resolution of declared constructors on bean Class [com.nguyenthanhbang.Social_media.event.CommentPublisher] from ClassLoader [org.springframework.boot.devtools.restart.classloader.RestartClassLoader@38629e94] failed
	at org.springframework.beans.factory.annotation.AutowiredAnnotationBeanPostProcessor.determineCandidateConstructors(AutowiredAnnotationBeanPostProcessor.java:384) ~[spring-beans-6.1.21.jar:6.1.21]
	at org.springframework.beans.factory.support.AbstractAutowireCapableBeanFactory.determineConstructorsFromBeanPostProcessors(AbstractAutowireCapableBeanFactory.java:1314) ~[spring-beans-6.1.21.jar:6.1.21]
	at org.springframework.beans.factory.support.AbstractAutowireCapableBeanFactory.createBeanInstance(AbstractAutowireCapableBeanFactory.java:1209) ~[spring-beans-6.1.21.jar:6.1.21]
	at org.springframework.beans.factory.support.AbstractAutowireCapableBeanFactory.doCreateBean(AbstractAutowireCapableBeanFactory.java:562) ~[spring-beans-6.1.21.jar:6.1.21]
	at org.springframework.beans.factory.support.AbstractAutowireCapableBeanFactory.createBean(AbstractAutowireCapableBeanFactory.java:522) ~[spring-beans-6.1.21.jar:6.1.21]
	at org.springframework.beans.factory.support.AbstractBeanFactory.lambda$doGetBean$0(AbstractBeanFactory.java:337) ~[spring-beans-6.1.21.jar:6.1.21]
	at org.springframework.beans.factory.support.DefaultSingletonBeanRegistry.getSingleton(DefaultSingletonBeanRegistry.java:234) ~[spring-beans-6.1.21.jar:6.1.21]
	at org.springframework.beans.factory.support.AbstractBeanFactory.doGetBean(AbstractBeanFactory.java:335) ~[spring-beans-6.1.21.jar:6.1.21]
	at org.springframework.beans.factory.support.AbstractBeanFactory.getBean(AbstractBeanFactory.java:200) ~[spring-beans-6.1.21.jar:6.1.21]
	at org.springframework.beans.factory.config.DependencyDescriptor.resolveCandidate(DependencyDescriptor.java:254) ~[spring-beans-6.1.21.jar:6.1.21]
	at org.springframework.beans.factory.support.DefaultListableBeanFactory.doResolveDependency(DefaultListableBeanFactory.java:1448) ~[spring-beans-6.1.21.jar:6.1.21]
	at org.springframework.beans.factory.support.DefaultListableBeanFactory.resolveDependency(DefaultListableBeanFactory.java:1358) ~[spring-beans-6.1.21.jar:6.1.21]
	at org.springframework.beans.factory.support.ConstructorResolver.resolveAutowiredArgument(ConstructorResolver.java:904) ~[spring-beans-6.1.21.jar:6.1.21]
	at org.springframework.beans.factory.support.ConstructorResolver.createArgumentArray(ConstructorResolver.java:782) ~[spring-beans-6.1.21.jar:6.1.21]
	... 38 common frames omitted
Caused by: java.lang.NoClassDefFoundError: com/nguyenthanhbang/Social_media/common/outbox/service/OutboxService
	at java.base/java.lang.Class.getDeclaredConstructors0(Native Method) ~[na:na]
	at java.base/java.lang.Class.privateGetDeclaredConstructors(Class.java:3373) ~[na:na]
	at java.base/java.lang.Class.getDeclaredConstructors(Class.java:2555) ~[na:na]
	at org.springframework.beans.factory.annotation.AutowiredAnnotationBeanPostProcessor.determineCandidateConstructors(AutowiredAnnotationBeanPostProcessor.java:379) ~[spring-beans-6.1.21.jar:6.1.21]
	... 51 common frames omitted
Caused by: java.lang.ClassNotFoundException: com.nguyenthanhbang.Social_media.common.outbox.service.OutboxService
	at java.base/jdk.internal.loader.BuiltinClassLoader.loadClass(BuiltinClassLoader.java:641) ~[na:na]
	at java.base/jdk.internal.loader.ClassLoaders$AppClassLoader.loadClass(ClassLoaders.java:188) ~[na:na]
	at java.base/java.lang.ClassLoader.loadClass(ClassLoader.java:520) ~[na:na]
	at java.base/java.lang.Class.forName0(Native Method) ~[na:na]
	at java.base/java.lang.Class.forName(Class.java:467) ~[na:na]
	at org.springframework.boot.devtools.restart.classloader.RestartClassLoader.loadClass(RestartClassLoader.java:121) ~[spring-boot-devtools-3.3.13.jar:3.3.13]
	at java.base/java.lang.ClassLoader.loadClass(ClassLoader.java:520) ~[na:na]
	... 55 common frames omitted

2026-08-04T18:15:11.539+07:00  INFO [interaction-service,,] 71264 --- [interaction-service] [restartedMain] c.n.S.InteractionServiceApplication      : Starting InteractionServiceApplication using Java 17.0.9 with PID 71264 (D:\Projects\Social-media\backend\interaction-service\target\classes started by BANG in D:\Projects\Social-media\backend\interaction-service)
2026-08-04T18:15:11.540+07:00  INFO [interaction-service,,] 71264 --- [interaction-service] [restartedMain] c.n.S.InteractionServiceApplication      : No active profile set, falling back to 1 default profile: "default"
2026-08-04T18:15:12.259+07:00  INFO [interaction-service,,] 71264 --- [interaction-service] [restartedMain] .s.d.r.c.RepositoryConfigurationDelegate : Bootstrapping Spring Data JPA repositories in DEFAULT mode.
2026-08-04T18:15:12.262+07:00  INFO [interaction-service,,] 71264 --- [interaction-service] [restartedMain] .s.d.r.c.RepositoryConfigurationDelegate : Finished Spring Data repository scanning in 2 ms. Found 0 JPA repository interfaces.
2026-08-04T18:15:12.470+07:00  INFO [interaction-service,,] 71264 --- [interaction-service] [restartedMain] o.s.cloud.context.scope.GenericScope     : BeanFactory id=f66565e5-7974-3298-8a1d-ae604650384b
2026-08-04T18:15:12.642+07:00  INFO [interaction-service,,] 71264 --- [interaction-service] [restartedMain] o.s.b.w.embedded.tomcat.TomcatWebServer  : Tomcat initialized with port 8084 (http)
2026-08-04T18:15:12.644+07:00  INFO [interaction-service,,] 71264 --- [interaction-service] [restartedMain] o.apache.catalina.core.StandardService   : Starting service [Tomcat]
2026-08-04T18:15:12.645+07:00  INFO [interaction-service,,] 71264 --- [interaction-service] [restartedMain] o.apache.catalina.core.StandardEngine    : Starting Servlet engine: [Apache Tomcat/10.1.42]
2026-08-04T18:15:12.714+07:00  INFO [interaction-service,,] 71264 --- [interaction-service] [restartedMain] o.a.c.c.C.[Tomcat-8].[localhost].[/]     : Initializing Spring embedded WebApplicationContext
2026-08-04T18:15:12.715+07:00  INFO [interaction-service,,] 71264 --- [interaction-service] [restartedMain] w.s.c.ServletWebServerApplicationContext : Root WebApplicationContext: initialization completed in 1170 ms
2026-08-04T18:15:12.910+07:00  INFO [interaction-service,,] 71264 --- [interaction-service] [restartedMain] o.hibernate.jpa.internal.util.LogHelper  : HHH000204: Processing PersistenceUnitInfo [name: default]
2026-08-04T18:15:12.917+07:00  INFO [interaction-service,,] 71264 --- [interaction-service] [restartedMain] o.h.c.internal.RegionFactoryInitiator    : HHH000026: Second-level cache disabled
2026-08-04T18:15:12.933+07:00  INFO [interaction-service,,] 71264 --- [interaction-service] [restartedMain] o.s.o.j.p.SpringPersistenceUnitInfo      : No LoadTimeWeaver setup: ignoring JPA class transformer
2026-08-04T18:15:12.937+07:00  INFO [interaction-service,,] 71264 --- [interaction-service] [restartedMain] com.zaxxer.hikari.HikariDataSource       : HikariPool-20 - Starting...
2026-08-04T18:15:13.174+07:00  INFO [interaction-service,,] 71264 --- [interaction-service] [restartedMain] com.zaxxer.hikari.pool.HikariPool        : HikariPool-20 - Added connection org.postgresql.jdbc.PgConnection@7fbb6a5f
2026-08-04T18:15:13.175+07:00  INFO [interaction-service,,] 71264 --- [interaction-service] [restartedMain] com.zaxxer.hikari.HikariDataSource       : HikariPool-20 - Start completed.
2026-08-04T18:15:13.208+07:00  WARN [interaction-service,,] 71264 --- [interaction-service] [restartedMain] org.hibernate.orm.deprecation            : HHH90000025: PostgreSQLDialect does not need to be specified explicitly using 'hibernate.dialect' (remove the property setting and it will be selected by default)
2026-08-04T18:15:13.279+07:00  INFO [interaction-service,,] 71264 --- [interaction-service] [restartedMain] o.h.e.t.j.p.i.JtaPlatformInitiator       : HHH000489: No JTA platform available (set 'hibernate.transaction.jta.platform' to enable JTA platform integration)
2026-08-04T18:15:13.280+07:00  INFO [interaction-service,,] 71264 --- [interaction-service] [restartedMain] j.LocalContainerEntityManagerFactoryBean : Initialized JPA EntityManagerFactory for persistence unit 'default'
2026-08-04T18:15:13.409+07:00  WARN [interaction-service,,] 71264 --- [interaction-service] [restartedMain] JpaBaseConfiguration$JpaWebConfiguration : spring.jpa.open-in-view is enabled by default. Therefore, database queries may be performed during view rendering. Explicitly configure spring.jpa.open-in-view to disable this warning
2026-08-04T18:15:16.481+07:00  INFO [interaction-service,,] 71264 --- [interaction-service] [restartedMain] o.s.b.d.a.OptionalLiveReloadServer       : LiveReload server is running on port 35729
2026-08-04T18:15:17.844+07:00  INFO [interaction-service,,] 71264 --- [interaction-service] [restartedMain] DiscoveryClientOptionalArgsConfiguration : Eureka HTTP Client uses RestTemplate.
2026-08-04T18:15:17.888+07:00  WARN [interaction-service,,] 71264 --- [interaction-service] [restartedMain] iguration$LoadBalancerCaffeineWarnLogger : Spring Cloud LoadBalancer is currently working with the default cache. While this cache implementation is useful for development and tests, it's recommended to use Caffeine cache in production.You can switch to using Caffeine cache, by adding it and org.springframework.cache.caffeine.CaffeineCacheManager to the classpath.
2026-08-04T18:15:17.913+07:00  INFO [interaction-service,,] 71264 --- [interaction-service] [restartedMain] o.s.b.a.e.web.EndpointLinksResolver      : Exposing 2 endpoints beneath base path '/actuator'
2026-08-04T18:15:17.968+07:00  INFO [interaction-service,,] 71264 --- [interaction-service] [restartedMain] o.s.c.n.eureka.InstanceInfoFactory       : Setting initial instance status as: STARTING
2026-08-04T18:15:17.973+07:00  INFO [interaction-service,,] 71264 --- [interaction-service] [restartedMain] com.netflix.discovery.DiscoveryClient    : Initializing Eureka in region us-east-1
2026-08-04T18:15:17.974+07:00  INFO [interaction-service,,] 71264 --- [interaction-service] [restartedMain] c.n.d.s.r.aws.ConfigClusterResolver      : Resolving eureka endpoints via configuration
2026-08-04T18:15:17.974+07:00  INFO [interaction-service,,] 71264 --- [interaction-service] [restartedMain] com.netflix.discovery.DiscoveryClient    : Disable delta property : false
2026-08-04T18:15:17.975+07:00  INFO [interaction-service,,] 71264 --- [interaction-service] [restartedMain] com.netflix.discovery.DiscoveryClient    : Single vip registry refresh property : null
2026-08-04T18:15:17.976+07:00  INFO [interaction-service,,] 71264 --- [interaction-service] [restartedMain] com.netflix.discovery.DiscoveryClient    : Force full registry fetch : false
2026-08-04T18:15:17.976+07:00  INFO [interaction-service,,] 71264 --- [interaction-service] [restartedMain] com.netflix.discovery.DiscoveryClient    : Application is null : false
2026-08-04T18:15:17.976+07:00  INFO [interaction-service,,] 71264 --- [interaction-service] [restartedMain] com.netflix.discovery.DiscoveryClient    : Registered Applications size is zero : true
2026-08-04T18:15:17.977+07:00  INFO [interaction-service,,] 71264 --- [interaction-service] [restartedMain] com.netflix.discovery.DiscoveryClient    : Application version is -1: true
2026-08-04T18:15:17.977+07:00  INFO [interaction-service,,] 71264 --- [interaction-service] [restartedMain] com.netflix.discovery.DiscoveryClient    : Getting all instance registry info from the eureka server
2026-08-04T18:15:18.016+07:00  INFO [interaction-service,,] 71264 --- [interaction-service] [restartedMain] com.netflix.discovery.DiscoveryClient    : The response status is 200
2026-08-04T18:15:18.017+07:00  INFO [interaction-service,,] 71264 --- [interaction-service] [restartedMain] com.netflix.discovery.DiscoveryClient    : Starting heartbeat executor: renew interval is: 30
2026-08-04T18:15:18.018+07:00  INFO [interaction-service,,] 71264 --- [interaction-service] [restartedMain] c.n.discovery.InstanceInfoReplicator     : InstanceInfoReplicator onDemand update allowed rate per min is 4
2026-08-04T18:15:18.019+07:00  INFO [interaction-service,,] 71264 --- [interaction-service] [restartedMain] com.netflix.discovery.DiscoveryClient    : Discovery Client initialized at timestamp 1785842118019 with initial instances count: 3
2026-08-04T18:15:18.024+07:00  INFO [interaction-service,,] 71264 --- [interaction-service] [restartedMain] o.s.c.n.e.s.EurekaServiceRegistry        : Registering application INTERACTION-SERVICE with eureka with status UP
2026-08-04T18:15:18.025+07:00  INFO [interaction-service,,] 71264 --- [interaction-service] [restartedMain] com.netflix.discovery.DiscoveryClient    : Saw local status change event StatusChangeEvent [timestamp=1785842118025, current=UP, previous=STARTING]
2026-08-04T18:15:18.026+07:00  INFO [interaction-service,,] 71264 --- [interaction-service] [DiscoveryClient-InstanceInfoReplicator-%d] com.netflix.discovery.DiscoveryClient    : DiscoveryClient_INTERACTION-SERVICE/LAPTOP-4K64MGNI:interaction-service:8084: registering service...
2026-08-04T18:15:18.036+07:00  INFO [interaction-service,,] 71264 --- [interaction-service] [restartedMain] o.s.b.w.embedded.tomcat.TomcatWebServer  : Tomcat started on port 8084 (http) with context path '/'
2026-08-04T18:15:18.037+07:00  INFO [interaction-service,,] 71264 --- [interaction-service] [restartedMain] .s.c.n.e.s.EurekaAutoServiceRegistration : Updating port to 8084
2026-08-04T18:15:18.048+07:00  INFO [interaction-service,,] 71264 --- [interaction-service] [DiscoveryClient-InstanceInfoReplicator-%d] com.netflix.discovery.DiscoveryClient    : DiscoveryClient_INTERACTION-SERVICE/LAPTOP-4K64MGNI:interaction-service:8084 - registration status: 204
2026-08-04T18:15:19.495+07:00  INFO [interaction-service,,] 71264 --- [interaction-service] [restartedMain] c.n.S.InteractionServiceApplication      : Started InteractionServiceApplication in 8.964 seconds (process running for 8973.783)
2026-08-04T18:15:19.501+07:00  INFO [interaction-service,,] 71264 --- [interaction-service] [restartedMain] .ConditionEvaluationDeltaLoggingListener : Condition evaluation delta:


==========================
CONDITION EVALUATION DELTA
==========================


Positive matches:
-----------------

    None


Negative matches:
-----------------

   TaskSchedulingAutoConfiguration#scheduledBeanLazyInitializationExcludeFilter:
      Did not match:
         - @ConditionalOnBean (names: org.springframework.context.annotation.internalScheduledAnnotationProcessor; SearchStrategy: all) did not find any beans named org.springframework.context.annotation.internalScheduledAnnotationProcessor (OnBeanCondition)

   TaskSchedulingConfigurations.TaskSchedulerConfiguration:
      Did not match:
         - @ConditionalOnBean (names: org.springframework.context.annotation.internalScheduledAnnotationProcessor; SearchStrategy: all) did not find any beans named org.springframework.context.annotation.internalScheduledAnnotationProcessor (OnBeanCondition)


Exclusions:
-----------

    None


Unconditional classes:
----------------------

    None



2026-08-04T18:20:18.004+07:00  INFO [interaction-service,,] 71264 --- [interaction-service] [AsyncResolver-bootstrap-executor-%d] c.n.d.s.r.aws.ConfigClusterResolver      : Resolving eureka endpoints via configuration
2026-08-04T18:25:18.026+07:00  INFO [interaction-service,,] 71264 --- [interaction-service] [AsyncResolver-bootstrap-executor-%d] c.n.d.s.r.aws.ConfigClusterResolver      : Resolving eureka endpoints via configuration
