2026-08-04T00:02:09.110+07:00  INFO [api-gateway,,] 9112 --- [api-gateway] [AsyncResolver-bootstrap-executor-%d] [                                                 ] c.n.d.s.r.aws.ConfigClusterResolver      : Resolving eureka endpoints via configuration
2026-08-04T00:07:09.164+07:00  INFO [api-gateway,,] 9112 --- [api-gateway] [AsyncResolver-bootstrap-executor-%d] [                                                 ] c.n.d.s.r.aws.ConfigClusterResolver      : Resolving eureka endpoints via configuration
2026-08-04T00:07:49.865+07:00 ERROR [api-gateway,,] 9112 --- [api-gateway] [reactor-http-nio-9] [                                                 ] c.n.S.g.filter.GlobalExceptionHandler    : Unhandled gateway exception

io.netty.channel.AbstractChannel$AnnotatedConnectException: Connection refused: no further information: /192.168.111.1:8083
	Suppressed: reactor.core.publisher.FluxOnAssembly$OnAssemblyException: 
Error has been observed at the following site(s):
	*__checkpoint ? org.springframework.cloud.gateway.filter.WeightCalculatorWebFilter [DefaultWebFilterChain]
	*__checkpoint ? AuthorizationWebFilter [DefaultWebFilterChain]
	*__checkpoint ? ExceptionTranslationWebFilter [DefaultWebFilterChain]
	*__checkpoint ? LogoutWebFilter [DefaultWebFilterChain]
	*__checkpoint ? ServerRequestCacheWebFilter [DefaultWebFilterChain]
	*__checkpoint ? SecurityContextServerWebExchangeWebFilter [DefaultWebFilterChain]
	*__checkpoint ? AuthenticationWebFilter [DefaultWebFilterChain]
	*__checkpoint ? ReactorContextWebFilter [DefaultWebFilterChain]
	*__checkpoint ? CorsWebFilter [DefaultWebFilterChain]
	*__checkpoint ? HttpHeaderWriterWebFilter [DefaultWebFilterChain]
	*__checkpoint ? ServerWebExchangeReactorContextWebFilter [DefaultWebFilterChain]
	*__checkpoint ? org.springframework.security.web.server.WebFilterChainProxy [DefaultWebFilterChain]
	*__checkpoint ? HTTP GET "/ws/notifications/info?t=1785776867765" [ExceptionHandlingWebHandler]
Original Stack Trace:
Caused by: java.net.ConnectException: Connection refused: no further information
	at java.base/sun.nio.ch.Net.pollConnect(Native Method) ~[na:na]
	at java.base/sun.nio.ch.Net.pollConnectNow(Net.java:672) ~[na:na]
	at java.base/sun.nio.ch.SocketChannelImpl.finishConnect(SocketChannelImpl.java:946) ~[na:na]
	at io.netty.channel.socket.nio.NioSocketChannel.doFinishConnect(NioSocketChannel.java:336) ~[netty-transport-4.1.122.Final.jar:4.1.122.Final]
	at io.netty.channel.nio.AbstractNioChannel$AbstractNioUnsafe.finishConnect(AbstractNioChannel.java:339) ~[netty-transport-4.1.122.Final.jar:4.1.122.Final]
	at io.netty.channel.nio.NioEventLoop.processSelectedKey(NioEventLoop.java:784) ~[netty-transport-4.1.122.Final.jar:4.1.122.Final]
	at io.netty.channel.nio.NioEventLoop.processSelectedKeysOptimized(NioEventLoop.java:732) ~[netty-transport-4.1.122.Final.jar:4.1.122.Final]
	at io.netty.channel.nio.NioEventLoop.processSelectedKeys(NioEventLoop.java:658) ~[netty-transport-4.1.122.Final.jar:4.1.122.Final]
	at io.netty.channel.nio.NioEventLoop.run(NioEventLoop.java:562) ~[netty-transport-4.1.122.Final.jar:4.1.122.Final]
	at io.netty.util.concurrent.SingleThreadEventExecutor$4.run(SingleThreadEventExecutor.java:998) ~[netty-common-4.1.122.Final.jar:4.1.122.Final]
	at io.netty.util.internal.ThreadExecutorMap$2.run(ThreadExecutorMap.java:74) ~[netty-common-4.1.122.Final.jar:4.1.122.Final]
	at io.netty.util.concurrent.FastThreadLocalRunnable.run(FastThreadLocalRunnable.java:30) ~[netty-common-4.1.122.Final.jar:4.1.122.Final]
	at java.base/java.lang.Thread.run(Thread.java:842) ~[na:na]

2026-08-04T00:07:49.945+07:00 ERROR [api-gateway,,] 9112 --- [api-gateway] [reactor-http-nio-11] [                                                 ] c.n.S.g.filter.GlobalExceptionHandler    : Unhandled gateway exception

io.netty.channel.AbstractChannel$AnnotatedConnectException: Connection refused: no further information: /192.168.111.1:8083
	Suppressed: reactor.core.publisher.FluxOnAssembly$OnAssemblyException: 
Error has been observed at the following site(s):
	*__checkpoint ? org.springframework.cloud.gateway.filter.WeightCalculatorWebFilter [DefaultWebFilterChain]
	*__checkpoint ? AuthorizationWebFilter [DefaultWebFilterChain]
	*__checkpoint ? ExceptionTranslationWebFilter [DefaultWebFilterChain]
	*__checkpoint ? LogoutWebFilter [DefaultWebFilterChain]
	*__checkpoint ? ServerRequestCacheWebFilter [DefaultWebFilterChain]
	*__checkpoint ? SecurityContextServerWebExchangeWebFilter [DefaultWebFilterChain]
	*__checkpoint ? AuthenticationWebFilter [DefaultWebFilterChain]
	*__checkpoint ? ReactorContextWebFilter [DefaultWebFilterChain]
	*__checkpoint ? CorsWebFilter [DefaultWebFilterChain]
	*__checkpoint ? HttpHeaderWriterWebFilter [DefaultWebFilterChain]
	*__checkpoint ? ServerWebExchangeReactorContextWebFilter [DefaultWebFilterChain]
	*__checkpoint ? org.springframework.security.web.server.WebFilterChainProxy [DefaultWebFilterChain]
	*__checkpoint ? HTTP GET "/ws/notifications/info?t=1785776867793" [ExceptionHandlingWebHandler]
Original Stack Trace:
Caused by: java.net.ConnectException: Connection refused: no further information
	at java.base/sun.nio.ch.Net.pollConnect(Native Method) ~[na:na]
	at java.base/sun.nio.ch.Net.pollConnectNow(Net.java:672) ~[na:na]
	at java.base/sun.nio.ch.SocketChannelImpl.finishConnect(SocketChannelImpl.java:946) ~[na:na]
	at io.netty.channel.socket.nio.NioSocketChannel.doFinishConnect(NioSocketChannel.java:336) ~[netty-transport-4.1.122.Final.jar:4.1.122.Final]
	at io.netty.channel.nio.AbstractNioChannel$AbstractNioUnsafe.finishConnect(AbstractNioChannel.java:339) ~[netty-transport-4.1.122.Final.jar:4.1.122.Final]
	at io.netty.channel.nio.NioEventLoop.processSelectedKey(NioEventLoop.java:784) ~[netty-transport-4.1.122.Final.jar:4.1.122.Final]
	at io.netty.channel.nio.NioEventLoop.processSelectedKeysOptimized(NioEventLoop.java:732) ~[netty-transport-4.1.122.Final.jar:4.1.122.Final]
	at io.netty.channel.nio.NioEventLoop.processSelectedKeys(NioEventLoop.java:658) ~[netty-transport-4.1.122.Final.jar:4.1.122.Final]
	at io.netty.channel.nio.NioEventLoop.run(NioEventLoop.java:562) ~[netty-transport-4.1.122.Final.jar:4.1.122.Final]
	at io.netty.util.concurrent.SingleThreadEventExecutor$4.run(SingleThreadEventExecutor.java:998) ~[netty-common-4.1.122.Final.jar:4.1.122.Final]
	at io.netty.util.internal.ThreadExecutorMap$2.run(ThreadExecutorMap.java:74) ~[netty-common-4.1.122.Final.jar:4.1.122.Final]
	at io.netty.util.concurrent.FastThreadLocalRunnable.run(FastThreadLocalRunnable.java:30) ~[netty-common-4.1.122.Final.jar:4.1.122.Final]
	at java.base/java.lang.Thread.run(Thread.java:842) ~[na:na]

2026-08-04T09:54:12.728+07:00  INFO [api-gateway,,] 8092 --- [api-gateway] [main] [                                                 ] c.n.S.gateway.ApiGatewayApplication      : Starting ApiGatewayApplication using Java 17.0.9 with PID 8092 (D:\Projects\Social-media\backend\api-gateway\target\classes started by BANG in D:\Projects\Social-media\backend\api-gateway)
2026-08-04T09:54:12.738+07:00  INFO [api-gateway,,] 8092 --- [api-gateway] [main] [                                                 ] c.n.S.gateway.ApiGatewayApplication      : No active profile set, falling back to 1 default profile: "default"
2026-08-04T09:54:15.512+07:00  INFO [api-gateway,,] 8092 --- [api-gateway] [main] [                                                 ] o.s.cloud.context.scope.GenericScope     : BeanFactory id=aa8f4df3-d22e-3d72-97c5-6c4622d29095
2026-08-04T09:54:17.555+07:00  INFO [api-gateway,,] 8092 --- [api-gateway] [main] [                                                 ] o.s.c.g.r.RouteDefinitionRouteLocator    : Loaded RoutePredicateFactory [After]
2026-08-04T09:54:17.555+07:00  INFO [api-gateway,,] 8092 --- [api-gateway] [main] [                                                 ] o.s.c.g.r.RouteDefinitionRouteLocator    : Loaded RoutePredicateFactory [Before]
2026-08-04T09:54:17.555+07:00  INFO [api-gateway,,] 8092 --- [api-gateway] [main] [                                                 ] o.s.c.g.r.RouteDefinitionRouteLocator    : Loaded RoutePredicateFactory [Between]
2026-08-04T09:54:17.555+07:00  INFO [api-gateway,,] 8092 --- [api-gateway] [main] [                                                 ] o.s.c.g.r.RouteDefinitionRouteLocator    : Loaded RoutePredicateFactory [Cookie]
2026-08-04T09:54:17.555+07:00  INFO [api-gateway,,] 8092 --- [api-gateway] [main] [                                                 ] o.s.c.g.r.RouteDefinitionRouteLocator    : Loaded RoutePredicateFactory [Header]
2026-08-04T09:54:17.555+07:00  INFO [api-gateway,,] 8092 --- [api-gateway] [main] [                                                 ] o.s.c.g.r.RouteDefinitionRouteLocator    : Loaded RoutePredicateFactory [Host]
2026-08-04T09:54:17.555+07:00  INFO [api-gateway,,] 8092 --- [api-gateway] [main] [                                                 ] o.s.c.g.r.RouteDefinitionRouteLocator    : Loaded RoutePredicateFactory [Method]
2026-08-04T09:54:17.555+07:00  INFO [api-gateway,,] 8092 --- [api-gateway] [main] [                                                 ] o.s.c.g.r.RouteDefinitionRouteLocator    : Loaded RoutePredicateFactory [Path]
2026-08-04T09:54:17.555+07:00  INFO [api-gateway,,] 8092 --- [api-gateway] [main] [                                                 ] o.s.c.g.r.RouteDefinitionRouteLocator    : Loaded RoutePredicateFactory [Query]
2026-08-04T09:54:17.555+07:00  INFO [api-gateway,,] 8092 --- [api-gateway] [main] [                                                 ] o.s.c.g.r.RouteDefinitionRouteLocator    : Loaded RoutePredicateFactory [ReadBody]
2026-08-04T09:54:17.555+07:00  INFO [api-gateway,,] 8092 --- [api-gateway] [main] [                                                 ] o.s.c.g.r.RouteDefinitionRouteLocator    : Loaded RoutePredicateFactory [RemoteAddr]
2026-08-04T09:54:17.555+07:00  INFO [api-gateway,,] 8092 --- [api-gateway] [main] [                                                 ] o.s.c.g.r.RouteDefinitionRouteLocator    : Loaded RoutePredicateFactory [XForwardedRemoteAddr]
2026-08-04T09:54:17.555+07:00  INFO [api-gateway,,] 8092 --- [api-gateway] [main] [                                                 ] o.s.c.g.r.RouteDefinitionRouteLocator    : Loaded RoutePredicateFactory [Weight]
2026-08-04T09:54:17.555+07:00  INFO [api-gateway,,] 8092 --- [api-gateway] [main] [                                                 ] o.s.c.g.r.RouteDefinitionRouteLocator    : Loaded RoutePredicateFactory [CloudFoundryRouteService]
2026-08-04T09:54:18.131+07:00  INFO [api-gateway,,] 8092 --- [api-gateway] [main] [                                                 ] o.s.b.a.e.web.EndpointLinksResolver      : Exposing 4 endpoints beneath base path '/actuator'
2026-08-04T09:54:18.395+07:00  INFO [api-gateway,,] 8092 --- [api-gateway] [main] [                                                 ] DiscoveryClientOptionalArgsConfiguration : Eureka HTTP Client uses RestTemplate.
2026-08-04T09:54:18.422+07:00  WARN [api-gateway,,] 8092 --- [api-gateway] [main] [                                                 ] iguration$LoadBalancerCaffeineWarnLogger : Spring Cloud LoadBalancer is currently working with the default cache. While this cache implementation is useful for development and tests, it's recommended to use Caffeine cache in production.You can switch to using Caffeine cache, by adding it and org.springframework.cache.caffeine.CaffeineCacheManager to the classpath.
2026-08-04T09:54:18.485+07:00  INFO [api-gateway,,] 8092 --- [api-gateway] [main] [                                                 ] o.s.c.n.eureka.InstanceInfoFactory       : Setting initial instance status as: STARTING
2026-08-04T09:54:18.505+07:00  INFO [api-gateway,,] 8092 --- [api-gateway] [main] [                                                 ] com.netflix.discovery.DiscoveryClient    : Initializing Eureka in region us-east-1
2026-08-04T09:54:18.514+07:00  INFO [api-gateway,,] 8092 --- [api-gateway] [main] [                                                 ] c.n.d.s.r.aws.ConfigClusterResolver      : Resolving eureka endpoints via configuration
2026-08-04T09:54:18.522+07:00  INFO [api-gateway,,] 8092 --- [api-gateway] [main] [                                                 ] com.netflix.discovery.DiscoveryClient    : Disable delta property : false
2026-08-04T09:54:18.522+07:00  INFO [api-gateway,,] 8092 --- [api-gateway] [main] [                                                 ] com.netflix.discovery.DiscoveryClient    : Single vip registry refresh property : null
2026-08-04T09:54:18.522+07:00  INFO [api-gateway,,] 8092 --- [api-gateway] [main] [                                                 ] com.netflix.discovery.DiscoveryClient    : Force full registry fetch : false
2026-08-04T09:54:18.522+07:00  INFO [api-gateway,,] 8092 --- [api-gateway] [main] [                                                 ] com.netflix.discovery.DiscoveryClient    : Application is null : false
2026-08-04T09:54:18.526+07:00  INFO [api-gateway,,] 8092 --- [api-gateway] [main] [                                                 ] com.netflix.discovery.DiscoveryClient    : Registered Applications size is zero : true
2026-08-04T09:54:18.526+07:00  INFO [api-gateway,,] 8092 --- [api-gateway] [main] [                                                 ] com.netflix.discovery.DiscoveryClient    : Application version is -1: true
2026-08-04T09:54:18.526+07:00  INFO [api-gateway,,] 8092 --- [api-gateway] [main] [                                                 ] com.netflix.discovery.DiscoveryClient    : Getting all instance registry info from the eureka server
2026-08-04T09:54:19.210+07:00  INFO [api-gateway,,] 8092 --- [api-gateway] [main] [                                                 ] com.netflix.discovery.DiscoveryClient    : The response status is 200
2026-08-04T09:54:19.210+07:00  INFO [api-gateway,,] 8092 --- [api-gateway] [main] [                                                 ] com.netflix.discovery.DiscoveryClient    : Starting heartbeat executor: renew interval is: 30
2026-08-04T09:54:19.210+07:00  INFO [api-gateway,,] 8092 --- [api-gateway] [main] [                                                 ] c.n.discovery.InstanceInfoReplicator     : InstanceInfoReplicator onDemand update allowed rate per min is 4
2026-08-04T09:54:19.227+07:00  INFO [api-gateway,,] 8092 --- [api-gateway] [main] [                                                 ] com.netflix.discovery.DiscoveryClient    : Discovery Client initialized at timestamp 1785812059226 with initial instances count: 0
2026-08-04T09:54:19.228+07:00  INFO [api-gateway,,] 8092 --- [api-gateway] [main] [                                                 ] o.s.c.n.e.s.EurekaServiceRegistry        : Registering application API-GATEWAY with eureka with status UP
2026-08-04T09:54:19.233+07:00  INFO [api-gateway,,] 8092 --- [api-gateway] [main] [                                                 ] com.netflix.discovery.DiscoveryClient    : Saw local status change event StatusChangeEvent [timestamp=1785812059233, current=UP, previous=STARTING]
2026-08-04T09:54:19.235+07:00  INFO [api-gateway,,] 8092 --- [api-gateway] [DiscoveryClient-InstanceInfoReplicator-%d] [                                                 ] com.netflix.discovery.DiscoveryClient    : DiscoveryClient_API-GATEWAY/192.168.111.1:api-gateway:8080: registering service...
2026-08-04T09:54:19.412+07:00  INFO [api-gateway,,] 8092 --- [api-gateway] [DiscoveryClient-InstanceInfoReplicator-%d] [                                                 ] com.netflix.discovery.DiscoveryClient    : DiscoveryClient_API-GATEWAY/192.168.111.1:api-gateway:8080 - registration status: 204
2026-08-04T09:54:19.549+07:00  INFO [api-gateway,,] 8092 --- [api-gateway] [main] [                                                 ] o.s.b.web.embedded.netty.NettyWebServer  : Netty started on port 8080 (http)
2026-08-04T09:54:19.549+07:00  INFO [api-gateway,,] 8092 --- [api-gateway] [main] [                                                 ] .s.c.n.e.s.EurekaAutoServiceRegistration : Updating port to 8080
2026-08-04T09:54:19.967+07:00  WARN [api-gateway,,] 8092 --- [api-gateway] [parallel-1] [                                                 ] o.s.c.l.core.RoundRobinLoadBalancer      : No servers available for service: notification-service
2026-08-04T09:54:20.064+07:00  INFO [api-gateway,,] 8092 --- [api-gateway] [main] [                                                 ] c.n.S.gateway.ApiGatewayApplication      : Started ApiGatewayApplication in 8.4 seconds (process running for 8.939)
2026-08-04T09:54:21.722+07:00 ERROR [api-gateway,,] 8092 --- [api-gateway] [OkHttp http://localhost:4319/...] [                                                 ] i.o.exporter.internal.http.HttpExporter  : Failed to export spans. The request could not be executed. Full error message: Failed to connect to localhost/[0:0:0:0:0:0:0:1]:4319

java.net.ConnectException: Failed to connect to localhost/[0:0:0:0:0:0:0:1]:4319
	at okhttp3.internal.connection.RealConnection.connectSocket(RealConnection.kt:297) ~[okhttp-4.12.0.jar:na]
	at okhttp3.internal.connection.RealConnection.connect(RealConnection.kt:207) ~[okhttp-4.12.0.jar:na]
	at okhttp3.internal.connection.ExchangeFinder.findConnection(ExchangeFinder.kt:226) ~[okhttp-4.12.0.jar:na]
	at okhttp3.internal.connection.ExchangeFinder.findHealthyConnection(ExchangeFinder.kt:106) ~[okhttp-4.12.0.jar:na]
	at okhttp3.internal.connection.ExchangeFinder.find(ExchangeFinder.kt:74) ~[okhttp-4.12.0.jar:na]
	at okhttp3.internal.connection.RealCall.initExchange$okhttp(RealCall.kt:255) ~[okhttp-4.12.0.jar:na]
	at okhttp3.internal.connection.ConnectInterceptor.intercept(ConnectInterceptor.kt:32) ~[okhttp-4.12.0.jar:na]
	at okhttp3.internal.http.RealInterceptorChain.proceed(RealInterceptorChain.kt:109) ~[okhttp-4.12.0.jar:na]
	at okhttp3.internal.cache.CacheInterceptor.intercept(CacheInterceptor.kt:95) ~[okhttp-4.12.0.jar:na]
	at okhttp3.internal.http.RealInterceptorChain.proceed(RealInterceptorChain.kt:109) ~[okhttp-4.12.0.jar:na]
	at okhttp3.internal.http.BridgeInterceptor.intercept(BridgeInterceptor.kt:83) ~[okhttp-4.12.0.jar:na]
	at okhttp3.internal.http.RealInterceptorChain.proceed(RealInterceptorChain.kt:109) ~[okhttp-4.12.0.jar:na]
	at okhttp3.internal.http.RetryAndFollowUpInterceptor.intercept(RetryAndFollowUpInterceptor.kt:76) ~[okhttp-4.12.0.jar:na]
	at okhttp3.internal.http.RealInterceptorChain.proceed(RealInterceptorChain.kt:109) ~[okhttp-4.12.0.jar:na]
	at okhttp3.internal.connection.RealCall.getResponseWithInterceptorChain$okhttp(RealCall.kt:201) ~[okhttp-4.12.0.jar:na]
	at okhttp3.internal.connection.RealCall$AsyncCall.run(RealCall.kt:517) ~[okhttp-4.12.0.jar:na]
	at java.base/java.util.concurrent.ThreadPoolExecutor.runWorker(ThreadPoolExecutor.java:1136) ~[na:na]
	at java.base/java.util.concurrent.ThreadPoolExecutor$Worker.run(ThreadPoolExecutor.java:635) ~[na:na]
	at java.base/java.lang.Thread.run(Thread.java:842) ~[na:na]
	Suppressed: java.net.ConnectException: Failed to connect to localhost/127.0.0.1:4319
		... 19 common frames omitted
	Caused by: java.net.ConnectException: Connection refused: no further information
		at java.base/sun.nio.ch.Net.pollConnect(Native Method)
		at java.base/sun.nio.ch.Net.pollConnectNow(Net.java:672)
		at java.base/sun.nio.ch.NioSocketImpl.timedFinishConnect(NioSocketImpl.java:547)
		at java.base/sun.nio.ch.NioSocketImpl.connect(NioSocketImpl.java:602)
		at java.base/java.net.SocksSocketImpl.connect(SocksSocketImpl.java:327)
		at java.base/java.net.Socket.connect(Socket.java:633)
		at okhttp3.internal.platform.Platform.connectSocket(Platform.kt:128)
		at okhttp3.internal.connection.RealConnection.connectSocket(RealConnection.kt:295)
		... 18 common frames omitted
Caused by: java.net.ConnectException: Connection refused: no further information
	at java.base/sun.nio.ch.Net.pollConnect(Native Method) ~[na:na]
	at java.base/sun.nio.ch.Net.pollConnectNow(Net.java:672) ~[na:na]
	at java.base/sun.nio.ch.NioSocketImpl.timedFinishConnect(NioSocketImpl.java:547) ~[na:na]
	at java.base/sun.nio.ch.NioSocketImpl.connect(NioSocketImpl.java:602) ~[na:na]
	at java.base/java.net.SocksSocketImpl.connect(SocksSocketImpl.java:327) ~[na:na]
	at java.base/java.net.Socket.connect(Socket.java:633) ~[na:na]
	at okhttp3.internal.platform.Platform.connectSocket(Platform.kt:128) ~[okhttp-4.12.0.jar:na]
	at okhttp3.internal.connection.RealConnection.connectSocket(RealConnection.kt:295) ~[okhttp-4.12.0.jar:na]
	... 18 common frames omitted

2026-08-04T09:54:25.350+07:00  WARN [api-gateway,,] 8092 --- [api-gateway] [parallel-3] [                                                 ] o.s.c.l.core.RoundRobinLoadBalancer      : No servers available for service: notification-service
2026-08-04T09:54:26.751+07:00 ERROR [api-gateway,,] 8092 --- [api-gateway] [OkHttp http://localhost:4319/...] [                                                 ] i.o.exporter.internal.http.HttpExporter  : Failed to export spans. The request could not be executed. Full error message: Failed to connect to localhost/[0:0:0:0:0:0:0:1]:4319

java.net.ConnectException: Failed to connect to localhost/[0:0:0:0:0:0:0:1]:4319
	at okhttp3.internal.connection.RealConnection.connectSocket(RealConnection.kt:297) ~[okhttp-4.12.0.jar:na]
	at okhttp3.internal.connection.RealConnection.connect(RealConnection.kt:207) ~[okhttp-4.12.0.jar:na]
	at okhttp3.internal.connection.ExchangeFinder.findConnection(ExchangeFinder.kt:226) ~[okhttp-4.12.0.jar:na]
	at okhttp3.internal.connection.ExchangeFinder.findHealthyConnection(ExchangeFinder.kt:106) ~[okhttp-4.12.0.jar:na]
	at okhttp3.internal.connection.ExchangeFinder.find(ExchangeFinder.kt:74) ~[okhttp-4.12.0.jar:na]
	at okhttp3.internal.connection.RealCall.initExchange$okhttp(RealCall.kt:255) ~[okhttp-4.12.0.jar:na]
	at okhttp3.internal.connection.ConnectInterceptor.intercept(ConnectInterceptor.kt:32) ~[okhttp-4.12.0.jar:na]
	at okhttp3.internal.http.RealInterceptorChain.proceed(RealInterceptorChain.kt:109) ~[okhttp-4.12.0.jar:na]
	at okhttp3.internal.cache.CacheInterceptor.intercept(CacheInterceptor.kt:95) ~[okhttp-4.12.0.jar:na]
	at okhttp3.internal.http.RealInterceptorChain.proceed(RealInterceptorChain.kt:109) ~[okhttp-4.12.0.jar:na]
	at okhttp3.internal.http.BridgeInterceptor.intercept(BridgeInterceptor.kt:83) ~[okhttp-4.12.0.jar:na]
	at okhttp3.internal.http.RealInterceptorChain.proceed(RealInterceptorChain.kt:109) ~[okhttp-4.12.0.jar:na]
	at okhttp3.internal.http.RetryAndFollowUpInterceptor.intercept(RetryAndFollowUpInterceptor.kt:76) ~[okhttp-4.12.0.jar:na]
	at okhttp3.internal.http.RealInterceptorChain.proceed(RealInterceptorChain.kt:109) ~[okhttp-4.12.0.jar:na]
	at okhttp3.internal.connection.RealCall.getResponseWithInterceptorChain$okhttp(RealCall.kt:201) ~[okhttp-4.12.0.jar:na]
	at okhttp3.internal.connection.RealCall$AsyncCall.run(RealCall.kt:517) ~[okhttp-4.12.0.jar:na]
	at java.base/java.util.concurrent.ThreadPoolExecutor.runWorker(ThreadPoolExecutor.java:1136) ~[na:na]
	at java.base/java.util.concurrent.ThreadPoolExecutor$Worker.run(ThreadPoolExecutor.java:635) ~[na:na]
	at java.base/java.lang.Thread.run(Thread.java:842) ~[na:na]
	Suppressed: java.net.ConnectException: Failed to connect to localhost/127.0.0.1:4319
		... 19 common frames omitted
	Caused by: java.net.ConnectException: Connection refused: no further information
		at java.base/sun.nio.ch.Net.pollConnect(Native Method)
		at java.base/sun.nio.ch.Net.pollConnectNow(Net.java:672)
		at java.base/sun.nio.ch.NioSocketImpl.timedFinishConnect(NioSocketImpl.java:547)
		at java.base/sun.nio.ch.NioSocketImpl.connect(NioSocketImpl.java:602)
		at java.base/java.net.SocksSocketImpl.connect(SocksSocketImpl.java:327)
		at java.base/java.net.Socket.connect(Socket.java:633)
		at okhttp3.internal.platform.Platform.connectSocket(Platform.kt:128)
		at okhttp3.internal.connection.RealConnection.connectSocket(RealConnection.kt:295)
		... 18 common frames omitted
Caused by: java.net.ConnectException: Connection refused: no further information
	at java.base/sun.nio.ch.Net.pollConnect(Native Method) ~[na:na]
	at java.base/sun.nio.ch.Net.pollConnectNow(Net.java:672) ~[na:na]
	at java.base/sun.nio.ch.NioSocketImpl.timedFinishConnect(NioSocketImpl.java:547) ~[na:na]
	at java.base/sun.nio.ch.NioSocketImpl.connect(NioSocketImpl.java:602) ~[na:na]
	at java.base/java.net.SocksSocketImpl.connect(SocksSocketImpl.java:327) ~[na:na]
	at java.base/java.net.Socket.connect(Socket.java:633) ~[na:na]
	at okhttp3.internal.platform.Platform.connectSocket(Platform.kt:128) ~[okhttp-4.12.0.jar:na]
	at okhttp3.internal.connection.RealConnection.connectSocket(RealConnection.kt:295) ~[okhttp-4.12.0.jar:na]
	... 18 common frames omitted

2026-08-04T09:54:31.346+07:00  WARN [api-gateway,,] 8092 --- [api-gateway] [parallel-5] [                                                 ] o.s.c.l.core.RoundRobinLoadBalancer      : No servers available for service: notification-service
2026-08-04T09:54:31.788+07:00 ERROR [api-gateway,,] 8092 --- [api-gateway] [OkHttp http://localhost:4319/...] [                                                 ] i.o.exporter.internal.http.HttpExporter  : Failed to export spans. The request could not be executed. Full error message: Failed to connect to localhost/[0:0:0:0:0:0:0:1]:4319

java.net.ConnectException: Failed to connect to localhost/[0:0:0:0:0:0:0:1]:4319
	at okhttp3.internal.connection.RealConnection.connectSocket(RealConnection.kt:297) ~[okhttp-4.12.0.jar:na]
	at okhttp3.internal.connection.RealConnection.connect(RealConnection.kt:207) ~[okhttp-4.12.0.jar:na]
	at okhttp3.internal.connection.ExchangeFinder.findConnection(ExchangeFinder.kt:226) ~[okhttp-4.12.0.jar:na]
	at okhttp3.internal.connection.ExchangeFinder.findHealthyConnection(ExchangeFinder.kt:106) ~[okhttp-4.12.0.jar:na]
	at okhttp3.internal.connection.ExchangeFinder.find(ExchangeFinder.kt:74) ~[okhttp-4.12.0.jar:na]
	at okhttp3.internal.connection.RealCall.initExchange$okhttp(RealCall.kt:255) ~[okhttp-4.12.0.jar:na]
	at okhttp3.internal.connection.ConnectInterceptor.intercept(ConnectInterceptor.kt:32) ~[okhttp-4.12.0.jar:na]
	at okhttp3.internal.http.RealInterceptorChain.proceed(RealInterceptorChain.kt:109) ~[okhttp-4.12.0.jar:na]
	at okhttp3.internal.cache.CacheInterceptor.intercept(CacheInterceptor.kt:95) ~[okhttp-4.12.0.jar:na]
	at okhttp3.internal.http.RealInterceptorChain.proceed(RealInterceptorChain.kt:109) ~[okhttp-4.12.0.jar:na]
	at okhttp3.internal.http.BridgeInterceptor.intercept(BridgeInterceptor.kt:83) ~[okhttp-4.12.0.jar:na]
	at okhttp3.internal.http.RealInterceptorChain.proceed(RealInterceptorChain.kt:109) ~[okhttp-4.12.0.jar:na]
	at okhttp3.internal.http.RetryAndFollowUpInterceptor.intercept(RetryAndFollowUpInterceptor.kt:76) ~[okhttp-4.12.0.jar:na]
	at okhttp3.internal.http.RealInterceptorChain.proceed(RealInterceptorChain.kt:109) ~[okhttp-4.12.0.jar:na]
	at okhttp3.internal.connection.RealCall.getResponseWithInterceptorChain$okhttp(RealCall.kt:201) ~[okhttp-4.12.0.jar:na]
	at okhttp3.internal.connection.RealCall$AsyncCall.run(RealCall.kt:517) ~[okhttp-4.12.0.jar:na]
	at java.base/java.util.concurrent.ThreadPoolExecutor.runWorker(ThreadPoolExecutor.java:1136) ~[na:na]
	at java.base/java.util.concurrent.ThreadPoolExecutor$Worker.run(ThreadPoolExecutor.java:635) ~[na:na]
	at java.base/java.lang.Thread.run(Thread.java:842) ~[na:na]
	Suppressed: java.net.ConnectException: Failed to connect to localhost/127.0.0.1:4319
		... 19 common frames omitted
	Caused by: java.net.ConnectException: Connection refused: no further information
		at java.base/sun.nio.ch.Net.pollConnect(Native Method)
		at java.base/sun.nio.ch.Net.pollConnectNow(Net.java:672)
		at java.base/sun.nio.ch.NioSocketImpl.timedFinishConnect(NioSocketImpl.java:547)
		at java.base/sun.nio.ch.NioSocketImpl.connect(NioSocketImpl.java:602)
		at java.base/java.net.SocksSocketImpl.connect(SocksSocketImpl.java:327)
		at java.base/java.net.Socket.connect(Socket.java:633)
		at okhttp3.internal.platform.Platform.connectSocket(Platform.kt:128)
		at okhttp3.internal.connection.RealConnection.connectSocket(RealConnection.kt:295)
		... 18 common frames omitted
Caused by: java.net.ConnectException: Connection refused: no further information
	at java.base/sun.nio.ch.Net.pollConnect(Native Method) ~[na:na]
	at java.base/sun.nio.ch.Net.pollConnectNow(Net.java:672) ~[na:na]
	at java.base/sun.nio.ch.NioSocketImpl.timedFinishConnect(NioSocketImpl.java:547) ~[na:na]
	at java.base/sun.nio.ch.NioSocketImpl.connect(NioSocketImpl.java:602) ~[na:na]
	at java.base/java.net.SocksSocketImpl.connect(SocksSocketImpl.java:327) ~[na:na]
	at java.base/java.net.Socket.connect(Socket.java:633) ~[na:na]
	at okhttp3.internal.platform.Platform.connectSocket(Platform.kt:128) ~[okhttp-4.12.0.jar:na]
	at okhttp3.internal.connection.RealConnection.connectSocket(RealConnection.kt:295) ~[okhttp-4.12.0.jar:na]
	... 18 common frames omitted

2026-08-04T09:54:37.339+07:00  WARN [api-gateway,,] 8092 --- [api-gateway] [parallel-7] [                                                 ] o.s.c.l.core.RoundRobinLoadBalancer      : No servers available for service: notification-service
2026-08-04T09:54:41.838+07:00 ERROR [api-gateway,,] 8092 --- [api-gateway] [OkHttp http://localhost:4319/...] [                                                 ] i.o.exporter.internal.http.HttpExporter  : Failed to export spans. The request could not be executed. Full error message: Failed to connect to localhost/[0:0:0:0:0:0:0:1]:4319

java.net.ConnectException: Failed to connect to localhost/[0:0:0:0:0:0:0:1]:4319
	at okhttp3.internal.connection.RealConnection.connectSocket(RealConnection.kt:297) ~[okhttp-4.12.0.jar:na]
	at okhttp3.internal.connection.RealConnection.connect(RealConnection.kt:207) ~[okhttp-4.12.0.jar:na]
	at okhttp3.internal.connection.ExchangeFinder.findConnection(ExchangeFinder.kt:226) ~[okhttp-4.12.0.jar:na]
	at okhttp3.internal.connection.ExchangeFinder.findHealthyConnection(ExchangeFinder.kt:106) ~[okhttp-4.12.0.jar:na]
	at okhttp3.internal.connection.ExchangeFinder.find(ExchangeFinder.kt:74) ~[okhttp-4.12.0.jar:na]
	at okhttp3.internal.connection.RealCall.initExchange$okhttp(RealCall.kt:255) ~[okhttp-4.12.0.jar:na]
	at okhttp3.internal.connection.ConnectInterceptor.intercept(ConnectInterceptor.kt:32) ~[okhttp-4.12.0.jar:na]
	at okhttp3.internal.http.RealInterceptorChain.proceed(RealInterceptorChain.kt:109) ~[okhttp-4.12.0.jar:na]
	at okhttp3.internal.cache.CacheInterceptor.intercept(CacheInterceptor.kt:95) ~[okhttp-4.12.0.jar:na]
	at okhttp3.internal.http.RealInterceptorChain.proceed(RealInterceptorChain.kt:109) ~[okhttp-4.12.0.jar:na]
	at okhttp3.internal.http.BridgeInterceptor.intercept(BridgeInterceptor.kt:83) ~[okhttp-4.12.0.jar:na]
	at okhttp3.internal.http.RealInterceptorChain.proceed(RealInterceptorChain.kt:109) ~[okhttp-4.12.0.jar:na]
	at okhttp3.internal.http.RetryAndFollowUpInterceptor.intercept(RetryAndFollowUpInterceptor.kt:76) ~[okhttp-4.12.0.jar:na]
	at okhttp3.internal.http.RealInterceptorChain.proceed(RealInterceptorChain.kt:109) ~[okhttp-4.12.0.jar:na]
	at okhttp3.internal.connection.RealCall.getResponseWithInterceptorChain$okhttp(RealCall.kt:201) ~[okhttp-4.12.0.jar:na]
	at okhttp3.internal.connection.RealCall$AsyncCall.run(RealCall.kt:517) ~[okhttp-4.12.0.jar:na]
	at java.base/java.util.concurrent.ThreadPoolExecutor.runWorker(ThreadPoolExecutor.java:1136) ~[na:na]
	at java.base/java.util.concurrent.ThreadPoolExecutor$Worker.run(ThreadPoolExecutor.java:635) ~[na:na]
	at java.base/java.lang.Thread.run(Thread.java:842) ~[na:na]
	Suppressed: java.net.ConnectException: Failed to connect to localhost/127.0.0.1:4319
		... 19 common frames omitted
	Caused by: java.net.ConnectException: Connection refused: no further information
		at java.base/sun.nio.ch.Net.pollConnect(Native Method)
		at java.base/sun.nio.ch.Net.pollConnectNow(Net.java:672)
		at java.base/sun.nio.ch.NioSocketImpl.timedFinishConnect(NioSocketImpl.java:547)
		at java.base/sun.nio.ch.NioSocketImpl.connect(NioSocketImpl.java:602)
		at java.base/java.net.SocksSocketImpl.connect(SocksSocketImpl.java:327)
		at java.base/java.net.Socket.connect(Socket.java:633)
		at okhttp3.internal.platform.Platform.connectSocket(Platform.kt:128)
		at okhttp3.internal.connection.RealConnection.connectSocket(RealConnection.kt:295)
		... 18 common frames omitted
Caused by: java.net.ConnectException: Connection refused: no further information
	at java.base/sun.nio.ch.Net.pollConnect(Native Method) ~[na:na]
	at java.base/sun.nio.ch.Net.pollConnectNow(Net.java:672) ~[na:na]
	at java.base/sun.nio.ch.NioSocketImpl.timedFinishConnect(NioSocketImpl.java:547) ~[na:na]
	at java.base/sun.nio.ch.NioSocketImpl.connect(NioSocketImpl.java:602) ~[na:na]
	at java.base/java.net.SocksSocketImpl.connect(SocksSocketImpl.java:327) ~[na:na]
	at java.base/java.net.Socket.connect(Socket.java:633) ~[na:na]
	at okhttp3.internal.platform.Platform.connectSocket(Platform.kt:128) ~[okhttp-4.12.0.jar:na]
	at okhttp3.internal.connection.RealConnection.connectSocket(RealConnection.kt:295) ~[okhttp-4.12.0.jar:na]
	... 18 common frames omitted

2026-08-04T09:54:43.332+07:00  WARN [api-gateway,,] 8092 --- [api-gateway] [parallel-9] [                                                 ] o.s.c.l.core.RoundRobinLoadBalancer      : No servers available for service: notification-service
2026-08-04T09:54:46.872+07:00 ERROR [api-gateway,,] 8092 --- [api-gateway] [OkHttp http://localhost:4319/...] [                                                 ] i.o.exporter.internal.http.HttpExporter  : Failed to export spans. The request could not be executed. Full error message: Failed to connect to localhost/[0:0:0:0:0:0:0:1]:4319

java.net.ConnectException: Failed to connect to localhost/[0:0:0:0:0:0:0:1]:4319
	at okhttp3.internal.connection.RealConnection.connectSocket(RealConnection.kt:297) ~[okhttp-4.12.0.jar:na]
	at okhttp3.internal.connection.RealConnection.connect(RealConnection.kt:207) ~[okhttp-4.12.0.jar:na]
	at okhttp3.internal.connection.ExchangeFinder.findConnection(ExchangeFinder.kt:226) ~[okhttp-4.12.0.jar:na]
	at okhttp3.internal.connection.ExchangeFinder.findHealthyConnection(ExchangeFinder.kt:106) ~[okhttp-4.12.0.jar:na]
	at okhttp3.internal.connection.ExchangeFinder.find(ExchangeFinder.kt:74) ~[okhttp-4.12.0.jar:na]
	at okhttp3.internal.connection.RealCall.initExchange$okhttp(RealCall.kt:255) ~[okhttp-4.12.0.jar:na]
	at okhttp3.internal.connection.ConnectInterceptor.intercept(ConnectInterceptor.kt:32) ~[okhttp-4.12.0.jar:na]
	at okhttp3.internal.http.RealInterceptorChain.proceed(RealInterceptorChain.kt:109) ~[okhttp-4.12.0.jar:na]
	at okhttp3.internal.cache.CacheInterceptor.intercept(CacheInterceptor.kt:95) ~[okhttp-4.12.0.jar:na]
	at okhttp3.internal.http.RealInterceptorChain.proceed(RealInterceptorChain.kt:109) ~[okhttp-4.12.0.jar:na]
	at okhttp3.internal.http.BridgeInterceptor.intercept(BridgeInterceptor.kt:83) ~[okhttp-4.12.0.jar:na]
	at okhttp3.internal.http.RealInterceptorChain.proceed(RealInterceptorChain.kt:109) ~[okhttp-4.12.0.jar:na]
	at okhttp3.internal.http.RetryAndFollowUpInterceptor.intercept(RetryAndFollowUpInterceptor.kt:76) ~[okhttp-4.12.0.jar:na]
	at okhttp3.internal.http.RealInterceptorChain.proceed(RealInterceptorChain.kt:109) ~[okhttp-4.12.0.jar:na]
	at okhttp3.internal.connection.RealCall.getResponseWithInterceptorChain$okhttp(RealCall.kt:201) ~[okhttp-4.12.0.jar:na]
	at okhttp3.internal.connection.RealCall$AsyncCall.run(RealCall.kt:517) ~[okhttp-4.12.0.jar:na]
	at java.base/java.util.concurrent.ThreadPoolExecutor.runWorker(ThreadPoolExecutor.java:1136) ~[na:na]
	at java.base/java.util.concurrent.ThreadPoolExecutor$Worker.run(ThreadPoolExecutor.java:635) ~[na:na]
	at java.base/java.lang.Thread.run(Thread.java:842) ~[na:na]
	Suppressed: java.net.ConnectException: Failed to connect to localhost/127.0.0.1:4319
		... 19 common frames omitted
	Caused by: java.net.ConnectException: Connection refused: no further information
		at java.base/sun.nio.ch.Net.pollConnect(Native Method)
		at java.base/sun.nio.ch.Net.pollConnectNow(Net.java:672)
		at java.base/sun.nio.ch.NioSocketImpl.timedFinishConnect(NioSocketImpl.java:547)
		at java.base/sun.nio.ch.NioSocketImpl.connect(NioSocketImpl.java:602)
		at java.base/java.net.SocksSocketImpl.connect(SocksSocketImpl.java:327)
		at java.base/java.net.Socket.connect(Socket.java:633)
		at okhttp3.internal.platform.Platform.connectSocket(Platform.kt:128)
		at okhttp3.internal.connection.RealConnection.connectSocket(RealConnection.kt:295)
		... 18 common frames omitted
Caused by: java.net.ConnectException: Connection refused: no further information
	at java.base/sun.nio.ch.Net.pollConnect(Native Method) ~[na:na]
	at java.base/sun.nio.ch.Net.pollConnectNow(Net.java:672) ~[na:na]
	at java.base/sun.nio.ch.NioSocketImpl.timedFinishConnect(NioSocketImpl.java:547) ~[na:na]
	at java.base/sun.nio.ch.NioSocketImpl.connect(NioSocketImpl.java:602) ~[na:na]
	at java.base/java.net.SocksSocketImpl.connect(SocksSocketImpl.java:327) ~[na:na]
	at java.base/java.net.Socket.connect(Socket.java:633) ~[na:na]
	at okhttp3.internal.platform.Platform.connectSocket(Platform.kt:128) ~[okhttp-4.12.0.jar:na]
	at okhttp3.internal.connection.RealConnection.connectSocket(RealConnection.kt:295) ~[okhttp-4.12.0.jar:na]
	... 18 common frames omitted

2026-08-04T09:54:49.232+07:00  INFO [api-gateway,,] 8092 --- [api-gateway] [DiscoveryClient-CacheRefreshExecutor-%d] [                                                 ] com.netflix.discovery.DiscoveryClient    : Disable delta property : false
2026-08-04T09:54:49.232+07:00  INFO [api-gateway,,] 8092 --- [api-gateway] [DiscoveryClient-CacheRefreshExecutor-%d] [                                                 ] com.netflix.discovery.DiscoveryClient    : Single vip registry refresh property : null
2026-08-04T09:54:49.234+07:00  INFO [api-gateway,,] 8092 --- [api-gateway] [DiscoveryClient-CacheRefreshExecutor-%d] [                                                 ] com.netflix.discovery.DiscoveryClient    : Force full registry fetch : false
2026-08-04T09:54:49.234+07:00  INFO [api-gateway,,] 8092 --- [api-gateway] [DiscoveryClient-CacheRefreshExecutor-%d] [                                                 ] com.netflix.discovery.DiscoveryClient    : Application is null : false
2026-08-04T09:54:49.234+07:00  INFO [api-gateway,,] 8092 --- [api-gateway] [DiscoveryClient-CacheRefreshExecutor-%d] [                                                 ] com.netflix.discovery.DiscoveryClient    : Registered Applications size is zero : true
2026-08-04T09:54:49.234+07:00  INFO [api-gateway,,] 8092 --- [api-gateway] [DiscoveryClient-CacheRefreshExecutor-%d] [                                                 ] com.netflix.discovery.DiscoveryClient    : Application version is -1: false
2026-08-04T09:54:49.234+07:00  INFO [api-gateway,,] 8092 --- [api-gateway] [DiscoveryClient-CacheRefreshExecutor-%d] [                                                 ] com.netflix.discovery.DiscoveryClient    : Getting all instance registry info from the eureka server
2026-08-04T09:54:49.256+07:00  INFO [api-gateway,,] 8092 --- [api-gateway] [DiscoveryClient-CacheRefreshExecutor-%d] [                                                 ] com.netflix.discovery.DiscoveryClient    : The response status is 200
2026-08-04T09:54:49.342+07:00  WARN [api-gateway,,] 8092 --- [api-gateway] [parallel-11] [                                                 ] o.s.c.l.core.RoundRobinLoadBalancer      : No servers available for service: notification-service
2026-08-04T09:54:51.923+07:00 ERROR [api-gateway,,] 8092 --- [api-gateway] [OkHttp http://localhost:4319/...] [                                                 ] i.o.exporter.internal.http.HttpExporter  : Failed to export spans. The request could not be executed. Full error message: Failed to connect to localhost/[0:0:0:0:0:0:0:1]:4319

java.net.ConnectException: Failed to connect to localhost/[0:0:0:0:0:0:0:1]:4319
	at okhttp3.internal.connection.RealConnection.connectSocket(RealConnection.kt:297) ~[okhttp-4.12.0.jar:na]
	at okhttp3.internal.connection.RealConnection.connect(RealConnection.kt:207) ~[okhttp-4.12.0.jar:na]
	at okhttp3.internal.connection.ExchangeFinder.findConnection(ExchangeFinder.kt:226) ~[okhttp-4.12.0.jar:na]
	at okhttp3.internal.connection.ExchangeFinder.findHealthyConnection(ExchangeFinder.kt:106) ~[okhttp-4.12.0.jar:na]
	at okhttp3.internal.connection.ExchangeFinder.find(ExchangeFinder.kt:74) ~[okhttp-4.12.0.jar:na]
	at okhttp3.internal.connection.RealCall.initExchange$okhttp(RealCall.kt:255) ~[okhttp-4.12.0.jar:na]
	at okhttp3.internal.connection.ConnectInterceptor.intercept(ConnectInterceptor.kt:32) ~[okhttp-4.12.0.jar:na]
	at okhttp3.internal.http.RealInterceptorChain.proceed(RealInterceptorChain.kt:109) ~[okhttp-4.12.0.jar:na]
	at okhttp3.internal.cache.CacheInterceptor.intercept(CacheInterceptor.kt:95) ~[okhttp-4.12.0.jar:na]
	at okhttp3.internal.http.RealInterceptorChain.proceed(RealInterceptorChain.kt:109) ~[okhttp-4.12.0.jar:na]
	at okhttp3.internal.http.BridgeInterceptor.intercept(BridgeInterceptor.kt:83) ~[okhttp-4.12.0.jar:na]
	at okhttp3.internal.http.RealInterceptorChain.proceed(RealInterceptorChain.kt:109) ~[okhttp-4.12.0.jar:na]
	at okhttp3.internal.http.RetryAndFollowUpInterceptor.intercept(RetryAndFollowUpInterceptor.kt:76) ~[okhttp-4.12.0.jar:na]
	at okhttp3.internal.http.RealInterceptorChain.proceed(RealInterceptorChain.kt:109) ~[okhttp-4.12.0.jar:na]
	at okhttp3.internal.connection.RealCall.getResponseWithInterceptorChain$okhttp(RealCall.kt:201) ~[okhttp-4.12.0.jar:na]
	at okhttp3.internal.connection.RealCall$AsyncCall.run(RealCall.kt:517) ~[okhttp-4.12.0.jar:na]
	at java.base/java.util.concurrent.ThreadPoolExecutor.runWorker(ThreadPoolExecutor.java:1136) ~[na:na]
	at java.base/java.util.concurrent.ThreadPoolExecutor$Worker.run(ThreadPoolExecutor.java:635) ~[na:na]
	at java.base/java.lang.Thread.run(Thread.java:842) ~[na:na]
	Suppressed: java.net.ConnectException: Failed to connect to localhost/127.0.0.1:4319
		... 19 common frames omitted
	Caused by: java.net.ConnectException: Connection refused: no further information
		at java.base/sun.nio.ch.Net.pollConnect(Native Method)
		at java.base/sun.nio.ch.Net.pollConnectNow(Net.java:672)
		at java.base/sun.nio.ch.NioSocketImpl.timedFinishConnect(NioSocketImpl.java:547)
		at java.base/sun.nio.ch.NioSocketImpl.connect(NioSocketImpl.java:602)
		at java.base/java.net.SocksSocketImpl.connect(SocksSocketImpl.java:327)
		at java.base/java.net.Socket.connect(Socket.java:633)
		at okhttp3.internal.platform.Platform.connectSocket(Platform.kt:128)
		at okhttp3.internal.connection.RealConnection.connectSocket(RealConnection.kt:295)
		... 18 common frames omitted
Caused by: java.net.ConnectException: Connection refused: no further information
	at java.base/sun.nio.ch.Net.pollConnect(Native Method) ~[na:na]
	at java.base/sun.nio.ch.Net.pollConnectNow(Net.java:672) ~[na:na]
	at java.base/sun.nio.ch.NioSocketImpl.timedFinishConnect(NioSocketImpl.java:547) ~[na:na]
	at java.base/sun.nio.ch.NioSocketImpl.connect(NioSocketImpl.java:602) ~[na:na]
	at java.base/java.net.SocksSocketImpl.connect(SocksSocketImpl.java:327) ~[na:na]
	at java.base/java.net.Socket.connect(Socket.java:633) ~[na:na]
	at okhttp3.internal.platform.Platform.connectSocket(Platform.kt:128) ~[okhttp-4.12.0.jar:na]
	at okhttp3.internal.connection.RealConnection.connectSocket(RealConnection.kt:295) ~[okhttp-4.12.0.jar:na]
	... 18 common frames omitted

2026-08-04T09:54:54.366+07:00  WARN [api-gateway,,] 8092 --- [api-gateway] [parallel-1] [                                                 ] o.s.c.l.core.RoundRobinLoadBalancer      : No servers available for service: notification-service
2026-08-04T09:54:56.936+07:00 ERROR [api-gateway,,] 8092 --- [api-gateway] [OkHttp http://localhost:4319/...] [                                                 ] i.o.exporter.internal.http.HttpExporter  : Failed to export spans. The request could not be executed. Full error message: Failed to connect to localhost/[0:0:0:0:0:0:0:1]:4319

java.net.ConnectException: Failed to connect to localhost/[0:0:0:0:0:0:0:1]:4319
	at okhttp3.internal.connection.RealConnection.connectSocket(RealConnection.kt:297) ~[okhttp-4.12.0.jar:na]
	at okhttp3.internal.connection.RealConnection.connect(RealConnection.kt:207) ~[okhttp-4.12.0.jar:na]
	at okhttp3.internal.connection.ExchangeFinder.findConnection(ExchangeFinder.kt:226) ~[okhttp-4.12.0.jar:na]
	at okhttp3.internal.connection.ExchangeFinder.findHealthyConnection(ExchangeFinder.kt:106) ~[okhttp-4.12.0.jar:na]
	at okhttp3.internal.connection.ExchangeFinder.find(ExchangeFinder.kt:74) ~[okhttp-4.12.0.jar:na]
	at okhttp3.internal.connection.RealCall.initExchange$okhttp(RealCall.kt:255) ~[okhttp-4.12.0.jar:na]
	at okhttp3.internal.connection.ConnectInterceptor.intercept(ConnectInterceptor.kt:32) ~[okhttp-4.12.0.jar:na]
	at okhttp3.internal.http.RealInterceptorChain.proceed(RealInterceptorChain.kt:109) ~[okhttp-4.12.0.jar:na]
	at okhttp3.internal.cache.CacheInterceptor.intercept(CacheInterceptor.kt:95) ~[okhttp-4.12.0.jar:na]
	at okhttp3.internal.http.RealInterceptorChain.proceed(RealInterceptorChain.kt:109) ~[okhttp-4.12.0.jar:na]
	at okhttp3.internal.http.BridgeInterceptor.intercept(BridgeInterceptor.kt:83) ~[okhttp-4.12.0.jar:na]
	at okhttp3.internal.http.RealInterceptorChain.proceed(RealInterceptorChain.kt:109) ~[okhttp-4.12.0.jar:na]
	at okhttp3.internal.http.RetryAndFollowUpInterceptor.intercept(RetryAndFollowUpInterceptor.kt:76) ~[okhttp-4.12.0.jar:na]
	at okhttp3.internal.http.RealInterceptorChain.proceed(RealInterceptorChain.kt:109) ~[okhttp-4.12.0.jar:na]
	at okhttp3.internal.connection.RealCall.getResponseWithInterceptorChain$okhttp(RealCall.kt:201) ~[okhttp-4.12.0.jar:na]
	at okhttp3.internal.connection.RealCall$AsyncCall.run(RealCall.kt:517) ~[okhttp-4.12.0.jar:na]
	at java.base/java.util.concurrent.ThreadPoolExecutor.runWorker(ThreadPoolExecutor.java:1136) ~[na:na]
	at java.base/java.util.concurrent.ThreadPoolExecutor$Worker.run(ThreadPoolExecutor.java:635) ~[na:na]
	at java.base/java.lang.Thread.run(Thread.java:842) ~[na:na]
	Suppressed: java.net.ConnectException: Failed to connect to localhost/127.0.0.1:4319
		... 19 common frames omitted
	Caused by: java.net.ConnectException: Connection refused: no further information
		at java.base/sun.nio.ch.Net.pollConnect(Native Method)
		at java.base/sun.nio.ch.Net.pollConnectNow(Net.java:672)
		at java.base/sun.nio.ch.NioSocketImpl.timedFinishConnect(NioSocketImpl.java:547)
		at java.base/sun.nio.ch.NioSocketImpl.connect(NioSocketImpl.java:602)
		at java.base/java.net.SocksSocketImpl.connect(SocksSocketImpl.java:327)
		at java.base/java.net.Socket.connect(Socket.java:633)
		at okhttp3.internal.platform.Platform.connectSocket(Platform.kt:128)
		at okhttp3.internal.connection.RealConnection.connectSocket(RealConnection.kt:295)
		... 18 common frames omitted
Caused by: java.net.ConnectException: Connection refused: no further information
	at java.base/sun.nio.ch.Net.pollConnect(Native Method) ~[na:na]
	at java.base/sun.nio.ch.Net.pollConnectNow(Net.java:672) ~[na:na]
	at java.base/sun.nio.ch.NioSocketImpl.timedFinishConnect(NioSocketImpl.java:547) ~[na:na]
	at java.base/sun.nio.ch.NioSocketImpl.connect(NioSocketImpl.java:602) ~[na:na]
	at java.base/java.net.SocksSocketImpl.connect(SocksSocketImpl.java:327) ~[na:na]
	at java.base/java.net.Socket.connect(Socket.java:633) ~[na:na]
	at okhttp3.internal.platform.Platform.connectSocket(Platform.kt:128) ~[okhttp-4.12.0.jar:na]
	at okhttp3.internal.connection.RealConnection.connectSocket(RealConnection.kt:295) ~[okhttp-4.12.0.jar:na]
	... 18 common frames omitted

2026-08-04T09:55:00.455+07:00  WARN [api-gateway,,] 8092 --- [api-gateway] [parallel-3] [                                                 ] o.s.c.l.core.RoundRobinLoadBalancer      : No servers available for service: notification-service
2026-08-04T09:55:01.953+07:00 ERROR [api-gateway,,] 8092 --- [api-gateway] [OkHttp http://localhost:4319/...] [                                                 ] i.o.exporter.internal.http.HttpExporter  : Failed to export spans. The request could not be executed. Full error message: Failed to connect to localhost/[0:0:0:0:0:0:0:1]:4319

java.net.ConnectException: Failed to connect to localhost/[0:0:0:0:0:0:0:1]:4319
	at okhttp3.internal.connection.RealConnection.connectSocket(RealConnection.kt:297) ~[okhttp-4.12.0.jar:na]
	at okhttp3.internal.connection.RealConnection.connect(RealConnection.kt:207) ~[okhttp-4.12.0.jar:na]
	at okhttp3.internal.connection.ExchangeFinder.findConnection(ExchangeFinder.kt:226) ~[okhttp-4.12.0.jar:na]
	at okhttp3.internal.connection.ExchangeFinder.findHealthyConnection(ExchangeFinder.kt:106) ~[okhttp-4.12.0.jar:na]
	at okhttp3.internal.connection.ExchangeFinder.find(ExchangeFinder.kt:74) ~[okhttp-4.12.0.jar:na]
	at okhttp3.internal.connection.RealCall.initExchange$okhttp(RealCall.kt:255) ~[okhttp-4.12.0.jar:na]
	at okhttp3.internal.connection.ConnectInterceptor.intercept(ConnectInterceptor.kt:32) ~[okhttp-4.12.0.jar:na]
	at okhttp3.internal.http.RealInterceptorChain.proceed(RealInterceptorChain.kt:109) ~[okhttp-4.12.0.jar:na]
	at okhttp3.internal.cache.CacheInterceptor.intercept(CacheInterceptor.kt:95) ~[okhttp-4.12.0.jar:na]
	at okhttp3.internal.http.RealInterceptorChain.proceed(RealInterceptorChain.kt:109) ~[okhttp-4.12.0.jar:na]
	at okhttp3.internal.http.BridgeInterceptor.intercept(BridgeInterceptor.kt:83) ~[okhttp-4.12.0.jar:na]
	at okhttp3.internal.http.RealInterceptorChain.proceed(RealInterceptorChain.kt:109) ~[okhttp-4.12.0.jar:na]
	at okhttp3.internal.http.RetryAndFollowUpInterceptor.intercept(RetryAndFollowUpInterceptor.kt:76) ~[okhttp-4.12.0.jar:na]
	at okhttp3.internal.http.RealInterceptorChain.proceed(RealInterceptorChain.kt:109) ~[okhttp-4.12.0.jar:na]
	at okhttp3.internal.connection.RealCall.getResponseWithInterceptorChain$okhttp(RealCall.kt:201) ~[okhttp-4.12.0.jar:na]
	at okhttp3.internal.connection.RealCall$AsyncCall.run(RealCall.kt:517) ~[okhttp-4.12.0.jar:na]
	at java.base/java.util.concurrent.ThreadPoolExecutor.runWorker(ThreadPoolExecutor.java:1136) ~[na:na]
	at java.base/java.util.concurrent.ThreadPoolExecutor$Worker.run(ThreadPoolExecutor.java:635) ~[na:na]
	at java.base/java.lang.Thread.run(Thread.java:842) ~[na:na]
	Suppressed: java.net.ConnectException: Failed to connect to localhost/127.0.0.1:4319
		... 19 common frames omitted
	Caused by: java.net.ConnectException: Connection refused: no further information
		at java.base/sun.nio.ch.Net.pollConnect(Native Method)
		at java.base/sun.nio.ch.Net.pollConnectNow(Net.java:672)
		at java.base/sun.nio.ch.NioSocketImpl.timedFinishConnect(NioSocketImpl.java:547)
		at java.base/sun.nio.ch.NioSocketImpl.connect(NioSocketImpl.java:602)
		at java.base/java.net.SocksSocketImpl.connect(SocksSocketImpl.java:327)
		at java.base/java.net.Socket.connect(Socket.java:633)
		at okhttp3.internal.platform.Platform.connectSocket(Platform.kt:128)
		at okhttp3.internal.connection.RealConnection.connectSocket(RealConnection.kt:295)
		... 18 common frames omitted
Caused by: java.net.ConnectException: Connection refused: no further information
	at java.base/sun.nio.ch.Net.pollConnect(Native Method) ~[na:na]
	at java.base/sun.nio.ch.Net.pollConnectNow(Net.java:672) ~[na:na]
	at java.base/sun.nio.ch.NioSocketImpl.timedFinishConnect(NioSocketImpl.java:547) ~[na:na]
	at java.base/sun.nio.ch.NioSocketImpl.connect(NioSocketImpl.java:602) ~[na:na]
	at java.base/java.net.SocksSocketImpl.connect(SocksSocketImpl.java:327) ~[na:na]
	at java.base/java.net.Socket.connect(Socket.java:633) ~[na:na]
	at okhttp3.internal.platform.Platform.connectSocket(Platform.kt:128) ~[okhttp-4.12.0.jar:na]
	at okhttp3.internal.connection.RealConnection.connectSocket(RealConnection.kt:295) ~[okhttp-4.12.0.jar:na]
	... 18 common frames omitted

2026-08-04T09:55:06.358+07:00  WARN [api-gateway,,] 8092 --- [api-gateway] [parallel-5] [                                                 ] o.s.c.l.core.RoundRobinLoadBalancer      : No servers available for service: notification-service
2026-08-04T09:55:06.971+07:00 ERROR [api-gateway,,] 8092 --- [api-gateway] [OkHttp http://localhost:4319/...] [                                                 ] i.o.exporter.internal.http.HttpExporter  : Too many log messages detected. Will only log once per minute from now on.
2026-08-04T09:55:06.971+07:00 ERROR [api-gateway,,] 8092 --- [api-gateway] [OkHttp http://localhost:4319/...] [                                                 ] i.o.exporter.internal.http.HttpExporter  : Failed to export spans. The request could not be executed. Full error message: Failed to connect to localhost/[0:0:0:0:0:0:0:1]:4319

java.net.ConnectException: Failed to connect to localhost/[0:0:0:0:0:0:0:1]:4319
	at okhttp3.internal.connection.RealConnection.connectSocket(RealConnection.kt:297) ~[okhttp-4.12.0.jar:na]
	at okhttp3.internal.connection.RealConnection.connect(RealConnection.kt:207) ~[okhttp-4.12.0.jar:na]
	at okhttp3.internal.connection.ExchangeFinder.findConnection(ExchangeFinder.kt:226) ~[okhttp-4.12.0.jar:na]
	at okhttp3.internal.connection.ExchangeFinder.findHealthyConnection(ExchangeFinder.kt:106) ~[okhttp-4.12.0.jar:na]
	at okhttp3.internal.connection.ExchangeFinder.find(ExchangeFinder.kt:74) ~[okhttp-4.12.0.jar:na]
	at okhttp3.internal.connection.RealCall.initExchange$okhttp(RealCall.kt:255) ~[okhttp-4.12.0.jar:na]
	at okhttp3.internal.connection.ConnectInterceptor.intercept(ConnectInterceptor.kt:32) ~[okhttp-4.12.0.jar:na]
	at okhttp3.internal.http.RealInterceptorChain.proceed(RealInterceptorChain.kt:109) ~[okhttp-4.12.0.jar:na]
	at okhttp3.internal.cache.CacheInterceptor.intercept(CacheInterceptor.kt:95) ~[okhttp-4.12.0.jar:na]
	at okhttp3.internal.http.RealInterceptorChain.proceed(RealInterceptorChain.kt:109) ~[okhttp-4.12.0.jar:na]
	at okhttp3.internal.http.BridgeInterceptor.intercept(BridgeInterceptor.kt:83) ~[okhttp-4.12.0.jar:na]
	at okhttp3.internal.http.RealInterceptorChain.proceed(RealInterceptorChain.kt:109) ~[okhttp-4.12.0.jar:na]
	at okhttp3.internal.http.RetryAndFollowUpInterceptor.intercept(RetryAndFollowUpInterceptor.kt:76) ~[okhttp-4.12.0.jar:na]
	at okhttp3.internal.http.RealInterceptorChain.proceed(RealInterceptorChain.kt:109) ~[okhttp-4.12.0.jar:na]
	at okhttp3.internal.connection.RealCall.getResponseWithInterceptorChain$okhttp(RealCall.kt:201) ~[okhttp-4.12.0.jar:na]
	at okhttp3.internal.connection.RealCall$AsyncCall.run(RealCall.kt:517) ~[okhttp-4.12.0.jar:na]
	at java.base/java.util.concurrent.ThreadPoolExecutor.runWorker(ThreadPoolExecutor.java:1136) ~[na:na]
	at java.base/java.util.concurrent.ThreadPoolExecutor$Worker.run(ThreadPoolExecutor.java:635) ~[na:na]
	at java.base/java.lang.Thread.run(Thread.java:842) ~[na:na]
	Suppressed: java.net.ConnectException: Failed to connect to localhost/127.0.0.1:4319
		... 19 common frames omitted
	Caused by: java.net.ConnectException: Connection refused: no further information
		at java.base/sun.nio.ch.Net.pollConnect(Native Method)
		at java.base/sun.nio.ch.Net.pollConnectNow(Net.java:672)
		at java.base/sun.nio.ch.NioSocketImpl.timedFinishConnect(NioSocketImpl.java:547)
		at java.base/sun.nio.ch.NioSocketImpl.connect(NioSocketImpl.java:602)
		at java.base/java.net.SocksSocketImpl.connect(SocksSocketImpl.java:327)
		at java.base/java.net.Socket.connect(Socket.java:633)
		at okhttp3.internal.platform.Platform.connectSocket(Platform.kt:128)
		at okhttp3.internal.connection.RealConnection.connectSocket(RealConnection.kt:295)
		... 18 common frames omitted
Caused by: java.net.ConnectException: Connection refused: no further information
	at java.base/sun.nio.ch.Net.pollConnect(Native Method) ~[na:na]
	at java.base/sun.nio.ch.Net.pollConnectNow(Net.java:672) ~[na:na]
	at java.base/sun.nio.ch.NioSocketImpl.timedFinishConnect(NioSocketImpl.java:547) ~[na:na]
	at java.base/sun.nio.ch.NioSocketImpl.connect(NioSocketImpl.java:602) ~[na:na]
	at java.base/java.net.SocksSocketImpl.connect(SocksSocketImpl.java:327) ~[na:na]
	at java.base/java.net.Socket.connect(Socket.java:633) ~[na:na]
	at okhttp3.internal.platform.Platform.connectSocket(Platform.kt:128) ~[okhttp-4.12.0.jar:na]
	at okhttp3.internal.connection.RealConnection.connectSocket(RealConnection.kt:295) ~[okhttp-4.12.0.jar:na]
	... 18 common frames omitted

2026-08-04T09:55:12.378+07:00  WARN [api-gateway,,] 8092 --- [api-gateway] [parallel-7] [                                                 ] o.s.c.l.core.RoundRobinLoadBalancer      : No servers available for service: notification-service
2026-08-04T09:55:18.674+07:00  WARN [api-gateway,,] 8092 --- [api-gateway] [parallel-9] [                                                 ] o.s.c.l.core.RoundRobinLoadBalancer      : No servers available for service: notification-service
2026-08-04T09:55:22.133+07:00 ERROR [api-gateway,,] 8092 --- [api-gateway] [OkHttp http://localhost:4319/...] [                                                 ] i.o.exporter.internal.http.HttpExporter  : Failed to export spans. The request could not be executed. Full error message: Failed to connect to localhost/[0:0:0:0:0:0:0:1]:4319

java.net.ConnectException: Failed to connect to localhost/[0:0:0:0:0:0:0:1]:4319
	at okhttp3.internal.connection.RealConnection.connectSocket(RealConnection.kt:297) ~[okhttp-4.12.0.jar:na]
	at okhttp3.internal.connection.RealConnection.connect(RealConnection.kt:207) ~[okhttp-4.12.0.jar:na]
	at okhttp3.internal.connection.ExchangeFinder.findConnection(ExchangeFinder.kt:226) ~[okhttp-4.12.0.jar:na]
	at okhttp3.internal.connection.ExchangeFinder.findHealthyConnection(ExchangeFinder.kt:106) ~[okhttp-4.12.0.jar:na]
	at okhttp3.internal.connection.ExchangeFinder.find(ExchangeFinder.kt:74) ~[okhttp-4.12.0.jar:na]
	at okhttp3.internal.connection.RealCall.initExchange$okhttp(RealCall.kt:255) ~[okhttp-4.12.0.jar:na]
	at okhttp3.internal.connection.ConnectInterceptor.intercept(ConnectInterceptor.kt:32) ~[okhttp-4.12.0.jar:na]
	at okhttp3.internal.http.RealInterceptorChain.proceed(RealInterceptorChain.kt:109) ~[okhttp-4.12.0.jar:na]
	at okhttp3.internal.cache.CacheInterceptor.intercept(CacheInterceptor.kt:95) ~[okhttp-4.12.0.jar:na]
	at okhttp3.internal.http.RealInterceptorChain.proceed(RealInterceptorChain.kt:109) ~[okhttp-4.12.0.jar:na]
	at okhttp3.internal.http.BridgeInterceptor.intercept(BridgeInterceptor.kt:83) ~[okhttp-4.12.0.jar:na]
	at okhttp3.internal.http.RealInterceptorChain.proceed(RealInterceptorChain.kt:109) ~[okhttp-4.12.0.jar:na]
	at okhttp3.internal.http.RetryAndFollowUpInterceptor.intercept(RetryAndFollowUpInterceptor.kt:76) ~[okhttp-4.12.0.jar:na]
	at okhttp3.internal.http.RealInterceptorChain.proceed(RealInterceptorChain.kt:109) ~[okhttp-4.12.0.jar:na]
	at okhttp3.internal.connection.RealCall.getResponseWithInterceptorChain$okhttp(RealCall.kt:201) ~[okhttp-4.12.0.jar:na]
	at okhttp3.internal.connection.RealCall$AsyncCall.run(RealCall.kt:517) ~[okhttp-4.12.0.jar:na]
	at java.base/java.util.concurrent.ThreadPoolExecutor.runWorker(ThreadPoolExecutor.java:1136) ~[na:na]
	at java.base/java.util.concurrent.ThreadPoolExecutor$Worker.run(ThreadPoolExecutor.java:635) ~[na:na]
	at java.base/java.lang.Thread.run(Thread.java:842) ~[na:na]
	Suppressed: java.net.ConnectException: Failed to connect to localhost/127.0.0.1:4319
		... 19 common frames omitted
	Caused by: java.net.ConnectException: Connection refused: no further information
		at java.base/sun.nio.ch.Net.pollConnect(Native Method)
		at java.base/sun.nio.ch.Net.pollConnectNow(Net.java:672)
		at java.base/sun.nio.ch.NioSocketImpl.timedFinishConnect(NioSocketImpl.java:547)
		at java.base/sun.nio.ch.NioSocketImpl.connect(NioSocketImpl.java:602)
		at java.base/java.net.SocksSocketImpl.connect(SocksSocketImpl.java:327)
		at java.base/java.net.Socket.connect(Socket.java:633)
		at okhttp3.internal.platform.Platform.connectSocket(Platform.kt:128)
		at okhttp3.internal.connection.RealConnection.connectSocket(RealConnection.kt:295)
		... 18 common frames omitted
Caused by: java.net.ConnectException: Connection refused: no further information
	at java.base/sun.nio.ch.Net.pollConnect(Native Method) ~[na:na]
	at java.base/sun.nio.ch.Net.pollConnectNow(Net.java:672) ~[na:na]
	at java.base/sun.nio.ch.NioSocketImpl.timedFinishConnect(NioSocketImpl.java:547) ~[na:na]
	at java.base/sun.nio.ch.NioSocketImpl.connect(NioSocketImpl.java:602) ~[na:na]
	at java.base/java.net.SocksSocketImpl.connect(SocksSocketImpl.java:327) ~[na:na]
	at java.base/java.net.Socket.connect(Socket.java:633) ~[na:na]
	at okhttp3.internal.platform.Platform.connectSocket(Platform.kt:128) ~[okhttp-4.12.0.jar:na]
	at okhttp3.internal.connection.RealConnection.connectSocket(RealConnection.kt:295) ~[okhttp-4.12.0.jar:na]
	... 18 common frames omitted

2026-08-04T09:55:42.524+07:00 ERROR [api-gateway,,] 8092 --- [api-gateway] [OkHttp http://localhost:4319/...] [                                                 ] i.o.exporter.internal.http.HttpExporter  : Failed to export spans. The request could not be executed. Full error message: Failed to connect to localhost/[0:0:0:0:0:0:0:1]:4319

java.net.ConnectException: Failed to connect to localhost/[0:0:0:0:0:0:0:1]:4319
	at okhttp3.internal.connection.RealConnection.connectSocket(RealConnection.kt:297) ~[okhttp-4.12.0.jar:na]
	at okhttp3.internal.connection.RealConnection.connect(RealConnection.kt:207) ~[okhttp-4.12.0.jar:na]
	at okhttp3.internal.connection.ExchangeFinder.findConnection(ExchangeFinder.kt:226) ~[okhttp-4.12.0.jar:na]
	at okhttp3.internal.connection.ExchangeFinder.findHealthyConnection(ExchangeFinder.kt:106) ~[okhttp-4.12.0.jar:na]
	at okhttp3.internal.connection.ExchangeFinder.find(ExchangeFinder.kt:74) ~[okhttp-4.12.0.jar:na]
	at okhttp3.internal.connection.RealCall.initExchange$okhttp(RealCall.kt:255) ~[okhttp-4.12.0.jar:na]
	at okhttp3.internal.connection.ConnectInterceptor.intercept(ConnectInterceptor.kt:32) ~[okhttp-4.12.0.jar:na]
	at okhttp3.internal.http.RealInterceptorChain.proceed(RealInterceptorChain.kt:109) ~[okhttp-4.12.0.jar:na]
	at okhttp3.internal.cache.CacheInterceptor.intercept(CacheInterceptor.kt:95) ~[okhttp-4.12.0.jar:na]
	at okhttp3.internal.http.RealInterceptorChain.proceed(RealInterceptorChain.kt:109) ~[okhttp-4.12.0.jar:na]
	at okhttp3.internal.http.BridgeInterceptor.intercept(BridgeInterceptor.kt:83) ~[okhttp-4.12.0.jar:na]
	at okhttp3.internal.http.RealInterceptorChain.proceed(RealInterceptorChain.kt:109) ~[okhttp-4.12.0.jar:na]
	at okhttp3.internal.http.RetryAndFollowUpInterceptor.intercept(RetryAndFollowUpInterceptor.kt:76) ~[okhttp-4.12.0.jar:na]
	at okhttp3.internal.http.RealInterceptorChain.proceed(RealInterceptorChain.kt:109) ~[okhttp-4.12.0.jar:na]
	at okhttp3.internal.connection.RealCall.getResponseWithInterceptorChain$okhttp(RealCall.kt:201) ~[okhttp-4.12.0.jar:na]
	at okhttp3.internal.connection.RealCall$AsyncCall.run(RealCall.kt:517) ~[okhttp-4.12.0.jar:na]
	at java.base/java.util.concurrent.ThreadPoolExecutor.runWorker(ThreadPoolExecutor.java:1136) ~[na:na]
	at java.base/java.util.concurrent.ThreadPoolExecutor$Worker.run(ThreadPoolExecutor.java:635) ~[na:na]
	at java.base/java.lang.Thread.run(Thread.java:842) ~[na:na]
	Suppressed: java.net.ConnectException: Failed to connect to localhost/127.0.0.1:4319
		... 19 common frames omitted
	Caused by: java.net.ConnectException: Connection refused: no further information
		at java.base/sun.nio.ch.Net.pollConnect(Native Method)
		at java.base/sun.nio.ch.Net.pollConnectNow(Net.java:672)
		at java.base/sun.nio.ch.NioSocketImpl.timedFinishConnect(NioSocketImpl.java:547)
		at java.base/sun.nio.ch.NioSocketImpl.connect(NioSocketImpl.java:602)
		at java.base/java.net.SocksSocketImpl.connect(SocksSocketImpl.java:327)
		at java.base/java.net.Socket.connect(Socket.java:633)
		at okhttp3.internal.platform.Platform.connectSocket(Platform.kt:128)
		at okhttp3.internal.connection.RealConnection.connectSocket(RealConnection.kt:295)
		... 18 common frames omitted
Caused by: java.net.ConnectException: Connection refused: no further information
	at java.base/sun.nio.ch.Net.pollConnect(Native Method) ~[na:na]
	at java.base/sun.nio.ch.Net.pollConnectNow(Net.java:672) ~[na:na]
	at java.base/sun.nio.ch.NioSocketImpl.timedFinishConnect(NioSocketImpl.java:547) ~[na:na]
	at java.base/sun.nio.ch.NioSocketImpl.connect(NioSocketImpl.java:602) ~[na:na]
	at java.base/java.net.SocksSocketImpl.connect(SocksSocketImpl.java:327) ~[na:na]
	at java.base/java.net.Socket.connect(Socket.java:633) ~[na:na]
	at okhttp3.internal.platform.Platform.connectSocket(Platform.kt:128) ~[okhttp-4.12.0.jar:na]
	at okhttp3.internal.connection.RealConnection.connectSocket(RealConnection.kt:295) ~[okhttp-4.12.0.jar:na]
	... 18 common frames omitted

2026-08-04T09:59:18.536+07:00  INFO [api-gateway,,] 8092 --- [api-gateway] [AsyncResolver-bootstrap-executor-%d] [                                                 ] c.n.d.s.r.aws.ConfigClusterResolver      : Resolving eureka endpoints via configuration
2026-08-04T10:04:18.551+07:00  INFO [api-gateway,,] 8092 --- [api-gateway] [AsyncResolver-bootstrap-executor-%d] [                                                 ] c.n.d.s.r.aws.ConfigClusterResolver      : Resolving eureka endpoints via configuration
2026-08-04T10:09:18.562+07:00  INFO [api-gateway,,] 8092 --- [api-gateway] [AsyncResolver-bootstrap-executor-%d] [                                                 ] c.n.d.s.r.aws.ConfigClusterResolver      : Resolving eureka endpoints via configuration
2026-08-04T10:14:18.680+07:00  INFO [api-gateway,,] 8092 --- [api-gateway] [AsyncResolver-bootstrap-executor-%d] [                                                 ] c.n.d.s.r.aws.ConfigClusterResolver      : Resolving eureka endpoints via configuration
2026-08-04T10:19:18.693+07:00  INFO [api-gateway,,] 8092 --- [api-gateway] [AsyncResolver-bootstrap-executor-%d] [                                                 ] c.n.d.s.r.aws.ConfigClusterResolver      : Resolving eureka endpoints via configuration
2026-08-04T10:24:18.712+07:00  INFO [api-gateway,,] 8092 --- [api-gateway] [AsyncResolver-bootstrap-executor-%d] [                                                 ] c.n.d.s.r.aws.ConfigClusterResolver      : Resolving eureka endpoints via configuration
2026-08-04T10:24:19.533+07:00  WARN [api-gateway,,] 8092 --- [api-gateway] [parallel-6] [                                                 ] o.s.c.l.core.RoundRobinLoadBalancer      : No servers available for service: user-service
2026-08-04T10:24:19.590+07:00  WARN [api-gateway,,] 8092 --- [api-gateway] [parallel-10] [                                                 ] o.s.c.l.core.RoundRobinLoadBalancer      : No servers available for service: user-service
2026-08-04T10:24:20.285+07:00  WARN [api-gateway,,] 8092 --- [api-gateway] [parallel-7] [                                                 ] o.s.c.l.core.RoundRobinLoadBalancer      : No servers available for service: post-service
2026-08-04T10:24:43.390+07:00  WARN [api-gateway,,] 8092 --- [api-gateway] [parallel-5] [                                                 ] o.s.c.l.core.RoundRobinLoadBalancer      : No servers available for service: user-service
2026-08-04T10:24:43.397+07:00  WARN [api-gateway,,] 8092 --- [api-gateway] [parallel-6] [                                                 ] o.s.c.l.core.RoundRobinLoadBalancer      : No servers available for service: user-service
2026-08-04T10:24:43.706+07:00  WARN [api-gateway,,] 8092 --- [api-gateway] [parallel-9] [                                                 ] o.s.c.l.core.RoundRobinLoadBalancer      : No servers available for service: post-service
2026-08-04T10:29:18.723+07:00  INFO [api-gateway,,] 8092 --- [api-gateway] [AsyncResolver-bootstrap-executor-%d] [                                                 ] c.n.d.s.r.aws.ConfigClusterResolver      : Resolving eureka endpoints via configuration
2026-08-04T10:32:33.631+07:00  WARN [api-gateway,,] 8092 --- [api-gateway] [parallel-9] [                                                 ] o.s.c.l.core.RoundRobinLoadBalancer      : No servers available for service: user-service
2026-08-04T10:32:33.678+07:00  WARN [api-gateway,,] 8092 --- [api-gateway] [parallel-1] [                                                 ] o.s.c.l.core.RoundRobinLoadBalancer      : No servers available for service: user-service
2026-08-04T10:32:55.559+07:00  INFO [api-gateway,,] 8092 --- [api-gateway] [SpringApplicationShutdownHook] [                                                 ] o.s.c.n.e.s.EurekaServiceRegistry        : Unregistering application API-GATEWAY with eureka with status DOWN
2026-08-04T10:32:55.561+07:00  INFO [api-gateway,,] 8092 --- [api-gateway] [SpringApplicationShutdownHook] [                                                 ] com.netflix.discovery.DiscoveryClient    : Saw local status change event StatusChangeEvent [timestamp=1785814375561, current=DOWN, previous=UP]
2026-08-04T10:32:55.562+07:00  INFO [api-gateway,,] 8092 --- [api-gateway] [DiscoveryClient-InstanceInfoReplicator-%d] [                                                 ] com.netflix.discovery.DiscoveryClient    : DiscoveryClient_API-GATEWAY/192.168.111.1:api-gateway:8080: registering service...
2026-08-04T10:32:55.648+07:00  INFO [api-gateway,,] 8092 --- [api-gateway] [DiscoveryClient-InstanceInfoReplicator-%d] [                                                 ] c.n.d.s.t.d.RedirectingEurekaHttpClient  : Request execution error. endpoint=DefaultEndpoint{ serviceUrl='http://localhost:8761/eureka/} exception=I/O error on POST request for "http://localhost:8761/eureka/apps/API-GATEWAY": Connect to http://localhost:8761 [localhost/127.0.0.1, localhost/0:0:0:0:0:0:0:1] failed: Connection refused: no further information stacktrace=org.springframework.web.client.ResourceAccessException: I/O error on POST request for "http://localhost:8761/eureka/apps/API-GATEWAY": Connect to http://localhost:8761 [localhost/127.0.0.1, localhost/0:0:0:0:0:0:0:1] failed: Connection refused: no further information
	at org.springframework.web.client.RestTemplate.createResourceAccessException(RestTemplate.java:915)
	at org.springframework.web.client.RestTemplate.doExecute(RestTemplate.java:895)
	at org.springframework.web.client.RestTemplate.execute(RestTemplate.java:830)
	at org.springframework.web.client.RestTemplate.exchange(RestTemplate.java:691)
	at org.springframework.cloud.netflix.eureka.http.RestTemplateEurekaHttpClient.register(RestTemplateEurekaHttpClient.java:83)
	at com.netflix.discovery.shared.transport.decorator.EurekaHttpClientDecorator$1.execute(EurekaHttpClientDecorator.java:59)
	at com.netflix.discovery.shared.transport.decorator.RedirectingEurekaHttpClient.execute(RedirectingEurekaHttpClient.java:91)
	at com.netflix.discovery.shared.transport.decorator.EurekaHttpClientDecorator.register(EurekaHttpClientDecorator.java:56)
	at com.netflix.discovery.shared.transport.decorator.EurekaHttpClientDecorator$1.execute(EurekaHttpClientDecorator.java:59)
	at com.netflix.discovery.shared.transport.decorator.RetryableEurekaHttpClient.execute(RetryableEurekaHttpClient.java:120)
	at com.netflix.discovery.shared.transport.decorator.EurekaHttpClientDecorator.register(EurekaHttpClientDecorator.java:56)
	at com.netflix.discovery.shared.transport.decorator.EurekaHttpClientDecorator$1.execute(EurekaHttpClientDecorator.java:59)
	at com.netflix.discovery.shared.transport.decorator.SessionedEurekaHttpClient.execute(SessionedEurekaHttpClient.java:76)
	at com.netflix.discovery.shared.transport.decorator.EurekaHttpClientDecorator.register(EurekaHttpClientDecorator.java:56)
	at com.netflix.discovery.DiscoveryClient.register(DiscoveryClient.java:828)
	at com.netflix.discovery.InstanceInfoReplicator.run(InstanceInfoReplicator.java:125)
	at com.netflix.discovery.InstanceInfoReplicator$2.run(InstanceInfoReplicator.java:105)
	at java.base/java.util.concurrent.Executors$RunnableAdapter.call(Executors.java:539)
	at java.base/java.util.concurrent.FutureTask.run(FutureTask.java:264)
	at java.base/java.util.concurrent.ScheduledThreadPoolExecutor$ScheduledFutureTask.run(ScheduledThreadPoolExecutor.java:304)
	at java.base/java.util.concurrent.ThreadPoolExecutor.runWorker(ThreadPoolExecutor.java:1136)
	at java.base/java.util.concurrent.ThreadPoolExecutor$Worker.run(ThreadPoolExecutor.java:635)
	at java.base/java.lang.Thread.run(Thread.java:842)
Caused by: org.apache.hc.client5.http.HttpHostConnectException: Connect to http://localhost:8761 [localhost/127.0.0.1, localhost/0:0:0:0:0:0:0:1] failed: Connection refused: no further information
	at java.base/sun.nio.ch.Net.pollConnect(Native Method)
	at java.base/sun.nio.ch.Net.pollConnectNow(Net.java:672)
	at java.base/sun.nio.ch.NioSocketImpl.timedFinishConnect(NioSocketImpl.java:547)
	at java.base/sun.nio.ch.NioSocketImpl.connect(NioSocketImpl.java:602)
	at java.base/java.net.SocksSocketImpl.connect(SocksSocketImpl.java:327)
	at java.base/java.net.Socket.connect(Socket.java:633)
	at org.apache.hc.client5.http.socket.PlainConnectionSocketFactory.lambda$connectSocket$0(PlainConnectionSocketFactory.java:91)
	at java.base/java.security.AccessController.doPrivileged(AccessController.java:569)
	at org.apache.hc.client5.http.socket.PlainConnectionSocketFactory.connectSocket(PlainConnectionSocketFactory.java:90)
	at org.apache.hc.client5.http.socket.ConnectionSocketFactory.connectSocket(ConnectionSocketFactory.java:123)
	at org.apache.hc.client5.http.impl.io.DefaultHttpClientConnectionOperator.connect(DefaultHttpClientConnectionOperator.java:189)
	at org.apache.hc.client5.http.impl.io.PoolingHttpClientConnectionManager.connect(PoolingHttpClientConnectionManager.java:450)
	at org.apache.hc.client5.http.impl.classic.InternalExecRuntime.connectEndpoint(InternalExecRuntime.java:162)
	at org.apache.hc.client5.http.impl.classic.InternalExecRuntime.connectEndpoint(InternalExecRuntime.java:172)
	at org.apache.hc.client5.http.impl.classic.ConnectExec.execute(ConnectExec.java:142)
	at org.apache.hc.client5.http.impl.classic.ExecChainElement.execute(ExecChainElement.java:51)
	at org.apache.hc.client5.http.impl.classic.ProtocolExec.execute(ProtocolExec.java:192)
	at org.apache.hc.client5.http.impl.classic.ExecChainElement.execute(ExecChainElement.java:51)
	at org.apache.hc.client5.http.impl.classic.HttpRequestRetryExec.execute(HttpRequestRetryExec.java:113)
	at org.apache.hc.client5.http.impl.classic.ExecChainElement.execute(ExecChainElement.java:51)
	at org.apache.hc.client5.http.impl.classic.ContentCompressionExec.execute(ContentCompressionExec.java:152)
	at org.apache.hc.client5.http.impl.classic.ExecChainElement.execute(ExecChainElement.java:51)
	at org.apache.hc.client5.http.impl.classic.RedirectExec.execute(RedirectExec.java:116)
	at org.apache.hc.client5.http.impl.classic.ExecChainElement.execute(ExecChainElement.java:51)
	at org.apache.hc.client5.http.impl.classic.InternalHttpClient.doExecute(InternalHttpClient.java:170)
	at org.apache.hc.client5.http.impl.classic.CloseableHttpClient.execute(CloseableHttpClient.java:87)
	at org.apache.hc.client5.http.impl.classic.CloseableHttpClient.execute(CloseableHttpClient.java:55)
	at org.apache.hc.client5.http.classic.HttpClient.executeOpen(HttpClient.java:183)
	at org.springframework.http.client.HttpComponentsClientHttpRequest.executeInternal(HttpComponentsClientHttpRequest.java:99)
	at org.springframework.http.client.AbstractStreamingClientHttpRequest.executeInternal(AbstractStreamingClientHttpRequest.java:70)
	at org.springframework.http.client.AbstractClientHttpRequest.execute(AbstractClientHttpRequest.java:66)
	at org.springframework.http.client.InterceptingClientHttpRequest$InterceptingRequestExecution.execute(InterceptingClientHttpRequest.java:112)
	at org.springframework.cloud.netflix.eureka.http.RestTemplateTransportClientFactory.lambda$restTemplate$3(RestTemplateTransportClientFactory.java:170)
	at org.springframework.http.client.InterceptingClientHttpRequest$InterceptingRequestExecution.execute(InterceptingClientHttpRequest.java:88)
	at org.springframework.http.client.InterceptingClientHttpRequest.executeInternal(InterceptingClientHttpRequest.java:72)
	at org.springframework.http.client.AbstractBufferingClientHttpRequest.executeInternal(AbstractBufferingClientHttpRequest.java:48)
	at org.springframework.http.client.AbstractClientHttpRequest.execute(AbstractClientHttpRequest.java:66)
	at org.springframework.web.client.RestTemplate.doExecute(RestTemplate.java:889)
	... 21 more

2026-08-04T10:32:55.656+07:00  WARN [api-gateway,,] 8092 --- [api-gateway] [DiscoveryClient-InstanceInfoReplicator-%d] [                                                 ] c.n.d.s.t.d.RetryableEurekaHttpClient    : Request execution failed with message: I/O error on POST request for "http://localhost:8761/eureka/apps/API-GATEWAY": Connect to http://localhost:8761 [localhost/127.0.0.1, localhost/0:0:0:0:0:0:0:1] failed: Connection refused: no further information
2026-08-04T10:32:55.711+07:00  INFO [api-gateway,,] 8092 --- [api-gateway] [DiscoveryClient-InstanceInfoReplicator-%d] [                                                 ] c.n.d.s.t.d.RedirectingEurekaHttpClient  : Request execution error. endpoint=DefaultEndpoint{ serviceUrl='http://localhost:8761/eureka/}, exception=I/O error on POST request for "http://localhost:8761/eureka/apps/API-GATEWAY": Connect to http://localhost:8761 [localhost/127.0.0.1, localhost/0:0:0:0:0:0:0:1] failed: Connection refused: no further information stacktrace=org.springframework.web.client.ResourceAccessException: I/O error on POST request for "http://localhost:8761/eureka/apps/API-GATEWAY": Connect to http://localhost:8761 [localhost/127.0.0.1, localhost/0:0:0:0:0:0:0:1] failed: Connection refused: no further information
	at org.springframework.web.client.RestTemplate.createResourceAccessException(RestTemplate.java:915)
	at org.springframework.web.client.RestTemplate.doExecute(RestTemplate.java:895)
	at org.springframework.web.client.RestTemplate.execute(RestTemplate.java:830)
	at org.springframework.web.client.RestTemplate.exchange(RestTemplate.java:691)
	at org.springframework.cloud.netflix.eureka.http.RestTemplateEurekaHttpClient.register(RestTemplateEurekaHttpClient.java:83)
	at com.netflix.discovery.shared.transport.decorator.EurekaHttpClientDecorator$1.execute(EurekaHttpClientDecorator.java:59)
	at com.netflix.discovery.shared.transport.decorator.RedirectingEurekaHttpClient.executeOnNewServer(RedirectingEurekaHttpClient.java:121)
	at com.netflix.discovery.shared.transport.decorator.RedirectingEurekaHttpClient.execute(RedirectingEurekaHttpClient.java:80)
	at com.netflix.discovery.shared.transport.decorator.EurekaHttpClientDecorator.register(EurekaHttpClientDecorator.java:56)
	at com.netflix.discovery.shared.transport.decorator.EurekaHttpClientDecorator$1.execute(EurekaHttpClientDecorator.java:59)
	at com.netflix.discovery.shared.transport.decorator.RetryableEurekaHttpClient.execute(RetryableEurekaHttpClient.java:120)
	at com.netflix.discovery.shared.transport.decorator.EurekaHttpClientDecorator.register(EurekaHttpClientDecorator.java:56)
	at com.netflix.discovery.shared.transport.decorator.EurekaHttpClientDecorator$1.execute(EurekaHttpClientDecorator.java:59)
	at com.netflix.discovery.shared.transport.decorator.SessionedEurekaHttpClient.execute(SessionedEurekaHttpClient.java:76)
	at com.netflix.discovery.shared.transport.decorator.EurekaHttpClientDecorator.register(EurekaHttpClientDecorator.java:56)
	at com.netflix.discovery.DiscoveryClient.register(DiscoveryClient.java:828)
	at com.netflix.discovery.InstanceInfoReplicator.run(InstanceInfoReplicator.java:125)
	at com.netflix.discovery.InstanceInfoReplicator$2.run(InstanceInfoReplicator.java:105)
	at java.base/java.util.concurrent.Executors$RunnableAdapter.call(Executors.java:539)
	at java.base/java.util.concurrent.FutureTask.run(FutureTask.java:264)
	at java.base/java.util.concurrent.ScheduledThreadPoolExecutor$ScheduledFutureTask.run(ScheduledThreadPoolExecutor.java:304)
	at java.base/java.util.concurrent.ThreadPoolExecutor.runWorker(ThreadPoolExecutor.java:1136)
	at java.base/java.util.concurrent.ThreadPoolExecutor$Worker.run(ThreadPoolExecutor.java:635)
	at java.base/java.lang.Thread.run(Thread.java:842)
Caused by: org.apache.hc.client5.http.HttpHostConnectException: Connect to http://localhost:8761 [localhost/127.0.0.1, localhost/0:0:0:0:0:0:0:1] failed: Connection refused: no further information
	at java.base/sun.nio.ch.Net.pollConnect(Native Method)
	at java.base/sun.nio.ch.Net.pollConnectNow(Net.java:672)
	at java.base/sun.nio.ch.NioSocketImpl.timedFinishConnect(NioSocketImpl.java:547)
	at java.base/sun.nio.ch.NioSocketImpl.connect(NioSocketImpl.java:602)
	at java.base/java.net.SocksSocketImpl.connect(SocksSocketImpl.java:327)
	at java.base/java.net.Socket.connect(Socket.java:633)
	at org.apache.hc.client5.http.socket.PlainConnectionSocketFactory.lambda$connectSocket$0(PlainConnectionSocketFactory.java:91)
	at java.base/java.security.AccessController.doPrivileged(AccessController.java:569)
	at org.apache.hc.client5.http.socket.PlainConnectionSocketFactory.connectSocket(PlainConnectionSocketFactory.java:90)
	at org.apache.hc.client5.http.socket.ConnectionSocketFactory.connectSocket(ConnectionSocketFactory.java:123)
	at org.apache.hc.client5.http.impl.io.DefaultHttpClientConnectionOperator.connect(DefaultHttpClientConnectionOperator.java:189)
	at org.apache.hc.client5.http.impl.io.PoolingHttpClientConnectionManager.connect(PoolingHttpClientConnectionManager.java:450)
	at org.apache.hc.client5.http.impl.classic.InternalExecRuntime.connectEndpoint(InternalExecRuntime.java:162)
	at org.apache.hc.client5.http.impl.classic.InternalExecRuntime.connectEndpoint(InternalExecRuntime.java:172)
	at org.apache.hc.client5.http.impl.classic.ConnectExec.execute(ConnectExec.java:142)
	at org.apache.hc.client5.http.impl.classic.ExecChainElement.execute(ExecChainElement.java:51)
	at org.apache.hc.client5.http.impl.classic.ProtocolExec.execute(ProtocolExec.java:192)
	at org.apache.hc.client5.http.impl.classic.ExecChainElement.execute(ExecChainElement.java:51)
	at org.apache.hc.client5.http.impl.classic.HttpRequestRetryExec.execute(HttpRequestRetryExec.java:113)
	at org.apache.hc.client5.http.impl.classic.ExecChainElement.execute(ExecChainElement.java:51)
	at org.apache.hc.client5.http.impl.classic.ContentCompressionExec.execute(ContentCompressionExec.java:152)
	at org.apache.hc.client5.http.impl.classic.ExecChainElement.execute(ExecChainElement.java:51)
	at org.apache.hc.client5.http.impl.classic.RedirectExec.execute(RedirectExec.java:116)
	at org.apache.hc.client5.http.impl.classic.ExecChainElement.execute(ExecChainElement.java:51)
	at org.apache.hc.client5.http.impl.classic.InternalHttpClient.doExecute(InternalHttpClient.java:170)
	at org.apache.hc.client5.http.impl.classic.CloseableHttpClient.execute(CloseableHttpClient.java:87)
	at org.apache.hc.client5.http.impl.classic.CloseableHttpClient.execute(CloseableHttpClient.java:55)
	at org.apache.hc.client5.http.classic.HttpClient.executeOpen(HttpClient.java:183)
	at org.springframework.http.client.HttpComponentsClientHttpRequest.executeInternal(HttpComponentsClientHttpRequest.java:99)
	at org.springframework.http.client.AbstractStreamingClientHttpRequest.executeInternal(AbstractStreamingClientHttpRequest.java:70)
	at org.springframework.http.client.AbstractClientHttpRequest.execute(AbstractClientHttpRequest.java:66)
	at org.springframework.http.client.InterceptingClientHttpRequest$InterceptingRequestExecution.execute(InterceptingClientHttpRequest.java:112)
	at org.springframework.cloud.netflix.eureka.http.RestTemplateTransportClientFactory.lambda$restTemplate$3(RestTemplateTransportClientFactory.java:170)
	at org.springframework.http.client.InterceptingClientHttpRequest$InterceptingRequestExecution.execute(InterceptingClientHttpRequest.java:88)
	at org.springframework.http.client.InterceptingClientHttpRequest.executeInternal(InterceptingClientHttpRequest.java:72)
	at org.springframework.http.client.AbstractBufferingClientHttpRequest.executeInternal(AbstractBufferingClientHttpRequest.java:48)
	at org.springframework.http.client.AbstractClientHttpRequest.execute(AbstractClientHttpRequest.java:66)
	at org.springframework.web.client.RestTemplate.doExecute(RestTemplate.java:889)
	... 22 more

2026-08-04T10:32:55.718+07:00  WARN [api-gateway,,] 8092 --- [api-gateway] [DiscoveryClient-InstanceInfoReplicator-%d] [                                                 ] c.n.d.s.t.d.RetryableEurekaHttpClient    : Request execution failed with message: I/O error on POST request for "http://localhost:8761/eureka/apps/API-GATEWAY": Connect to http://localhost:8761 [localhost/127.0.0.1, localhost/0:0:0:0:0:0:0:1] failed: Connection refused: no further information
2026-08-04T10:32:55.723+07:00  WARN [api-gateway,,] 8092 --- [api-gateway] [DiscoveryClient-InstanceInfoReplicator-%d] [                                                 ] com.netflix.discovery.DiscoveryClient    : DiscoveryClient_API-GATEWAY/192.168.111.1:api-gateway:8080 - registration failed Cannot execute request on any known server

com.netflix.discovery.shared.transport.TransportException: Cannot execute request on any known server
	at com.netflix.discovery.shared.transport.decorator.RetryableEurekaHttpClient.execute(RetryableEurekaHttpClient.java:112) ~[eureka-client-2.0.4.jar:2.0.4]
	at com.netflix.discovery.shared.transport.decorator.EurekaHttpClientDecorator.register(EurekaHttpClientDecorator.java:56) ~[eureka-client-2.0.4.jar:2.0.4]
	at com.netflix.discovery.shared.transport.decorator.EurekaHttpClientDecorator$1.execute(EurekaHttpClientDecorator.java:59) ~[eureka-client-2.0.4.jar:2.0.4]
	at com.netflix.discovery.shared.transport.decorator.SessionedEurekaHttpClient.execute(SessionedEurekaHttpClient.java:76) ~[eureka-client-2.0.4.jar:2.0.4]
	at com.netflix.discovery.shared.transport.decorator.EurekaHttpClientDecorator.register(EurekaHttpClientDecorator.java:56) ~[eureka-client-2.0.4.jar:2.0.4]
	at com.netflix.discovery.DiscoveryClient.register(DiscoveryClient.java:828) ~[eureka-client-2.0.4.jar:2.0.4]
	at com.netflix.discovery.InstanceInfoReplicator.run(InstanceInfoReplicator.java:125) ~[eureka-client-2.0.4.jar:2.0.4]
	at com.netflix.discovery.InstanceInfoReplicator$2.run(InstanceInfoReplicator.java:105) ~[eureka-client-2.0.4.jar:2.0.4]
	at java.base/java.util.concurrent.Executors$RunnableAdapter.call(Executors.java:539) ~[na:na]
	at java.base/java.util.concurrent.FutureTask.run(FutureTask.java:264) ~[na:na]
	at java.base/java.util.concurrent.ScheduledThreadPoolExecutor$ScheduledFutureTask.run(ScheduledThreadPoolExecutor.java:304) ~[na:na]
	at java.base/java.util.concurrent.ThreadPoolExecutor.runWorker(ThreadPoolExecutor.java:1136) ~[na:na]
	at java.base/java.util.concurrent.ThreadPoolExecutor$Worker.run(ThreadPoolExecutor.java:635) ~[na:na]
	at java.base/java.lang.Thread.run(Thread.java:842) ~[na:na]

2026-08-04T10:32:55.729+07:00  WARN [api-gateway,,] 8092 --- [api-gateway] [DiscoveryClient-InstanceInfoReplicator-%d] [                                                 ] c.n.discovery.InstanceInfoReplicator     : There was a problem with the instance info replicator

com.netflix.discovery.shared.transport.TransportException: Cannot execute request on any known server
	at com.netflix.discovery.shared.transport.decorator.RetryableEurekaHttpClient.execute(RetryableEurekaHttpClient.java:112) ~[eureka-client-2.0.4.jar:2.0.4]
	at com.netflix.discovery.shared.transport.decorator.EurekaHttpClientDecorator.register(EurekaHttpClientDecorator.java:56) ~[eureka-client-2.0.4.jar:2.0.4]
	at com.netflix.discovery.shared.transport.decorator.EurekaHttpClientDecorator$1.execute(EurekaHttpClientDecorator.java:59) ~[eureka-client-2.0.4.jar:2.0.4]
	at com.netflix.discovery.shared.transport.decorator.SessionedEurekaHttpClient.execute(SessionedEurekaHttpClient.java:76) ~[eureka-client-2.0.4.jar:2.0.4]
	at com.netflix.discovery.shared.transport.decorator.EurekaHttpClientDecorator.register(EurekaHttpClientDecorator.java:56) ~[eureka-client-2.0.4.jar:2.0.4]
	at com.netflix.discovery.DiscoveryClient.register(DiscoveryClient.java:828) ~[eureka-client-2.0.4.jar:2.0.4]
	at com.netflix.discovery.InstanceInfoReplicator.run(InstanceInfoReplicator.java:125) ~[eureka-client-2.0.4.jar:2.0.4]
	at com.netflix.discovery.InstanceInfoReplicator$2.run(InstanceInfoReplicator.java:105) ~[eureka-client-2.0.4.jar:2.0.4]
	at java.base/java.util.concurrent.Executors$RunnableAdapter.call(Executors.java:539) ~[na:na]
	at java.base/java.util.concurrent.FutureTask.run(FutureTask.java:264) ~[na:na]
	at java.base/java.util.concurrent.ScheduledThreadPoolExecutor$ScheduledFutureTask.run(ScheduledThreadPoolExecutor.java:304) ~[na:na]
	at java.base/java.util.concurrent.ThreadPoolExecutor.runWorker(ThreadPoolExecutor.java:1136) ~[na:na]
	at java.base/java.util.concurrent.ThreadPoolExecutor$Worker.run(ThreadPoolExecutor.java:635) ~[na:na]
	at java.base/java.lang.Thread.run(Thread.java:842) ~[na:na]

2026-08-04T10:32:57.766+07:00  INFO [api-gateway,,] 8092 --- [api-gateway] [SpringApplicationShutdownHook] [                                                 ] com.netflix.discovery.DiscoveryClient    : Shutting down DiscoveryClient ...
2026-08-04T13:56:23.928+07:00  INFO [api-gateway,,] 27704 --- [api-gateway] [main] [                                                 ] c.n.S.gateway.ApiGatewayApplication      : Starting ApiGatewayApplication using Java 17.0.9 with PID 27704 (D:\Projects\Social-media\backend\api-gateway\target\classes started by BANG in D:\Projects\Social-media\backend\api-gateway)
2026-08-04T13:56:24.009+07:00  INFO [api-gateway,,] 27704 --- [api-gateway] [main] [                                                 ] c.n.S.gateway.ApiGatewayApplication      : No active profile set, falling back to 1 default profile: "default"
2026-08-04T13:56:43.492+07:00  INFO [api-gateway,,] 27704 --- [api-gateway] [main] [                                                 ] o.s.cloud.context.scope.GenericScope     : BeanFactory id=7772fca1-0066-3a92-9999-184093c7a34c
2026-08-04T13:57:05.046+07:00  INFO [api-gateway,,] 27704 --- [api-gateway] [main] [                                                 ] o.s.c.g.r.RouteDefinitionRouteLocator    : Loaded RoutePredicateFactory [After]
2026-08-04T13:57:05.054+07:00  INFO [api-gateway,,] 27704 --- [api-gateway] [main] [                                                 ] o.s.c.g.r.RouteDefinitionRouteLocator    : Loaded RoutePredicateFactory [Before]
2026-08-04T13:57:05.055+07:00  INFO [api-gateway,,] 27704 --- [api-gateway] [main] [                                                 ] o.s.c.g.r.RouteDefinitionRouteLocator    : Loaded RoutePredicateFactory [Between]
2026-08-04T13:57:05.056+07:00  INFO [api-gateway,,] 27704 --- [api-gateway] [main] [                                                 ] o.s.c.g.r.RouteDefinitionRouteLocator    : Loaded RoutePredicateFactory [Cookie]
2026-08-04T13:57:05.057+07:00  INFO [api-gateway,,] 27704 --- [api-gateway] [main] [                                                 ] o.s.c.g.r.RouteDefinitionRouteLocator    : Loaded RoutePredicateFactory [Header]
2026-08-04T13:57:05.058+07:00  INFO [api-gateway,,] 27704 --- [api-gateway] [main] [                                                 ] o.s.c.g.r.RouteDefinitionRouteLocator    : Loaded RoutePredicateFactory [Host]
2026-08-04T13:57:05.172+07:00  INFO [api-gateway,,] 27704 --- [api-gateway] [main] [                                                 ] o.s.c.g.r.RouteDefinitionRouteLocator    : Loaded RoutePredicateFactory [Method]
2026-08-04T13:57:05.250+07:00  INFO [api-gateway,,] 27704 --- [api-gateway] [main] [                                                 ] o.s.c.g.r.RouteDefinitionRouteLocator    : Loaded RoutePredicateFactory [Path]
2026-08-04T13:57:05.573+07:00  INFO [api-gateway,,] 27704 --- [api-gateway] [main] [                                                 ] o.s.c.g.r.RouteDefinitionRouteLocator    : Loaded RoutePredicateFactory [Query]
2026-08-04T13:57:05.825+07:00  INFO [api-gateway,,] 27704 --- [api-gateway] [main] [                                                 ] o.s.c.g.r.RouteDefinitionRouteLocator    : Loaded RoutePredicateFactory [ReadBody]
2026-08-04T13:57:05.863+07:00  INFO [api-gateway,,] 27704 --- [api-gateway] [main] [                                                 ] o.s.c.g.r.RouteDefinitionRouteLocator    : Loaded RoutePredicateFactory [RemoteAddr]
2026-08-04T13:57:05.999+07:00  INFO [api-gateway,,] 27704 --- [api-gateway] [main] [                                                 ] o.s.c.g.r.RouteDefinitionRouteLocator    : Loaded RoutePredicateFactory [XForwardedRemoteAddr]
2026-08-04T13:57:06.343+07:00  INFO [api-gateway,,] 27704 --- [api-gateway] [main] [                                                 ] o.s.c.g.r.RouteDefinitionRouteLocator    : Loaded RoutePredicateFactory [Weight]
2026-08-04T13:57:06.548+07:00  INFO [api-gateway,,] 27704 --- [api-gateway] [main] [                                                 ] o.s.c.g.r.RouteDefinitionRouteLocator    : Loaded RoutePredicateFactory [CloudFoundryRouteService]
2026-08-04T13:57:19.014+07:00  INFO [api-gateway,,] 27704 --- [api-gateway] [main] [                                                 ] o.s.b.a.e.web.EndpointLinksResolver      : Exposing 4 endpoints beneath base path '/actuator'
2026-08-04T13:57:20.204+07:00  INFO [api-gateway,,] 27704 --- [api-gateway] [main] [                                                 ] DiscoveryClientOptionalArgsConfiguration : Eureka HTTP Client uses RestTemplate.
2026-08-04T13:57:20.377+07:00  WARN [api-gateway,,] 27704 --- [api-gateway] [main] [                                                 ] iguration$LoadBalancerCaffeineWarnLogger : Spring Cloud LoadBalancer is currently working with the default cache. While this cache implementation is useful for development and tests, it's recommended to use Caffeine cache in production.You can switch to using Caffeine cache, by adding it and org.springframework.cache.caffeine.CaffeineCacheManager to the classpath.
2026-08-04T13:57:20.781+07:00  INFO [api-gateway,,] 27704 --- [api-gateway] [main] [                                                 ] o.s.c.n.eureka.InstanceInfoFactory       : Setting initial instance status as: STARTING
2026-08-04T13:57:20.952+07:00  INFO [api-gateway,,] 27704 --- [api-gateway] [main] [                                                 ] com.netflix.discovery.DiscoveryClient    : Initializing Eureka in region us-east-1
2026-08-04T13:57:21.049+07:00  INFO [api-gateway,,] 27704 --- [api-gateway] [main] [                                                 ] c.n.d.s.r.aws.ConfigClusterResolver      : Resolving eureka endpoints via configuration
2026-08-04T13:57:21.083+07:00  INFO [api-gateway,,] 27704 --- [api-gateway] [main] [                                                 ] com.netflix.discovery.DiscoveryClient    : Disable delta property : false
2026-08-04T13:57:21.085+07:00  INFO [api-gateway,,] 27704 --- [api-gateway] [main] [                                                 ] com.netflix.discovery.DiscoveryClient    : Single vip registry refresh property : null
2026-08-04T13:57:21.246+07:00  INFO [api-gateway,,] 27704 --- [api-gateway] [main] [                                                 ] com.netflix.discovery.DiscoveryClient    : Force full registry fetch : false
2026-08-04T13:57:21.435+07:00  INFO [api-gateway,,] 27704 --- [api-gateway] [main] [                                                 ] com.netflix.discovery.DiscoveryClient    : Application is null : false
2026-08-04T13:57:21.488+07:00  INFO [api-gateway,,] 27704 --- [api-gateway] [main] [                                                 ] com.netflix.discovery.DiscoveryClient    : Registered Applications size is zero : true
2026-08-04T13:57:21.577+07:00  INFO [api-gateway,,] 27704 --- [api-gateway] [main] [                                                 ] com.netflix.discovery.DiscoveryClient    : Application version is -1: true
2026-08-04T13:57:21.578+07:00  INFO [api-gateway,,] 27704 --- [api-gateway] [main] [                                                 ] com.netflix.discovery.DiscoveryClient    : Getting all instance registry info from the eureka server
2026-08-04T13:57:22.837+07:00  INFO [api-gateway,,] 27704 --- [api-gateway] [main] [                                                 ] com.netflix.discovery.DiscoveryClient    : The response status is 200
2026-08-04T13:57:22.841+07:00  INFO [api-gateway,,] 27704 --- [api-gateway] [main] [                                                 ] com.netflix.discovery.DiscoveryClient    : Starting heartbeat executor: renew interval is: 30
2026-08-04T13:57:22.847+07:00  INFO [api-gateway,,] 27704 --- [api-gateway] [main] [                                                 ] c.n.discovery.InstanceInfoReplicator     : InstanceInfoReplicator onDemand update allowed rate per min is 4
2026-08-04T13:57:22.852+07:00  INFO [api-gateway,,] 27704 --- [api-gateway] [main] [                                                 ] com.netflix.discovery.DiscoveryClient    : Discovery Client initialized at timestamp 1785826642850 with initial instances count: 0
2026-08-04T13:57:23.054+07:00  INFO [api-gateway,,] 27704 --- [api-gateway] [main] [                                                 ] o.s.c.n.e.s.EurekaServiceRegistry        : Registering application API-GATEWAY with eureka with status UP
2026-08-04T13:57:23.056+07:00  INFO [api-gateway,,] 27704 --- [api-gateway] [main] [                                                 ] com.netflix.discovery.DiscoveryClient    : Saw local status change event StatusChangeEvent [timestamp=1785826643056, current=UP, previous=STARTING]
2026-08-04T13:57:23.061+07:00  INFO [api-gateway,,] 27704 --- [api-gateway] [DiscoveryClient-InstanceInfoReplicator-%d] [                                                 ] com.netflix.discovery.DiscoveryClient    : DiscoveryClient_API-GATEWAY/LAPTOP-4K64MGNI:api-gateway:8080: registering service...
2026-08-04T13:57:23.504+07:00  INFO [api-gateway,,] 27704 --- [api-gateway] [DiscoveryClient-InstanceInfoReplicator-%d] [                                                 ] com.netflix.discovery.DiscoveryClient    : DiscoveryClient_API-GATEWAY/LAPTOP-4K64MGNI:api-gateway:8080 - registration status: 204
2026-08-04T13:57:27.818+07:00  INFO [api-gateway,,] 27704 --- [api-gateway] [main] [                                                 ] o.s.b.web.embedded.netty.NettyWebServer  : Netty started on port 8080 (http)
2026-08-04T13:57:27.823+07:00  INFO [api-gateway,,] 27704 --- [api-gateway] [main] [                                                 ] .s.c.n.e.s.EurekaAutoServiceRegistration : Updating port to 8080
2026-08-04T13:57:31.577+07:00  INFO [api-gateway,,] 27704 --- [api-gateway] [main] [                                                 ] c.n.S.gateway.ApiGatewayApplication      : Started ApiGatewayApplication in 83.64 seconds (process running for 87.901)
2026-08-04T13:57:52.925+07:00  INFO [api-gateway,,] 27704 --- [api-gateway] [DiscoveryClient-CacheRefreshExecutor-%d] [                                                 ] com.netflix.discovery.DiscoveryClient    : Disable delta property : false
2026-08-04T13:57:52.962+07:00  INFO [api-gateway,,] 27704 --- [api-gateway] [DiscoveryClient-CacheRefreshExecutor-%d] [                                                 ] com.netflix.discovery.DiscoveryClient    : Single vip registry refresh property : null
2026-08-04T13:57:53.003+07:00  INFO [api-gateway,,] 27704 --- [api-gateway] [DiscoveryClient-CacheRefreshExecutor-%d] [                                                 ] com.netflix.discovery.DiscoveryClient    : Force full registry fetch : false
2026-08-04T13:57:53.036+07:00  INFO [api-gateway,,] 27704 --- [api-gateway] [DiscoveryClient-CacheRefreshExecutor-%d] [                                                 ] com.netflix.discovery.DiscoveryClient    : Application is null : false
2026-08-04T13:57:53.061+07:00  INFO [api-gateway,,] 27704 --- [api-gateway] [DiscoveryClient-CacheRefreshExecutor-%d] [                                                 ] com.netflix.discovery.DiscoveryClient    : Registered Applications size is zero : true
2026-08-04T13:57:53.089+07:00  INFO [api-gateway,,] 27704 --- [api-gateway] [DiscoveryClient-CacheRefreshExecutor-%d] [                                                 ] com.netflix.discovery.DiscoveryClient    : Application version is -1: false
2026-08-04T13:57:53.126+07:00  INFO [api-gateway,,] 27704 --- [api-gateway] [DiscoveryClient-CacheRefreshExecutor-%d] [                                                 ] com.netflix.discovery.DiscoveryClient    : Getting all instance registry info from the eureka server
2026-08-04T13:57:54.915+07:00  INFO [api-gateway,,] 27704 --- [api-gateway] [DiscoveryClient-CacheRefreshExecutor-%d] [                                                 ] com.netflix.discovery.DiscoveryClient    : The response status is 200
2026-08-04T13:58:17.171+07:00 ERROR [api-gateway,,] 27704 --- [api-gateway] [OkHttp http://localhost:4319/...] [                                                 ] i.o.exporter.internal.http.HttpExporter  : Failed to export spans. The request could not be executed. Full error message: Read timed out

java.net.SocketTimeoutException: Read timed out
	at java.base/sun.nio.ch.NioSocketImpl.timedRead(NioSocketImpl.java:288) ~[na:na]
	at java.base/sun.nio.ch.NioSocketImpl.implRead(NioSocketImpl.java:314) ~[na:na]
	at java.base/sun.nio.ch.NioSocketImpl.read(NioSocketImpl.java:355) ~[na:na]
	at java.base/sun.nio.ch.NioSocketImpl$1.read(NioSocketImpl.java:808) ~[na:na]
	at java.base/java.net.Socket$SocketInputStream.read(Socket.java:966) ~[na:na]
	at okio.InputStreamSource.read(JvmOkio.kt:93) ~[okio-jvm-3.6.0.jar:na]
	at okio.AsyncTimeout$source$1.read(AsyncTimeout.kt:128) ~[okio-jvm-3.6.0.jar:na]
	at okio.RealBufferedSource.indexOf(RealBufferedSource.kt:430) ~[okio-jvm-3.6.0.jar:na]
	at okio.RealBufferedSource.readUtf8LineStrict(RealBufferedSource.kt:323) ~[okio-jvm-3.6.0.jar:na]
	at okhttp3.internal.http1.HeadersReader.readLine(HeadersReader.kt:29) ~[okhttp-4.12.0.jar:na]
	at okhttp3.internal.http1.Http1ExchangeCodec.readResponseHeaders(Http1ExchangeCodec.kt:180) ~[okhttp-4.12.0.jar:na]
	at okhttp3.internal.connection.Exchange.readResponseHeaders(Exchange.kt:110) ~[okhttp-4.12.0.jar:na]
	at okhttp3.internal.http.CallServerInterceptor.intercept(CallServerInterceptor.kt:93) ~[okhttp-4.12.0.jar:na]
	at okhttp3.internal.http.RealInterceptorChain.proceed(RealInterceptorChain.kt:109) ~[okhttp-4.12.0.jar:na]
	at okhttp3.internal.connection.ConnectInterceptor.intercept(ConnectInterceptor.kt:34) ~[okhttp-4.12.0.jar:na]
	at okhttp3.internal.http.RealInterceptorChain.proceed(RealInterceptorChain.kt:109) ~[okhttp-4.12.0.jar:na]
	at okhttp3.internal.cache.CacheInterceptor.intercept(CacheInterceptor.kt:95) ~[okhttp-4.12.0.jar:na]
	at okhttp3.internal.http.RealInterceptorChain.proceed(RealInterceptorChain.kt:109) ~[okhttp-4.12.0.jar:na]
	at okhttp3.internal.http.BridgeInterceptor.intercept(BridgeInterceptor.kt:83) ~[okhttp-4.12.0.jar:na]
	at okhttp3.internal.http.RealInterceptorChain.proceed(RealInterceptorChain.kt:109) ~[okhttp-4.12.0.jar:na]
	at okhttp3.internal.http.RetryAndFollowUpInterceptor.intercept(RetryAndFollowUpInterceptor.kt:76) ~[okhttp-4.12.0.jar:na]
	at okhttp3.internal.http.RealInterceptorChain.proceed(RealInterceptorChain.kt:109) ~[okhttp-4.12.0.jar:na]
	at okhttp3.internal.connection.RealCall.getResponseWithInterceptorChain$okhttp(RealCall.kt:201) ~[okhttp-4.12.0.jar:na]
	at okhttp3.internal.connection.RealCall$AsyncCall.run(RealCall.kt:517) ~[okhttp-4.12.0.jar:na]
	at java.base/java.util.concurrent.ThreadPoolExecutor.runWorker(ThreadPoolExecutor.java:1136) ~[na:na]
	at java.base/java.util.concurrent.ThreadPoolExecutor$Worker.run(ThreadPoolExecutor.java:635) ~[na:na]
	at java.base/java.lang.Thread.run(Thread.java:842) ~[na:na]

2026-08-04T14:02:21.595+07:00  INFO [api-gateway,,] 27704 --- [api-gateway] [AsyncResolver-bootstrap-executor-%d] [                                                 ] c.n.d.s.r.aws.ConfigClusterResolver      : Resolving eureka endpoints via configuration
2026-08-04T14:09:11.293+07:00  INFO [api-gateway,,] 8924 --- [api-gateway] [main] [                                                 ] c.n.S.gateway.ApiGatewayApplication      : Starting ApiGatewayApplication using Java 17.0.9 with PID 8924 (D:\Projects\Social-media\backend\api-gateway\target\classes started by BANG in D:\Projects\Social-media\backend\api-gateway)
2026-08-04T14:09:11.537+07:00  INFO [api-gateway,,] 8924 --- [api-gateway] [main] [                                                 ] c.n.S.gateway.ApiGatewayApplication      : No active profile set, falling back to 1 default profile: "default"
2026-08-04T14:10:37.456+07:00  INFO [api-gateway,,] 8924 --- [api-gateway] [main] [                                                 ] o.s.cloud.context.scope.GenericScope     : BeanFactory id=7772fca1-0066-3a92-9999-184093c7a34c
2026-08-04T14:11:54.994+07:00  INFO [api-gateway,,] 8924 --- [api-gateway] [main] [                                                 ] o.s.c.g.r.RouteDefinitionRouteLocator    : Loaded RoutePredicateFactory [After]
2026-08-04T14:11:55.037+07:00  INFO [api-gateway,,] 8924 --- [api-gateway] [main] [                                                 ] o.s.c.g.r.RouteDefinitionRouteLocator    : Loaded RoutePredicateFactory [Before]
2026-08-04T14:11:55.068+07:00  INFO [api-gateway,,] 8924 --- [api-gateway] [main] [                                                 ] o.s.c.g.r.RouteDefinitionRouteLocator    : Loaded RoutePredicateFactory [Between]
2026-08-04T14:11:55.166+07:00  INFO [api-gateway,,] 8924 --- [api-gateway] [main] [                                                 ] o.s.c.g.r.RouteDefinitionRouteLocator    : Loaded RoutePredicateFactory [Cookie]
2026-08-04T14:11:55.292+07:00  INFO [api-gateway,,] 8924 --- [api-gateway] [main] [                                                 ] o.s.c.g.r.RouteDefinitionRouteLocator    : Loaded RoutePredicateFactory [Header]
2026-08-04T14:11:55.323+07:00  INFO [api-gateway,,] 8924 --- [api-gateway] [main] [                                                 ] o.s.c.g.r.RouteDefinitionRouteLocator    : Loaded RoutePredicateFactory [Host]
2026-08-04T14:11:55.359+07:00  INFO [api-gateway,,] 8924 --- [api-gateway] [main] [                                                 ] o.s.c.g.r.RouteDefinitionRouteLocator    : Loaded RoutePredicateFactory [Method]
2026-08-04T14:11:55.384+07:00  INFO [api-gateway,,] 8924 --- [api-gateway] [main] [                                                 ] o.s.c.g.r.RouteDefinitionRouteLocator    : Loaded RoutePredicateFactory [Path]
2026-08-04T14:11:55.426+07:00  INFO [api-gateway,,] 8924 --- [api-gateway] [main] [                                                 ] o.s.c.g.r.RouteDefinitionRouteLocator    : Loaded RoutePredicateFactory [Query]
2026-08-04T14:11:55.443+07:00  INFO [api-gateway,,] 8924 --- [api-gateway] [main] [                                                 ] o.s.c.g.r.RouteDefinitionRouteLocator    : Loaded RoutePredicateFactory [ReadBody]
2026-08-04T14:11:55.494+07:00  INFO [api-gateway,,] 8924 --- [api-gateway] [main] [                                                 ] o.s.c.g.r.RouteDefinitionRouteLocator    : Loaded RoutePredicateFactory [RemoteAddr]
2026-08-04T14:11:55.667+07:00  INFO [api-gateway,,] 8924 --- [api-gateway] [main] [                                                 ] o.s.c.g.r.RouteDefinitionRouteLocator    : Loaded RoutePredicateFactory [XForwardedRemoteAddr]
2026-08-04T14:11:55.767+07:00  INFO [api-gateway,,] 8924 --- [api-gateway] [main] [                                                 ] o.s.c.g.r.RouteDefinitionRouteLocator    : Loaded RoutePredicateFactory [Weight]
2026-08-04T14:11:55.891+07:00  INFO [api-gateway,,] 8924 --- [api-gateway] [main] [                                                 ] o.s.c.g.r.RouteDefinitionRouteLocator    : Loaded RoutePredicateFactory [CloudFoundryRouteService]
2026-08-04T14:12:31.971+07:00  INFO [api-gateway,,] 8924 --- [api-gateway] [main] [                                                 ] o.s.b.a.e.web.EndpointLinksResolver      : Exposing 4 endpoints beneath base path '/actuator'
2026-08-04T14:12:36.791+07:00  INFO [api-gateway,,] 8924 --- [api-gateway] [main] [                                                 ] DiscoveryClientOptionalArgsConfiguration : Eureka HTTP Client uses RestTemplate.
2026-08-04T14:12:37.116+07:00  WARN [api-gateway,,] 8924 --- [api-gateway] [main] [                                                 ] iguration$LoadBalancerCaffeineWarnLogger : Spring Cloud LoadBalancer is currently working with the default cache. While this cache implementation is useful for development and tests, it's recommended to use Caffeine cache in production.You can switch to using Caffeine cache, by adding it and org.springframework.cache.caffeine.CaffeineCacheManager to the classpath.
2026-08-04T14:12:37.997+07:00  INFO [api-gateway,,] 8924 --- [api-gateway] [main] [                                                 ] o.s.c.n.eureka.InstanceInfoFactory       : Setting initial instance status as: STARTING
2026-08-04T14:12:38.510+07:00  INFO [api-gateway,,] 8924 --- [api-gateway] [main] [                                                 ] com.netflix.discovery.DiscoveryClient    : Initializing Eureka in region us-east-1
2026-08-04T14:12:38.907+07:00  INFO [api-gateway,,] 8924 --- [api-gateway] [main] [                                                 ] c.n.d.s.r.aws.ConfigClusterResolver      : Resolving eureka endpoints via configuration
2026-08-04T14:12:40.048+07:00  INFO [api-gateway,,] 8924 --- [api-gateway] [main] [                                                 ] com.netflix.discovery.DiscoveryClient    : Disable delta property : false
2026-08-04T14:12:40.333+07:00  INFO [api-gateway,,] 8924 --- [api-gateway] [main] [                                                 ] com.netflix.discovery.DiscoveryClient    : Single vip registry refresh property : null
2026-08-04T14:12:40.397+07:00  INFO [api-gateway,,] 8924 --- [api-gateway] [main] [                                                 ] com.netflix.discovery.DiscoveryClient    : Force full registry fetch : false
2026-08-04T14:12:40.492+07:00  INFO [api-gateway,,] 8924 --- [api-gateway] [main] [                                                 ] com.netflix.discovery.DiscoveryClient    : Application is null : false
2026-08-04T14:12:40.508+07:00  INFO [api-gateway,,] 8924 --- [api-gateway] [main] [                                                 ] com.netflix.discovery.DiscoveryClient    : Registered Applications size is zero : true
2026-08-04T14:12:40.510+07:00  INFO [api-gateway,,] 8924 --- [api-gateway] [main] [                                                 ] com.netflix.discovery.DiscoveryClient    : Application version is -1: true
2026-08-04T14:12:40.512+07:00  INFO [api-gateway,,] 8924 --- [api-gateway] [main] [                                                 ] com.netflix.discovery.DiscoveryClient    : Getting all instance registry info from the eureka server
2026-08-04T14:12:46.440+07:00  INFO [api-gateway,,] 8924 --- [api-gateway] [main] [                                                 ] com.netflix.discovery.DiscoveryClient    : The response status is 200
2026-08-04T14:12:46.447+07:00  INFO [api-gateway,,] 8924 --- [api-gateway] [main] [                                                 ] com.netflix.discovery.DiscoveryClient    : Starting heartbeat executor: renew interval is: 30
2026-08-04T14:12:46.457+07:00  INFO [api-gateway,,] 8924 --- [api-gateway] [main] [                                                 ] c.n.discovery.InstanceInfoReplicator     : InstanceInfoReplicator onDemand update allowed rate per min is 4
2026-08-04T14:12:46.517+07:00  INFO [api-gateway,,] 8924 --- [api-gateway] [main] [                                                 ] com.netflix.discovery.DiscoveryClient    : Discovery Client initialized at timestamp 1785827566513 with initial instances count: 1
2026-08-04T14:12:46.632+07:00  INFO [api-gateway,,] 8924 --- [api-gateway] [main] [                                                 ] o.s.c.n.e.s.EurekaServiceRegistry        : Registering application API-GATEWAY with eureka with status UP
2026-08-04T14:12:46.724+07:00  INFO [api-gateway,,] 8924 --- [api-gateway] [main] [                                                 ] com.netflix.discovery.DiscoveryClient    : Saw local status change event StatusChangeEvent [timestamp=1785827566723, current=UP, previous=STARTING]
2026-08-04T14:12:46.754+07:00  INFO [api-gateway,,] 8924 --- [api-gateway] [DiscoveryClient-InstanceInfoReplicator-%d] [                                                 ] com.netflix.discovery.DiscoveryClient    : DiscoveryClient_API-GATEWAY/LAPTOP-4K64MGNI:api-gateway:8080: registering service...
2026-08-04T14:12:47.564+07:00  INFO [api-gateway,,] 8924 --- [api-gateway] [DiscoveryClient-InstanceInfoReplicator-%d] [                                                 ] com.netflix.discovery.DiscoveryClient    : DiscoveryClient_API-GATEWAY/LAPTOP-4K64MGNI:api-gateway:8080 - registration status: 204
2026-08-04T14:12:52.828+07:00  INFO [api-gateway,,] 8924 --- [api-gateway] [main] [                                                 ] o.s.b.web.embedded.netty.NettyWebServer  : Netty started on port 8080 (http)
2026-08-04T14:12:52.843+07:00  INFO [api-gateway,,] 8924 --- [api-gateway] [main] [                                                 ] .s.c.n.e.s.EurekaAutoServiceRegistration : Updating port to 8080
2026-08-04T14:13:07.078+07:00  INFO [api-gateway,,] 8924 --- [api-gateway] [main] [                                                 ] c.n.S.gateway.ApiGatewayApplication      : Started ApiGatewayApplication in 283.996 seconds (process running for 290.978)
2026-08-04T14:17:40.696+07:00  INFO [api-gateway,,] 8924 --- [api-gateway] [AsyncResolver-bootstrap-executor-%d] [                                                 ] c.n.d.s.r.aws.ConfigClusterResolver      : Resolving eureka endpoints via configuration
2026-08-04T14:18:54.307+07:00  WARN [api-gateway,,] 8924 --- [api-gateway] [DiscoveryClient-%d] [                                                 ] c.netflix.discovery.TimedSupervisorTask  : task supervisor timed out

java.util.concurrent.TimeoutException: null
	at java.base/java.util.concurrent.FutureTask.get(FutureTask.java:204) ~[na:na]
	at com.netflix.discovery.TimedSupervisorTask.run(TimedSupervisorTask.java:65) ~[eureka-client-2.0.4.jar:2.0.4]
	at java.base/java.util.concurrent.Executors$RunnableAdapter.call(Executors.java:539) ~[na:na]
	at java.base/java.util.concurrent.FutureTask.run(FutureTask.java:264) ~[na:na]
	at java.base/java.util.concurrent.ScheduledThreadPoolExecutor$ScheduledFutureTask.run(ScheduledThreadPoolExecutor.java:304) ~[na:na]
	at java.base/java.util.concurrent.ThreadPoolExecutor.runWorker(ThreadPoolExecutor.java:1136) ~[na:na]
	at java.base/java.util.concurrent.ThreadPoolExecutor$Worker.run(ThreadPoolExecutor.java:635) ~[na:na]
	at java.base/java.lang.Thread.run(Thread.java:842) ~[na:na]

2026-08-04T14:22:40.705+07:00  INFO [api-gateway,,] 8924 --- [api-gateway] [AsyncResolver-bootstrap-executor-%d] [                                                 ] c.n.d.s.r.aws.ConfigClusterResolver      : Resolving eureka endpoints via configuration
2026-08-04T14:27:40.725+07:00  INFO [api-gateway,,] 8924 --- [api-gateway] [AsyncResolver-bootstrap-executor-%d] [                                                 ] c.n.d.s.r.aws.ConfigClusterResolver      : Resolving eureka endpoints via configuration
2026-08-04T14:34:11.275+07:00  INFO [api-gateway,,] 95284 --- [api-gateway] [main] [                                                 ] c.n.S.gateway.ApiGatewayApplication      : Starting ApiGatewayApplication using Java 17.0.9 with PID 95284 (D:\Projects\Social-media\backend\api-gateway\target\classes started by BANG in D:\Projects\Social-media\backend\api-gateway)
2026-08-04T14:34:11.280+07:00  INFO [api-gateway,,] 95284 --- [api-gateway] [main] [                                                 ] c.n.S.gateway.ApiGatewayApplication      : No active profile set, falling back to 1 default profile: "default"
2026-08-04T14:34:13.406+07:00  INFO [api-gateway,,] 95284 --- [api-gateway] [main] [                                                 ] o.s.cloud.context.scope.GenericScope     : BeanFactory id=aa8f4df3-d22e-3d72-97c5-6c4622d29095
2026-08-04T14:34:15.860+07:00  INFO [api-gateway,,] 95284 --- [api-gateway] [main] [                                                 ] o.s.c.g.r.RouteDefinitionRouteLocator    : Loaded RoutePredicateFactory [After]
2026-08-04T14:34:15.860+07:00  INFO [api-gateway,,] 95284 --- [api-gateway] [main] [                                                 ] o.s.c.g.r.RouteDefinitionRouteLocator    : Loaded RoutePredicateFactory [Before]
2026-08-04T14:34:15.863+07:00  INFO [api-gateway,,] 95284 --- [api-gateway] [main] [                                                 ] o.s.c.g.r.RouteDefinitionRouteLocator    : Loaded RoutePredicateFactory [Between]
2026-08-04T14:34:15.863+07:00  INFO [api-gateway,,] 95284 --- [api-gateway] [main] [                                                 ] o.s.c.g.r.RouteDefinitionRouteLocator    : Loaded RoutePredicateFactory [Cookie]
2026-08-04T14:34:15.863+07:00  INFO [api-gateway,,] 95284 --- [api-gateway] [main] [                                                 ] o.s.c.g.r.RouteDefinitionRouteLocator    : Loaded RoutePredicateFactory [Header]
2026-08-04T14:34:15.863+07:00  INFO [api-gateway,,] 95284 --- [api-gateway] [main] [                                                 ] o.s.c.g.r.RouteDefinitionRouteLocator    : Loaded RoutePredicateFactory [Host]
2026-08-04T14:34:15.863+07:00  INFO [api-gateway,,] 95284 --- [api-gateway] [main] [                                                 ] o.s.c.g.r.RouteDefinitionRouteLocator    : Loaded RoutePredicateFactory [Method]
2026-08-04T14:34:15.863+07:00  INFO [api-gateway,,] 95284 --- [api-gateway] [main] [                                                 ] o.s.c.g.r.RouteDefinitionRouteLocator    : Loaded RoutePredicateFactory [Path]
2026-08-04T14:34:15.863+07:00  INFO [api-gateway,,] 95284 --- [api-gateway] [main] [                                                 ] o.s.c.g.r.RouteDefinitionRouteLocator    : Loaded RoutePredicateFactory [Query]
2026-08-04T14:34:15.863+07:00  INFO [api-gateway,,] 95284 --- [api-gateway] [main] [                                                 ] o.s.c.g.r.RouteDefinitionRouteLocator    : Loaded RoutePredicateFactory [ReadBody]
2026-08-04T14:34:15.863+07:00  INFO [api-gateway,,] 95284 --- [api-gateway] [main] [                                                 ] o.s.c.g.r.RouteDefinitionRouteLocator    : Loaded RoutePredicateFactory [RemoteAddr]
2026-08-04T14:34:15.863+07:00  INFO [api-gateway,,] 95284 --- [api-gateway] [main] [                                                 ] o.s.c.g.r.RouteDefinitionRouteLocator    : Loaded RoutePredicateFactory [XForwardedRemoteAddr]
2026-08-04T14:34:15.863+07:00  INFO [api-gateway,,] 95284 --- [api-gateway] [main] [                                                 ] o.s.c.g.r.RouteDefinitionRouteLocator    : Loaded RoutePredicateFactory [Weight]
2026-08-04T14:34:15.867+07:00  INFO [api-gateway,,] 95284 --- [api-gateway] [main] [                                                 ] o.s.c.g.r.RouteDefinitionRouteLocator    : Loaded RoutePredicateFactory [CloudFoundryRouteService]
2026-08-04T14:34:16.711+07:00  INFO [api-gateway,,] 95284 --- [api-gateway] [main] [                                                 ] o.s.b.a.e.web.EndpointLinksResolver      : Exposing 4 endpoints beneath base path '/actuator'
2026-08-04T14:34:17.053+07:00  INFO [api-gateway,,] 95284 --- [api-gateway] [main] [                                                 ] DiscoveryClientOptionalArgsConfiguration : Eureka HTTP Client uses RestTemplate.
2026-08-04T14:34:17.093+07:00  WARN [api-gateway,,] 95284 --- [api-gateway] [main] [                                                 ] iguration$LoadBalancerCaffeineWarnLogger : Spring Cloud LoadBalancer is currently working with the default cache. While this cache implementation is useful for development and tests, it's recommended to use Caffeine cache in production.You can switch to using Caffeine cache, by adding it and org.springframework.cache.caffeine.CaffeineCacheManager to the classpath.
2026-08-04T14:34:17.167+07:00  INFO [api-gateway,,] 95284 --- [api-gateway] [main] [                                                 ] o.s.c.n.eureka.InstanceInfoFactory       : Setting initial instance status as: STARTING
2026-08-04T14:34:17.197+07:00  INFO [api-gateway,,] 95284 --- [api-gateway] [main] [                                                 ] com.netflix.discovery.DiscoveryClient    : Initializing Eureka in region us-east-1
2026-08-04T14:34:17.214+07:00  INFO [api-gateway,,] 95284 --- [api-gateway] [main] [                                                 ] c.n.d.s.r.aws.ConfigClusterResolver      : Resolving eureka endpoints via configuration
2026-08-04T14:34:17.231+07:00  INFO [api-gateway,,] 95284 --- [api-gateway] [main] [                                                 ] com.netflix.discovery.DiscoveryClient    : Disable delta property : false
2026-08-04T14:34:17.231+07:00  INFO [api-gateway,,] 95284 --- [api-gateway] [main] [                                                 ] com.netflix.discovery.DiscoveryClient    : Single vip registry refresh property : null
2026-08-04T14:34:17.231+07:00  INFO [api-gateway,,] 95284 --- [api-gateway] [main] [                                                 ] com.netflix.discovery.DiscoveryClient    : Force full registry fetch : false
2026-08-04T14:34:17.231+07:00  INFO [api-gateway,,] 95284 --- [api-gateway] [main] [                                                 ] com.netflix.discovery.DiscoveryClient    : Application is null : false
2026-08-04T14:34:17.231+07:00  INFO [api-gateway,,] 95284 --- [api-gateway] [main] [                                                 ] com.netflix.discovery.DiscoveryClient    : Registered Applications size is zero : true
2026-08-04T14:34:17.231+07:00  INFO [api-gateway,,] 95284 --- [api-gateway] [main] [                                                 ] com.netflix.discovery.DiscoveryClient    : Application version is -1: true
2026-08-04T14:34:17.231+07:00  INFO [api-gateway,,] 95284 --- [api-gateway] [main] [                                                 ] com.netflix.discovery.DiscoveryClient    : Getting all instance registry info from the eureka server
2026-08-04T14:34:17.884+07:00  INFO [api-gateway,,] 95284 --- [api-gateway] [main] [                                                 ] com.netflix.discovery.DiscoveryClient    : The response status is 200
2026-08-04T14:34:17.884+07:00  INFO [api-gateway,,] 95284 --- [api-gateway] [main] [                                                 ] com.netflix.discovery.DiscoveryClient    : Starting heartbeat executor: renew interval is: 30
2026-08-04T14:34:17.895+07:00  INFO [api-gateway,,] 95284 --- [api-gateway] [main] [                                                 ] c.n.discovery.InstanceInfoReplicator     : InstanceInfoReplicator onDemand update allowed rate per min is 4
2026-08-04T14:34:17.900+07:00  INFO [api-gateway,,] 95284 --- [api-gateway] [main] [                                                 ] com.netflix.discovery.DiscoveryClient    : Discovery Client initialized at timestamp 1785828857897 with initial instances count: 0
2026-08-04T14:34:17.905+07:00  INFO [api-gateway,,] 95284 --- [api-gateway] [main] [                                                 ] o.s.c.n.e.s.EurekaServiceRegistry        : Registering application API-GATEWAY with eureka with status UP
2026-08-04T14:34:17.905+07:00  INFO [api-gateway,,] 95284 --- [api-gateway] [main] [                                                 ] com.netflix.discovery.DiscoveryClient    : Saw local status change event StatusChangeEvent [timestamp=1785828857905, current=UP, previous=STARTING]
2026-08-04T14:34:17.911+07:00  INFO [api-gateway,,] 95284 --- [api-gateway] [DiscoveryClient-InstanceInfoReplicator-%d] [                                                 ] com.netflix.discovery.DiscoveryClient    : DiscoveryClient_API-GATEWAY/LAPTOP-4K64MGNI:api-gateway:8080: registering service...
2026-08-04T14:34:18.105+07:00  INFO [api-gateway,,] 95284 --- [api-gateway] [DiscoveryClient-InstanceInfoReplicator-%d] [                                                 ] com.netflix.discovery.DiscoveryClient    : DiscoveryClient_API-GATEWAY/LAPTOP-4K64MGNI:api-gateway:8080 - registration status: 204
2026-08-04T14:34:18.232+07:00  INFO [api-gateway,,] 95284 --- [api-gateway] [main] [                                                 ] o.s.b.web.embedded.netty.NettyWebServer  : Netty started on port 8080 (http)
2026-08-04T14:34:18.239+07:00  INFO [api-gateway,,] 95284 --- [api-gateway] [main] [                                                 ] .s.c.n.e.s.EurekaAutoServiceRegistration : Updating port to 8080
2026-08-04T14:34:18.773+07:00  INFO [api-gateway,,] 95284 --- [api-gateway] [main] [                                                 ] c.n.S.gateway.ApiGatewayApplication      : Started ApiGatewayApplication in 8.898 seconds (process running for 10.066)
2026-08-04T14:34:47.899+07:00  INFO [api-gateway,,] 95284 --- [api-gateway] [DiscoveryClient-CacheRefreshExecutor-%d] [                                                 ] com.netflix.discovery.DiscoveryClient    : Disable delta property : false
2026-08-04T14:34:47.902+07:00  INFO [api-gateway,,] 95284 --- [api-gateway] [DiscoveryClient-CacheRefreshExecutor-%d] [                                                 ] com.netflix.discovery.DiscoveryClient    : Single vip registry refresh property : null
2026-08-04T14:34:47.902+07:00  INFO [api-gateway,,] 95284 --- [api-gateway] [DiscoveryClient-CacheRefreshExecutor-%d] [                                                 ] com.netflix.discovery.DiscoveryClient    : Force full registry fetch : false
2026-08-04T14:34:47.902+07:00  INFO [api-gateway,,] 95284 --- [api-gateway] [DiscoveryClient-CacheRefreshExecutor-%d] [                                                 ] com.netflix.discovery.DiscoveryClient    : Application is null : false
2026-08-04T14:34:47.902+07:00  INFO [api-gateway,,] 95284 --- [api-gateway] [DiscoveryClient-CacheRefreshExecutor-%d] [                                                 ] com.netflix.discovery.DiscoveryClient    : Registered Applications size is zero : true
2026-08-04T14:34:47.902+07:00  INFO [api-gateway,,] 95284 --- [api-gateway] [DiscoveryClient-CacheRefreshExecutor-%d] [                                                 ] com.netflix.discovery.DiscoveryClient    : Application version is -1: false
2026-08-04T14:34:47.902+07:00  INFO [api-gateway,,] 95284 --- [api-gateway] [DiscoveryClient-CacheRefreshExecutor-%d] [                                                 ] com.netflix.discovery.DiscoveryClient    : Getting all instance registry info from the eureka server
2026-08-04T14:34:47.933+07:00  INFO [api-gateway,,] 95284 --- [api-gateway] [DiscoveryClient-CacheRefreshExecutor-%d] [                                                 ] com.netflix.discovery.DiscoveryClient    : The response status is 200
2026-08-04T14:39:17.246+07:00  INFO [api-gateway,,] 95284 --- [api-gateway] [AsyncResolver-bootstrap-executor-%d] [                                                 ] c.n.d.s.r.aws.ConfigClusterResolver      : Resolving eureka endpoints via configuration
2026-08-04T14:44:17.261+07:00  INFO [api-gateway,,] 95284 --- [api-gateway] [AsyncResolver-bootstrap-executor-%d] [                                                 ] c.n.d.s.r.aws.ConfigClusterResolver      : Resolving eureka endpoints via configuration
2026-08-04T14:49:17.279+07:00  INFO [api-gateway,,] 95284 --- [api-gateway] [AsyncResolver-bootstrap-executor-%d] [                                                 ] c.n.d.s.r.aws.ConfigClusterResolver      : Resolving eureka endpoints via configuration
2026-08-04T14:54:17.331+07:00  INFO [api-gateway,,] 95284 --- [api-gateway] [AsyncResolver-bootstrap-executor-%d] [                                                 ] c.n.d.s.r.aws.ConfigClusterResolver      : Resolving eureka endpoints via configuration
2026-08-04T14:59:17.736+07:00  INFO [api-gateway,,] 95284 --- [api-gateway] [AsyncResolver-bootstrap-executor-%d] [                                                 ] c.n.d.s.r.aws.ConfigClusterResolver      : Resolving eureka endpoints via configuration
2026-08-04T15:04:18.493+07:00  INFO [api-gateway,,] 95284 --- [api-gateway] [AsyncResolver-bootstrap-executor-%d] [                                                 ] c.n.d.s.r.aws.ConfigClusterResolver      : Resolving eureka endpoints via configuration
2026-08-04T15:09:19.451+07:00  INFO [api-gateway,,] 95284 --- [api-gateway] [AsyncResolver-bootstrap-executor-%d] [                                                 ] c.n.d.s.r.aws.ConfigClusterResolver      : Resolving eureka endpoints via configuration
2026-08-04T15:14:20.329+07:00  INFO [api-gateway,,] 95284 --- [api-gateway] [AsyncResolver-bootstrap-executor-%d] [                                                 ] c.n.d.s.r.aws.ConfigClusterResolver      : Resolving eureka endpoints via configuration
2026-08-04T15:19:21.285+07:00  INFO [api-gateway,,] 95284 --- [api-gateway] [AsyncResolver-bootstrap-executor-%d] [                                                 ] c.n.d.s.r.aws.ConfigClusterResolver      : Resolving eureka endpoints via configuration
2026-08-04T15:24:22.589+07:00  INFO [api-gateway,,] 95284 --- [api-gateway] [AsyncResolver-bootstrap-executor-%d] [                                                 ] c.n.d.s.r.aws.ConfigClusterResolver      : Resolving eureka endpoints via configuration
2026-08-04T15:29:22.600+07:00  INFO [api-gateway,,] 95284 --- [api-gateway] [AsyncResolver-bootstrap-executor-%d] [                                                 ] c.n.d.s.r.aws.ConfigClusterResolver      : Resolving eureka endpoints via configuration
2026-08-04T15:34:22.614+07:00  INFO [api-gateway,,] 95284 --- [api-gateway] [AsyncResolver-bootstrap-executor-%d] [                                                 ] c.n.d.s.r.aws.ConfigClusterResolver      : Resolving eureka endpoints via configuration
2026-08-04T15:39:22.658+07:00  INFO [api-gateway,,] 95284 --- [api-gateway] [AsyncResolver-bootstrap-executor-%d] [                                                 ] c.n.d.s.r.aws.ConfigClusterResolver      : Resolving eureka endpoints via configuration
2026-08-04T15:41:44.352+07:00  INFO [api-gateway,,] 95284 --- [api-gateway] [SpringApplicationShutdownHook] [                                                 ] o.s.c.n.e.s.EurekaServiceRegistry        : Unregistering application API-GATEWAY with eureka with status DOWN
2026-08-04T15:41:44.355+07:00  INFO [api-gateway,,] 95284 --- [api-gateway] [SpringApplicationShutdownHook] [                                                 ] com.netflix.discovery.DiscoveryClient    : Saw local status change event StatusChangeEvent [timestamp=1785832904355, current=DOWN, previous=UP]
2026-08-04T15:41:44.356+07:00  INFO [api-gateway,,] 95284 --- [api-gateway] [DiscoveryClient-InstanceInfoReplicator-%d] [                                                 ] com.netflix.discovery.DiscoveryClient    : DiscoveryClient_API-GATEWAY/LAPTOP-4K64MGNI:api-gateway:8080: registering service...
2026-08-04T15:41:44.481+07:00  INFO [api-gateway,,] 95284 --- [api-gateway] [DiscoveryClient-InstanceInfoReplicator-%d] [                                                 ] c.n.d.s.t.d.RedirectingEurekaHttpClient  : Request execution error. endpoint=DefaultEndpoint{ serviceUrl='http://localhost:8761/eureka/} exception=I/O error on POST request for "http://localhost:8761/eureka/apps/API-GATEWAY": Connect to http://localhost:8761 [localhost/127.0.0.1, localhost/0:0:0:0:0:0:0:1] failed: Connection refused: no further information stacktrace=org.springframework.web.client.ResourceAccessException: I/O error on POST request for "http://localhost:8761/eureka/apps/API-GATEWAY": Connect to http://localhost:8761 [localhost/127.0.0.1, localhost/0:0:0:0:0:0:0:1] failed: Connection refused: no further information
	at org.springframework.web.client.RestTemplate.createResourceAccessException(RestTemplate.java:915)
	at org.springframework.web.client.RestTemplate.doExecute(RestTemplate.java:895)
	at org.springframework.web.client.RestTemplate.execute(RestTemplate.java:830)
	at org.springframework.web.client.RestTemplate.exchange(RestTemplate.java:691)
	at org.springframework.cloud.netflix.eureka.http.RestTemplateEurekaHttpClient.register(RestTemplateEurekaHttpClient.java:83)
	at com.netflix.discovery.shared.transport.decorator.EurekaHttpClientDecorator$1.execute(EurekaHttpClientDecorator.java:59)
	at com.netflix.discovery.shared.transport.decorator.RedirectingEurekaHttpClient.execute(RedirectingEurekaHttpClient.java:91)
	at com.netflix.discovery.shared.transport.decorator.EurekaHttpClientDecorator.register(EurekaHttpClientDecorator.java:56)
	at com.netflix.discovery.shared.transport.decorator.EurekaHttpClientDecorator$1.execute(EurekaHttpClientDecorator.java:59)
	at com.netflix.discovery.shared.transport.decorator.RetryableEurekaHttpClient.execute(RetryableEurekaHttpClient.java:120)
	at com.netflix.discovery.shared.transport.decorator.EurekaHttpClientDecorator.register(EurekaHttpClientDecorator.java:56)
	at com.netflix.discovery.shared.transport.decorator.EurekaHttpClientDecorator$1.execute(EurekaHttpClientDecorator.java:59)
	at com.netflix.discovery.shared.transport.decorator.SessionedEurekaHttpClient.execute(SessionedEurekaHttpClient.java:76)
	at com.netflix.discovery.shared.transport.decorator.EurekaHttpClientDecorator.register(EurekaHttpClientDecorator.java:56)
	at com.netflix.discovery.DiscoveryClient.register(DiscoveryClient.java:828)
	at com.netflix.discovery.InstanceInfoReplicator.run(InstanceInfoReplicator.java:125)
	at com.netflix.discovery.InstanceInfoReplicator$2.run(InstanceInfoReplicator.java:105)
	at java.base/java.util.concurrent.Executors$RunnableAdapter.call(Executors.java:539)
	at java.base/java.util.concurrent.FutureTask.run(FutureTask.java:264)
	at java.base/java.util.concurrent.ScheduledThreadPoolExecutor$ScheduledFutureTask.run(ScheduledThreadPoolExecutor.java:304)
	at java.base/java.util.concurrent.ThreadPoolExecutor.runWorker(ThreadPoolExecutor.java:1136)
	at java.base/java.util.concurrent.ThreadPoolExecutor$Worker.run(ThreadPoolExecutor.java:635)
	at java.base/java.lang.Thread.run(Thread.java:842)
Caused by: org.apache.hc.client5.http.HttpHostConnectException: Connect to http://localhost:8761 [localhost/127.0.0.1, localhost/0:0:0:0:0:0:0:1] failed: Connection refused: no further information
	at java.base/sun.nio.ch.Net.pollConnect(Native Method)
	at java.base/sun.nio.ch.Net.pollConnectNow(Net.java:672)
	at java.base/sun.nio.ch.NioSocketImpl.timedFinishConnect(NioSocketImpl.java:547)
	at java.base/sun.nio.ch.NioSocketImpl.connect(NioSocketImpl.java:602)
	at java.base/java.net.SocksSocketImpl.connect(SocksSocketImpl.java:327)
	at java.base/java.net.Socket.connect(Socket.java:633)
	at org.apache.hc.client5.http.socket.PlainConnectionSocketFactory.lambda$connectSocket$0(PlainConnectionSocketFactory.java:91)
	at java.base/java.security.AccessController.doPrivileged(AccessController.java:569)
	at org.apache.hc.client5.http.socket.PlainConnectionSocketFactory.connectSocket(PlainConnectionSocketFactory.java:90)
	at org.apache.hc.client5.http.socket.ConnectionSocketFactory.connectSocket(ConnectionSocketFactory.java:123)
	at org.apache.hc.client5.http.impl.io.DefaultHttpClientConnectionOperator.connect(DefaultHttpClientConnectionOperator.java:189)
	at org.apache.hc.client5.http.impl.io.PoolingHttpClientConnectionManager.connect(PoolingHttpClientConnectionManager.java:450)
	at org.apache.hc.client5.http.impl.classic.InternalExecRuntime.connectEndpoint(InternalExecRuntime.java:162)
	at org.apache.hc.client5.http.impl.classic.InternalExecRuntime.connectEndpoint(InternalExecRuntime.java:172)
	at org.apache.hc.client5.http.impl.classic.ConnectExec.execute(ConnectExec.java:142)
	at org.apache.hc.client5.http.impl.classic.ExecChainElement.execute(ExecChainElement.java:51)
	at org.apache.hc.client5.http.impl.classic.ProtocolExec.execute(ProtocolExec.java:192)
	at org.apache.hc.client5.http.impl.classic.ExecChainElement.execute(ExecChainElement.java:51)
	at org.apache.hc.client5.http.impl.classic.HttpRequestRetryExec.execute(HttpRequestRetryExec.java:113)
	at org.apache.hc.client5.http.impl.classic.ExecChainElement.execute(ExecChainElement.java:51)
	at org.apache.hc.client5.http.impl.classic.ContentCompressionExec.execute(ContentCompressionExec.java:152)
	at org.apache.hc.client5.http.impl.classic.ExecChainElement.execute(ExecChainElement.java:51)
	at org.apache.hc.client5.http.impl.classic.RedirectExec.execute(RedirectExec.java:116)
	at org.apache.hc.client5.http.impl.classic.ExecChainElement.execute(ExecChainElement.java:51)
	at org.apache.hc.client5.http.impl.classic.InternalHttpClient.doExecute(InternalHttpClient.java:170)
	at org.apache.hc.client5.http.impl.classic.CloseableHttpClient.execute(CloseableHttpClient.java:87)
	at org.apache.hc.client5.http.impl.classic.CloseableHttpClient.execute(CloseableHttpClient.java:55)
	at org.apache.hc.client5.http.classic.HttpClient.executeOpen(HttpClient.java:183)
	at org.springframework.http.client.HttpComponentsClientHttpRequest.executeInternal(HttpComponentsClientHttpRequest.java:99)
	at org.springframework.http.client.AbstractStreamingClientHttpRequest.executeInternal(AbstractStreamingClientHttpRequest.java:70)
	at org.springframework.http.client.AbstractClientHttpRequest.execute(AbstractClientHttpRequest.java:66)
	at org.springframework.http.client.InterceptingClientHttpRequest$InterceptingRequestExecution.execute(InterceptingClientHttpRequest.java:112)
	at org.springframework.cloud.netflix.eureka.http.RestTemplateTransportClientFactory.lambda$restTemplate$3(RestTemplateTransportClientFactory.java:170)
	at org.springframework.http.client.InterceptingClientHttpRequest$InterceptingRequestExecution.execute(InterceptingClientHttpRequest.java:88)
	at org.springframework.http.client.InterceptingClientHttpRequest.executeInternal(InterceptingClientHttpRequest.java:72)
	at org.springframework.http.client.AbstractBufferingClientHttpRequest.executeInternal(AbstractBufferingClientHttpRequest.java:48)
	at org.springframework.http.client.AbstractClientHttpRequest.execute(AbstractClientHttpRequest.java:66)
	at org.springframework.web.client.RestTemplate.doExecute(RestTemplate.java:889)
	... 21 more

2026-08-04T15:41:44.484+07:00  WARN [api-gateway,,] 95284 --- [api-gateway] [DiscoveryClient-InstanceInfoReplicator-%d] [                                                 ] c.n.d.s.t.d.RetryableEurekaHttpClient    : Request execution failed with message: I/O error on POST request for "http://localhost:8761/eureka/apps/API-GATEWAY": Connect to http://localhost:8761 [localhost/127.0.0.1, localhost/0:0:0:0:0:0:0:1] failed: Connection refused: no further information
2026-08-04T15:41:44.511+07:00  INFO [api-gateway,,] 95284 --- [api-gateway] [DiscoveryClient-InstanceInfoReplicator-%d] [                                                 ] c.n.d.s.t.d.RedirectingEurekaHttpClient  : Request execution error. endpoint=DefaultEndpoint{ serviceUrl='http://localhost:8761/eureka/}, exception=I/O error on POST request for "http://localhost:8761/eureka/apps/API-GATEWAY": Connect to http://localhost:8761 [localhost/127.0.0.1, localhost/0:0:0:0:0:0:0:1] failed: Connection refused: no further information stacktrace=org.springframework.web.client.ResourceAccessException: I/O error on POST request for "http://localhost:8761/eureka/apps/API-GATEWAY": Connect to http://localhost:8761 [localhost/127.0.0.1, localhost/0:0:0:0:0:0:0:1] failed: Connection refused: no further information
	at org.springframework.web.client.RestTemplate.createResourceAccessException(RestTemplate.java:915)
	at org.springframework.web.client.RestTemplate.doExecute(RestTemplate.java:895)
	at org.springframework.web.client.RestTemplate.execute(RestTemplate.java:830)
	at org.springframework.web.client.RestTemplate.exchange(RestTemplate.java:691)
	at org.springframework.cloud.netflix.eureka.http.RestTemplateEurekaHttpClient.register(RestTemplateEurekaHttpClient.java:83)
	at com.netflix.discovery.shared.transport.decorator.EurekaHttpClientDecorator$1.execute(EurekaHttpClientDecorator.java:59)
	at com.netflix.discovery.shared.transport.decorator.RedirectingEurekaHttpClient.executeOnNewServer(RedirectingEurekaHttpClient.java:121)
	at com.netflix.discovery.shared.transport.decorator.RedirectingEurekaHttpClient.execute(RedirectingEurekaHttpClient.java:80)
	at com.netflix.discovery.shared.transport.decorator.EurekaHttpClientDecorator.register(EurekaHttpClientDecorator.java:56)
	at com.netflix.discovery.shared.transport.decorator.EurekaHttpClientDecorator$1.execute(EurekaHttpClientDecorator.java:59)
	at com.netflix.discovery.shared.transport.decorator.RetryableEurekaHttpClient.execute(RetryableEurekaHttpClient.java:120)
	at com.netflix.discovery.shared.transport.decorator.EurekaHttpClientDecorator.register(EurekaHttpClientDecorator.java:56)
	at com.netflix.discovery.shared.transport.decorator.EurekaHttpClientDecorator$1.execute(EurekaHttpClientDecorator.java:59)
	at com.netflix.discovery.shared.transport.decorator.SessionedEurekaHttpClient.execute(SessionedEurekaHttpClient.java:76)
	at com.netflix.discovery.shared.transport.decorator.EurekaHttpClientDecorator.register(EurekaHttpClientDecorator.java:56)
	at com.netflix.discovery.DiscoveryClient.register(DiscoveryClient.java:828)
	at com.netflix.discovery.InstanceInfoReplicator.run(InstanceInfoReplicator.java:125)
	at com.netflix.discovery.InstanceInfoReplicator$2.run(InstanceInfoReplicator.java:105)
	at java.base/java.util.concurrent.Executors$RunnableAdapter.call(Executors.java:539)
	at java.base/java.util.concurrent.FutureTask.run(FutureTask.java:264)
	at java.base/java.util.concurrent.ScheduledThreadPoolExecutor$ScheduledFutureTask.run(ScheduledThreadPoolExecutor.java:304)
	at java.base/java.util.concurrent.ThreadPoolExecutor.runWorker(ThreadPoolExecutor.java:1136)
	at java.base/java.util.concurrent.ThreadPoolExecutor$Worker.run(ThreadPoolExecutor.java:635)
	at java.base/java.lang.Thread.run(Thread.java:842)
Caused by: org.apache.hc.client5.http.HttpHostConnectException: Connect to http://localhost:8761 [localhost/127.0.0.1, localhost/0:0:0:0:0:0:0:1] failed: Connection refused: no further information
	at java.base/sun.nio.ch.Net.pollConnect(Native Method)
	at java.base/sun.nio.ch.Net.pollConnectNow(Net.java:672)
	at java.base/sun.nio.ch.NioSocketImpl.timedFinishConnect(NioSocketImpl.java:547)
	at java.base/sun.nio.ch.NioSocketImpl.connect(NioSocketImpl.java:602)
	at java.base/java.net.SocksSocketImpl.connect(SocksSocketImpl.java:327)
	at java.base/java.net.Socket.connect(Socket.java:633)
	at org.apache.hc.client5.http.socket.PlainConnectionSocketFactory.lambda$connectSocket$0(PlainConnectionSocketFactory.java:91)
	at java.base/java.security.AccessController.doPrivileged(AccessController.java:569)
	at org.apache.hc.client5.http.socket.PlainConnectionSocketFactory.connectSocket(PlainConnectionSocketFactory.java:90)
	at org.apache.hc.client5.http.socket.ConnectionSocketFactory.connectSocket(ConnectionSocketFactory.java:123)
	at org.apache.hc.client5.http.impl.io.DefaultHttpClientConnectionOperator.connect(DefaultHttpClientConnectionOperator.java:189)
	at org.apache.hc.client5.http.impl.io.PoolingHttpClientConnectionManager.connect(PoolingHttpClientConnectionManager.java:450)
	at org.apache.hc.client5.http.impl.classic.InternalExecRuntime.connectEndpoint(InternalExecRuntime.java:162)
	at org.apache.hc.client5.http.impl.classic.InternalExecRuntime.connectEndpoint(InternalExecRuntime.java:172)
	at org.apache.hc.client5.http.impl.classic.ConnectExec.execute(ConnectExec.java:142)
	at org.apache.hc.client5.http.impl.classic.ExecChainElement.execute(ExecChainElement.java:51)
	at org.apache.hc.client5.http.impl.classic.ProtocolExec.execute(ProtocolExec.java:192)
	at org.apache.hc.client5.http.impl.classic.ExecChainElement.execute(ExecChainElement.java:51)
	at org.apache.hc.client5.http.impl.classic.HttpRequestRetryExec.execute(HttpRequestRetryExec.java:113)
	at org.apache.hc.client5.http.impl.classic.ExecChainElement.execute(ExecChainElement.java:51)
	at org.apache.hc.client5.http.impl.classic.ContentCompressionExec.execute(ContentCompressionExec.java:152)
	at org.apache.hc.client5.http.impl.classic.ExecChainElement.execute(ExecChainElement.java:51)
	at org.apache.hc.client5.http.impl.classic.RedirectExec.execute(RedirectExec.java:116)
	at org.apache.hc.client5.http.impl.classic.ExecChainElement.execute(ExecChainElement.java:51)
	at org.apache.hc.client5.http.impl.classic.InternalHttpClient.doExecute(InternalHttpClient.java:170)
	at org.apache.hc.client5.http.impl.classic.CloseableHttpClient.execute(CloseableHttpClient.java:87)
	at org.apache.hc.client5.http.impl.classic.CloseableHttpClient.execute(CloseableHttpClient.java:55)
	at org.apache.hc.client5.http.classic.HttpClient.executeOpen(HttpClient.java:183)
	at org.springframework.http.client.HttpComponentsClientHttpRequest.executeInternal(HttpComponentsClientHttpRequest.java:99)
	at org.springframework.http.client.AbstractStreamingClientHttpRequest.executeInternal(AbstractStreamingClientHttpRequest.java:70)
	at org.springframework.http.client.AbstractClientHttpRequest.execute(AbstractClientHttpRequest.java:66)
	at org.springframework.http.client.InterceptingClientHttpRequest$InterceptingRequestExecution.execute(InterceptingClientHttpRequest.java:112)
	at org.springframework.cloud.netflix.eureka.http.RestTemplateTransportClientFactory.lambda$restTemplate$3(RestTemplateTransportClientFactory.java:170)
	at org.springframework.http.client.InterceptingClientHttpRequest$InterceptingRequestExecution.execute(InterceptingClientHttpRequest.java:88)
	at org.springframework.http.client.InterceptingClientHttpRequest.executeInternal(InterceptingClientHttpRequest.java:72)
	at org.springframework.http.client.AbstractBufferingClientHttpRequest.executeInternal(AbstractBufferingClientHttpRequest.java:48)
	at org.springframework.http.client.AbstractClientHttpRequest.execute(AbstractClientHttpRequest.java:66)
	at org.springframework.web.client.RestTemplate.doExecute(RestTemplate.java:889)
	... 22 more

2026-08-04T15:41:44.514+07:00  WARN [api-gateway,,] 95284 --- [api-gateway] [DiscoveryClient-InstanceInfoReplicator-%d] [                                                 ] c.n.d.s.t.d.RetryableEurekaHttpClient    : Request execution failed with message: I/O error on POST request for "http://localhost:8761/eureka/apps/API-GATEWAY": Connect to http://localhost:8761 [localhost/127.0.0.1, localhost/0:0:0:0:0:0:0:1] failed: Connection refused: no further information
2026-08-04T15:41:44.516+07:00  WARN [api-gateway,,] 95284 --- [api-gateway] [DiscoveryClient-InstanceInfoReplicator-%d] [                                                 ] com.netflix.discovery.DiscoveryClient    : DiscoveryClient_API-GATEWAY/LAPTOP-4K64MGNI:api-gateway:8080 - registration failed Cannot execute request on any known server

com.netflix.discovery.shared.transport.TransportException: Cannot execute request on any known server
	at com.netflix.discovery.shared.transport.decorator.RetryableEurekaHttpClient.execute(RetryableEurekaHttpClient.java:112) ~[eureka-client-2.0.4.jar:2.0.4]
	at com.netflix.discovery.shared.transport.decorator.EurekaHttpClientDecorator.register(EurekaHttpClientDecorator.java:56) ~[eureka-client-2.0.4.jar:2.0.4]
	at com.netflix.discovery.shared.transport.decorator.EurekaHttpClientDecorator$1.execute(EurekaHttpClientDecorator.java:59) ~[eureka-client-2.0.4.jar:2.0.4]
	at com.netflix.discovery.shared.transport.decorator.SessionedEurekaHttpClient.execute(SessionedEurekaHttpClient.java:76) ~[eureka-client-2.0.4.jar:2.0.4]
	at com.netflix.discovery.shared.transport.decorator.EurekaHttpClientDecorator.register(EurekaHttpClientDecorator.java:56) ~[eureka-client-2.0.4.jar:2.0.4]
	at com.netflix.discovery.DiscoveryClient.register(DiscoveryClient.java:828) ~[eureka-client-2.0.4.jar:2.0.4]
	at com.netflix.discovery.InstanceInfoReplicator.run(InstanceInfoReplicator.java:125) ~[eureka-client-2.0.4.jar:2.0.4]
	at com.netflix.discovery.InstanceInfoReplicator$2.run(InstanceInfoReplicator.java:105) ~[eureka-client-2.0.4.jar:2.0.4]
	at java.base/java.util.concurrent.Executors$RunnableAdapter.call(Executors.java:539) ~[na:na]
	at java.base/java.util.concurrent.FutureTask.run(FutureTask.java:264) ~[na:na]
	at java.base/java.util.concurrent.ScheduledThreadPoolExecutor$ScheduledFutureTask.run(ScheduledThreadPoolExecutor.java:304) ~[na:na]
	at java.base/java.util.concurrent.ThreadPoolExecutor.runWorker(ThreadPoolExecutor.java:1136) ~[na:na]
	at java.base/java.util.concurrent.ThreadPoolExecutor$Worker.run(ThreadPoolExecutor.java:635) ~[na:na]
	at java.base/java.lang.Thread.run(Thread.java:842) ~[na:na]

2026-08-04T15:41:44.534+07:00  WARN [api-gateway,,] 95284 --- [api-gateway] [DiscoveryClient-InstanceInfoReplicator-%d] [                                                 ] c.n.discovery.InstanceInfoReplicator     : There was a problem with the instance info replicator

com.netflix.discovery.shared.transport.TransportException: Cannot execute request on any known server
	at com.netflix.discovery.shared.transport.decorator.RetryableEurekaHttpClient.execute(RetryableEurekaHttpClient.java:112) ~[eureka-client-2.0.4.jar:2.0.4]
	at com.netflix.discovery.shared.transport.decorator.EurekaHttpClientDecorator.register(EurekaHttpClientDecorator.java:56) ~[eureka-client-2.0.4.jar:2.0.4]
	at com.netflix.discovery.shared.transport.decorator.EurekaHttpClientDecorator$1.execute(EurekaHttpClientDecorator.java:59) ~[eureka-client-2.0.4.jar:2.0.4]
	at com.netflix.discovery.shared.transport.decorator.SessionedEurekaHttpClient.execute(SessionedEurekaHttpClient.java:76) ~[eureka-client-2.0.4.jar:2.0.4]
	at com.netflix.discovery.shared.transport.decorator.EurekaHttpClientDecorator.register(EurekaHttpClientDecorator.java:56) ~[eureka-client-2.0.4.jar:2.0.4]
	at com.netflix.discovery.DiscoveryClient.register(DiscoveryClient.java:828) ~[eureka-client-2.0.4.jar:2.0.4]
	at com.netflix.discovery.InstanceInfoReplicator.run(InstanceInfoReplicator.java:125) ~[eureka-client-2.0.4.jar:2.0.4]
	at com.netflix.discovery.InstanceInfoReplicator$2.run(InstanceInfoReplicator.java:105) ~[eureka-client-2.0.4.jar:2.0.4]
	at java.base/java.util.concurrent.Executors$RunnableAdapter.call(Executors.java:539) ~[na:na]
	at java.base/java.util.concurrent.FutureTask.run(FutureTask.java:264) ~[na:na]
	at java.base/java.util.concurrent.ScheduledThreadPoolExecutor$ScheduledFutureTask.run(ScheduledThreadPoolExecutor.java:304) ~[na:na]
	at java.base/java.util.concurrent.ThreadPoolExecutor.runWorker(ThreadPoolExecutor.java:1136) ~[na:na]
	at java.base/java.util.concurrent.ThreadPoolExecutor$Worker.run(ThreadPoolExecutor.java:635) ~[na:na]
	at java.base/java.lang.Thread.run(Thread.java:842) ~[na:na]

2026-08-04T15:41:46.527+07:00  INFO [api-gateway,,] 95284 --- [api-gateway] [SpringApplicationShutdownHook] [                                                 ] com.netflix.discovery.DiscoveryClient    : Shutting down DiscoveryClient ...
2026-08-04T15:45:09.096+07:00  INFO [api-gateway,,] 30456 --- [api-gateway] [main] c.n.S.gateway.ApiGatewayApplication      : Starting ApiGatewayApplication using Java 17.0.9 with PID 30456 (D:\Projects\Social-media\backend\api-gateway\target\classes started by BANG in D:\Projects\Social-media\backend\api-gateway)
2026-08-04T15:45:09.102+07:00  INFO [api-gateway,,] 30456 --- [api-gateway] [main] c.n.S.gateway.ApiGatewayApplication      : No active profile set, falling back to 1 default profile: "default"
2026-08-04T15:45:11.244+07:00  INFO [api-gateway,,] 30456 --- [api-gateway] [main] o.s.cloud.context.scope.GenericScope     : BeanFactory id=03a1b66b-15c0-34cb-8ac0-df55dc09f22e
2026-08-04T15:45:13.387+07:00  INFO [api-gateway,,] 30456 --- [api-gateway] [main] o.s.c.g.r.RouteDefinitionRouteLocator    : Loaded RoutePredicateFactory [After]
2026-08-04T15:45:13.388+07:00  INFO [api-gateway,,] 30456 --- [api-gateway] [main] o.s.c.g.r.RouteDefinitionRouteLocator    : Loaded RoutePredicateFactory [Before]
2026-08-04T15:45:13.388+07:00  INFO [api-gateway,,] 30456 --- [api-gateway] [main] o.s.c.g.r.RouteDefinitionRouteLocator    : Loaded RoutePredicateFactory [Between]
2026-08-04T15:45:13.389+07:00  INFO [api-gateway,,] 30456 --- [api-gateway] [main] o.s.c.g.r.RouteDefinitionRouteLocator    : Loaded RoutePredicateFactory [Cookie]
2026-08-04T15:45:13.390+07:00  INFO [api-gateway,,] 30456 --- [api-gateway] [main] o.s.c.g.r.RouteDefinitionRouteLocator    : Loaded RoutePredicateFactory [Header]
2026-08-04T15:45:13.390+07:00  INFO [api-gateway,,] 30456 --- [api-gateway] [main] o.s.c.g.r.RouteDefinitionRouteLocator    : Loaded RoutePredicateFactory [Host]
2026-08-04T15:45:13.392+07:00  INFO [api-gateway,,] 30456 --- [api-gateway] [main] o.s.c.g.r.RouteDefinitionRouteLocator    : Loaded RoutePredicateFactory [Method]
2026-08-04T15:45:13.393+07:00  INFO [api-gateway,,] 30456 --- [api-gateway] [main] o.s.c.g.r.RouteDefinitionRouteLocator    : Loaded RoutePredicateFactory [Path]
2026-08-04T15:45:13.395+07:00  INFO [api-gateway,,] 30456 --- [api-gateway] [main] o.s.c.g.r.RouteDefinitionRouteLocator    : Loaded RoutePredicateFactory [Query]
2026-08-04T15:45:13.397+07:00  INFO [api-gateway,,] 30456 --- [api-gateway] [main] o.s.c.g.r.RouteDefinitionRouteLocator    : Loaded RoutePredicateFactory [ReadBody]
2026-08-04T15:45:13.398+07:00  INFO [api-gateway,,] 30456 --- [api-gateway] [main] o.s.c.g.r.RouteDefinitionRouteLocator    : Loaded RoutePredicateFactory [RemoteAddr]
2026-08-04T15:45:13.399+07:00  INFO [api-gateway,,] 30456 --- [api-gateway] [main] o.s.c.g.r.RouteDefinitionRouteLocator    : Loaded RoutePredicateFactory [XForwardedRemoteAddr]
2026-08-04T15:45:13.402+07:00  INFO [api-gateway,,] 30456 --- [api-gateway] [main] o.s.c.g.r.RouteDefinitionRouteLocator    : Loaded RoutePredicateFactory [Weight]
2026-08-04T15:45:13.403+07:00  INFO [api-gateway,,] 30456 --- [api-gateway] [main] o.s.c.g.r.RouteDefinitionRouteLocator    : Loaded RoutePredicateFactory [CloudFoundryRouteService]
2026-08-04T15:45:14.824+07:00  INFO [api-gateway,,] 30456 --- [api-gateway] [main] o.s.b.a.e.web.EndpointLinksResolver      : Exposing 2 endpoints beneath base path '/actuator'
2026-08-04T15:45:15.274+07:00  INFO [api-gateway,,] 30456 --- [api-gateway] [main] DiscoveryClientOptionalArgsConfiguration : Eureka HTTP Client uses RestTemplate.
2026-08-04T15:45:15.331+07:00  WARN [api-gateway,,] 30456 --- [api-gateway] [main] iguration$LoadBalancerCaffeineWarnLogger : Spring Cloud LoadBalancer is currently working with the default cache. While this cache implementation is useful for development and tests, it's recommended to use Caffeine cache in production.You can switch to using Caffeine cache, by adding it and org.springframework.cache.caffeine.CaffeineCacheManager to the classpath.
2026-08-04T15:45:15.430+07:00  INFO [api-gateway,,] 30456 --- [api-gateway] [main] o.s.c.n.eureka.InstanceInfoFactory       : Setting initial instance status as: STARTING
2026-08-04T15:45:15.485+07:00  INFO [api-gateway,,] 30456 --- [api-gateway] [main] com.netflix.discovery.DiscoveryClient    : Initializing Eureka in region us-east-1
2026-08-04T15:45:15.493+07:00  INFO [api-gateway,,] 30456 --- [api-gateway] [main] c.n.d.s.r.aws.ConfigClusterResolver      : Resolving eureka endpoints via configuration
2026-08-04T15:45:15.519+07:00  INFO [api-gateway,,] 30456 --- [api-gateway] [main] com.netflix.discovery.DiscoveryClient    : Disable delta property : false
2026-08-04T15:45:15.520+07:00  INFO [api-gateway,,] 30456 --- [api-gateway] [main] com.netflix.discovery.DiscoveryClient    : Single vip registry refresh property : null
2026-08-04T15:45:15.521+07:00  INFO [api-gateway,,] 30456 --- [api-gateway] [main] com.netflix.discovery.DiscoveryClient    : Force full registry fetch : false
2026-08-04T15:45:15.522+07:00  INFO [api-gateway,,] 30456 --- [api-gateway] [main] com.netflix.discovery.DiscoveryClient    : Application is null : false
2026-08-04T15:45:15.523+07:00  INFO [api-gateway,,] 30456 --- [api-gateway] [main] com.netflix.discovery.DiscoveryClient    : Registered Applications size is zero : true
2026-08-04T15:45:15.524+07:00  INFO [api-gateway,,] 30456 --- [api-gateway] [main] com.netflix.discovery.DiscoveryClient    : Application version is -1: true
2026-08-04T15:45:15.524+07:00  INFO [api-gateway,,] 30456 --- [api-gateway] [main] com.netflix.discovery.DiscoveryClient    : Getting all instance registry info from the eureka server
2026-08-04T15:45:16.465+07:00  INFO [api-gateway,,] 30456 --- [api-gateway] [main] com.netflix.discovery.DiscoveryClient    : The response status is 200
2026-08-04T15:45:16.469+07:00  INFO [api-gateway,,] 30456 --- [api-gateway] [main] com.netflix.discovery.DiscoveryClient    : Starting heartbeat executor: renew interval is: 30
2026-08-04T15:45:16.477+07:00  INFO [api-gateway,,] 30456 --- [api-gateway] [main] c.n.discovery.InstanceInfoReplicator     : InstanceInfoReplicator onDemand update allowed rate per min is 4
2026-08-04T15:45:16.481+07:00  INFO [api-gateway,,] 30456 --- [api-gateway] [main] com.netflix.discovery.DiscoveryClient    : Discovery Client initialized at timestamp 1785833116480 with initial instances count: 0
2026-08-04T15:45:16.492+07:00  INFO [api-gateway,,] 30456 --- [api-gateway] [main] o.s.c.n.e.s.EurekaServiceRegistry        : Registering application API-GATEWAY with eureka with status UP
2026-08-04T15:45:16.495+07:00  INFO [api-gateway,,] 30456 --- [api-gateway] [main] com.netflix.discovery.DiscoveryClient    : Saw local status change event StatusChangeEvent [timestamp=1785833116495, current=UP, previous=STARTING]
2026-08-04T15:45:16.502+07:00  INFO [api-gateway,,] 30456 --- [api-gateway] [DiscoveryClient-InstanceInfoReplicator-%d] com.netflix.discovery.DiscoveryClient    : DiscoveryClient_API-GATEWAY/LAPTOP-4K64MGNI:api-gateway:8080: registering service...
2026-08-04T15:45:16.908+07:00  INFO [api-gateway,,] 30456 --- [api-gateway] [DiscoveryClient-InstanceInfoReplicator-%d] com.netflix.discovery.DiscoveryClient    : DiscoveryClient_API-GATEWAY/LAPTOP-4K64MGNI:api-gateway:8080 - registration status: 204
2026-08-04T15:45:17.360+07:00  INFO [api-gateway,,] 30456 --- [api-gateway] [main] o.s.b.web.embedded.netty.NettyWebServer  : Netty started on port 8080 (http)
2026-08-04T15:45:17.365+07:00  INFO [api-gateway,,] 30456 --- [api-gateway] [main] .s.c.n.e.s.EurekaAutoServiceRegistration : Updating port to 8080
2026-08-04T15:45:19.800+07:00  INFO [api-gateway,,] 30456 --- [api-gateway] [main] c.n.S.gateway.ApiGatewayApplication      : Started ApiGatewayApplication in 12.231 seconds (process running for 13.646)
2026-08-04T15:45:46.481+07:00  INFO [api-gateway,,] 30456 --- [api-gateway] [DiscoveryClient-CacheRefreshExecutor-%d] com.netflix.discovery.DiscoveryClient    : Disable delta property : false
2026-08-04T15:45:46.485+07:00  INFO [api-gateway,,] 30456 --- [api-gateway] [DiscoveryClient-CacheRefreshExecutor-%d] com.netflix.discovery.DiscoveryClient    : Single vip registry refresh property : null
2026-08-04T15:45:46.489+07:00  INFO [api-gateway,,] 30456 --- [api-gateway] [DiscoveryClient-CacheRefreshExecutor-%d] com.netflix.discovery.DiscoveryClient    : Force full registry fetch : false
2026-08-04T15:45:46.493+07:00  INFO [api-gateway,,] 30456 --- [api-gateway] [DiscoveryClient-CacheRefreshExecutor-%d] com.netflix.discovery.DiscoveryClient    : Application is null : false
2026-08-04T15:45:46.496+07:00  INFO [api-gateway,,] 30456 --- [api-gateway] [DiscoveryClient-CacheRefreshExecutor-%d] com.netflix.discovery.DiscoveryClient    : Registered Applications size is zero : true
2026-08-04T15:45:46.511+07:00  INFO [api-gateway,,] 30456 --- [api-gateway] [DiscoveryClient-CacheRefreshExecutor-%d] com.netflix.discovery.DiscoveryClient    : Application version is -1: false
2026-08-04T15:45:46.518+07:00  INFO [api-gateway,,] 30456 --- [api-gateway] [DiscoveryClient-CacheRefreshExecutor-%d] com.netflix.discovery.DiscoveryClient    : Getting all instance registry info from the eureka server
2026-08-04T15:45:46.567+07:00  INFO [api-gateway,,] 30456 --- [api-gateway] [DiscoveryClient-CacheRefreshExecutor-%d] com.netflix.discovery.DiscoveryClient    : The response status is 200
2026-08-04T15:50:15.545+07:00  INFO [api-gateway,,] 30456 --- [api-gateway] [AsyncResolver-bootstrap-executor-%d] c.n.d.s.r.aws.ConfigClusterResolver      : Resolving eureka endpoints via configuration
2026-08-04T15:55:15.549+07:00  INFO [api-gateway,,] 30456 --- [api-gateway] [AsyncResolver-bootstrap-executor-%d] c.n.d.s.r.aws.ConfigClusterResolver      : Resolving eureka endpoints via configuration
2026-08-04T16:00:15.554+07:00  INFO [api-gateway,,] 30456 --- [api-gateway] [AsyncResolver-bootstrap-executor-%d] c.n.d.s.r.aws.ConfigClusterResolver      : Resolving eureka endpoints via configuration
2026-08-04T16:05:15.558+07:00  INFO [api-gateway,,] 30456 --- [api-gateway] [AsyncResolver-bootstrap-executor-%d] c.n.d.s.r.aws.ConfigClusterResolver      : Resolving eureka endpoints via configuration
2026-08-04T16:10:15.560+07:00  INFO [api-gateway,,] 30456 --- [api-gateway] [AsyncResolver-bootstrap-executor-%d] c.n.d.s.r.aws.ConfigClusterResolver      : Resolving eureka endpoints via configuration
2026-08-04T16:12:03.368+07:00 ERROR [api-gateway,,] 30456 --- [api-gateway] [reactor-http-nio-9] c.n.S.g.filter.GlobalExceptionHandler    : Unhandled gateway exception

io.netty.channel.AbstractChannel$AnnotatedConnectException: Connection refused: no further information: /192.168.111.1:8083
	Suppressed: reactor.core.publisher.FluxOnAssembly$OnAssemblyException: 
Error has been observed at the following site(s):
	*__checkpoint ? org.springframework.cloud.gateway.filter.WeightCalculatorWebFilter [DefaultWebFilterChain]
	*__checkpoint ? AuthorizationWebFilter [DefaultWebFilterChain]
	*__checkpoint ? ExceptionTranslationWebFilter [DefaultWebFilterChain]
	*__checkpoint ? LogoutWebFilter [DefaultWebFilterChain]
	*__checkpoint ? ServerRequestCacheWebFilter [DefaultWebFilterChain]
	*__checkpoint ? SecurityContextServerWebExchangeWebFilter [DefaultWebFilterChain]
	*__checkpoint ? AuthenticationWebFilter [DefaultWebFilterChain]
	*__checkpoint ? ReactorContextWebFilter [DefaultWebFilterChain]
	*__checkpoint ? CorsWebFilter [DefaultWebFilterChain]
	*__checkpoint ? HttpHeaderWriterWebFilter [DefaultWebFilterChain]
	*__checkpoint ? ServerWebExchangeReactorContextWebFilter [DefaultWebFilterChain]
	*__checkpoint ? org.springframework.security.web.server.WebFilterChainProxy [DefaultWebFilterChain]
	*__checkpoint ? HTTP GET "/ws/notifications/info?t=1785834721337" [ExceptionHandlingWebHandler]
Original Stack Trace:
Caused by: java.net.ConnectException: Connection refused: no further information
	at java.base/sun.nio.ch.Net.pollConnect(Native Method) ~[na:na]
	at java.base/sun.nio.ch.Net.pollConnectNow(Net.java:672) ~[na:na]
	at java.base/sun.nio.ch.SocketChannelImpl.finishConnect(SocketChannelImpl.java:946) ~[na:na]
	at io.netty.channel.socket.nio.NioSocketChannel.doFinishConnect(NioSocketChannel.java:336) ~[netty-transport-4.1.122.Final.jar:4.1.122.Final]
	at io.netty.channel.nio.AbstractNioChannel$AbstractNioUnsafe.finishConnect(AbstractNioChannel.java:339) ~[netty-transport-4.1.122.Final.jar:4.1.122.Final]
	at io.netty.channel.nio.NioEventLoop.processSelectedKey(NioEventLoop.java:784) ~[netty-transport-4.1.122.Final.jar:4.1.122.Final]
	at io.netty.channel.nio.NioEventLoop.processSelectedKeysOptimized(NioEventLoop.java:732) ~[netty-transport-4.1.122.Final.jar:4.1.122.Final]
	at io.netty.channel.nio.NioEventLoop.processSelectedKeys(NioEventLoop.java:658) ~[netty-transport-4.1.122.Final.jar:4.1.122.Final]
	at io.netty.channel.nio.NioEventLoop.run(NioEventLoop.java:562) ~[netty-transport-4.1.122.Final.jar:4.1.122.Final]
	at io.netty.util.concurrent.SingleThreadEventExecutor$4.run(SingleThreadEventExecutor.java:998) ~[netty-common-4.1.122.Final.jar:4.1.122.Final]
	at io.netty.util.internal.ThreadExecutorMap$2.run(ThreadExecutorMap.java:74) ~[netty-common-4.1.122.Final.jar:4.1.122.Final]
	at io.netty.util.concurrent.FastThreadLocalRunnable.run(FastThreadLocalRunnable.java:30) ~[netty-common-4.1.122.Final.jar:4.1.122.Final]
	at java.base/java.lang.Thread.run(Thread.java:842) ~[na:na]

2026-08-04T16:12:03.381+07:00 ERROR [api-gateway,,] 30456 --- [api-gateway] [reactor-http-nio-10] c.n.S.g.filter.GlobalExceptionHandler    : Unhandled gateway exception

io.netty.channel.AbstractChannel$AnnotatedConnectException: Connection refused: no further information: /192.168.111.1:8083
	Suppressed: reactor.core.publisher.FluxOnAssembly$OnAssemblyException: 
Error has been observed at the following site(s):
	*__checkpoint ? org.springframework.cloud.gateway.filter.WeightCalculatorWebFilter [DefaultWebFilterChain]
	*__checkpoint ? AuthorizationWebFilter [DefaultWebFilterChain]
	*__checkpoint ? ExceptionTranslationWebFilter [DefaultWebFilterChain]
	*__checkpoint ? LogoutWebFilter [DefaultWebFilterChain]
	*__checkpoint ? ServerRequestCacheWebFilter [DefaultWebFilterChain]
	*__checkpoint ? SecurityContextServerWebExchangeWebFilter [DefaultWebFilterChain]
	*__checkpoint ? AuthenticationWebFilter [DefaultWebFilterChain]
	*__checkpoint ? ReactorContextWebFilter [DefaultWebFilterChain]
	*__checkpoint ? CorsWebFilter [DefaultWebFilterChain]
	*__checkpoint ? HttpHeaderWriterWebFilter [DefaultWebFilterChain]
	*__checkpoint ? ServerWebExchangeReactorContextWebFilter [DefaultWebFilterChain]
	*__checkpoint ? org.springframework.security.web.server.WebFilterChainProxy [DefaultWebFilterChain]
	*__checkpoint ? HTTP GET "/ws/notifications/info?t=1785834721337" [ExceptionHandlingWebHandler]
Original Stack Trace:
Caused by: java.net.ConnectException: Connection refused: no further information
	at java.base/sun.nio.ch.Net.pollConnect(Native Method) ~[na:na]
	at java.base/sun.nio.ch.Net.pollConnectNow(Net.java:672) ~[na:na]
	at java.base/sun.nio.ch.SocketChannelImpl.finishConnect(SocketChannelImpl.java:946) ~[na:na]
	at io.netty.channel.socket.nio.NioSocketChannel.doFinishConnect(NioSocketChannel.java:336) ~[netty-transport-4.1.122.Final.jar:4.1.122.Final]
	at io.netty.channel.nio.AbstractNioChannel$AbstractNioUnsafe.finishConnect(AbstractNioChannel.java:339) ~[netty-transport-4.1.122.Final.jar:4.1.122.Final]
	at io.netty.channel.nio.NioEventLoop.processSelectedKey(NioEventLoop.java:784) ~[netty-transport-4.1.122.Final.jar:4.1.122.Final]
	at io.netty.channel.nio.NioEventLoop.processSelectedKeysOptimized(NioEventLoop.java:732) ~[netty-transport-4.1.122.Final.jar:4.1.122.Final]
	at io.netty.channel.nio.NioEventLoop.processSelectedKeys(NioEventLoop.java:658) ~[netty-transport-4.1.122.Final.jar:4.1.122.Final]
	at io.netty.channel.nio.NioEventLoop.run(NioEventLoop.java:562) ~[netty-transport-4.1.122.Final.jar:4.1.122.Final]
	at io.netty.util.concurrent.SingleThreadEventExecutor$4.run(SingleThreadEventExecutor.java:998) ~[netty-common-4.1.122.Final.jar:4.1.122.Final]
	at io.netty.util.internal.ThreadExecutorMap$2.run(ThreadExecutorMap.java:74) ~[netty-common-4.1.122.Final.jar:4.1.122.Final]
	at io.netty.util.concurrent.FastThreadLocalRunnable.run(FastThreadLocalRunnable.java:30) ~[netty-common-4.1.122.Final.jar:4.1.122.Final]
	at java.base/java.lang.Thread.run(Thread.java:842) ~[na:na]

2026-08-04T16:12:09.356+07:00  WARN [api-gateway,,] 30456 --- [api-gateway] [reactor-http-nio-11] r.netty.http.client.HttpClientConnect    : [47106727-1, L:/192.168.111.1:58535 - R:/192.168.111.1:8083] The connection observed an error

java.net.SocketException: Connection reset
	at java.base/sun.nio.ch.SocketChannelImpl.throwConnectionReset(SocketChannelImpl.java:394) ~[na:na]
	at java.base/sun.nio.ch.SocketChannelImpl.read(SocketChannelImpl.java:426) ~[na:na]
	at io.netty.buffer.PooledByteBuf.setBytes(PooledByteBuf.java:255) ~[netty-buffer-4.1.122.Final.jar:4.1.122.Final]
	at io.netty.buffer.AbstractByteBuf.writeBytes(AbstractByteBuf.java:1132) ~[netty-buffer-4.1.122.Final.jar:4.1.122.Final]
	at io.netty.channel.socket.nio.NioSocketChannel.doReadBytes(NioSocketChannel.java:356) ~[netty-transport-4.1.122.Final.jar:4.1.122.Final]
	at io.netty.channel.nio.AbstractNioByteChannel$NioByteUnsafe.read(AbstractNioByteChannel.java:151) ~[netty-transport-4.1.122.Final.jar:4.1.122.Final]
	at io.netty.channel.nio.NioEventLoop.processSelectedKey(NioEventLoop.java:796) ~[netty-transport-4.1.122.Final.jar:4.1.122.Final]
	at io.netty.channel.nio.NioEventLoop.processSelectedKeysOptimized(NioEventLoop.java:732) ~[netty-transport-4.1.122.Final.jar:4.1.122.Final]
	at io.netty.channel.nio.NioEventLoop.processSelectedKeys(NioEventLoop.java:658) ~[netty-transport-4.1.122.Final.jar:4.1.122.Final]
	at io.netty.channel.nio.NioEventLoop.run(NioEventLoop.java:562) ~[netty-transport-4.1.122.Final.jar:4.1.122.Final]
	at io.netty.util.concurrent.SingleThreadEventExecutor$4.run(SingleThreadEventExecutor.java:998) ~[netty-common-4.1.122.Final.jar:4.1.122.Final]
	at io.netty.util.internal.ThreadExecutorMap$2.run(ThreadExecutorMap.java:74) ~[netty-common-4.1.122.Final.jar:4.1.122.Final]
	at io.netty.util.concurrent.FastThreadLocalRunnable.run(FastThreadLocalRunnable.java:30) ~[netty-common-4.1.122.Final.jar:4.1.122.Final]
	at java.base/java.lang.Thread.run(Thread.java:842) ~[na:na]

2026-08-04T16:12:09.361+07:00 ERROR [api-gateway,,] 30456 --- [api-gateway] [reactor-http-nio-11] c.n.S.g.filter.GlobalExceptionHandler    : Unhandled gateway exception

java.net.SocketException: Connection reset
	at java.base/sun.nio.ch.SocketChannelImpl.throwConnectionReset(SocketChannelImpl.java:394) ~[na:na]
	Suppressed: reactor.core.publisher.FluxOnAssembly$OnAssemblyException: 
Error has been observed at the following site(s):
	*__checkpoint ? org.springframework.cloud.gateway.filter.WeightCalculatorWebFilter [DefaultWebFilterChain]
	*__checkpoint ? AuthorizationWebFilter [DefaultWebFilterChain]
	*__checkpoint ? ExceptionTranslationWebFilter [DefaultWebFilterChain]
	*__checkpoint ? LogoutWebFilter [DefaultWebFilterChain]
	*__checkpoint ? ServerRequestCacheWebFilter [DefaultWebFilterChain]
	*__checkpoint ? SecurityContextServerWebExchangeWebFilter [DefaultWebFilterChain]
	*__checkpoint ? AuthenticationWebFilter [DefaultWebFilterChain]
	*__checkpoint ? ReactorContextWebFilter [DefaultWebFilterChain]
	*__checkpoint ? CorsWebFilter [DefaultWebFilterChain]
	*__checkpoint ? HttpHeaderWriterWebFilter [DefaultWebFilterChain]
	*__checkpoint ? ServerWebExchangeReactorContextWebFilter [DefaultWebFilterChain]
	*__checkpoint ? org.springframework.security.web.server.WebFilterChainProxy [DefaultWebFilterChain]
	*__checkpoint ? HTTP GET "/ws/notifications/info?t=1785834729337" [ExceptionHandlingWebHandler]
Original Stack Trace:
		at java.base/sun.nio.ch.SocketChannelImpl.throwConnectionReset(SocketChannelImpl.java:394) ~[na:na]
		at java.base/sun.nio.ch.SocketChannelImpl.read(SocketChannelImpl.java:426) ~[na:na]
		at io.netty.buffer.PooledByteBuf.setBytes(PooledByteBuf.java:255) ~[netty-buffer-4.1.122.Final.jar:4.1.122.Final]
		at io.netty.buffer.AbstractByteBuf.writeBytes(AbstractByteBuf.java:1132) ~[netty-buffer-4.1.122.Final.jar:4.1.122.Final]
		at io.netty.channel.socket.nio.NioSocketChannel.doReadBytes(NioSocketChannel.java:356) ~[netty-transport-4.1.122.Final.jar:4.1.122.Final]
		at io.netty.channel.nio.AbstractNioByteChannel$NioByteUnsafe.read(AbstractNioByteChannel.java:151) ~[netty-transport-4.1.122.Final.jar:4.1.122.Final]
		at io.netty.channel.nio.NioEventLoop.processSelectedKey(NioEventLoop.java:796) ~[netty-transport-4.1.122.Final.jar:4.1.122.Final]
		at io.netty.channel.nio.NioEventLoop.processSelectedKeysOptimized(NioEventLoop.java:732) ~[netty-transport-4.1.122.Final.jar:4.1.122.Final]
		at io.netty.channel.nio.NioEventLoop.processSelectedKeys(NioEventLoop.java:658) ~[netty-transport-4.1.122.Final.jar:4.1.122.Final]
		at io.netty.channel.nio.NioEventLoop.run(NioEventLoop.java:562) ~[netty-transport-4.1.122.Final.jar:4.1.122.Final]
		at io.netty.util.concurrent.SingleThreadEventExecutor$4.run(SingleThreadEventExecutor.java:998) ~[netty-common-4.1.122.Final.jar:4.1.122.Final]
		at io.netty.util.internal.ThreadExecutorMap$2.run(ThreadExecutorMap.java:74) ~[netty-common-4.1.122.Final.jar:4.1.122.Final]
		at io.netty.util.concurrent.FastThreadLocalRunnable.run(FastThreadLocalRunnable.java:30) ~[netty-common-4.1.122.Final.jar:4.1.122.Final]
		at java.base/java.lang.Thread.run(Thread.java:842) ~[na:na]

2026-08-04T16:12:11.385+07:00 ERROR [api-gateway,,] 30456 --- [api-gateway] [reactor-http-nio-12] c.n.S.g.filter.GlobalExceptionHandler    : Unhandled gateway exception

io.netty.channel.AbstractChannel$AnnotatedConnectException: Connection refused: no further information: /192.168.111.1:8083
	Suppressed: reactor.core.publisher.FluxOnAssembly$OnAssemblyException: 
Error has been observed at the following site(s):
	*__checkpoint ? org.springframework.cloud.gateway.filter.WeightCalculatorWebFilter [DefaultWebFilterChain]
	*__checkpoint ? AuthorizationWebFilter [DefaultWebFilterChain]
	*__checkpoint ? ExceptionTranslationWebFilter [DefaultWebFilterChain]
	*__checkpoint ? LogoutWebFilter [DefaultWebFilterChain]
	*__checkpoint ? ServerRequestCacheWebFilter [DefaultWebFilterChain]
	*__checkpoint ? SecurityContextServerWebExchangeWebFilter [DefaultWebFilterChain]
	*__checkpoint ? AuthenticationWebFilter [DefaultWebFilterChain]
	*__checkpoint ? ReactorContextWebFilter [DefaultWebFilterChain]
	*__checkpoint ? CorsWebFilter [DefaultWebFilterChain]
	*__checkpoint ? HttpHeaderWriterWebFilter [DefaultWebFilterChain]
	*__checkpoint ? ServerWebExchangeReactorContextWebFilter [DefaultWebFilterChain]
	*__checkpoint ? org.springframework.security.web.server.WebFilterChainProxy [DefaultWebFilterChain]
	*__checkpoint ? HTTP GET "/ws/notifications/info?t=1785834729339" [ExceptionHandlingWebHandler]
Original Stack Trace:
Caused by: java.net.ConnectException: Connection refused: no further information
	at java.base/sun.nio.ch.Net.pollConnect(Native Method) ~[na:na]
	at java.base/sun.nio.ch.Net.pollConnectNow(Net.java:672) ~[na:na]
	at java.base/sun.nio.ch.SocketChannelImpl.finishConnect(SocketChannelImpl.java:946) ~[na:na]
	at io.netty.channel.socket.nio.NioSocketChannel.doFinishConnect(NioSocketChannel.java:336) ~[netty-transport-4.1.122.Final.jar:4.1.122.Final]
	at io.netty.channel.nio.AbstractNioChannel$AbstractNioUnsafe.finishConnect(AbstractNioChannel.java:339) ~[netty-transport-4.1.122.Final.jar:4.1.122.Final]
	at io.netty.channel.nio.NioEventLoop.processSelectedKey(NioEventLoop.java:784) ~[netty-transport-4.1.122.Final.jar:4.1.122.Final]
	at io.netty.channel.nio.NioEventLoop.processSelectedKeysOptimized(NioEventLoop.java:732) ~[netty-transport-4.1.122.Final.jar:4.1.122.Final]
	at io.netty.channel.nio.NioEventLoop.processSelectedKeys(NioEventLoop.java:658) ~[netty-transport-4.1.122.Final.jar:4.1.122.Final]
	at io.netty.channel.nio.NioEventLoop.run(NioEventLoop.java:562) ~[netty-transport-4.1.122.Final.jar:4.1.122.Final]
	at io.netty.util.concurrent.SingleThreadEventExecutor$4.run(SingleThreadEventExecutor.java:998) ~[netty-common-4.1.122.Final.jar:4.1.122.Final]
	at io.netty.util.internal.ThreadExecutorMap$2.run(ThreadExecutorMap.java:74) ~[netty-common-4.1.122.Final.jar:4.1.122.Final]
	at io.netty.util.concurrent.FastThreadLocalRunnable.run(FastThreadLocalRunnable.java:30) ~[netty-common-4.1.122.Final.jar:4.1.122.Final]
	at java.base/java.lang.Thread.run(Thread.java:842) ~[na:na]

2026-08-04T16:15:15.562+07:00  INFO [api-gateway,,] 30456 --- [api-gateway] [AsyncResolver-bootstrap-executor-%d] c.n.d.s.r.aws.ConfigClusterResolver      : Resolving eureka endpoints via configuration
2026-08-04T16:20:15.574+07:00  INFO [api-gateway,,] 30456 --- [api-gateway] [AsyncResolver-bootstrap-executor-%d] c.n.d.s.r.aws.ConfigClusterResolver      : Resolving eureka endpoints via configuration
2026-08-04T16:25:15.592+07:00  INFO [api-gateway,,] 30456 --- [api-gateway] [AsyncResolver-bootstrap-executor-%d] c.n.d.s.r.aws.ConfigClusterResolver      : Resolving eureka endpoints via configuration
2026-08-04T16:30:15.604+07:00  INFO [api-gateway,,] 30456 --- [api-gateway] [AsyncResolver-bootstrap-executor-%d] c.n.d.s.r.aws.ConfigClusterResolver      : Resolving eureka endpoints via configuration
2026-08-04T16:35:15.620+07:00  INFO [api-gateway,,] 30456 --- [api-gateway] [AsyncResolver-bootstrap-executor-%d] c.n.d.s.r.aws.ConfigClusterResolver      : Resolving eureka endpoints via configuration
2026-08-04T16:40:15.627+07:00  INFO [api-gateway,,] 30456 --- [api-gateway] [AsyncResolver-bootstrap-executor-%d] c.n.d.s.r.aws.ConfigClusterResolver      : Resolving eureka endpoints via configuration
2026-08-04T16:44:16.165+07:00  WARN [api-gateway,,] 30456 --- [api-gateway] [parallel-9] o.s.c.l.core.RoundRobinLoadBalancer      : No servers available for service: notification-service
2026-08-04T16:44:42.847+07:00  WARN [api-gateway,,] 30456 --- [api-gateway] [parallel-11] o.s.c.l.core.RoundRobinLoadBalancer      : No servers available for service: notification-service
2026-08-04T16:44:48.355+07:00  WARN [api-gateway,,] 30456 --- [api-gateway] [parallel-1] o.s.c.l.core.RoundRobinLoadBalancer      : No servers available for service: notification-service
2026-08-04T16:45:15.636+07:00  INFO [api-gateway,,] 30456 --- [api-gateway] [AsyncResolver-bootstrap-executor-%d] c.n.d.s.r.aws.ConfigClusterResolver      : Resolving eureka endpoints via configuration
2026-08-04T16:50:15.684+07:00  INFO [api-gateway,,] 30456 --- [api-gateway] [AsyncResolver-bootstrap-executor-%d] c.n.d.s.r.aws.ConfigClusterResolver      : Resolving eureka endpoints via configuration
2026-08-04T16:55:15.784+07:00  INFO [api-gateway,,] 30456 --- [api-gateway] [AsyncResolver-bootstrap-executor-%d] c.n.d.s.r.aws.ConfigClusterResolver      : Resolving eureka endpoints via configuration
2026-08-04T16:56:52.076+07:00  WARN [api-gateway,,] 30456 --- [api-gateway] [parallel-3] o.s.c.l.core.RoundRobinLoadBalancer      : No servers available for service: notification-service
2026-08-04T16:56:57.461+07:00  WARN [api-gateway,,] 30456 --- [api-gateway] [parallel-5] o.s.c.l.core.RoundRobinLoadBalancer      : No servers available for service: notification-service
2026-08-04T16:57:03.351+07:00  WARN [api-gateway,,] 30456 --- [api-gateway] [parallel-7] o.s.c.l.core.RoundRobinLoadBalancer      : No servers available for service: notification-service
2026-08-04T16:57:09.340+07:00  WARN [api-gateway,,] 30456 --- [api-gateway] [parallel-9] o.s.c.l.core.RoundRobinLoadBalancer      : No servers available for service: notification-service
2026-08-04T16:57:15.353+07:00  WARN [api-gateway,,] 30456 --- [api-gateway] [parallel-11] o.s.c.l.core.RoundRobinLoadBalancer      : No servers available for service: notification-service
2026-08-04T16:57:21.339+07:00  WARN [api-gateway,,] 30456 --- [api-gateway] [parallel-1] o.s.c.l.core.RoundRobinLoadBalancer      : No servers available for service: notification-service
2026-08-04T16:57:27.337+07:00  WARN [api-gateway,,] 30456 --- [api-gateway] [parallel-3] o.s.c.l.core.RoundRobinLoadBalancer      : No servers available for service: notification-service
2026-08-04T16:57:33.345+07:00  WARN [api-gateway,,] 30456 --- [api-gateway] [parallel-5] o.s.c.l.core.RoundRobinLoadBalancer      : No servers available for service: notification-service
2026-08-04T16:57:39.343+07:00  WARN [api-gateway,,] 30456 --- [api-gateway] [parallel-7] o.s.c.l.core.RoundRobinLoadBalancer      : No servers available for service: notification-service
2026-08-04T16:57:45.477+07:00  WARN [api-gateway,,] 30456 --- [api-gateway] [parallel-9] o.s.c.l.core.RoundRobinLoadBalancer      : No servers available for service: notification-service
2026-08-04T16:57:51.342+07:00  WARN [api-gateway,,] 30456 --- [api-gateway] [parallel-11] o.s.c.l.core.RoundRobinLoadBalancer      : No servers available for service: notification-service
2026-08-04T16:57:57.350+07:00  WARN [api-gateway,,] 30456 --- [api-gateway] [parallel-1] o.s.c.l.core.RoundRobinLoadBalancer      : No servers available for service: notification-service
2026-08-04T16:58:03.378+07:00  WARN [api-gateway,,] 30456 --- [api-gateway] [parallel-3] o.s.c.l.core.RoundRobinLoadBalancer      : No servers available for service: notification-service
2026-08-04T16:58:09.342+07:00  WARN [api-gateway,,] 30456 --- [api-gateway] [parallel-5] o.s.c.l.core.RoundRobinLoadBalancer      : No servers available for service: notification-service
2026-08-04T16:58:15.372+07:00  WARN [api-gateway,,] 30456 --- [api-gateway] [parallel-7] o.s.c.l.core.RoundRobinLoadBalancer      : No servers available for service: notification-service
2026-08-04T16:58:21.357+07:00  WARN [api-gateway,,] 30456 --- [api-gateway] [parallel-9] o.s.c.l.core.RoundRobinLoadBalancer      : No servers available for service: notification-service
2026-08-04T16:58:36.668+07:00  WARN [api-gateway,,] 30456 --- [api-gateway] [parallel-11] o.s.c.l.core.RoundRobinLoadBalancer      : No servers available for service: notification-service
2026-08-04T16:58:42.382+07:00  WARN [api-gateway,,] 30456 --- [api-gateway] [parallel-1] o.s.c.l.core.RoundRobinLoadBalancer      : No servers available for service: notification-service
2026-08-04T16:58:48.420+07:00  WARN [api-gateway,,] 30456 --- [api-gateway] [parallel-3] o.s.c.l.core.RoundRobinLoadBalancer      : No servers available for service: notification-service
2026-08-04T16:58:54.336+07:00  WARN [api-gateway,,] 30456 --- [api-gateway] [parallel-5] o.s.c.l.core.RoundRobinLoadBalancer      : No servers available for service: notification-service
2026-08-04T16:59:00.377+07:00  WARN [api-gateway,,] 30456 --- [api-gateway] [parallel-7] o.s.c.l.core.RoundRobinLoadBalancer      : No servers available for service: notification-service
2026-08-04T16:59:06.343+07:00  WARN [api-gateway,,] 30456 --- [api-gateway] [parallel-9] o.s.c.l.core.RoundRobinLoadBalancer      : No servers available for service: notification-service
2026-08-04T16:59:12.338+07:00  WARN [api-gateway,,] 30456 --- [api-gateway] [parallel-11] o.s.c.l.core.RoundRobinLoadBalancer      : No servers available for service: notification-service
2026-08-04T16:59:18.354+07:00  WARN [api-gateway,,] 30456 --- [api-gateway] [parallel-1] o.s.c.l.core.RoundRobinLoadBalancer      : No servers available for service: notification-service
2026-08-04T16:59:24.349+07:00  WARN [api-gateway,,] 30456 --- [api-gateway] [parallel-3] o.s.c.l.core.RoundRobinLoadBalancer      : No servers available for service: notification-service
2026-08-04T16:59:30.357+07:00  WARN [api-gateway,,] 30456 --- [api-gateway] [parallel-5] o.s.c.l.core.RoundRobinLoadBalancer      : No servers available for service: notification-service
2026-08-04T16:59:36.339+07:00  WARN [api-gateway,,] 30456 --- [api-gateway] [parallel-7] o.s.c.l.core.RoundRobinLoadBalancer      : No servers available for service: notification-service
2026-08-04T16:59:42.341+07:00  WARN [api-gateway,,] 30456 --- [api-gateway] [parallel-9] o.s.c.l.core.RoundRobinLoadBalancer      : No servers available for service: notification-service
2026-08-04T16:59:48.524+07:00  WARN [api-gateway,,] 30456 --- [api-gateway] [parallel-11] o.s.c.l.core.RoundRobinLoadBalancer      : No servers available for service: notification-service
2026-08-04T16:59:54.453+07:00  WARN [api-gateway,,] 30456 --- [api-gateway] [parallel-1] o.s.c.l.core.RoundRobinLoadBalancer      : No servers available for service: notification-service
2026-08-04T17:00:00.561+07:00  WARN [api-gateway,,] 30456 --- [api-gateway] [parallel-3] o.s.c.l.core.RoundRobinLoadBalancer      : No servers available for service: notification-service
2026-08-04T17:00:06.342+07:00  WARN [api-gateway,,] 30456 --- [api-gateway] [parallel-5] o.s.c.l.core.RoundRobinLoadBalancer      : No servers available for service: notification-service
2026-08-04T17:00:12.395+07:00  WARN [api-gateway,,] 30456 --- [api-gateway] [parallel-7] o.s.c.l.core.RoundRobinLoadBalancer      : No servers available for service: notification-service
2026-08-04T17:00:15.810+07:00  INFO [api-gateway,,] 30456 --- [api-gateway] [AsyncResolver-bootstrap-executor-%d] c.n.d.s.r.aws.ConfigClusterResolver      : Resolving eureka endpoints via configuration
2026-08-04T17:00:18.339+07:00  WARN [api-gateway,,] 30456 --- [api-gateway] [parallel-9] o.s.c.l.core.RoundRobinLoadBalancer      : No servers available for service: notification-service
2026-08-04T17:00:24.447+07:00  WARN [api-gateway,,] 30456 --- [api-gateway] [parallel-11] o.s.c.l.core.RoundRobinLoadBalancer      : No servers available for service: notification-service
2026-08-04T17:00:30.460+07:00  WARN [api-gateway,,] 30456 --- [api-gateway] [parallel-1] o.s.c.l.core.RoundRobinLoadBalancer      : No servers available for service: notification-service
2026-08-04T17:00:36.362+07:00  WARN [api-gateway,,] 30456 --- [api-gateway] [parallel-3] o.s.c.l.core.RoundRobinLoadBalancer      : No servers available for service: notification-service
2026-08-04T17:00:42.358+07:00  WARN [api-gateway,,] 30456 --- [api-gateway] [parallel-5] o.s.c.l.core.RoundRobinLoadBalancer      : No servers available for service: notification-service
2026-08-04T17:00:48.867+07:00  WARN [api-gateway,,] 30456 --- [api-gateway] [parallel-7] o.s.c.l.core.RoundRobinLoadBalancer      : No servers available for service: notification-service
2026-08-04T17:00:54.986+07:00  WARN [api-gateway,,] 30456 --- [api-gateway] [parallel-9] o.s.c.l.core.RoundRobinLoadBalancer      : No servers available for service: notification-service
2026-08-04T17:01:02.625+07:00  WARN [api-gateway,,] 30456 --- [api-gateway] [parallel-11] o.s.c.l.core.RoundRobinLoadBalancer      : No servers available for service: notification-service
2026-08-04T17:01:08.847+07:00  WARN [api-gateway,,] 30456 --- [api-gateway] [parallel-1] o.s.c.l.core.RoundRobinLoadBalancer      : No servers available for service: notification-service
2026-08-04T17:01:14.519+07:00  WARN [api-gateway,,] 30456 --- [api-gateway] [parallel-3] o.s.c.l.core.RoundRobinLoadBalancer      : No servers available for service: notification-service
2026-08-04T17:01:20.403+07:00  WARN [api-gateway,,] 30456 --- [api-gateway] [parallel-5] o.s.c.l.core.RoundRobinLoadBalancer      : No servers available for service: notification-service
2026-08-04T17:01:26.550+07:00  WARN [api-gateway,,] 30456 --- [api-gateway] [parallel-7] o.s.c.l.core.RoundRobinLoadBalancer      : No servers available for service: notification-service
2026-08-04T17:01:32.453+07:00  WARN [api-gateway,,] 30456 --- [api-gateway] [parallel-9] o.s.c.l.core.RoundRobinLoadBalancer      : No servers available for service: notification-service
2026-08-04T17:01:38.349+07:00  WARN [api-gateway,,] 30456 --- [api-gateway] [parallel-11] o.s.c.l.core.RoundRobinLoadBalancer      : No servers available for service: notification-service
2026-08-04T17:01:44.344+07:00  WARN [api-gateway,,] 30456 --- [api-gateway] [parallel-1] o.s.c.l.core.RoundRobinLoadBalancer      : No servers available for service: notification-service
2026-08-04T17:01:50.383+07:00  WARN [api-gateway,,] 30456 --- [api-gateway] [parallel-3] o.s.c.l.core.RoundRobinLoadBalancer      : No servers available for service: notification-service
2026-08-04T17:01:56.343+07:00  WARN [api-gateway,,] 30456 --- [api-gateway] [parallel-5] o.s.c.l.core.RoundRobinLoadBalancer      : No servers available for service: notification-service
2026-08-04T17:02:02.357+07:00  WARN [api-gateway,,] 30456 --- [api-gateway] [parallel-7] o.s.c.l.core.RoundRobinLoadBalancer      : No servers available for service: notification-service
2026-08-04T17:02:08.344+07:00  WARN [api-gateway,,] 30456 --- [api-gateway] [parallel-9] o.s.c.l.core.RoundRobinLoadBalancer      : No servers available for service: notification-service
2026-08-04T17:02:14.348+07:00  WARN [api-gateway,,] 30456 --- [api-gateway] [parallel-11] o.s.c.l.core.RoundRobinLoadBalancer      : No servers available for service: notification-service
2026-08-04T17:02:20.353+07:00  WARN [api-gateway,,] 30456 --- [api-gateway] [parallel-1] o.s.c.l.core.RoundRobinLoadBalancer      : No servers available for service: notification-service
2026-08-04T17:02:26.347+07:00  WARN [api-gateway,,] 30456 --- [api-gateway] [parallel-3] o.s.c.l.core.RoundRobinLoadBalancer      : No servers available for service: notification-service
2026-08-04T17:02:32.343+07:00  WARN [api-gateway,,] 30456 --- [api-gateway] [parallel-5] o.s.c.l.core.RoundRobinLoadBalancer      : No servers available for service: notification-service
2026-08-04T17:02:38.385+07:00  WARN [api-gateway,,] 30456 --- [api-gateway] [parallel-7] o.s.c.l.core.RoundRobinLoadBalancer      : No servers available for service: notification-service
2026-08-04T17:02:44.335+07:00  WARN [api-gateway,,] 30456 --- [api-gateway] [parallel-9] o.s.c.l.core.RoundRobinLoadBalancer      : No servers available for service: notification-service
2026-08-04T17:02:50.340+07:00  WARN [api-gateway,,] 30456 --- [api-gateway] [parallel-11] o.s.c.l.core.RoundRobinLoadBalancer      : No servers available for service: notification-service
2026-08-04T17:02:56.337+07:00  WARN [api-gateway,,] 30456 --- [api-gateway] [parallel-1] o.s.c.l.core.RoundRobinLoadBalancer      : No servers available for service: notification-service
2026-08-04T17:03:02.340+07:00  WARN [api-gateway,,] 30456 --- [api-gateway] [parallel-3] o.s.c.l.core.RoundRobinLoadBalancer      : No servers available for service: notification-service
2026-08-04T17:03:08.496+07:00  WARN [api-gateway,,] 30456 --- [api-gateway] [parallel-5] o.s.c.l.core.RoundRobinLoadBalancer      : No servers available for service: notification-service
2026-08-04T17:03:14.367+07:00  WARN [api-gateway,,] 30456 --- [api-gateway] [parallel-7] o.s.c.l.core.RoundRobinLoadBalancer      : No servers available for service: notification-service
2026-08-04T17:03:20.341+07:00  WARN [api-gateway,,] 30456 --- [api-gateway] [parallel-9] o.s.c.l.core.RoundRobinLoadBalancer      : No servers available for service: notification-service
2026-08-04T17:03:26.426+07:00  WARN [api-gateway,,] 30456 --- [api-gateway] [parallel-11] o.s.c.l.core.RoundRobinLoadBalancer      : No servers available for service: notification-service
2026-08-04T17:03:32.353+07:00  WARN [api-gateway,,] 30456 --- [api-gateway] [parallel-1] o.s.c.l.core.RoundRobinLoadBalancer      : No servers available for service: notification-service
2026-08-04T17:03:38.345+07:00  WARN [api-gateway,,] 30456 --- [api-gateway] [parallel-3] o.s.c.l.core.RoundRobinLoadBalancer      : No servers available for service: notification-service
2026-08-04T17:03:44.333+07:00  WARN [api-gateway,,] 30456 --- [api-gateway] [parallel-5] o.s.c.l.core.RoundRobinLoadBalancer      : No servers available for service: notification-service
2026-08-04T17:03:50.592+07:00  WARN [api-gateway,,] 30456 --- [api-gateway] [parallel-7] o.s.c.l.core.RoundRobinLoadBalancer      : No servers available for service: notification-service
2026-08-04T17:03:56.496+07:00  WARN [api-gateway,,] 30456 --- [api-gateway] [parallel-9] o.s.c.l.core.RoundRobinLoadBalancer      : No servers available for service: notification-service
2026-08-04T17:04:02.334+07:00  WARN [api-gateway,,] 30456 --- [api-gateway] [parallel-11] o.s.c.l.core.RoundRobinLoadBalancer      : No servers available for service: notification-service
2026-08-04T17:04:08.533+07:00  WARN [api-gateway,,] 30456 --- [api-gateway] [parallel-1] o.s.c.l.core.RoundRobinLoadBalancer      : No servers available for service: notification-service
2026-08-04T17:04:14.340+07:00  WARN [api-gateway,,] 30456 --- [api-gateway] [parallel-3] o.s.c.l.core.RoundRobinLoadBalancer      : No servers available for service: notification-service
2026-08-04T17:04:20.344+07:00  WARN [api-gateway,,] 30456 --- [api-gateway] [parallel-5] o.s.c.l.core.RoundRobinLoadBalancer      : No servers available for service: notification-service
2026-08-04T17:04:26.381+07:00  WARN [api-gateway,,] 30456 --- [api-gateway] [parallel-7] o.s.c.l.core.RoundRobinLoadBalancer      : No servers available for service: notification-service
2026-08-04T17:04:32.334+07:00  WARN [api-gateway,,] 30456 --- [api-gateway] [parallel-9] o.s.c.l.core.RoundRobinLoadBalancer      : No servers available for service: notification-service
2026-08-04T17:04:38.399+07:00  WARN [api-gateway,,] 30456 --- [api-gateway] [parallel-11] o.s.c.l.core.RoundRobinLoadBalancer      : No servers available for service: notification-service
2026-08-04T17:04:44.358+07:00  WARN [api-gateway,,] 30456 --- [api-gateway] [parallel-1] o.s.c.l.core.RoundRobinLoadBalancer      : No servers available for service: notification-service
2026-08-04T17:04:50.341+07:00  WARN [api-gateway,,] 30456 --- [api-gateway] [parallel-3] o.s.c.l.core.RoundRobinLoadBalancer      : No servers available for service: notification-service
2026-08-04T17:04:56.337+07:00  WARN [api-gateway,,] 30456 --- [api-gateway] [parallel-5] o.s.c.l.core.RoundRobinLoadBalancer      : No servers available for service: notification-service
2026-08-04T17:05:02.340+07:00  WARN [api-gateway,,] 30456 --- [api-gateway] [parallel-7] o.s.c.l.core.RoundRobinLoadBalancer      : No servers available for service: notification-service
2026-08-04T17:05:08.337+07:00  WARN [api-gateway,,] 30456 --- [api-gateway] [parallel-9] o.s.c.l.core.RoundRobinLoadBalancer      : No servers available for service: notification-service
2026-08-04T17:05:14.342+07:00  WARN [api-gateway,,] 30456 --- [api-gateway] [parallel-11] o.s.c.l.core.RoundRobinLoadBalancer      : No servers available for service: notification-service
2026-08-04T17:05:15.837+07:00  INFO [api-gateway,,] 30456 --- [api-gateway] [AsyncResolver-bootstrap-executor-%d] c.n.d.s.r.aws.ConfigClusterResolver      : Resolving eureka endpoints via configuration
2026-08-04T17:05:20.337+07:00  WARN [api-gateway,,] 30456 --- [api-gateway] [parallel-1] o.s.c.l.core.RoundRobinLoadBalancer      : No servers available for service: notification-service
2026-08-04T17:05:26.429+07:00  WARN [api-gateway,,] 30456 --- [api-gateway] [parallel-3] o.s.c.l.core.RoundRobinLoadBalancer      : No servers available for service: notification-service
2026-08-04T17:05:32.334+07:00  WARN [api-gateway,,] 30456 --- [api-gateway] [parallel-5] o.s.c.l.core.RoundRobinLoadBalancer      : No servers available for service: notification-service
2026-08-04T17:05:38.349+07:00  WARN [api-gateway,,] 30456 --- [api-gateway] [parallel-7] o.s.c.l.core.RoundRobinLoadBalancer      : No servers available for service: notification-service
2026-08-04T17:05:44.364+07:00  WARN [api-gateway,,] 30456 --- [api-gateway] [parallel-9] o.s.c.l.core.RoundRobinLoadBalancer      : No servers available for service: notification-service
2026-08-04T17:05:50.356+07:00  WARN [api-gateway,,] 30456 --- [api-gateway] [parallel-11] o.s.c.l.core.RoundRobinLoadBalancer      : No servers available for service: notification-service
2026-08-04T17:05:56.336+07:00  WARN [api-gateway,,] 30456 --- [api-gateway] [parallel-1] o.s.c.l.core.RoundRobinLoadBalancer      : No servers available for service: notification-service
2026-08-04T17:06:02.355+07:00  WARN [api-gateway,,] 30456 --- [api-gateway] [parallel-3] o.s.c.l.core.RoundRobinLoadBalancer      : No servers available for service: notification-service
2026-08-04T17:06:08.340+07:00  WARN [api-gateway,,] 30456 --- [api-gateway] [parallel-5] o.s.c.l.core.RoundRobinLoadBalancer      : No servers available for service: notification-service
2026-08-04T17:06:14.346+07:00  WARN [api-gateway,,] 30456 --- [api-gateway] [parallel-7] o.s.c.l.core.RoundRobinLoadBalancer      : No servers available for service: notification-service
2026-08-04T17:06:20.339+07:00  WARN [api-gateway,,] 30456 --- [api-gateway] [parallel-9] o.s.c.l.core.RoundRobinLoadBalancer      : No servers available for service: notification-service
2026-08-04T17:06:26.335+07:00  WARN [api-gateway,,] 30456 --- [api-gateway] [parallel-11] o.s.c.l.core.RoundRobinLoadBalancer      : No servers available for service: notification-service
2026-08-04T17:06:32.332+07:00  WARN [api-gateway,,] 30456 --- [api-gateway] [parallel-1] o.s.c.l.core.RoundRobinLoadBalancer      : No servers available for service: notification-service
2026-08-04T17:06:38.338+07:00  WARN [api-gateway,,] 30456 --- [api-gateway] [parallel-3] o.s.c.l.core.RoundRobinLoadBalancer      : No servers available for service: notification-service
2026-08-04T17:06:44.338+07:00  WARN [api-gateway,,] 30456 --- [api-gateway] [parallel-5] o.s.c.l.core.RoundRobinLoadBalancer      : No servers available for service: notification-service
2026-08-04T17:06:50.556+07:00  WARN [api-gateway,,] 30456 --- [api-gateway] [parallel-7] o.s.c.l.core.RoundRobinLoadBalancer      : No servers available for service: notification-service
2026-08-04T17:06:56.335+07:00  WARN [api-gateway,,] 30456 --- [api-gateway] [parallel-9] o.s.c.l.core.RoundRobinLoadBalancer      : No servers available for service: notification-service
2026-08-04T17:07:02.340+07:00  WARN [api-gateway,,] 30456 --- [api-gateway] [parallel-11] o.s.c.l.core.RoundRobinLoadBalancer      : No servers available for service: notification-service
2026-08-04T17:07:08.332+07:00  WARN [api-gateway,,] 30456 --- [api-gateway] [parallel-1] o.s.c.l.core.RoundRobinLoadBalancer      : No servers available for service: notification-service
2026-08-04T17:07:14.343+07:00  WARN [api-gateway,,] 30456 --- [api-gateway] [parallel-3] o.s.c.l.core.RoundRobinLoadBalancer      : No servers available for service: notification-service
2026-08-04T17:07:20.341+07:00  WARN [api-gateway,,] 30456 --- [api-gateway] [parallel-5] o.s.c.l.core.RoundRobinLoadBalancer      : No servers available for service: notification-service
2026-08-04T17:07:26.477+07:00  WARN [api-gateway,,] 30456 --- [api-gateway] [parallel-7] o.s.c.l.core.RoundRobinLoadBalancer      : No servers available for service: notification-service
2026-08-04T17:07:32.548+07:00  WARN [api-gateway,,] 30456 --- [api-gateway] [parallel-9] o.s.c.l.core.RoundRobinLoadBalancer      : No servers available for service: notification-service
2026-08-04T17:07:38.348+07:00  WARN [api-gateway,,] 30456 --- [api-gateway] [parallel-11] o.s.c.l.core.RoundRobinLoadBalancer      : No servers available for service: notification-service
2026-08-04T17:07:44.344+07:00  WARN [api-gateway,,] 30456 --- [api-gateway] [parallel-1] o.s.c.l.core.RoundRobinLoadBalancer      : No servers available for service: notification-service
2026-08-04T17:07:50.344+07:00  WARN [api-gateway,,] 30456 --- [api-gateway] [parallel-3] o.s.c.l.core.RoundRobinLoadBalancer      : No servers available for service: notification-service
2026-08-04T17:07:56.343+07:00  WARN [api-gateway,,] 30456 --- [api-gateway] [parallel-5] o.s.c.l.core.RoundRobinLoadBalancer      : No servers available for service: notification-service
2026-08-04T17:08:02.338+07:00  WARN [api-gateway,,] 30456 --- [api-gateway] [parallel-7] o.s.c.l.core.RoundRobinLoadBalancer      : No servers available for service: notification-service
2026-08-04T17:08:08.452+07:00  WARN [api-gateway,,] 30456 --- [api-gateway] [parallel-9] o.s.c.l.core.RoundRobinLoadBalancer      : No servers available for service: notification-service
2026-08-04T17:08:14.479+07:00  WARN [api-gateway,,] 30456 --- [api-gateway] [parallel-11] o.s.c.l.core.RoundRobinLoadBalancer      : No servers available for service: notification-service
2026-08-04T17:08:23.491+07:00  WARN [api-gateway,,] 30456 --- [api-gateway] [parallel-1] o.s.c.l.core.RoundRobinLoadBalancer      : No servers available for service: notification-service
2026-08-04T17:08:30.030+07:00  WARN [api-gateway,,] 30456 --- [api-gateway] [parallel-3] o.s.c.l.core.RoundRobinLoadBalancer      : No servers available for service: notification-service
2026-08-04T17:08:36.789+07:00  WARN [api-gateway,,] 30456 --- [api-gateway] [parallel-5] o.s.c.l.core.RoundRobinLoadBalancer      : No servers available for service: notification-service
2026-08-04T17:08:42.480+07:00  WARN [api-gateway,,] 30456 --- [api-gateway] [parallel-7] o.s.c.l.core.RoundRobinLoadBalancer      : No servers available for service: notification-service
2026-08-04T17:08:48.543+07:00  WARN [api-gateway,,] 30456 --- [api-gateway] [parallel-9] o.s.c.l.core.RoundRobinLoadBalancer      : No servers available for service: notification-service
2026-08-04T17:08:56.381+07:00  WARN [api-gateway,,] 30456 --- [api-gateway] [parallel-11] o.s.c.l.core.RoundRobinLoadBalancer      : No servers available for service: notification-service
2026-08-04T17:09:02.468+07:00  WARN [api-gateway,,] 30456 --- [api-gateway] [parallel-1] o.s.c.l.core.RoundRobinLoadBalancer      : No servers available for service: notification-service
2026-08-04T17:09:08.569+07:00  WARN [api-gateway,,] 30456 --- [api-gateway] [parallel-3] o.s.c.l.core.RoundRobinLoadBalancer      : No servers available for service: notification-service
2026-08-04T17:09:14.473+07:00  WARN [api-gateway,,] 30456 --- [api-gateway] [parallel-5] o.s.c.l.core.RoundRobinLoadBalancer      : No servers available for service: notification-service
2026-08-04T17:09:20.382+07:00  WARN [api-gateway,,] 30456 --- [api-gateway] [parallel-7] o.s.c.l.core.RoundRobinLoadBalancer      : No servers available for service: notification-service
2026-08-04T17:09:26.506+07:00  WARN [api-gateway,,] 30456 --- [api-gateway] [parallel-9] o.s.c.l.core.RoundRobinLoadBalancer      : No servers available for service: notification-service
2026-08-04T17:09:35.547+07:00  WARN [api-gateway,,] 30456 --- [api-gateway] [parallel-11] o.s.c.l.core.RoundRobinLoadBalancer      : No servers available for service: notification-service
2026-08-04T17:09:41.388+07:00  WARN [api-gateway,,] 30456 --- [api-gateway] [parallel-1] o.s.c.l.core.RoundRobinLoadBalancer      : No servers available for service: notification-service
2026-08-04T17:09:47.335+07:00  WARN [api-gateway,,] 30456 --- [api-gateway] [parallel-3] o.s.c.l.core.RoundRobinLoadBalancer      : No servers available for service: notification-service
2026-08-04T17:09:53.388+07:00  WARN [api-gateway,,] 30456 --- [api-gateway] [parallel-5] o.s.c.l.core.RoundRobinLoadBalancer      : No servers available for service: notification-service
2026-08-04T17:10:00.520+07:00  WARN [api-gateway,,] 30456 --- [api-gateway] [parallel-7] o.s.c.l.core.RoundRobinLoadBalancer      : No servers available for service: notification-service
2026-08-04T17:10:06.595+07:00  WARN [api-gateway,,] 30456 --- [api-gateway] [parallel-9] o.s.c.l.core.RoundRobinLoadBalancer      : No servers available for service: notification-service
2026-08-04T17:10:12.339+07:00  WARN [api-gateway,,] 30456 --- [api-gateway] [parallel-11] o.s.c.l.core.RoundRobinLoadBalancer      : No servers available for service: notification-service
2026-08-04T17:10:15.852+07:00  INFO [api-gateway,,] 30456 --- [api-gateway] [AsyncResolver-bootstrap-executor-%d] c.n.d.s.r.aws.ConfigClusterResolver      : Resolving eureka endpoints via configuration
2026-08-04T17:10:18.654+07:00  WARN [api-gateway,,] 30456 --- [api-gateway] [parallel-1] o.s.c.l.core.RoundRobinLoadBalancer      : No servers available for service: notification-service
2026-08-04T17:10:26.582+07:00  WARN [api-gateway,,] 30456 --- [api-gateway] [parallel-3] o.s.c.l.core.RoundRobinLoadBalancer      : No servers available for service: notification-service
2026-08-04T17:10:32.346+07:00  WARN [api-gateway,,] 30456 --- [api-gateway] [parallel-5] o.s.c.l.core.RoundRobinLoadBalancer      : No servers available for service: notification-service
2026-08-04T17:10:38.409+07:00  WARN [api-gateway,,] 30456 --- [api-gateway] [parallel-7] o.s.c.l.core.RoundRobinLoadBalancer      : No servers available for service: notification-service
2026-08-04T17:10:47.446+07:00  WARN [api-gateway,,] 30456 --- [api-gateway] [parallel-9] o.s.c.l.core.RoundRobinLoadBalancer      : No servers available for service: notification-service
2026-08-04T17:10:53.345+07:00  WARN [api-gateway,,] 30456 --- [api-gateway] [parallel-11] o.s.c.l.core.RoundRobinLoadBalancer      : No servers available for service: notification-service
2026-08-04T17:10:59.344+07:00  WARN [api-gateway,,] 30456 --- [api-gateway] [parallel-1] o.s.c.l.core.RoundRobinLoadBalancer      : No servers available for service: notification-service
2026-08-04T17:11:05.345+07:00  WARN [api-gateway,,] 30456 --- [api-gateway] [parallel-3] o.s.c.l.core.RoundRobinLoadBalancer      : No servers available for service: notification-service
2026-08-04T17:11:11.339+07:00  WARN [api-gateway,,] 30456 --- [api-gateway] [parallel-5] o.s.c.l.core.RoundRobinLoadBalancer      : No servers available for service: notification-service
2026-08-04T17:11:17.513+07:00  WARN [api-gateway,,] 30456 --- [api-gateway] [parallel-7] o.s.c.l.core.RoundRobinLoadBalancer      : No servers available for service: notification-service
2026-08-04T17:11:23.489+07:00  WARN [api-gateway,,] 30456 --- [api-gateway] [parallel-9] o.s.c.l.core.RoundRobinLoadBalancer      : No servers available for service: notification-service
2026-08-04T17:11:30.240+07:00  WARN [api-gateway,,] 30456 --- [api-gateway] [parallel-11] o.s.c.l.core.RoundRobinLoadBalancer      : No servers available for service: notification-service
2026-08-04T17:11:37.583+07:00  WARN [api-gateway,,] 30456 --- [api-gateway] [parallel-1] o.s.c.l.core.RoundRobinLoadBalancer      : No servers available for service: notification-service
2026-08-04T17:11:43.390+07:00  WARN [api-gateway,,] 30456 --- [api-gateway] [parallel-3] o.s.c.l.core.RoundRobinLoadBalancer      : No servers available for service: notification-service
2026-08-04T17:11:49.343+07:00  WARN [api-gateway,,] 30456 --- [api-gateway] [parallel-5] o.s.c.l.core.RoundRobinLoadBalancer      : No servers available for service: notification-service
2026-08-04T17:11:55.351+07:00  WARN [api-gateway,,] 30456 --- [api-gateway] [parallel-7] o.s.c.l.core.RoundRobinLoadBalancer      : No servers available for service: notification-service
2026-08-04T17:12:01.351+07:00  WARN [api-gateway,,] 30456 --- [api-gateway] [parallel-9] o.s.c.l.core.RoundRobinLoadBalancer      : No servers available for service: notification-service
2026-08-04T17:12:07.340+07:00  WARN [api-gateway,,] 30456 --- [api-gateway] [parallel-11] o.s.c.l.core.RoundRobinLoadBalancer      : No servers available for service: notification-service
2026-08-04T17:12:13.350+07:00  WARN [api-gateway,,] 30456 --- [api-gateway] [parallel-1] o.s.c.l.core.RoundRobinLoadBalancer      : No servers available for service: notification-service
2026-08-04T17:12:19.506+07:00  WARN [api-gateway,,] 30456 --- [api-gateway] [parallel-3] o.s.c.l.core.RoundRobinLoadBalancer      : No servers available for service: notification-service
2026-08-04T17:12:25.350+07:00  WARN [api-gateway,,] 30456 --- [api-gateway] [parallel-5] o.s.c.l.core.RoundRobinLoadBalancer      : No servers available for service: notification-service
2026-08-04T17:12:32.393+07:00  WARN [api-gateway,,] 30456 --- [api-gateway] [parallel-7] o.s.c.l.core.RoundRobinLoadBalancer      : No servers available for service: notification-service
2026-08-04T17:12:38.337+07:00  WARN [api-gateway,,] 30456 --- [api-gateway] [parallel-9] o.s.c.l.core.RoundRobinLoadBalancer      : No servers available for service: notification-service
2026-08-04T17:12:44.334+07:00  WARN [api-gateway,,] 30456 --- [api-gateway] [parallel-11] o.s.c.l.core.RoundRobinLoadBalancer      : No servers available for service: notification-service
2026-08-04T17:12:50.361+07:00  WARN [api-gateway,,] 30456 --- [api-gateway] [parallel-1] o.s.c.l.core.RoundRobinLoadBalancer      : No servers available for service: notification-service
2026-08-04T17:12:56.885+07:00  WARN [api-gateway,,] 30456 --- [api-gateway] [parallel-3] o.s.c.l.core.RoundRobinLoadBalancer      : No servers available for service: notification-service
2026-08-04T17:13:02.345+07:00  WARN [api-gateway,,] 30456 --- [api-gateway] [parallel-5] o.s.c.l.core.RoundRobinLoadBalancer      : No servers available for service: notification-service
2026-08-04T17:13:08.474+07:00  WARN [api-gateway,,] 30456 --- [api-gateway] [parallel-7] o.s.c.l.core.RoundRobinLoadBalancer      : No servers available for service: notification-service
2026-08-04T17:13:14.341+07:00  WARN [api-gateway,,] 30456 --- [api-gateway] [parallel-9] o.s.c.l.core.RoundRobinLoadBalancer      : No servers available for service: notification-service
2026-08-04T17:13:20.336+07:00  WARN [api-gateway,,] 30456 --- [api-gateway] [parallel-11] o.s.c.l.core.RoundRobinLoadBalancer      : No servers available for service: notification-service
2026-08-04T17:13:23.897+07:00  WARN [api-gateway,,] 30456 --- [api-gateway] [parallel-1] o.s.c.l.core.RoundRobinLoadBalancer      : No servers available for service: notification-service
2026-08-04T17:13:26.339+07:00  WARN [api-gateway,,] 30456 --- [api-gateway] [parallel-3] o.s.c.l.core.RoundRobinLoadBalancer      : No servers available for service: notification-service
2026-08-04T17:13:30.985+07:00  WARN [api-gateway,,] 30456 --- [api-gateway] [parallel-5] o.s.c.l.core.RoundRobinLoadBalancer      : No servers available for service: notification-service
2026-08-04T17:13:32.422+07:00  WARN [api-gateway,,] 30456 --- [api-gateway] [parallel-7] o.s.c.l.core.RoundRobinLoadBalancer      : No servers available for service: notification-service
2026-08-04T17:13:36.342+07:00  WARN [api-gateway,,] 30456 --- [api-gateway] [parallel-9] o.s.c.l.core.RoundRobinLoadBalancer      : No servers available for service: notification-service
2026-08-04T17:13:38.367+07:00  WARN [api-gateway,,] 30456 --- [api-gateway] [parallel-11] o.s.c.l.core.RoundRobinLoadBalancer      : No servers available for service: notification-service
2026-08-04T17:13:42.350+07:00  WARN [api-gateway,,] 30456 --- [api-gateway] [parallel-1] o.s.c.l.core.RoundRobinLoadBalancer      : No servers available for service: notification-service
2026-08-04T17:13:44.335+07:00  WARN [api-gateway,,] 30456 --- [api-gateway] [parallel-3] o.s.c.l.core.RoundRobinLoadBalancer      : No servers available for service: notification-service
2026-08-04T17:13:49.304+07:00  WARN [api-gateway,,] 30456 --- [api-gateway] [parallel-5] o.s.c.l.core.RoundRobinLoadBalancer      : No servers available for service: notification-service
2026-08-04T17:13:50.659+07:00  WARN [api-gateway,,] 30456 --- [api-gateway] [parallel-7] o.s.c.l.core.RoundRobinLoadBalancer      : No servers available for service: notification-service
2026-08-04T17:13:55.495+07:00  WARN [api-gateway,,] 30456 --- [api-gateway] [parallel-9] o.s.c.l.core.RoundRobinLoadBalancer      : No servers available for service: notification-service
2026-08-04T17:13:56.385+07:00  WARN [api-gateway,,] 30456 --- [api-gateway] [parallel-11] o.s.c.l.core.RoundRobinLoadBalancer      : No servers available for service: notification-service
2026-08-04T17:14:01.473+07:00  WARN [api-gateway,,] 30456 --- [api-gateway] [parallel-1] o.s.c.l.core.RoundRobinLoadBalancer      : No servers available for service: notification-service
2026-08-04T17:14:02.422+07:00  WARN [api-gateway,,] 30456 --- [api-gateway] [parallel-3] o.s.c.l.core.RoundRobinLoadBalancer      : No servers available for service: notification-service
2026-08-04T17:14:07.363+07:00  WARN [api-gateway,,] 30456 --- [api-gateway] [parallel-5] o.s.c.l.core.RoundRobinLoadBalancer      : No servers available for service: notification-service
2026-08-04T17:14:08.344+07:00  WARN [api-gateway,,] 30456 --- [api-gateway] [parallel-7] o.s.c.l.core.RoundRobinLoadBalancer      : No servers available for service: notification-service
2026-08-04T17:14:13.555+07:00  WARN [api-gateway,,] 30456 --- [api-gateway] [parallel-9] o.s.c.l.core.RoundRobinLoadBalancer      : No servers available for service: notification-service
2026-08-04T17:14:14.484+07:00  WARN [api-gateway,,] 30456 --- [api-gateway] [parallel-11] o.s.c.l.core.RoundRobinLoadBalancer      : No servers available for service: notification-service
2026-08-04T17:14:19.343+07:00  WARN [api-gateway,,] 30456 --- [api-gateway] [parallel-1] o.s.c.l.core.RoundRobinLoadBalancer      : No servers available for service: notification-service
2026-08-04T17:14:20.645+07:00  WARN [api-gateway,,] 30456 --- [api-gateway] [parallel-3] o.s.c.l.core.RoundRobinLoadBalancer      : No servers available for service: notification-service
2026-08-04T17:14:25.393+07:00  WARN [api-gateway,,] 30456 --- [api-gateway] [parallel-5] o.s.c.l.core.RoundRobinLoadBalancer      : No servers available for service: notification-service
2026-08-04T17:14:26.334+07:00  WARN [api-gateway,,] 30456 --- [api-gateway] [parallel-7] o.s.c.l.core.RoundRobinLoadBalancer      : No servers available for service: notification-service
2026-08-04T17:14:31.363+07:00  WARN [api-gateway,,] 30456 --- [api-gateway] [parallel-9] o.s.c.l.core.RoundRobinLoadBalancer      : No servers available for service: notification-service
2026-08-04T17:14:32.345+07:00  WARN [api-gateway,,] 30456 --- [api-gateway] [parallel-11] o.s.c.l.core.RoundRobinLoadBalancer      : No servers available for service: notification-service
2026-08-04T17:14:37.416+07:00  WARN [api-gateway,,] 30456 --- [api-gateway] [parallel-1] o.s.c.l.core.RoundRobinLoadBalancer      : No servers available for service: notification-service
2026-08-04T17:14:38.343+07:00  WARN [api-gateway,,] 30456 --- [api-gateway] [parallel-3] o.s.c.l.core.RoundRobinLoadBalancer      : No servers available for service: notification-service
2026-08-04T17:14:43.354+07:00  WARN [api-gateway,,] 30456 --- [api-gateway] [parallel-5] o.s.c.l.core.RoundRobinLoadBalancer      : No servers available for service: notification-service
2026-08-04T17:14:46.651+07:00  WARN [api-gateway,,] 30456 --- [api-gateway] [parallel-7] o.s.c.l.core.RoundRobinLoadBalancer      : No servers available for service: notification-service
2026-08-04T17:14:49.503+07:00  WARN [api-gateway,,] 30456 --- [api-gateway] [parallel-9] o.s.c.l.core.RoundRobinLoadBalancer      : No servers available for service: notification-service
2026-08-04T17:14:59.976+07:00  WARN [api-gateway,,] 30456 --- [api-gateway] [parallel-11] o.s.c.l.core.RoundRobinLoadBalancer      : No servers available for service: notification-service
2026-08-04T17:15:15.868+07:00  INFO [api-gateway,,] 30456 --- [api-gateway] [AsyncResolver-bootstrap-executor-%d] c.n.d.s.r.aws.ConfigClusterResolver      : Resolving eureka endpoints via configuration
2026-08-04T17:16:38.560+07:00  WARN [api-gateway,,] 30456 --- [api-gateway] [parallel-1] o.s.c.l.core.RoundRobinLoadBalancer      : No servers available for service: notification-service
2026-08-04T17:16:44.346+07:00  WARN [api-gateway,,] 30456 --- [api-gateway] [parallel-3] o.s.c.l.core.RoundRobinLoadBalancer      : No servers available for service: notification-service
2026-08-04T17:16:50.337+07:00  WARN [api-gateway,,] 30456 --- [api-gateway] [parallel-5] o.s.c.l.core.RoundRobinLoadBalancer      : No servers available for service: notification-service
2026-08-04T17:16:56.456+07:00  WARN [api-gateway,,] 30456 --- [api-gateway] [parallel-7] o.s.c.l.core.RoundRobinLoadBalancer      : No servers available for service: notification-service
2026-08-04T17:17:02.340+07:00  WARN [api-gateway,,] 30456 --- [api-gateway] [parallel-9] o.s.c.l.core.RoundRobinLoadBalancer      : No servers available for service: notification-service
2026-08-04T17:17:10.676+07:00  WARN [api-gateway,,] 30456 --- [api-gateway] [parallel-11] o.s.c.l.core.RoundRobinLoadBalancer      : No servers available for service: notification-service
2026-08-04T17:17:16.417+07:00  WARN [api-gateway,,] 30456 --- [api-gateway] [parallel-1] o.s.c.l.core.RoundRobinLoadBalancer      : No servers available for service: notification-service
2026-08-04T17:17:22.439+07:00  WARN [api-gateway,,] 30456 --- [api-gateway] [parallel-3] o.s.c.l.core.RoundRobinLoadBalancer      : No servers available for service: notification-service
2026-08-04T17:17:28.459+07:00  WARN [api-gateway,,] 30456 --- [api-gateway] [parallel-5] o.s.c.l.core.RoundRobinLoadBalancer      : No servers available for service: notification-service
2026-08-04T17:17:30.840+07:00  WARN [api-gateway,,] 30456 --- [api-gateway] [parallel-7] o.s.c.l.core.RoundRobinLoadBalancer      : No servers available for service: notification-service
2026-08-04T17:17:34.487+07:00  WARN [api-gateway,,] 30456 --- [api-gateway] [parallel-9] o.s.c.l.core.RoundRobinLoadBalancer      : No servers available for service: notification-service
2026-08-04T17:17:36.365+07:00  WARN [api-gateway,,] 30456 --- [api-gateway] [parallel-11] o.s.c.l.core.RoundRobinLoadBalancer      : No servers available for service: notification-service
2026-08-04T17:17:41.353+07:00  WARN [api-gateway,,] 30456 --- [api-gateway] [parallel-1] o.s.c.l.core.RoundRobinLoadBalancer      : No servers available for service: notification-service
2026-08-04T17:17:42.370+07:00  WARN [api-gateway,,] 30456 --- [api-gateway] [parallel-3] o.s.c.l.core.RoundRobinLoadBalancer      : No servers available for service: notification-service
2026-08-04T17:17:47.353+07:00  WARN [api-gateway,,] 30456 --- [api-gateway] [parallel-5] o.s.c.l.core.RoundRobinLoadBalancer      : No servers available for service: notification-service
2026-08-04T17:17:48.752+07:00  WARN [api-gateway,,] 30456 --- [api-gateway] [parallel-7] o.s.c.l.core.RoundRobinLoadBalancer      : No servers available for service: notification-service
2026-08-04T17:17:53.341+07:00  WARN [api-gateway,,] 30456 --- [api-gateway] [parallel-9] o.s.c.l.core.RoundRobinLoadBalancer      : No servers available for service: notification-service
2026-08-04T17:17:54.760+07:00  WARN [api-gateway,,] 30456 --- [api-gateway] [parallel-11] o.s.c.l.core.RoundRobinLoadBalancer      : No servers available for service: notification-service
2026-08-04T17:17:59.344+07:00  WARN [api-gateway,,] 30456 --- [api-gateway] [parallel-1] o.s.c.l.core.RoundRobinLoadBalancer      : No servers available for service: notification-service
2026-08-04T17:18:00.350+07:00  WARN [api-gateway,,] 30456 --- [api-gateway] [parallel-3] o.s.c.l.core.RoundRobinLoadBalancer      : No servers available for service: notification-service
2026-08-04T17:18:05.349+07:00  WARN [api-gateway,,] 30456 --- [api-gateway] [parallel-5] o.s.c.l.core.RoundRobinLoadBalancer      : No servers available for service: notification-service
2026-08-04T17:18:06.601+07:00  WARN [api-gateway,,] 30456 --- [api-gateway] [parallel-7] o.s.c.l.core.RoundRobinLoadBalancer      : No servers available for service: notification-service
2026-08-04T17:18:11.332+07:00  WARN [api-gateway,,] 30456 --- [api-gateway] [parallel-9] o.s.c.l.core.RoundRobinLoadBalancer      : No servers available for service: notification-service
2026-08-04T17:18:12.462+07:00  WARN [api-gateway,,] 30456 --- [api-gateway] [parallel-11] o.s.c.l.core.RoundRobinLoadBalancer      : No servers available for service: notification-service
2026-08-04T17:18:17.336+07:00  WARN [api-gateway,,] 30456 --- [api-gateway] [parallel-1] o.s.c.l.core.RoundRobinLoadBalancer      : No servers available for service: notification-service
2026-08-04T17:18:18.365+07:00  WARN [api-gateway,,] 30456 --- [api-gateway] [parallel-3] o.s.c.l.core.RoundRobinLoadBalancer      : No servers available for service: notification-service
2026-08-04T17:18:23.726+07:00  WARN [api-gateway,,] 30456 --- [api-gateway] [parallel-5] o.s.c.l.core.RoundRobinLoadBalancer      : No servers available for service: notification-service
2026-08-04T17:18:24.338+07:00  WARN [api-gateway,,] 30456 --- [api-gateway] [parallel-7] o.s.c.l.core.RoundRobinLoadBalancer      : No servers available for service: notification-service
2026-08-04T17:18:30.776+07:00  WARN [api-gateway,,] 30456 --- [api-gateway] [parallel-9] o.s.c.l.core.RoundRobinLoadBalancer      : No servers available for service: notification-service
2026-08-04T17:18:30.777+07:00  WARN [api-gateway,,] 30456 --- [api-gateway] [parallel-11] o.s.c.l.core.RoundRobinLoadBalancer      : No servers available for service: notification-service
2026-08-04T17:18:36.602+07:00  WARN [api-gateway,,] 30456 --- [api-gateway] [parallel-1] o.s.c.l.core.RoundRobinLoadBalancer      : No servers available for service: notification-service
2026-08-04T17:18:36.619+07:00  WARN [api-gateway,,] 30456 --- [api-gateway] [parallel-3] o.s.c.l.core.RoundRobinLoadBalancer      : No servers available for service: notification-service
2026-08-04T17:18:46.640+07:00  WARN [api-gateway,,] 30456 --- [api-gateway] [parallel-5] o.s.c.l.core.RoundRobinLoadBalancer      : No servers available for service: notification-service
2026-08-04T17:18:46.645+07:00  WARN [api-gateway,,] 30456 --- [api-gateway] [parallel-6] o.s.c.l.core.RoundRobinLoadBalancer      : No servers available for service: notification-service
2026-08-04T17:18:52.521+07:00  WARN [api-gateway,,] 30456 --- [api-gateway] [parallel-9] o.s.c.l.core.RoundRobinLoadBalancer      : No servers available for service: notification-service
2026-08-04T17:18:52.615+07:00  WARN [api-gateway,,] 30456 --- [api-gateway] [parallel-11] o.s.c.l.core.RoundRobinLoadBalancer      : No servers available for service: notification-service
2026-08-04T17:18:58.335+07:00  WARN [api-gateway,,] 30456 --- [api-gateway] [parallel-1] o.s.c.l.core.RoundRobinLoadBalancer      : No servers available for service: notification-service
2026-08-04T17:18:58.342+07:00  WARN [api-gateway,,] 30456 --- [api-gateway] [parallel-3] o.s.c.l.core.RoundRobinLoadBalancer      : No servers available for service: notification-service
2026-08-04T17:19:04.789+07:00  WARN [api-gateway,,] 30456 --- [api-gateway] [parallel-5] o.s.c.l.core.RoundRobinLoadBalancer      : No servers available for service: notification-service
2026-08-04T17:19:04.792+07:00  WARN [api-gateway,,] 30456 --- [api-gateway] [parallel-7] o.s.c.l.core.RoundRobinLoadBalancer      : No servers available for service: notification-service
2026-08-04T17:19:10.336+07:00  WARN [api-gateway,,] 30456 --- [api-gateway] [parallel-9] o.s.c.l.core.RoundRobinLoadBalancer      : No servers available for service: notification-service
2026-08-04T17:19:10.339+07:00  WARN [api-gateway,,] 30456 --- [api-gateway] [parallel-11] o.s.c.l.core.RoundRobinLoadBalancer      : No servers available for service: notification-service
2026-08-04T17:19:16.345+07:00  WARN [api-gateway,,] 30456 --- [api-gateway] [parallel-1] o.s.c.l.core.RoundRobinLoadBalancer      : No servers available for service: notification-service
2026-08-04T17:19:16.348+07:00  WARN [api-gateway,,] 30456 --- [api-gateway] [parallel-3] o.s.c.l.core.RoundRobinLoadBalancer      : No servers available for service: notification-service
2026-08-04T17:19:22.335+07:00  WARN [api-gateway,,] 30456 --- [api-gateway] [parallel-5] o.s.c.l.core.RoundRobinLoadBalancer      : No servers available for service: notification-service
2026-08-04T17:19:22.336+07:00  WARN [api-gateway,,] 30456 --- [api-gateway] [parallel-6] o.s.c.l.core.RoundRobinLoadBalancer      : No servers available for service: notification-service
2026-08-04T17:19:28.333+07:00  WARN [api-gateway,,] 30456 --- [api-gateway] [parallel-9] o.s.c.l.core.RoundRobinLoadBalancer      : No servers available for service: notification-service
2026-08-04T17:19:28.349+07:00  WARN [api-gateway,,] 30456 --- [api-gateway] [parallel-11] o.s.c.l.core.RoundRobinLoadBalancer      : No servers available for service: notification-service
2026-08-04T17:19:35.287+07:00  WARN [api-gateway,,] 30456 --- [api-gateway] [parallel-1] o.s.c.l.core.RoundRobinLoadBalancer      : No servers available for service: notification-service
2026-08-04T17:19:35.383+07:00  WARN [api-gateway,,] 30456 --- [api-gateway] [parallel-3] o.s.c.l.core.RoundRobinLoadBalancer      : No servers available for service: notification-service
2026-08-04T17:19:41.338+07:00  WARN [api-gateway,,] 30456 --- [api-gateway] [parallel-5] o.s.c.l.core.RoundRobinLoadBalancer      : No servers available for service: notification-service
2026-08-04T17:19:41.341+07:00  WARN [api-gateway,,] 30456 --- [api-gateway] [parallel-7] o.s.c.l.core.RoundRobinLoadBalancer      : No servers available for service: notification-service
2026-08-04T17:19:47.344+07:00  WARN [api-gateway,,] 30456 --- [api-gateway] [parallel-9] o.s.c.l.core.RoundRobinLoadBalancer      : No servers available for service: notification-service
2026-08-04T17:19:47.373+07:00  WARN [api-gateway,,] 30456 --- [api-gateway] [parallel-11] o.s.c.l.core.RoundRobinLoadBalancer      : No servers available for service: notification-service
2026-08-04T17:19:53.340+07:00  WARN [api-gateway,,] 30456 --- [api-gateway] [parallel-1] o.s.c.l.core.RoundRobinLoadBalancer      : No servers available for service: notification-service
2026-08-04T17:19:53.346+07:00  WARN [api-gateway,,] 30456 --- [api-gateway] [parallel-3] o.s.c.l.core.RoundRobinLoadBalancer      : No servers available for service: notification-service
2026-08-04T17:19:59.336+07:00  WARN [api-gateway,,] 30456 --- [api-gateway] [parallel-5] o.s.c.l.core.RoundRobinLoadBalancer      : No servers available for service: notification-service
2026-08-04T17:19:59.349+07:00  WARN [api-gateway,,] 30456 --- [api-gateway] [parallel-7] o.s.c.l.core.RoundRobinLoadBalancer      : No servers available for service: notification-service
2026-08-04T17:20:05.336+07:00  WARN [api-gateway,,] 30456 --- [api-gateway] [parallel-9] o.s.c.l.core.RoundRobinLoadBalancer      : No servers available for service: notification-service
2026-08-04T17:20:05.350+07:00  WARN [api-gateway,,] 30456 --- [api-gateway] [parallel-11] o.s.c.l.core.RoundRobinLoadBalancer      : No servers available for service: notification-service
2026-08-04T17:20:11.349+07:00  WARN [api-gateway,,] 30456 --- [api-gateway] [parallel-2] o.s.c.l.core.RoundRobinLoadBalancer      : No servers available for service: notification-service
2026-08-04T17:20:11.350+07:00  WARN [api-gateway,,] 30456 --- [api-gateway] [parallel-1] o.s.c.l.core.RoundRobinLoadBalancer      : No servers available for service: notification-service
2026-08-04T17:20:15.893+07:00  INFO [api-gateway,,] 30456 --- [api-gateway] [AsyncResolver-bootstrap-executor-%d] c.n.d.s.r.aws.ConfigClusterResolver      : Resolving eureka endpoints via configuration
2026-08-04T17:20:17.467+07:00  WARN [api-gateway,,] 30456 --- [api-gateway] [parallel-4] o.s.c.l.core.RoundRobinLoadBalancer      : No servers available for service: notification-service
2026-08-04T17:20:17.484+07:00  WARN [api-gateway,,] 30456 --- [api-gateway] [parallel-6] o.s.c.l.core.RoundRobinLoadBalancer      : No servers available for service: notification-service
2026-08-04T17:20:23.393+07:00  WARN [api-gateway,,] 30456 --- [api-gateway] [parallel-8] o.s.c.l.core.RoundRobinLoadBalancer      : No servers available for service: notification-service
2026-08-04T17:20:23.402+07:00  WARN [api-gateway,,] 30456 --- [api-gateway] [parallel-10] o.s.c.l.core.RoundRobinLoadBalancer      : No servers available for service: notification-service
2026-08-04T17:20:29.540+07:00  WARN [api-gateway,,] 30456 --- [api-gateway] [parallel-12] o.s.c.l.core.RoundRobinLoadBalancer      : No servers available for service: notification-service
2026-08-04T17:20:29.541+07:00  WARN [api-gateway,,] 30456 --- [api-gateway] [parallel-1] o.s.c.l.core.RoundRobinLoadBalancer      : No servers available for service: notification-service
2026-08-04T17:20:35.347+07:00  WARN [api-gateway,,] 30456 --- [api-gateway] [parallel-4] o.s.c.l.core.RoundRobinLoadBalancer      : No servers available for service: notification-service
2026-08-04T17:20:35.360+07:00  WARN [api-gateway,,] 30456 --- [api-gateway] [parallel-6] o.s.c.l.core.RoundRobinLoadBalancer      : No servers available for service: notification-service
2026-08-04T17:20:41.457+07:00  WARN [api-gateway,,] 30456 --- [api-gateway] [parallel-8] o.s.c.l.core.RoundRobinLoadBalancer      : No servers available for service: notification-service
2026-08-04T17:20:41.458+07:00  WARN [api-gateway,,] 30456 --- [api-gateway] [parallel-10] o.s.c.l.core.RoundRobinLoadBalancer      : No servers available for service: notification-service
2026-08-04T17:20:47.481+07:00  WARN [api-gateway,,] 30456 --- [api-gateway] [parallel-12] o.s.c.l.core.RoundRobinLoadBalancer      : No servers available for service: notification-service
2026-08-04T17:20:47.486+07:00  WARN [api-gateway,,] 30456 --- [api-gateway] [parallel-2] o.s.c.l.core.RoundRobinLoadBalancer      : No servers available for service: notification-service
2026-08-04T17:20:53.336+07:00  WARN [api-gateway,,] 30456 --- [api-gateway] [parallel-4] o.s.c.l.core.RoundRobinLoadBalancer      : No servers available for service: notification-service
2026-08-04T17:20:53.338+07:00  WARN [api-gateway,,] 30456 --- [api-gateway] [parallel-6] o.s.c.l.core.RoundRobinLoadBalancer      : No servers available for service: notification-service
2026-08-04T17:20:59.340+07:00  WARN [api-gateway,,] 30456 --- [api-gateway] [parallel-8] o.s.c.l.core.RoundRobinLoadBalancer      : No servers available for service: notification-service
2026-08-04T17:20:59.342+07:00  WARN [api-gateway,,] 30456 --- [api-gateway] [parallel-10] o.s.c.l.core.RoundRobinLoadBalancer      : No servers available for service: notification-service
2026-08-04T17:21:05.445+07:00  WARN [api-gateway,,] 30456 --- [api-gateway] [parallel-12] o.s.c.l.core.RoundRobinLoadBalancer      : No servers available for service: notification-service
2026-08-04T17:21:05.448+07:00  WARN [api-gateway,,] 30456 --- [api-gateway] [parallel-2] o.s.c.l.core.RoundRobinLoadBalancer      : No servers available for service: notification-service
2026-08-04T17:21:11.330+07:00  WARN [api-gateway,,] 30456 --- [api-gateway] [parallel-4] o.s.c.l.core.RoundRobinLoadBalancer      : No servers available for service: notification-service
2026-08-04T17:21:11.333+07:00  WARN [api-gateway,,] 30456 --- [api-gateway] [parallel-6] o.s.c.l.core.RoundRobinLoadBalancer      : No servers available for service: notification-service
2026-08-04T17:21:17.511+07:00  WARN [api-gateway,,] 30456 --- [api-gateway] [parallel-8] o.s.c.l.core.RoundRobinLoadBalancer      : No servers available for service: notification-service
2026-08-04T17:21:17.511+07:00  WARN [api-gateway,,] 30456 --- [api-gateway] [parallel-9] o.s.c.l.core.RoundRobinLoadBalancer      : No servers available for service: notification-service
2026-08-04T17:21:23.350+07:00  WARN [api-gateway,,] 30456 --- [api-gateway] [parallel-12] o.s.c.l.core.RoundRobinLoadBalancer      : No servers available for service: notification-service
2026-08-04T17:21:23.357+07:00  WARN [api-gateway,,] 30456 --- [api-gateway] [parallel-2] o.s.c.l.core.RoundRobinLoadBalancer      : No servers available for service: notification-service
2026-08-04T17:21:29.344+07:00  WARN [api-gateway,,] 30456 --- [api-gateway] [parallel-4] o.s.c.l.core.RoundRobinLoadBalancer      : No servers available for service: notification-service
2026-08-04T17:21:29.351+07:00  WARN [api-gateway,,] 30456 --- [api-gateway] [parallel-6] o.s.c.l.core.RoundRobinLoadBalancer      : No servers available for service: notification-service
2026-08-04T17:21:35.352+07:00  WARN [api-gateway,,] 30456 --- [api-gateway] [parallel-9] o.s.c.l.core.RoundRobinLoadBalancer      : No servers available for service: notification-service
2026-08-04T17:21:35.352+07:00  WARN [api-gateway,,] 30456 --- [api-gateway] [parallel-8] o.s.c.l.core.RoundRobinLoadBalancer      : No servers available for service: notification-service
2026-08-04T17:21:41.969+07:00  WARN [api-gateway,,] 30456 --- [api-gateway] [parallel-12] o.s.c.l.core.RoundRobinLoadBalancer      : No servers available for service: notification-service
2026-08-04T17:21:42.174+07:00  WARN [api-gateway,,] 30456 --- [api-gateway] [parallel-2] o.s.c.l.core.RoundRobinLoadBalancer      : No servers available for service: notification-service
2026-08-04T17:21:47.342+07:00  WARN [api-gateway,,] 30456 --- [api-gateway] [parallel-4] o.s.c.l.core.RoundRobinLoadBalancer      : No servers available for service: notification-service
2026-08-04T17:21:47.343+07:00  WARN [api-gateway,,] 30456 --- [api-gateway] [parallel-5] o.s.c.l.core.RoundRobinLoadBalancer      : No servers available for service: notification-service
2026-08-04T17:21:54.624+07:00  WARN [api-gateway,,] 30456 --- [api-gateway] [parallel-8] o.s.c.l.core.RoundRobinLoadBalancer      : No servers available for service: notification-service
2026-08-04T17:21:54.646+07:00  WARN [api-gateway,,] 30456 --- [api-gateway] [parallel-10] o.s.c.l.core.RoundRobinLoadBalancer      : No servers available for service: notification-service
2026-08-04T17:22:00.348+07:00  WARN [api-gateway,,] 30456 --- [api-gateway] [parallel-12] o.s.c.l.core.RoundRobinLoadBalancer      : No servers available for service: notification-service
2026-08-04T17:22:00.387+07:00  WARN [api-gateway,,] 30456 --- [api-gateway] [parallel-2] o.s.c.l.core.RoundRobinLoadBalancer      : No servers available for service: notification-service
2026-08-04T17:22:06.338+07:00  WARN [api-gateway,,] 30456 --- [api-gateway] [parallel-4] o.s.c.l.core.RoundRobinLoadBalancer      : No servers available for service: notification-service
2026-08-04T17:22:06.343+07:00  WARN [api-gateway,,] 30456 --- [api-gateway] [parallel-6] o.s.c.l.core.RoundRobinLoadBalancer      : No servers available for service: notification-service
2026-08-04T17:22:12.494+07:00  WARN [api-gateway,,] 30456 --- [api-gateway] [parallel-8] o.s.c.l.core.RoundRobinLoadBalancer      : No servers available for service: notification-service
2026-08-04T17:22:12.511+07:00  WARN [api-gateway,,] 30456 --- [api-gateway] [parallel-10] o.s.c.l.core.RoundRobinLoadBalancer      : No servers available for service: notification-service
2026-08-04T17:22:18.339+07:00  WARN [api-gateway,,] 30456 --- [api-gateway] [parallel-12] o.s.c.l.core.RoundRobinLoadBalancer      : No servers available for service: notification-service
2026-08-04T17:22:18.339+07:00  WARN [api-gateway,,] 30456 --- [api-gateway] [parallel-1] o.s.c.l.core.RoundRobinLoadBalancer      : No servers available for service: notification-service
2026-08-04T17:22:24.338+07:00  WARN [api-gateway,,] 30456 --- [api-gateway] [parallel-3] o.s.c.l.core.RoundRobinLoadBalancer      : No servers available for service: notification-service
2026-08-04T17:22:24.352+07:00  WARN [api-gateway,,] 30456 --- [api-gateway] [parallel-5] o.s.c.l.core.RoundRobinLoadBalancer      : No servers available for service: notification-service
2026-08-04T17:22:30.467+07:00  WARN [api-gateway,,] 30456 --- [api-gateway] [parallel-7] o.s.c.l.core.RoundRobinLoadBalancer      : No servers available for service: notification-service
2026-08-04T17:22:30.468+07:00  WARN [api-gateway,,] 30456 --- [api-gateway] [parallel-9] o.s.c.l.core.RoundRobinLoadBalancer      : No servers available for service: notification-service
2026-08-04T17:22:36.351+07:00  WARN [api-gateway,,] 30456 --- [api-gateway] [parallel-11] o.s.c.l.core.RoundRobinLoadBalancer      : No servers available for service: notification-service
2026-08-04T17:22:36.353+07:00  WARN [api-gateway,,] 30456 --- [api-gateway] [parallel-12] o.s.c.l.core.RoundRobinLoadBalancer      : No servers available for service: notification-service
2026-08-04T17:22:42.331+07:00  WARN [api-gateway,,] 30456 --- [api-gateway] [parallel-3] o.s.c.l.core.RoundRobinLoadBalancer      : No servers available for service: notification-service
2026-08-04T17:22:42.360+07:00  WARN [api-gateway,,] 30456 --- [api-gateway] [parallel-5] o.s.c.l.core.RoundRobinLoadBalancer      : No servers available for service: notification-service
2026-08-04T17:22:48.347+07:00  WARN [api-gateway,,] 30456 --- [api-gateway] [parallel-7] o.s.c.l.core.RoundRobinLoadBalancer      : No servers available for service: notification-service
2026-08-04T17:22:48.348+07:00  WARN [api-gateway,,] 30456 --- [api-gateway] [parallel-8] o.s.c.l.core.RoundRobinLoadBalancer      : No servers available for service: notification-service
2026-08-04T17:22:54.342+07:00  WARN [api-gateway,,] 30456 --- [api-gateway] [parallel-11] o.s.c.l.core.RoundRobinLoadBalancer      : No servers available for service: notification-service
2026-08-04T17:22:54.343+07:00  WARN [api-gateway,,] 30456 --- [api-gateway] [parallel-1] o.s.c.l.core.RoundRobinLoadBalancer      : No servers available for service: notification-service
2026-08-04T17:23:00.342+07:00  WARN [api-gateway,,] 30456 --- [api-gateway] [parallel-3] o.s.c.l.core.RoundRobinLoadBalancer      : No servers available for service: notification-service
2026-08-04T17:23:00.344+07:00  WARN [api-gateway,,] 30456 --- [api-gateway] [parallel-4] o.s.c.l.core.RoundRobinLoadBalancer      : No servers available for service: notification-service
2026-08-04T17:23:06.348+07:00  WARN [api-gateway,,] 30456 --- [api-gateway] [parallel-8] o.s.c.l.core.RoundRobinLoadBalancer      : No servers available for service: notification-service
2026-08-04T17:23:06.348+07:00  WARN [api-gateway,,] 30456 --- [api-gateway] [parallel-7] o.s.c.l.core.RoundRobinLoadBalancer      : No servers available for service: notification-service
2026-08-04T17:23:12.424+07:00  WARN [api-gateway,,] 30456 --- [api-gateway] [parallel-11] o.s.c.l.core.RoundRobinLoadBalancer      : No servers available for service: notification-service
2026-08-04T17:23:13.172+07:00  WARN [api-gateway,,] 30456 --- [api-gateway] [parallel-1] o.s.c.l.core.RoundRobinLoadBalancer      : No servers available for service: notification-service
2026-08-04T17:23:18.343+07:00  WARN [api-gateway,,] 30456 --- [api-gateway] [parallel-3] o.s.c.l.core.RoundRobinLoadBalancer      : No servers available for service: notification-service
2026-08-04T17:23:18.356+07:00  WARN [api-gateway,,] 30456 --- [api-gateway] [parallel-5] o.s.c.l.core.RoundRobinLoadBalancer      : No servers available for service: notification-service
2026-08-04T17:23:24.466+07:00  WARN [api-gateway,,] 30456 --- [api-gateway] [parallel-7] o.s.c.l.core.RoundRobinLoadBalancer      : No servers available for service: notification-service
2026-08-04T17:23:24.488+07:00  WARN [api-gateway,,] 30456 --- [api-gateway] [parallel-9] o.s.c.l.core.RoundRobinLoadBalancer      : No servers available for service: notification-service
2026-08-04T17:23:30.356+07:00  WARN [api-gateway,,] 30456 --- [api-gateway] [parallel-11] o.s.c.l.core.RoundRobinLoadBalancer      : No servers available for service: notification-service
2026-08-04T17:23:30.362+07:00  WARN [api-gateway,,] 30456 --- [api-gateway] [parallel-1] o.s.c.l.core.RoundRobinLoadBalancer      : No servers available for service: notification-service
2026-08-04T17:23:37.378+07:00  WARN [api-gateway,,] 30456 --- [api-gateway] [parallel-3] o.s.c.l.core.RoundRobinLoadBalancer      : No servers available for service: notification-service
2026-08-04T17:23:37.394+07:00  WARN [api-gateway,,] 30456 --- [api-gateway] [parallel-5] o.s.c.l.core.RoundRobinLoadBalancer      : No servers available for service: notification-service
2026-08-04T17:23:43.347+07:00  WARN [api-gateway,,] 30456 --- [api-gateway] [parallel-7] o.s.c.l.core.RoundRobinLoadBalancer      : No servers available for service: notification-service
2026-08-04T17:23:43.351+07:00  WARN [api-gateway,,] 30456 --- [api-gateway] [parallel-9] o.s.c.l.core.RoundRobinLoadBalancer      : No servers available for service: notification-service
2026-08-04T17:23:52.443+07:00  WARN [api-gateway,,] 30456 --- [api-gateway] [parallel-11] o.s.c.l.core.RoundRobinLoadBalancer      : No servers available for service: notification-service
2026-08-04T17:23:52.484+07:00  WARN [api-gateway,,] 30456 --- [api-gateway] [parallel-1] o.s.c.l.core.RoundRobinLoadBalancer      : No servers available for service: notification-service
2026-08-04T17:23:58.648+07:00  WARN [api-gateway,,] 30456 --- [api-gateway] [parallel-3] o.s.c.l.core.RoundRobinLoadBalancer      : No servers available for service: notification-service
2026-08-04T17:23:58.734+07:00  WARN [api-gateway,,] 30456 --- [api-gateway] [parallel-5] o.s.c.l.core.RoundRobinLoadBalancer      : No servers available for service: notification-service
2026-08-04T17:24:04.342+07:00  WARN [api-gateway,,] 30456 --- [api-gateway] [parallel-7] o.s.c.l.core.RoundRobinLoadBalancer      : No servers available for service: notification-service
2026-08-04T17:24:04.348+07:00  WARN [api-gateway,,] 30456 --- [api-gateway] [parallel-9] o.s.c.l.core.RoundRobinLoadBalancer      : No servers available for service: notification-service
2026-08-04T17:24:10.557+07:00  WARN [api-gateway,,] 30456 --- [api-gateway] [parallel-11] o.s.c.l.core.RoundRobinLoadBalancer      : No servers available for service: notification-service
2026-08-04T17:24:10.559+07:00  WARN [api-gateway,,] 30456 --- [api-gateway] [parallel-1] o.s.c.l.core.RoundRobinLoadBalancer      : No servers available for service: notification-service
2026-08-04T17:24:16.345+07:00  WARN [api-gateway,,] 30456 --- [api-gateway] [parallel-4] o.s.c.l.core.RoundRobinLoadBalancer      : No servers available for service: notification-service
2026-08-04T17:24:16.345+07:00  WARN [api-gateway,,] 30456 --- [api-gateway] [parallel-3] o.s.c.l.core.RoundRobinLoadBalancer      : No servers available for service: notification-service
2026-08-04T17:24:22.346+07:00  WARN [api-gateway,,] 30456 --- [api-gateway] [parallel-6] o.s.c.l.core.RoundRobinLoadBalancer      : No servers available for service: notification-service
2026-08-04T17:24:22.349+07:00  WARN [api-gateway,,] 30456 --- [api-gateway] [parallel-7] o.s.c.l.core.RoundRobinLoadBalancer      : No servers available for service: notification-service
2026-08-04T17:24:28.432+07:00  WARN [api-gateway,,] 30456 --- [api-gateway] [parallel-10] o.s.c.l.core.RoundRobinLoadBalancer      : No servers available for service: notification-service
2026-08-04T17:24:28.451+07:00  WARN [api-gateway,,] 30456 --- [api-gateway] [parallel-12] o.s.c.l.core.RoundRobinLoadBalancer      : No servers available for service: notification-service
2026-08-04T17:24:34.357+07:00  WARN [api-gateway,,] 30456 --- [api-gateway] [parallel-2] o.s.c.l.core.RoundRobinLoadBalancer      : No servers available for service: notification-service
2026-08-04T17:24:34.388+07:00  WARN [api-gateway,,] 30456 --- [api-gateway] [parallel-4] o.s.c.l.core.RoundRobinLoadBalancer      : No servers available for service: notification-service
2026-08-04T17:24:40.340+07:00  WARN [api-gateway,,] 30456 --- [api-gateway] [parallel-6] o.s.c.l.core.RoundRobinLoadBalancer      : No servers available for service: notification-service
2026-08-04T17:24:40.356+07:00  WARN [api-gateway,,] 30456 --- [api-gateway] [parallel-8] o.s.c.l.core.RoundRobinLoadBalancer      : No servers available for service: notification-service
2026-08-04T17:24:47.605+07:00  WARN [api-gateway,,] 30456 --- [api-gateway] [parallel-10] o.s.c.l.core.RoundRobinLoadBalancer      : No servers available for service: notification-service
2026-08-04T17:24:47.606+07:00  WARN [api-gateway,,] 30456 --- [api-gateway] [parallel-11] o.s.c.l.core.RoundRobinLoadBalancer      : No servers available for service: notification-service
2026-08-04T17:24:53.457+07:00  WARN [api-gateway,,] 30456 --- [api-gateway] [parallel-2] o.s.c.l.core.RoundRobinLoadBalancer      : No servers available for service: notification-service
2026-08-04T17:24:53.475+07:00  WARN [api-gateway,,] 30456 --- [api-gateway] [parallel-4] o.s.c.l.core.RoundRobinLoadBalancer      : No servers available for service: notification-service
2026-08-04T17:24:59.488+07:00  WARN [api-gateway,,] 30456 --- [api-gateway] [parallel-6] o.s.c.l.core.RoundRobinLoadBalancer      : No servers available for service: notification-service
2026-08-04T17:24:59.637+07:00  WARN [api-gateway,,] 30456 --- [api-gateway] [parallel-8] o.s.c.l.core.RoundRobinLoadBalancer      : No servers available for service: notification-service
2026-08-04T17:25:05.472+07:00  WARN [api-gateway,,] 30456 --- [api-gateway] [parallel-10] o.s.c.l.core.RoundRobinLoadBalancer      : No servers available for service: notification-service
2026-08-04T17:25:05.482+07:00  WARN [api-gateway,,] 30456 --- [api-gateway] [parallel-12] o.s.c.l.core.RoundRobinLoadBalancer      : No servers available for service: notification-service
2026-08-04T17:25:11.343+07:00  WARN [api-gateway,,] 30456 --- [api-gateway] [parallel-2] o.s.c.l.core.RoundRobinLoadBalancer      : No servers available for service: notification-service
2026-08-04T17:25:11.359+07:00  WARN [api-gateway,,] 30456 --- [api-gateway] [parallel-4] o.s.c.l.core.RoundRobinLoadBalancer      : No servers available for service: notification-service
2026-08-04T17:25:15.905+07:00  INFO [api-gateway,,] 30456 --- [api-gateway] [AsyncResolver-bootstrap-executor-%d] c.n.d.s.r.aws.ConfigClusterResolver      : Resolving eureka endpoints via configuration
2026-08-04T17:25:17.551+07:00  WARN [api-gateway,,] 30456 --- [api-gateway] [parallel-6] o.s.c.l.core.RoundRobinLoadBalancer      : No servers available for service: notification-service
2026-08-04T17:25:17.550+07:00  WARN [api-gateway,,] 30456 --- [api-gateway] [parallel-8] o.s.c.l.core.RoundRobinLoadBalancer      : No servers available for service: notification-service
2026-08-04T17:25:23.516+07:00  WARN [api-gateway,,] 30456 --- [api-gateway] [parallel-10] o.s.c.l.core.RoundRobinLoadBalancer      : No servers available for service: notification-service
2026-08-04T17:25:23.527+07:00  WARN [api-gateway,,] 30456 --- [api-gateway] [parallel-12] o.s.c.l.core.RoundRobinLoadBalancer      : No servers available for service: notification-service
2026-08-04T17:25:29.336+07:00  WARN [api-gateway,,] 30456 --- [api-gateway] [parallel-2] o.s.c.l.core.RoundRobinLoadBalancer      : No servers available for service: notification-service
2026-08-04T17:25:29.355+07:00  WARN [api-gateway,,] 30456 --- [api-gateway] [parallel-4] o.s.c.l.core.RoundRobinLoadBalancer      : No servers available for service: notification-service
2026-08-04T17:25:35.338+07:00  WARN [api-gateway,,] 30456 --- [api-gateway] [parallel-6] o.s.c.l.core.RoundRobinLoadBalancer      : No servers available for service: notification-service
2026-08-04T17:25:35.342+07:00  WARN [api-gateway,,] 30456 --- [api-gateway] [parallel-8] o.s.c.l.core.RoundRobinLoadBalancer      : No servers available for service: notification-service
2026-08-04T17:25:41.348+07:00  WARN [api-gateway,,] 30456 --- [api-gateway] [parallel-10] o.s.c.l.core.RoundRobinLoadBalancer      : No servers available for service: notification-service
2026-08-04T17:25:41.352+07:00  WARN [api-gateway,,] 30456 --- [api-gateway] [parallel-12] o.s.c.l.core.RoundRobinLoadBalancer      : No servers available for service: notification-service
2026-08-04T17:25:47.599+07:00  WARN [api-gateway,,] 30456 --- [api-gateway] [parallel-2] o.s.c.l.core.RoundRobinLoadBalancer      : No servers available for service: notification-service
2026-08-04T17:25:47.599+07:00  WARN [api-gateway,,] 30456 --- [api-gateway] [parallel-3] o.s.c.l.core.RoundRobinLoadBalancer      : No servers available for service: notification-service
2026-08-04T17:25:53.399+07:00  WARN [api-gateway,,] 30456 --- [api-gateway] [parallel-6] o.s.c.l.core.RoundRobinLoadBalancer      : No servers available for service: notification-service
2026-08-04T17:25:53.400+07:00  WARN [api-gateway,,] 30456 --- [api-gateway] [parallel-7] o.s.c.l.core.RoundRobinLoadBalancer      : No servers available for service: notification-service
2026-08-04T17:25:59.352+07:00  WARN [api-gateway,,] 30456 --- [api-gateway] [parallel-10] o.s.c.l.core.RoundRobinLoadBalancer      : No servers available for service: notification-service
2026-08-04T17:25:59.355+07:00  WARN [api-gateway,,] 30456 --- [api-gateway] [parallel-12] o.s.c.l.core.RoundRobinLoadBalancer      : No servers available for service: notification-service
2026-08-04T17:26:05.576+07:00  WARN [api-gateway,,] 30456 --- [api-gateway] [parallel-2] o.s.c.l.core.RoundRobinLoadBalancer      : No servers available for service: notification-service
2026-08-04T17:26:05.597+07:00  WARN [api-gateway,,] 30456 --- [api-gateway] [parallel-4] o.s.c.l.core.RoundRobinLoadBalancer      : No servers available for service: notification-service
2026-08-04T17:26:11.388+07:00  WARN [api-gateway,,] 30456 --- [api-gateway] [parallel-7] o.s.c.l.core.RoundRobinLoadBalancer      : No servers available for service: notification-service
2026-08-04T17:26:11.388+07:00  WARN [api-gateway,,] 30456 --- [api-gateway] [parallel-6] o.s.c.l.core.RoundRobinLoadBalancer      : No servers available for service: notification-service
2026-08-04T17:26:17.341+07:00  WARN [api-gateway,,] 30456 --- [api-gateway] [parallel-10] o.s.c.l.core.RoundRobinLoadBalancer      : No servers available for service: notification-service
2026-08-04T17:26:17.344+07:00  WARN [api-gateway,,] 30456 --- [api-gateway] [parallel-12] o.s.c.l.core.RoundRobinLoadBalancer      : No servers available for service: notification-service
2026-08-04T17:26:23.410+07:00  WARN [api-gateway,,] 30456 --- [api-gateway] [parallel-2] o.s.c.l.core.RoundRobinLoadBalancer      : No servers available for service: notification-service
2026-08-04T17:26:23.411+07:00  WARN [api-gateway,,] 30456 --- [api-gateway] [parallel-3] o.s.c.l.core.RoundRobinLoadBalancer      : No servers available for service: notification-service
2026-08-04T17:26:29.351+07:00  WARN [api-gateway,,] 30456 --- [api-gateway] [parallel-6] o.s.c.l.core.RoundRobinLoadBalancer      : No servers available for service: notification-service
2026-08-04T17:26:30.267+07:00  WARN [api-gateway,,] 30456 --- [api-gateway] [parallel-8] o.s.c.l.core.RoundRobinLoadBalancer      : No servers available for service: notification-service
2026-08-04T17:26:35.514+07:00  WARN [api-gateway,,] 30456 --- [api-gateway] [parallel-10] o.s.c.l.core.RoundRobinLoadBalancer      : No servers available for service: notification-service
2026-08-04T17:26:35.535+07:00  WARN [api-gateway,,] 30456 --- [api-gateway] [parallel-12] o.s.c.l.core.RoundRobinLoadBalancer      : No servers available for service: notification-service
2026-08-04T17:26:41.346+07:00  WARN [api-gateway,,] 30456 --- [api-gateway] [parallel-2] o.s.c.l.core.RoundRobinLoadBalancer      : No servers available for service: notification-service
2026-08-04T17:26:41.371+07:00  WARN [api-gateway,,] 30456 --- [api-gateway] [parallel-4] o.s.c.l.core.RoundRobinLoadBalancer      : No servers available for service: notification-service
2026-08-04T17:26:50.310+07:00  WARN [api-gateway,,] 30456 --- [api-gateway] [parallel-6] o.s.c.l.core.RoundRobinLoadBalancer      : No servers available for service: notification-service
2026-08-04T17:26:50.314+07:00  WARN [api-gateway,,] 30456 --- [api-gateway] [parallel-8] o.s.c.l.core.RoundRobinLoadBalancer      : No servers available for service: notification-service
2026-08-04T17:26:56.339+07:00  WARN [api-gateway,,] 30456 --- [api-gateway] [parallel-10] o.s.c.l.core.RoundRobinLoadBalancer      : No servers available for service: notification-service
2026-08-04T17:26:56.340+07:00  WARN [api-gateway,,] 30456 --- [api-gateway] [parallel-11] o.s.c.l.core.RoundRobinLoadBalancer      : No servers available for service: notification-service
2026-08-04T17:27:02.495+07:00  WARN [api-gateway,,] 30456 --- [api-gateway] [parallel-3] o.s.c.l.core.RoundRobinLoadBalancer      : No servers available for service: notification-service
2026-08-04T17:27:02.495+07:00  WARN [api-gateway,,] 30456 --- [api-gateway] [parallel-2] o.s.c.l.core.RoundRobinLoadBalancer      : No servers available for service: notification-service
2026-08-04T17:27:08.661+07:00  WARN [api-gateway,,] 30456 --- [api-gateway] [parallel-5] o.s.c.l.core.RoundRobinLoadBalancer      : No servers available for service: notification-service
2026-08-04T17:27:08.684+07:00  WARN [api-gateway,,] 30456 --- [api-gateway] [parallel-7] o.s.c.l.core.RoundRobinLoadBalancer      : No servers available for service: notification-service
2026-08-04T17:27:14.378+07:00  WARN [api-gateway,,] 30456 --- [api-gateway] [parallel-9] o.s.c.l.core.RoundRobinLoadBalancer      : No servers available for service: notification-service
2026-08-04T17:27:14.380+07:00  WARN [api-gateway,,] 30456 --- [api-gateway] [parallel-10] o.s.c.l.core.RoundRobinLoadBalancer      : No servers available for service: notification-service
2026-08-04T17:27:20.360+07:00  WARN [api-gateway,,] 30456 --- [api-gateway] [parallel-1] o.s.c.l.core.RoundRobinLoadBalancer      : No servers available for service: notification-service
2026-08-04T17:27:20.360+07:00  WARN [api-gateway,,] 30456 --- [api-gateway] [parallel-2] o.s.c.l.core.RoundRobinLoadBalancer      : No servers available for service: notification-service
2026-08-04T17:27:26.336+07:00  WARN [api-gateway,,] 30456 --- [api-gateway] [parallel-4] o.s.c.l.core.RoundRobinLoadBalancer      : No servers available for service: notification-service
2026-08-04T17:27:26.351+07:00  WARN [api-gateway,,] 30456 --- [api-gateway] [parallel-6] o.s.c.l.core.RoundRobinLoadBalancer      : No servers available for service: notification-service
2026-08-04T17:27:32.408+07:00  WARN [api-gateway,,] 30456 --- [api-gateway] [parallel-8] o.s.c.l.core.RoundRobinLoadBalancer      : No servers available for service: notification-service
2026-08-04T17:27:32.434+07:00  WARN [api-gateway,,] 30456 --- [api-gateway] [parallel-10] o.s.c.l.core.RoundRobinLoadBalancer      : No servers available for service: notification-service
2026-08-04T17:27:38.883+07:00  WARN [api-gateway,,] 30456 --- [api-gateway] [parallel-12] o.s.c.l.core.RoundRobinLoadBalancer      : No servers available for service: notification-service
2026-08-04T17:27:38.888+07:00  WARN [api-gateway,,] 30456 --- [api-gateway] [parallel-2] o.s.c.l.core.RoundRobinLoadBalancer      : No servers available for service: notification-service
2026-08-04T17:27:44.348+07:00  WARN [api-gateway,,] 30456 --- [api-gateway] [parallel-4] o.s.c.l.core.RoundRobinLoadBalancer      : No servers available for service: notification-service
2026-08-04T17:27:44.350+07:00  WARN [api-gateway,,] 30456 --- [api-gateway] [parallel-6] o.s.c.l.core.RoundRobinLoadBalancer      : No servers available for service: notification-service
2026-08-04T17:27:50.336+07:00  WARN [api-gateway,,] 30456 --- [api-gateway] [parallel-8] o.s.c.l.core.RoundRobinLoadBalancer      : No servers available for service: notification-service
2026-08-04T17:27:50.338+07:00  WARN [api-gateway,,] 30456 --- [api-gateway] [parallel-10] o.s.c.l.core.RoundRobinLoadBalancer      : No servers available for service: notification-service
2026-08-04T17:27:56.352+07:00  WARN [api-gateway,,] 30456 --- [api-gateway] [parallel-12] o.s.c.l.core.RoundRobinLoadBalancer      : No servers available for service: notification-service
2026-08-04T17:27:56.356+07:00  WARN [api-gateway,,] 30456 --- [api-gateway] [parallel-2] o.s.c.l.core.RoundRobinLoadBalancer      : No servers available for service: notification-service
2026-08-04T17:28:02.335+07:00  WARN [api-gateway,,] 30456 --- [api-gateway] [parallel-4] o.s.c.l.core.RoundRobinLoadBalancer      : No servers available for service: notification-service
2026-08-04T17:28:02.338+07:00  WARN [api-gateway,,] 30456 --- [api-gateway] [parallel-6] o.s.c.l.core.RoundRobinLoadBalancer      : No servers available for service: notification-service
2026-08-04T17:28:08.348+07:00  WARN [api-gateway,,] 30456 --- [api-gateway] [parallel-8] o.s.c.l.core.RoundRobinLoadBalancer      : No servers available for service: notification-service
2026-08-04T17:28:08.349+07:00  WARN [api-gateway,,] 30456 --- [api-gateway] [parallel-10] o.s.c.l.core.RoundRobinLoadBalancer      : No servers available for service: notification-service
2026-08-04T17:28:14.343+07:00  WARN [api-gateway,,] 30456 --- [api-gateway] [parallel-12] o.s.c.l.core.RoundRobinLoadBalancer      : No servers available for service: notification-service
2026-08-04T17:28:14.346+07:00  WARN [api-gateway,,] 30456 --- [api-gateway] [parallel-2] o.s.c.l.core.RoundRobinLoadBalancer      : No servers available for service: notification-service
2026-08-04T17:28:20.349+07:00  WARN [api-gateway,,] 30456 --- [api-gateway] [parallel-5] o.s.c.l.core.RoundRobinLoadBalancer      : No servers available for service: notification-service
2026-08-04T17:28:20.349+07:00  WARN [api-gateway,,] 30456 --- [api-gateway] [parallel-4] o.s.c.l.core.RoundRobinLoadBalancer      : No servers available for service: notification-service
2026-08-04T17:28:26.342+07:00  WARN [api-gateway,,] 30456 --- [api-gateway] [parallel-8] o.s.c.l.core.RoundRobinLoadBalancer      : No servers available for service: notification-service
2026-08-04T17:28:26.345+07:00  WARN [api-gateway,,] 30456 --- [api-gateway] [parallel-10] o.s.c.l.core.RoundRobinLoadBalancer      : No servers available for service: notification-service
2026-08-04T17:28:32.347+07:00  WARN [api-gateway,,] 30456 --- [api-gateway] [parallel-12] o.s.c.l.core.RoundRobinLoadBalancer      : No servers available for service: notification-service
2026-08-04T17:28:32.350+07:00  WARN [api-gateway,,] 30456 --- [api-gateway] [parallel-2] o.s.c.l.core.RoundRobinLoadBalancer      : No servers available for service: notification-service
2026-08-04T17:28:38.549+07:00  WARN [api-gateway,,] 30456 --- [api-gateway] [parallel-4] o.s.c.l.core.RoundRobinLoadBalancer      : No servers available for service: notification-service
2026-08-04T17:28:38.550+07:00  WARN [api-gateway,,] 30456 --- [api-gateway] [parallel-6] o.s.c.l.core.RoundRobinLoadBalancer      : No servers available for service: notification-service
2026-08-04T17:28:44.347+07:00  WARN [api-gateway,,] 30456 --- [api-gateway] [parallel-8] o.s.c.l.core.RoundRobinLoadBalancer      : No servers available for service: notification-service
2026-08-04T17:28:44.348+07:00  WARN [api-gateway,,] 30456 --- [api-gateway] [parallel-9] o.s.c.l.core.RoundRobinLoadBalancer      : No servers available for service: notification-service
2026-08-04T17:28:50.347+07:00  WARN [api-gateway,,] 30456 --- [api-gateway] [parallel-12] o.s.c.l.core.RoundRobinLoadBalancer      : No servers available for service: notification-service
2026-08-04T17:28:50.349+07:00  WARN [api-gateway,,] 30456 --- [api-gateway] [parallel-2] o.s.c.l.core.RoundRobinLoadBalancer      : No servers available for service: notification-service
2026-08-04T17:28:57.390+07:00  WARN [api-gateway,,] 30456 --- [api-gateway] [parallel-4] o.s.c.l.core.RoundRobinLoadBalancer      : No servers available for service: notification-service
2026-08-04T17:28:57.390+07:00  WARN [api-gateway,,] 30456 --- [api-gateway] [parallel-5] o.s.c.l.core.RoundRobinLoadBalancer      : No servers available for service: notification-service
2026-08-04T17:29:03.521+07:00  WARN [api-gateway,,] 30456 --- [api-gateway] [parallel-7] o.s.c.l.core.RoundRobinLoadBalancer      : No servers available for service: notification-service
2026-08-04T17:29:03.521+07:00  WARN [api-gateway,,] 30456 --- [api-gateway] [parallel-8] o.s.c.l.core.RoundRobinLoadBalancer      : No servers available for service: notification-service
2026-08-04T17:29:09.430+07:00  WARN [api-gateway,,] 30456 --- [api-gateway] [parallel-11] o.s.c.l.core.RoundRobinLoadBalancer      : No servers available for service: notification-service
2026-08-04T17:29:09.431+07:00  WARN [api-gateway,,] 30456 --- [api-gateway] [parallel-12] o.s.c.l.core.RoundRobinLoadBalancer      : No servers available for service: notification-service
2026-08-04T17:29:15.357+07:00  WARN [api-gateway,,] 30456 --- [api-gateway] [parallel-3] o.s.c.l.core.RoundRobinLoadBalancer      : No servers available for service: notification-service
2026-08-04T17:29:15.358+07:00  WARN [api-gateway,,] 30456 --- [api-gateway] [parallel-4] o.s.c.l.core.RoundRobinLoadBalancer      : No servers available for service: notification-service
2026-08-04T17:29:22.097+07:00  WARN [api-gateway,,] 30456 --- [api-gateway] [parallel-7] o.s.c.l.core.RoundRobinLoadBalancer      : No servers available for service: notification-service
2026-08-04T17:29:22.338+07:00  WARN [api-gateway,,] 30456 --- [api-gateway] [parallel-9] o.s.c.l.core.RoundRobinLoadBalancer      : No servers available for service: notification-service
2026-08-04T17:29:28.742+07:00  WARN [api-gateway,,] 30456 --- [api-gateway] [parallel-11] o.s.c.l.core.RoundRobinLoadBalancer      : No servers available for service: notification-service
2026-08-04T17:29:28.744+07:00  WARN [api-gateway,,] 30456 --- [api-gateway] [parallel-1] o.s.c.l.core.RoundRobinLoadBalancer      : No servers available for service: notification-service
2026-08-04T17:29:34.598+07:00  WARN [api-gateway,,] 30456 --- [api-gateway] [parallel-3] o.s.c.l.core.RoundRobinLoadBalancer      : No servers available for service: notification-service
2026-08-04T17:29:35.450+07:00  WARN [api-gateway,,] 30456 --- [api-gateway] [parallel-5] o.s.c.l.core.RoundRobinLoadBalancer      : No servers available for service: notification-service
2026-08-04T17:29:44.408+07:00  WARN [api-gateway,,] 30456 --- [api-gateway] [parallel-7] o.s.c.l.core.RoundRobinLoadBalancer      : No servers available for service: notification-service
2026-08-04T17:29:44.494+07:00  WARN [api-gateway,,] 30456 --- [api-gateway] [parallel-9] o.s.c.l.core.RoundRobinLoadBalancer      : No servers available for service: notification-service
2026-08-04T17:29:50.339+07:00  WARN [api-gateway,,] 30456 --- [api-gateway] [parallel-11] o.s.c.l.core.RoundRobinLoadBalancer      : No servers available for service: notification-service
2026-08-04T17:29:50.348+07:00  WARN [api-gateway,,] 30456 --- [api-gateway] [parallel-1] o.s.c.l.core.RoundRobinLoadBalancer      : No servers available for service: notification-service
2026-08-04T17:29:56.352+07:00  WARN [api-gateway,,] 30456 --- [api-gateway] [parallel-3] o.s.c.l.core.RoundRobinLoadBalancer      : No servers available for service: notification-service
2026-08-04T17:29:56.355+07:00  WARN [api-gateway,,] 30456 --- [api-gateway] [parallel-5] o.s.c.l.core.RoundRobinLoadBalancer      : No servers available for service: notification-service
2026-08-04T17:30:02.996+07:00  WARN [api-gateway,,] 30456 --- [api-gateway] [parallel-7] o.s.c.l.core.RoundRobinLoadBalancer      : No servers available for service: notification-service
2026-08-04T17:30:02.996+07:00  WARN [api-gateway,,] 30456 --- [api-gateway] [parallel-8] o.s.c.l.core.RoundRobinLoadBalancer      : No servers available for service: notification-service
2026-08-04T17:30:08.350+07:00  WARN [api-gateway,,] 30456 --- [api-gateway] [parallel-11] o.s.c.l.core.RoundRobinLoadBalancer      : No servers available for service: notification-service
2026-08-04T17:30:09.751+07:00  WARN [api-gateway,,] 30456 --- [api-gateway] [parallel-1] o.s.c.l.core.RoundRobinLoadBalancer      : No servers available for service: notification-service
2026-08-04T17:30:14.343+07:00  WARN [api-gateway,,] 30456 --- [api-gateway] [parallel-3] o.s.c.l.core.RoundRobinLoadBalancer      : No servers available for service: notification-service
2026-08-04T17:30:15.342+07:00  WARN [api-gateway,,] 30456 --- [api-gateway] [parallel-5] o.s.c.l.core.RoundRobinLoadBalancer      : No servers available for service: notification-service
2026-08-04T17:30:15.911+07:00  INFO [api-gateway,,] 30456 --- [api-gateway] [AsyncResolver-bootstrap-executor-%d] c.n.d.s.r.aws.ConfigClusterResolver      : Resolving eureka endpoints via configuration
2026-08-04T17:30:20.342+07:00  WARN [api-gateway,,] 30456 --- [api-gateway] [parallel-7] o.s.c.l.core.RoundRobinLoadBalancer      : No servers available for service: notification-service
2026-08-04T17:30:21.343+07:00  WARN [api-gateway,,] 30456 --- [api-gateway] [parallel-9] o.s.c.l.core.RoundRobinLoadBalancer      : No servers available for service: notification-service
2026-08-04T17:30:26.349+07:00  WARN [api-gateway,,] 30456 --- [api-gateway] [parallel-11] o.s.c.l.core.RoundRobinLoadBalancer      : No servers available for service: notification-service
2026-08-04T17:30:27.352+07:00  WARN [api-gateway,,] 30456 --- [api-gateway] [parallel-1] o.s.c.l.core.RoundRobinLoadBalancer      : No servers available for service: notification-service
2026-08-04T17:30:32.346+07:00  WARN [api-gateway,,] 30456 --- [api-gateway] [parallel-3] o.s.c.l.core.RoundRobinLoadBalancer      : No servers available for service: notification-service
2026-08-04T17:30:33.367+07:00  WARN [api-gateway,,] 30456 --- [api-gateway] [parallel-5] o.s.c.l.core.RoundRobinLoadBalancer      : No servers available for service: notification-service
2026-08-04T17:30:38.349+07:00  WARN [api-gateway,,] 30456 --- [api-gateway] [parallel-7] o.s.c.l.core.RoundRobinLoadBalancer      : No servers available for service: notification-service
2026-08-04T17:30:40.262+07:00  WARN [api-gateway,,] 30456 --- [api-gateway] [parallel-9] o.s.c.l.core.RoundRobinLoadBalancer      : No servers available for service: notification-service
2026-08-04T17:30:44.478+07:00  WARN [api-gateway,,] 30456 --- [api-gateway] [parallel-11] o.s.c.l.core.RoundRobinLoadBalancer      : No servers available for service: notification-service
2026-08-04T17:30:45.342+07:00  WARN [api-gateway,,] 30456 --- [api-gateway] [parallel-1] o.s.c.l.core.RoundRobinLoadBalancer      : No servers available for service: notification-service
2026-08-04T17:30:50.368+07:00  WARN [api-gateway,,] 30456 --- [api-gateway] [parallel-3] o.s.c.l.core.RoundRobinLoadBalancer      : No servers available for service: notification-service
2026-08-04T17:30:51.494+07:00  WARN [api-gateway,,] 30456 --- [api-gateway] [parallel-5] o.s.c.l.core.RoundRobinLoadBalancer      : No servers available for service: notification-service
2026-08-04T17:30:56.345+07:00  WARN [api-gateway,,] 30456 --- [api-gateway] [parallel-7] o.s.c.l.core.RoundRobinLoadBalancer      : No servers available for service: notification-service
2026-08-04T17:30:57.585+07:00  WARN [api-gateway,,] 30456 --- [api-gateway] [parallel-9] o.s.c.l.core.RoundRobinLoadBalancer      : No servers available for service: notification-service
2026-08-04T17:31:02.346+07:00  WARN [api-gateway,,] 30456 --- [api-gateway] [parallel-11] o.s.c.l.core.RoundRobinLoadBalancer      : No servers available for service: notification-service
2026-08-04T17:31:03.349+07:00  WARN [api-gateway,,] 30456 --- [api-gateway] [parallel-1] o.s.c.l.core.RoundRobinLoadBalancer      : No servers available for service: notification-service
2026-08-04T17:31:09.731+07:00  WARN [api-gateway,,] 30456 --- [api-gateway] [parallel-3] o.s.c.l.core.RoundRobinLoadBalancer      : No servers available for service: notification-service
2026-08-04T17:31:09.732+07:00  WARN [api-gateway,,] 30456 --- [api-gateway] [parallel-4] o.s.c.l.core.RoundRobinLoadBalancer      : No servers available for service: notification-service
2026-08-04T17:31:15.336+07:00  WARN [api-gateway,,] 30456 --- [api-gateway] [parallel-7] o.s.c.l.core.RoundRobinLoadBalancer      : No servers available for service: notification-service
2026-08-04T17:31:15.337+07:00  WARN [api-gateway,,] 30456 --- [api-gateway] [parallel-8] o.s.c.l.core.RoundRobinLoadBalancer      : No servers available for service: notification-service
2026-08-04T17:31:21.335+07:00  WARN [api-gateway,,] 30456 --- [api-gateway] [parallel-11] o.s.c.l.core.RoundRobinLoadBalancer      : No servers available for service: notification-service
2026-08-04T17:31:21.338+07:00  WARN [api-gateway,,] 30456 --- [api-gateway] [parallel-1] o.s.c.l.core.RoundRobinLoadBalancer      : No servers available for service: notification-service
2026-08-04T17:31:27.344+07:00  WARN [api-gateway,,] 30456 --- [api-gateway] [parallel-3] o.s.c.l.core.RoundRobinLoadBalancer      : No servers available for service: notification-service
2026-08-04T17:31:27.356+07:00  WARN [api-gateway,,] 30456 --- [api-gateway] [parallel-5] o.s.c.l.core.RoundRobinLoadBalancer      : No servers available for service: notification-service
2026-08-04T17:31:33.344+07:00  WARN [api-gateway,,] 30456 --- [api-gateway] [parallel-7] o.s.c.l.core.RoundRobinLoadBalancer      : No servers available for service: notification-service
2026-08-04T17:31:33.345+07:00  WARN [api-gateway,,] 30456 --- [api-gateway] [parallel-9] o.s.c.l.core.RoundRobinLoadBalancer      : No servers available for service: notification-service
2026-08-04T17:31:40.255+07:00  WARN [api-gateway,,] 30456 --- [api-gateway] [parallel-11] o.s.c.l.core.RoundRobinLoadBalancer      : No servers available for service: notification-service
2026-08-04T17:31:40.260+07:00  WARN [api-gateway,,] 30456 --- [api-gateway] [parallel-1] o.s.c.l.core.RoundRobinLoadBalancer      : No servers available for service: notification-service
2026-08-04T17:31:45.343+07:00  WARN [api-gateway,,] 30456 --- [api-gateway] [parallel-3] o.s.c.l.core.RoundRobinLoadBalancer      : No servers available for service: notification-service
2026-08-04T17:31:46.236+07:00  WARN [api-gateway,,] 30456 --- [api-gateway] [parallel-5] o.s.c.l.core.RoundRobinLoadBalancer      : No servers available for service: notification-service
2026-08-04T17:31:51.336+07:00  WARN [api-gateway,,] 30456 --- [api-gateway] [parallel-7] o.s.c.l.core.RoundRobinLoadBalancer      : No servers available for service: notification-service
2026-08-04T17:31:51.337+07:00  WARN [api-gateway,,] 30456 --- [api-gateway] [parallel-9] o.s.c.l.core.RoundRobinLoadBalancer      : No servers available for service: notification-service
2026-08-04T17:31:57.347+07:00  WARN [api-gateway,,] 30456 --- [api-gateway] [parallel-11] o.s.c.l.core.RoundRobinLoadBalancer      : No servers available for service: notification-service
2026-08-04T17:31:57.443+07:00  WARN [api-gateway,,] 30456 --- [api-gateway] [parallel-1] o.s.c.l.core.RoundRobinLoadBalancer      : No servers available for service: notification-service
2026-08-04T17:32:04.048+07:00  WARN [api-gateway,,] 30456 --- [api-gateway] [parallel-3] o.s.c.l.core.RoundRobinLoadBalancer      : No servers available for service: notification-service
2026-08-04T17:32:04.049+07:00  WARN [api-gateway,,] 30456 --- [api-gateway] [parallel-4] o.s.c.l.core.RoundRobinLoadBalancer      : No servers available for service: notification-service
2026-08-04T17:32:18.627+07:00  WARN [api-gateway,,] 30456 --- [api-gateway] [parallel-7] o.s.c.l.core.RoundRobinLoadBalancer      : No servers available for service: notification-service
2026-08-04T17:32:19.608+07:00  WARN [api-gateway,,] 30456 --- [api-gateway] [parallel-9] o.s.c.l.core.RoundRobinLoadBalancer      : No servers available for service: notification-service
2026-08-04T17:32:26.414+07:00  WARN [api-gateway,,] 30456 --- [api-gateway] [parallel-11] o.s.c.l.core.RoundRobinLoadBalancer      : No servers available for service: notification-service
2026-08-04T17:32:26.693+07:00  WARN [api-gateway,,] 30456 --- [api-gateway] [parallel-1] o.s.c.l.core.RoundRobinLoadBalancer      : No servers available for service: notification-service
2026-08-04T17:32:32.362+07:00  WARN [api-gateway,,] 30456 --- [api-gateway] [parallel-3] o.s.c.l.core.RoundRobinLoadBalancer      : No servers available for service: notification-service
2026-08-04T17:32:32.362+07:00  WARN [api-gateway,,] 30456 --- [api-gateway] [parallel-4] o.s.c.l.core.RoundRobinLoadBalancer      : No servers available for service: notification-service
2026-08-04T17:32:43.368+07:00  WARN [api-gateway,,] 30456 --- [api-gateway] [parallel-6] o.s.c.l.core.RoundRobinLoadBalancer      : No servers available for service: notification-service
2026-08-04T17:32:43.398+07:00  WARN [api-gateway,,] 30456 --- [api-gateway] [parallel-8] o.s.c.l.core.RoundRobinLoadBalancer      : No servers available for service: notification-service
2026-08-04T17:32:49.363+07:00  WARN [api-gateway,,] 30456 --- [api-gateway] [parallel-11] o.s.c.l.core.RoundRobinLoadBalancer      : No servers available for service: notification-service
2026-08-04T17:32:49.363+07:00  WARN [api-gateway,,] 30456 --- [api-gateway] [parallel-10] o.s.c.l.core.RoundRobinLoadBalancer      : No servers available for service: notification-service
2026-08-04T17:32:55.386+07:00  WARN [api-gateway,,] 30456 --- [api-gateway] [parallel-2] o.s.c.l.core.RoundRobinLoadBalancer      : No servers available for service: notification-service
2026-08-04T17:32:55.386+07:00  WARN [api-gateway,,] 30456 --- [api-gateway] [parallel-3] o.s.c.l.core.RoundRobinLoadBalancer      : No servers available for service: notification-service
2026-08-04T17:33:01.339+07:00  WARN [api-gateway,,] 30456 --- [api-gateway] [parallel-6] o.s.c.l.core.RoundRobinLoadBalancer      : No servers available for service: notification-service
2026-08-04T17:33:01.352+07:00  WARN [api-gateway,,] 30456 --- [api-gateway] [parallel-8] o.s.c.l.core.RoundRobinLoadBalancer      : No servers available for service: notification-service
2026-08-04T17:33:07.342+07:00  WARN [api-gateway,,] 30456 --- [api-gateway] [parallel-10] o.s.c.l.core.RoundRobinLoadBalancer      : No servers available for service: notification-service
2026-08-04T17:33:07.343+07:00  WARN [api-gateway,,] 30456 --- [api-gateway] [parallel-11] o.s.c.l.core.RoundRobinLoadBalancer      : No servers available for service: notification-service
2026-08-04T17:33:42.248+07:00  WARN [api-gateway,,] 30456 --- [api-gateway] [parallel-2] o.s.c.l.core.RoundRobinLoadBalancer      : No servers available for service: notification-service
2026-08-04T17:33:42.310+07:00  WARN [api-gateway,,] 30456 --- [api-gateway] [parallel-4] o.s.c.l.core.RoundRobinLoadBalancer      : No servers available for service: notification-service
2026-08-04T17:35:15.922+07:00  INFO [api-gateway,,] 30456 --- [api-gateway] [AsyncResolver-bootstrap-executor-%d] c.n.d.s.r.aws.ConfigClusterResolver      : Resolving eureka endpoints via configuration
2026-08-04T17:40:15.965+07:00  INFO [api-gateway,,] 30456 --- [api-gateway] [AsyncResolver-bootstrap-executor-%d] c.n.d.s.r.aws.ConfigClusterResolver      : Resolving eureka endpoints via configuration
2026-08-04T17:40:24.554+07:00  WARN [api-gateway,,] 30456 --- [api-gateway] [parallel-6] o.s.c.l.core.RoundRobinLoadBalancer      : No servers available for service: notification-service
2026-08-04T17:40:30.338+07:00  WARN [api-gateway,,] 30456 --- [api-gateway] [parallel-8] o.s.c.l.core.RoundRobinLoadBalancer      : No servers available for service: notification-service
2026-08-04T17:40:36.352+07:00  WARN [api-gateway,,] 30456 --- [api-gateway] [parallel-10] o.s.c.l.core.RoundRobinLoadBalancer      : No servers available for service: notification-service
2026-08-04T17:45:16.127+07:00  INFO [api-gateway,,] 30456 --- [api-gateway] [AsyncResolver-bootstrap-executor-%d] c.n.d.s.r.aws.ConfigClusterResolver      : Resolving eureka endpoints via configuration
2026-08-04T17:47:11.136+07:00  WARN [api-gateway,,] 30456 --- [api-gateway] [parallel-12] o.s.c.l.core.RoundRobinLoadBalancer      : No servers available for service: notification-service
2026-08-04T17:47:16.345+07:00  WARN [api-gateway,,] 30456 --- [api-gateway] [parallel-2] o.s.c.l.core.RoundRobinLoadBalancer      : No servers available for service: notification-service
2026-08-04T17:47:22.342+07:00  WARN [api-gateway,,] 30456 --- [api-gateway] [parallel-4] o.s.c.l.core.RoundRobinLoadBalancer      : No servers available for service: notification-service
2026-08-04T17:49:15.995+07:00  WARN [api-gateway,,] 30456 --- [api-gateway] [parallel-6] o.s.c.l.core.RoundRobinLoadBalancer      : No servers available for service: notification-service
2026-08-04T17:49:21.399+07:00  WARN [api-gateway,,] 30456 --- [api-gateway] [parallel-8] o.s.c.l.core.RoundRobinLoadBalancer      : No servers available for service: notification-service
2026-08-04T17:49:27.346+07:00  WARN [api-gateway,,] 30456 --- [api-gateway] [parallel-10] o.s.c.l.core.RoundRobinLoadBalancer      : No servers available for service: notification-service
2026-08-04T17:50:16.143+07:00  INFO [api-gateway,,] 30456 --- [api-gateway] [AsyncResolver-bootstrap-executor-%d] c.n.d.s.r.aws.ConfigClusterResolver      : Resolving eureka endpoints via configuration
2026-08-04T17:50:50.469+07:00  WARN [api-gateway,,] 30456 --- [api-gateway] [parallel-12] o.s.c.l.core.RoundRobinLoadBalancer      : No servers available for service: notification-service
2026-08-04T17:55:16.152+07:00  INFO [api-gateway,,] 30456 --- [api-gateway] [AsyncResolver-bootstrap-executor-%d] c.n.d.s.r.aws.ConfigClusterResolver      : Resolving eureka endpoints via configuration
2026-08-04T18:00:16.155+07:00  INFO [api-gateway,,] 30456 --- [api-gateway] [AsyncResolver-bootstrap-executor-%d] c.n.d.s.r.aws.ConfigClusterResolver      : Resolving eureka endpoints via configuration
2026-08-04T18:05:16.166+07:00  INFO [api-gateway,,] 30456 --- [api-gateway] [AsyncResolver-bootstrap-executor-%d] c.n.d.s.r.aws.ConfigClusterResolver      : Resolving eureka endpoints via configuration
2026-08-04T18:10:16.181+07:00  INFO [api-gateway,,] 30456 --- [api-gateway] [AsyncResolver-bootstrap-executor-%d] c.n.d.s.r.aws.ConfigClusterResolver      : Resolving eureka endpoints via configuration
2026-08-04T18:15:16.207+07:00  INFO [api-gateway,,] 30456 --- [api-gateway] [AsyncResolver-bootstrap-executor-%d] c.n.d.s.r.aws.ConfigClusterResolver      : Resolving eureka endpoints via configuration
2026-08-04T18:20:16.220+07:00  INFO [api-gateway,,] 30456 --- [api-gateway] [AsyncResolver-bootstrap-executor-%d] c.n.d.s.r.aws.ConfigClusterResolver      : Resolving eureka endpoints via configuration
2026-08-04T18:25:16.228+07:00  INFO [api-gateway,,] 30456 --- [api-gateway] [AsyncResolver-bootstrap-executor-%d] c.n.d.s.r.aws.ConfigClusterResolver      : Resolving eureka endpoints via configuration
