2026-06-04T11:42:16.550+07:00  INFO [group-service,,] 28732 --- [group-service] [main] [                                                 ] c.n.S.GroupServiceApplication            : Starting GroupServiceApplication using Java 17.0.9 with PID 28732 (D:\Projects\Social-media\backend\group-service\target\classes started by BANG in D:\Projects\Social-media\backend)
2026-06-04T11:42:16.581+07:00  INFO [group-service,,] 28732 --- [group-service] [main] [                                                 ] c.n.S.GroupServiceApplication            : No active profile set, falling back to 1 default profile: "default"
2026-06-04T11:42:24.989+07:00  INFO [group-service,,] 28732 --- [group-service] [main] [                                                 ] .s.d.r.c.RepositoryConfigurationDelegate : Bootstrapping Spring Data JPA repositories in DEFAULT mode.
2026-06-04T11:42:26.028+07:00  INFO [group-service,,] 28732 --- [group-service] [main] [                                                 ] .s.d.r.c.RepositoryConfigurationDelegate : Finished Spring Data repository scanning in 934 ms. Found 2 JPA repository interfaces.
2026-06-04T11:42:27.345+07:00  INFO [group-service,,] 28732 --- [group-service] [main] [                                                 ] o.s.cloud.context.scope.GenericScope     : BeanFactory id=85325416-3a2b-3b54-867b-f06078df59f9
2026-06-04T11:42:29.402+07:00  INFO [group-service,,] 28732 --- [group-service] [main] [                                                 ] o.s.b.w.embedded.tomcat.TomcatWebServer  : Tomcat initialized with port 8085 (http)
2026-06-04T11:42:29.458+07:00  INFO [group-service,,] 28732 --- [group-service] [main] [                                                 ] o.apache.catalina.core.StandardService   : Starting service [Tomcat]
2026-06-04T11:42:29.459+07:00  INFO [group-service,,] 28732 --- [group-service] [main] [                                                 ] o.apache.catalina.core.StandardEngine    : Starting Servlet engine: [Apache Tomcat/10.1.42]
2026-06-04T11:42:29.856+07:00  INFO [group-service,,] 28732 --- [group-service] [main] [                                                 ] o.a.c.c.C.[Tomcat].[localhost].[/]       : Initializing Spring embedded WebApplicationContext
2026-06-04T11:42:29.859+07:00  INFO [group-service,,] 28732 --- [group-service] [main] [                                                 ] w.s.c.ServletWebServerApplicationContext : Root WebApplicationContext: initialization completed in 13105 ms
2026-06-04T11:42:31.948+07:00  INFO [group-service,,] 28732 --- [group-service] [main] [                                                 ] o.hibernate.jpa.internal.util.LogHelper  : HHH000204: Processing PersistenceUnitInfo [name: default]
2026-06-04T11:42:32.367+07:00  INFO [group-service,,] 28732 --- [group-service] [main] [                                                 ] org.hibernate.Version                    : HHH000412: Hibernate ORM core version 6.5.3.Final
2026-06-04T11:42:32.606+07:00  INFO [group-service,,] 28732 --- [group-service] [main] [                                                 ] o.h.c.internal.RegionFactoryInitiator    : HHH000026: Second-level cache disabled
2026-06-04T11:42:33.781+07:00  INFO [group-service,,] 28732 --- [group-service] [main] [                                                 ] o.s.o.j.p.SpringPersistenceUnitInfo      : No LoadTimeWeaver setup: ignoring JPA class transformer
2026-06-04T11:42:33.868+07:00  INFO [group-service,,] 28732 --- [group-service] [main] [                                                 ] com.zaxxer.hikari.HikariDataSource       : HikariPool-1 - Starting...
2026-06-04T11:42:34.682+07:00  INFO [group-service,,] 28732 --- [group-service] [main] [                                                 ] com.zaxxer.hikari.pool.HikariPool        : HikariPool-1 - Added connection org.postgresql.jdbc.PgConnection@6ad7a305
2026-06-04T11:42:34.689+07:00  INFO [group-service,,] 28732 --- [group-service] [main] [                                                 ] com.zaxxer.hikari.HikariDataSource       : HikariPool-1 - Start completed.
2026-06-04T11:42:34.967+07:00  WARN [group-service,,] 28732 --- [group-service] [main] [                                                 ] org.hibernate.orm.deprecation            : HHH90000025: PostgreSQLDialect does not need to be specified explicitly using 'hibernate.dialect' (remove the property setting and it will be selected by default)
2026-06-04T11:42:39.378+07:00  INFO [group-service,,] 28732 --- [group-service] [main] [                                                 ] o.h.e.t.j.p.i.JtaPlatformInitiator       : HHH000489: No JTA platform available (set 'hibernate.transaction.jta.platform' to enable JTA platform integration)
2026-06-04T11:42:40.204+07:00  INFO [group-service,,] 28732 --- [group-service] [main] [                                                 ] j.LocalContainerEntityManagerFactoryBean : Initialized JPA EntityManagerFactory for persistence unit 'default'
2026-06-04T11:42:41.391+07:00  INFO [group-service,,] 28732 --- [group-service] [main] [                                                 ] o.s.d.j.r.query.QueryEnhancerFactory     : Hibernate is in classpath; If applicable, HQL parser will be used.
2026-06-04T11:42:44.112+07:00  WARN [group-service,,] 28732 --- [group-service] [main] [                                                 ] JpaBaseConfiguration$JpaWebConfiguration : spring.jpa.open-in-view is enabled by default. Therefore, database queries may be performed during view rendering. Explicitly configure spring.jpa.open-in-view to disable this warning
2026-06-04T11:42:46.694+07:00  INFO [group-service,,] 28732 --- [group-service] [main] [                                                 ] o.s.cloud.commons.util.InetUtils         : Cannot determine local hostname
2026-06-04T11:42:46.842+07:00  INFO [group-service,,] 28732 --- [group-service] [main] [                                                 ] o.s.c.openfeign.FeignClientFactoryBean   : For 'user-service' URL not provided. Will try picking an instance via load-balancing.
2026-06-04T11:42:52.232+07:00  INFO [group-service,,] 28732 --- [group-service] [main] [                                                 ] o.s.cloud.commons.util.InetUtils         : Cannot determine local hostname
2026-06-04T11:42:52.275+07:00  INFO [group-service,,] 28732 --- [group-service] [main] [                                                 ] DiscoveryClientOptionalArgsConfiguration : Eureka HTTP Client uses RestTemplate.
2026-06-04T11:42:52.382+07:00  WARN [group-service,,] 28732 --- [group-service] [main] [                                                 ] iguration$LoadBalancerCaffeineWarnLogger : Spring Cloud LoadBalancer is currently working with the default cache. While this cache implementation is useful for development and tests, it's recommended to use Caffeine cache in production.You can switch to using Caffeine cache, by adding it and org.springframework.cache.caffeine.CaffeineCacheManager to the classpath.
2026-06-04T11:42:52.427+07:00  INFO [group-service,,] 28732 --- [group-service] [main] [                                                 ] o.s.b.a.e.web.EndpointLinksResolver      : Exposing 4 endpoints beneath base path '/actuator'
2026-06-04T11:42:52.818+07:00  INFO [group-service,,] 28732 --- [group-service] [main] [                                                 ] o.s.c.n.eureka.InstanceInfoFactory       : Setting initial instance status as: STARTING
2026-06-04T11:42:52.899+07:00  INFO [group-service,,] 28732 --- [group-service] [main] [                                                 ] com.netflix.discovery.DiscoveryClient    : Initializing Eureka in region us-east-1
2026-06-04T11:42:52.915+07:00  INFO [group-service,,] 28732 --- [group-service] [main] [                                                 ] c.n.d.s.r.aws.ConfigClusterResolver      : Resolving eureka endpoints via configuration
2026-06-04T11:42:52.947+07:00  INFO [group-service,,] 28732 --- [group-service] [main] [                                                 ] com.netflix.discovery.DiscoveryClient    : Disable delta property : false
2026-06-04T11:42:52.948+07:00  INFO [group-service,,] 28732 --- [group-service] [main] [                                                 ] com.netflix.discovery.DiscoveryClient    : Single vip registry refresh property : null
2026-06-04T11:42:52.948+07:00  INFO [group-service,,] 28732 --- [group-service] [main] [                                                 ] com.netflix.discovery.DiscoveryClient    : Force full registry fetch : false
2026-06-04T11:42:52.950+07:00  INFO [group-service,,] 28732 --- [group-service] [main] [                                                 ] com.netflix.discovery.DiscoveryClient    : Application is null : false
2026-06-04T11:42:52.950+07:00  INFO [group-service,,] 28732 --- [group-service] [main] [                                                 ] com.netflix.discovery.DiscoveryClient    : Registered Applications size is zero : true
2026-06-04T11:42:52.951+07:00  INFO [group-service,,] 28732 --- [group-service] [main] [                                                 ] com.netflix.discovery.DiscoveryClient    : Application version is -1: true
2026-06-04T11:42:52.952+07:00  INFO [group-service,,] 28732 --- [group-service] [main] [                                                 ] com.netflix.discovery.DiscoveryClient    : Getting all instance registry info from the eureka server
2026-06-04T11:42:54.451+07:00  INFO [group-service,,] 28732 --- [group-service] [main] [                                                 ] com.netflix.discovery.DiscoveryClient    : The response status is 200
2026-06-04T11:42:54.460+07:00  INFO [group-service,,] 28732 --- [group-service] [main] [                                                 ] com.netflix.discovery.DiscoveryClient    : Starting heartbeat executor: renew interval is: 30
2026-06-04T11:42:54.471+07:00  INFO [group-service,,] 28732 --- [group-service] [main] [                                                 ] c.n.discovery.InstanceInfoReplicator     : InstanceInfoReplicator onDemand update allowed rate per min is 4
2026-06-04T11:42:54.480+07:00  INFO [group-service,,] 28732 --- [group-service] [main] [                                                 ] com.netflix.discovery.DiscoveryClient    : Discovery Client initialized at timestamp 1780548174476 with initial instances count: 1
2026-06-04T11:42:54.497+07:00  INFO [group-service,,] 28732 --- [group-service] [main] [                                                 ] o.s.c.n.e.s.EurekaServiceRegistry        : Registering application GROUP-SERVICE with eureka with status UP
2026-06-04T11:42:54.501+07:00  INFO [group-service,,] 28732 --- [group-service] [main] [                                                 ] com.netflix.discovery.DiscoveryClient    : Saw local status change event StatusChangeEvent [timestamp=1780548174501, current=UP, previous=STARTING]
2026-06-04T11:42:54.513+07:00  INFO [group-service,,] 28732 --- [group-service] [DiscoveryClient-InstanceInfoReplicator-%d] [                                                 ] com.netflix.discovery.DiscoveryClient    : DiscoveryClient_GROUP-SERVICE/localhost:group-service:8085: registering service...
2026-06-04T11:42:54.623+07:00  INFO [group-service,,] 28732 --- [group-service] [main] [                                                 ] o.s.b.w.embedded.tomcat.TomcatWebServer  : Tomcat started on port 8085 (http) with context path '/'
2026-06-04T11:42:54.627+07:00  INFO [group-service,,] 28732 --- [group-service] [main] [                                                 ] .s.c.n.e.s.EurekaAutoServiceRegistration : Updating port to 8085
2026-06-04T11:42:54.691+07:00  INFO [group-service,,] 28732 --- [group-service] [DiscoveryClient-InstanceInfoReplicator-%d] [                                                 ] com.netflix.discovery.DiscoveryClient    : DiscoveryClient_GROUP-SERVICE/localhost:group-service:8085 - registration status: 204
2026-06-04T11:42:55.784+07:00  INFO [group-service,,] 28732 --- [group-service] [http-nio-8085-exec-5] [                                                 ] o.a.c.c.C.[Tomcat].[localhost].[/]       : Initializing Spring DispatcherServlet 'dispatcherServlet'
2026-06-04T11:42:55.786+07:00  INFO [group-service,,] 28732 --- [group-service] [http-nio-8085-exec-5] [                                                 ] o.s.web.servlet.DispatcherServlet        : Initializing Servlet 'dispatcherServlet'
2026-06-04T11:42:55.797+07:00  INFO [group-service,,] 28732 --- [group-service] [http-nio-8085-exec-5] [                                                 ] o.s.web.servlet.DispatcherServlet        : Completed initialization in 9 ms
2026-06-04T11:42:57.319+07:00  INFO [group-service,,] 28732 --- [group-service] [main] [                                                 ] o.s.cloud.commons.util.InetUtils         : Cannot determine local hostname
2026-06-04T11:42:57.440+07:00  INFO [group-service,,] 28732 --- [group-service] [main] [                                                 ] c.n.S.GroupServiceApplication            : Started GroupServiceApplication in 44.739 seconds (process running for 47.621)
2026-06-04T11:42:58.307+07:00  INFO [group-service,,] 28732 --- [group-service] [RMI TCP Connection(4)-192.168.4.15] [                                                 ] o.s.a.r.c.CachingConnectionFactory       : Attempting to connect to: [localhost:5672]
2026-06-04T11:42:59.164+07:00  INFO [group-service,,] 28732 --- [group-service] [RMI TCP Connection(4)-192.168.4.15] [                                                 ] o.s.a.r.c.CachingConnectionFactory       : Created new connection: rabbitConnectionFactory#5e05874c:0/SimpleConnection@336c0380 [delegate=amqp://guest@127.0.0.1:5672/, localPort=57415]
2026-06-04T11:47:53.045+07:00  INFO [group-service,,] 28732 --- [group-service] [AsyncResolver-bootstrap-executor-%d] [                                                 ] c.n.d.s.r.aws.ConfigClusterResolver      : Resolving eureka endpoints via configuration
2026-06-04T11:48:39.242+07:00  WARN [group-service,,] 28732 --- [group-service] [HikariPool-1 housekeeper] [                                                 ] com.zaxxer.hikari.pool.HikariPool        : HikariPool-1 - Thread starvation or clock leap detected (housekeeper delta=50s479ms398µs).
2026-06-04T11:51:08.758+07:00  WARN [group-service,,] 28732 --- [group-service] [HikariPool-1 housekeeper] [                                                 ] com.zaxxer.hikari.pool.HikariPool        : HikariPool-1 - Thread starvation or clock leap detected (housekeeper delta=59s493ms858µs100ns).
2026-06-04T11:52:53.143+07:00  INFO [group-service,,] 28732 --- [group-service] [AsyncResolver-bootstrap-executor-%d] [                                                 ] c.n.d.s.r.aws.ConfigClusterResolver      : Resolving eureka endpoints via configuration
2026-06-04T11:57:53.271+07:00  INFO [group-service,,] 28732 --- [group-service] [AsyncResolver-bootstrap-executor-%d] [                                                 ] c.n.d.s.r.aws.ConfigClusterResolver      : Resolving eureka endpoints via configuration
2026-06-04T12:02:53.342+07:00  INFO [group-service,,] 28732 --- [group-service] [AsyncResolver-bootstrap-executor-%d] [                                                 ] c.n.d.s.r.aws.ConfigClusterResolver      : Resolving eureka endpoints via configuration
2026-06-04T12:07:53.364+07:00  INFO [group-service,,] 28732 --- [group-service] [AsyncResolver-bootstrap-executor-%d] [                                                 ] c.n.d.s.r.aws.ConfigClusterResolver      : Resolving eureka endpoints via configuration
2026-06-04T12:10:06.749+07:00  WARN [group-service,e54be6d1caf399e12e8aeaa2a2d50ac2,d719af24e5b10daf] 28732 --- [group-service] [http-nio-8085-exec-2] [e54be6d1caf399e12e8aeaa2a2d50ac2-d719af24e5b10daf] o.h.engine.jdbc.spi.SqlExceptionHelper   : SQL Warning Code: 0, SQLState: 01000
2026-06-04T12:10:06.751+07:00  WARN [group-service,e54be6d1caf399e12e8aeaa2a2d50ac2,d719af24e5b10daf] 28732 --- [group-service] [http-nio-8085-exec-2] [e54be6d1caf399e12e8aeaa2a2d50ac2-d719af24e5b10daf] o.h.engine.jdbc.spi.SqlExceptionHelper   : database "social_media_group" has a collation version mismatch
2026-06-04T12:11:14.166+07:00  WARN [group-service,343923ade78aa9ce1d5fbc5142b0188d,de6f8312e83a7c29] 28732 --- [group-service] [http-nio-8085-exec-4] [343923ade78aa9ce1d5fbc5142b0188d-de6f8312e83a7c29] o.h.engine.jdbc.spi.SqlExceptionHelper   : SQL Warning Code: 0, SQLState: 01000
2026-06-04T12:11:14.167+07:00  WARN [group-service,343923ade78aa9ce1d5fbc5142b0188d,de6f8312e83a7c29] 28732 --- [group-service] [http-nio-8085-exec-4] [343923ade78aa9ce1d5fbc5142b0188d-de6f8312e83a7c29] o.h.engine.jdbc.spi.SqlExceptionHelper   : database "social_media_group" has a collation version mismatch
2026-06-04T12:11:14.170+07:00  WARN [group-service,01c9acba44c013484d52730b85df70e7,c089f3ea60f6c8a4] 28732 --- [group-service] [http-nio-8085-exec-10] [01c9acba44c013484d52730b85df70e7-c089f3ea60f6c8a4] o.h.engine.jdbc.spi.SqlExceptionHelper   : SQL Warning Code: 0, SQLState: 01000
2026-06-04T12:11:14.170+07:00  WARN [group-service,01c9acba44c013484d52730b85df70e7,c089f3ea60f6c8a4] 28732 --- [group-service] [http-nio-8085-exec-10] [01c9acba44c013484d52730b85df70e7-c089f3ea60f6c8a4] o.h.engine.jdbc.spi.SqlExceptionHelper   : database "social_media_group" has a collation version mismatch
2026-06-04T12:11:14.195+07:00 ERROR [group-service,,] 28732 --- [group-service] [http-nio-8085-exec-6] [                                                 ] o.a.c.c.C.[.[.[/].[dispatcherServlet]    : Servlet.service() for servlet [dispatcherServlet] in context with path [] threw exception [Request processing failed: jakarta.persistence.EntityNotFoundException: Group member not found] with root cause

jakarta.persistence.EntityNotFoundException: Group member not found
	at com.nguyenthanhbang.Social_media.service.impl.GroupMemberServiceImpl.lambda$getMembershipStatus$13(GroupMemberServiceImpl.java:207) ~[classes/:na]
	at java.base/java.util.Optional.orElseThrow(Optional.java:403) ~[na:na]
	at com.nguyenthanhbang.Social_media.service.impl.GroupMemberServiceImpl.getMembershipStatus(GroupMemberServiceImpl.java:207) ~[classes/:na]
	at com.nguyenthanhbang.Social_media.controller.user.GroupMemberController.getStatus(GroupMemberController.java:96) ~[classes/:na]
	at java.base/jdk.internal.reflect.NativeMethodAccessorImpl.invoke0(Native Method) ~[na:na]
	at java.base/jdk.internal.reflect.NativeMethodAccessorImpl.invoke(NativeMethodAccessorImpl.java:77) ~[na:na]
	at java.base/jdk.internal.reflect.DelegatingMethodAccessorImpl.invoke(DelegatingMethodAccessorImpl.java:43) ~[na:na]
	at java.base/java.lang.reflect.Method.invoke(Method.java:568) ~[na:na]
	at org.springframework.web.method.support.InvocableHandlerMethod.doInvoke(InvocableHandlerMethod.java:255) ~[spring-web-6.1.21.jar:6.1.21]
	at org.springframework.web.method.support.InvocableHandlerMethod.invokeForRequest(InvocableHandlerMethod.java:188) ~[spring-web-6.1.21.jar:6.1.21]
	at org.springframework.web.servlet.mvc.method.annotation.ServletInvocableHandlerMethod.invokeAndHandle(ServletInvocableHandlerMethod.java:118) ~[spring-webmvc-6.1.21.jar:6.1.21]
	at org.springframework.web.servlet.mvc.method.annotation.RequestMappingHandlerAdapter.invokeHandlerMethod(RequestMappingHandlerAdapter.java:926) ~[spring-webmvc-6.1.21.jar:6.1.21]
	at org.springframework.web.servlet.mvc.method.annotation.RequestMappingHandlerAdapter.handleInternal(RequestMappingHandlerAdapter.java:831) ~[spring-webmvc-6.1.21.jar:6.1.21]
	at org.springframework.web.servlet.mvc.method.AbstractHandlerMethodAdapter.handle(AbstractHandlerMethodAdapter.java:87) ~[spring-webmvc-6.1.21.jar:6.1.21]
	at org.springframework.web.servlet.DispatcherServlet.doDispatch(DispatcherServlet.java:1089) ~[spring-webmvc-6.1.21.jar:6.1.21]
	at org.springframework.web.servlet.DispatcherServlet.doService(DispatcherServlet.java:979) ~[spring-webmvc-6.1.21.jar:6.1.21]
	at org.springframework.web.servlet.FrameworkServlet.processRequest(FrameworkServlet.java:1014) ~[spring-webmvc-6.1.21.jar:6.1.21]
	at org.springframework.web.servlet.FrameworkServlet.doGet(FrameworkServlet.java:903) ~[spring-webmvc-6.1.21.jar:6.1.21]
	at jakarta.servlet.http.HttpServlet.service(HttpServlet.java:564) ~[tomcat-embed-core-10.1.42.jar:6.0]
	at org.springframework.web.servlet.FrameworkServlet.service(FrameworkServlet.java:885) ~[spring-webmvc-6.1.21.jar:6.1.21]
	at jakarta.servlet.http.HttpServlet.service(HttpServlet.java:658) ~[tomcat-embed-core-10.1.42.jar:6.0]
	at org.apache.catalina.core.ApplicationFilterChain.internalDoFilter(ApplicationFilterChain.java:195) ~[tomcat-embed-core-10.1.42.jar:10.1.42]
	at org.apache.catalina.core.ApplicationFilterChain.doFilter(ApplicationFilterChain.java:140) ~[tomcat-embed-core-10.1.42.jar:10.1.42]
	at org.apache.tomcat.websocket.server.WsFilter.doFilter(WsFilter.java:51) ~[tomcat-embed-websocket-10.1.42.jar:10.1.42]
	at org.apache.catalina.core.ApplicationFilterChain.internalDoFilter(ApplicationFilterChain.java:164) ~[tomcat-embed-core-10.1.42.jar:10.1.42]
	at org.apache.catalina.core.ApplicationFilterChain.doFilter(ApplicationFilterChain.java:140) ~[tomcat-embed-core-10.1.42.jar:10.1.42]
	at org.springframework.web.filter.RequestContextFilter.doFilterInternal(RequestContextFilter.java:100) ~[spring-web-6.1.21.jar:6.1.21]
	at org.springframework.web.filter.OncePerRequestFilter.doFilter(OncePerRequestFilter.java:116) ~[spring-web-6.1.21.jar:6.1.21]
	at org.apache.catalina.core.ApplicationFilterChain.internalDoFilter(ApplicationFilterChain.java:164) ~[tomcat-embed-core-10.1.42.jar:10.1.42]
	at org.apache.catalina.core.ApplicationFilterChain.doFilter(ApplicationFilterChain.java:140) ~[tomcat-embed-core-10.1.42.jar:10.1.42]
	at org.springframework.web.filter.FormContentFilter.doFilterInternal(FormContentFilter.java:93) ~[spring-web-6.1.21.jar:6.1.21]
	at org.springframework.web.filter.OncePerRequestFilter.doFilter(OncePerRequestFilter.java:116) ~[spring-web-6.1.21.jar:6.1.21]
	at org.apache.catalina.core.ApplicationFilterChain.internalDoFilter(ApplicationFilterChain.java:164) ~[tomcat-embed-core-10.1.42.jar:10.1.42]
	at org.apache.catalina.core.ApplicationFilterChain.doFilter(ApplicationFilterChain.java:140) ~[tomcat-embed-core-10.1.42.jar:10.1.42]
	at org.springframework.web.filter.ServerHttpObservationFilter.doFilterInternal(ServerHttpObservationFilter.java:113) ~[spring-web-6.1.21.jar:6.1.21]
	at org.springframework.web.filter.OncePerRequestFilter.doFilter(OncePerRequestFilter.java:116) ~[spring-web-6.1.21.jar:6.1.21]
	at org.apache.catalina.core.ApplicationFilterChain.internalDoFilter(ApplicationFilterChain.java:164) ~[tomcat-embed-core-10.1.42.jar:10.1.42]
	at org.apache.catalina.core.ApplicationFilterChain.doFilter(ApplicationFilterChain.java:140) ~[tomcat-embed-core-10.1.42.jar:10.1.42]
	at org.springframework.web.filter.CharacterEncodingFilter.doFilterInternal(CharacterEncodingFilter.java:201) ~[spring-web-6.1.21.jar:6.1.21]
	at org.springframework.web.filter.OncePerRequestFilter.doFilter(OncePerRequestFilter.java:116) ~[spring-web-6.1.21.jar:6.1.21]
	at org.apache.catalina.core.ApplicationFilterChain.internalDoFilter(ApplicationFilterChain.java:164) ~[tomcat-embed-core-10.1.42.jar:10.1.42]
	at org.apache.catalina.core.ApplicationFilterChain.doFilter(ApplicationFilterChain.java:140) ~[tomcat-embed-core-10.1.42.jar:10.1.42]
	at org.apache.catalina.core.StandardWrapperValve.invoke(StandardWrapperValve.java:167) ~[tomcat-embed-core-10.1.42.jar:10.1.42]
	at org.apache.catalina.core.StandardContextValve.invoke(StandardContextValve.java:90) ~[tomcat-embed-core-10.1.42.jar:10.1.42]
	at org.apache.catalina.authenticator.AuthenticatorBase.invoke(AuthenticatorBase.java:483) ~[tomcat-embed-core-10.1.42.jar:10.1.42]
	at org.apache.catalina.core.StandardHostValve.invoke(StandardHostValve.java:116) ~[tomcat-embed-core-10.1.42.jar:10.1.42]
	at org.apache.catalina.valves.ErrorReportValve.invoke(ErrorReportValve.java:93) ~[tomcat-embed-core-10.1.42.jar:10.1.42]
	at org.apache.catalina.core.StandardEngineValve.invoke(StandardEngineValve.java:74) ~[tomcat-embed-core-10.1.42.jar:10.1.42]
	at org.apache.catalina.connector.CoyoteAdapter.service(CoyoteAdapter.java:344) ~[tomcat-embed-core-10.1.42.jar:10.1.42]
	at org.apache.coyote.http11.Http11Processor.service(Http11Processor.java:398) ~[tomcat-embed-core-10.1.42.jar:10.1.42]
	at org.apache.coyote.AbstractProcessorLight.process(AbstractProcessorLight.java:63) ~[tomcat-embed-core-10.1.42.jar:10.1.42]
	at org.apache.coyote.AbstractProtocol$ConnectionHandler.process(AbstractProtocol.java:903) ~[tomcat-embed-core-10.1.42.jar:10.1.42]
	at org.apache.tomcat.util.net.NioEndpoint$SocketProcessor.doRun(NioEndpoint.java:1769) ~[tomcat-embed-core-10.1.42.jar:10.1.42]
	at org.apache.tomcat.util.net.SocketProcessorBase.run(SocketProcessorBase.java:52) ~[tomcat-embed-core-10.1.42.jar:10.1.42]
	at org.apache.tomcat.util.threads.ThreadPoolExecutor.runWorker(ThreadPoolExecutor.java:1189) ~[tomcat-embed-core-10.1.42.jar:10.1.42]
	at org.apache.tomcat.util.threads.ThreadPoolExecutor$Worker.run(ThreadPoolExecutor.java:658) ~[tomcat-embed-core-10.1.42.jar:10.1.42]
	at org.apache.tomcat.util.threads.TaskThread$WrappingRunnable.run(TaskThread.java:63) ~[tomcat-embed-core-10.1.42.jar:10.1.42]
	at java.base/java.lang.Thread.run(Thread.java:842) ~[na:na]

2026-06-04T12:11:21.598+07:00 ERROR [group-service,,] 28732 --- [group-service] [http-nio-8085-exec-3] [                                                 ] o.a.c.c.C.[.[.[/].[dispatcherServlet]    : Servlet.service() for servlet [dispatcherServlet] in context with path [] threw exception [Request processing failed: feign.FeignException$Unauthorized: [401] during [GET] to [http://user-service/api/v1/internal/users/5] [UserClient#getUserById(Long)]: [Unauthorized]] with root cause

feign.FeignException$Unauthorized: [401] during [GET] to [http://user-service/api/v1/internal/users/5] [UserClient#getUserById(Long)]: [Unauthorized]
	at feign.FeignException.clientErrorStatus(FeignException.java:245) ~[feign-core-13.5.jar:na]
	at feign.FeignException.errorStatus(FeignException.java:223) ~[feign-core-13.5.jar:na]
	at feign.FeignException.errorStatus(FeignException.java:213) ~[feign-core-13.5.jar:na]
	at feign.codec.ErrorDecoder$Default.decode(ErrorDecoder.java:103) ~[feign-core-13.5.jar:na]
	at feign.InvocationContext.decodeError(InvocationContext.java:133) ~[feign-core-13.5.jar:na]
	at feign.InvocationContext.proceed(InvocationContext.java:80) ~[feign-core-13.5.jar:na]
	at feign.ResponseHandler.handleResponse(ResponseHandler.java:69) ~[feign-core-13.5.jar:na]
	at feign.SynchronousMethodHandler.executeAndDecode(SynchronousMethodHandler.java:109) ~[feign-core-13.5.jar:na]
	at feign.SynchronousMethodHandler.invoke(SynchronousMethodHandler.java:53) ~[feign-core-13.5.jar:na]
	at feign.ReflectiveFeign$FeignInvocationHandler.invoke(ReflectiveFeign.java:104) ~[feign-core-13.5.jar:na]
	at jdk.proxy2/jdk.proxy2.$Proxy177.getUserById(Unknown Source) ~[na:na]
	at com.nguyenthanhbang.Social_media.service.impl.GroupMemberServiceImpl.joinGroup(GroupMemberServiceImpl.java:38) ~[classes/:na]
	at com.nguyenthanhbang.Social_media.controller.user.GroupMemberController.joinGroup(GroupMemberController.java:26) ~[classes/:na]
	at java.base/jdk.internal.reflect.NativeMethodAccessorImpl.invoke0(Native Method) ~[na:na]
	at java.base/jdk.internal.reflect.NativeMethodAccessorImpl.invoke(NativeMethodAccessorImpl.java:77) ~[na:na]
	at java.base/jdk.internal.reflect.DelegatingMethodAccessorImpl.invoke(DelegatingMethodAccessorImpl.java:43) ~[na:na]
	at java.base/java.lang.reflect.Method.invoke(Method.java:568) ~[na:na]
	at org.springframework.web.method.support.InvocableHandlerMethod.doInvoke(InvocableHandlerMethod.java:255) ~[spring-web-6.1.21.jar:6.1.21]
	at org.springframework.web.method.support.InvocableHandlerMethod.invokeForRequest(InvocableHandlerMethod.java:188) ~[spring-web-6.1.21.jar:6.1.21]
	at org.springframework.web.servlet.mvc.method.annotation.ServletInvocableHandlerMethod.invokeAndHandle(ServletInvocableHandlerMethod.java:118) ~[spring-webmvc-6.1.21.jar:6.1.21]
	at org.springframework.web.servlet.mvc.method.annotation.RequestMappingHandlerAdapter.invokeHandlerMethod(RequestMappingHandlerAdapter.java:926) ~[spring-webmvc-6.1.21.jar:6.1.21]
	at org.springframework.web.servlet.mvc.method.annotation.RequestMappingHandlerAdapter.handleInternal(RequestMappingHandlerAdapter.java:831) ~[spring-webmvc-6.1.21.jar:6.1.21]
	at org.springframework.web.servlet.mvc.method.AbstractHandlerMethodAdapter.handle(AbstractHandlerMethodAdapter.java:87) ~[spring-webmvc-6.1.21.jar:6.1.21]
	at org.springframework.web.servlet.DispatcherServlet.doDispatch(DispatcherServlet.java:1089) ~[spring-webmvc-6.1.21.jar:6.1.21]
	at org.springframework.web.servlet.DispatcherServlet.doService(DispatcherServlet.java:979) ~[spring-webmvc-6.1.21.jar:6.1.21]
	at org.springframework.web.servlet.FrameworkServlet.processRequest(FrameworkServlet.java:1014) ~[spring-webmvc-6.1.21.jar:6.1.21]
	at org.springframework.web.servlet.FrameworkServlet.doPost(FrameworkServlet.java:914) ~[spring-webmvc-6.1.21.jar:6.1.21]
	at jakarta.servlet.http.HttpServlet.service(HttpServlet.java:590) ~[tomcat-embed-core-10.1.42.jar:6.0]
	at org.springframework.web.servlet.FrameworkServlet.service(FrameworkServlet.java:885) ~[spring-webmvc-6.1.21.jar:6.1.21]
	at jakarta.servlet.http.HttpServlet.service(HttpServlet.java:658) ~[tomcat-embed-core-10.1.42.jar:6.0]
	at org.apache.catalina.core.ApplicationFilterChain.internalDoFilter(ApplicationFilterChain.java:195) ~[tomcat-embed-core-10.1.42.jar:10.1.42]
	at org.apache.catalina.core.ApplicationFilterChain.doFilter(ApplicationFilterChain.java:140) ~[tomcat-embed-core-10.1.42.jar:10.1.42]
	at org.apache.tomcat.websocket.server.WsFilter.doFilter(WsFilter.java:51) ~[tomcat-embed-websocket-10.1.42.jar:10.1.42]
	at org.apache.catalina.core.ApplicationFilterChain.internalDoFilter(ApplicationFilterChain.java:164) ~[tomcat-embed-core-10.1.42.jar:10.1.42]
	at org.apache.catalina.core.ApplicationFilterChain.doFilter(ApplicationFilterChain.java:140) ~[tomcat-embed-core-10.1.42.jar:10.1.42]
	at org.springframework.web.filter.RequestContextFilter.doFilterInternal(RequestContextFilter.java:100) ~[spring-web-6.1.21.jar:6.1.21]
	at org.springframework.web.filter.OncePerRequestFilter.doFilter(OncePerRequestFilter.java:116) ~[spring-web-6.1.21.jar:6.1.21]
	at org.apache.catalina.core.ApplicationFilterChain.internalDoFilter(ApplicationFilterChain.java:164) ~[tomcat-embed-core-10.1.42.jar:10.1.42]
	at org.apache.catalina.core.ApplicationFilterChain.doFilter(ApplicationFilterChain.java:140) ~[tomcat-embed-core-10.1.42.jar:10.1.42]
	at org.springframework.web.filter.FormContentFilter.doFilterInternal(FormContentFilter.java:93) ~[spring-web-6.1.21.jar:6.1.21]
	at org.springframework.web.filter.OncePerRequestFilter.doFilter(OncePerRequestFilter.java:116) ~[spring-web-6.1.21.jar:6.1.21]
	at org.apache.catalina.core.ApplicationFilterChain.internalDoFilter(ApplicationFilterChain.java:164) ~[tomcat-embed-core-10.1.42.jar:10.1.42]
	at org.apache.catalina.core.ApplicationFilterChain.doFilter(ApplicationFilterChain.java:140) ~[tomcat-embed-core-10.1.42.jar:10.1.42]
	at org.springframework.web.filter.ServerHttpObservationFilter.doFilterInternal(ServerHttpObservationFilter.java:113) ~[spring-web-6.1.21.jar:6.1.21]
	at org.springframework.web.filter.OncePerRequestFilter.doFilter(OncePerRequestFilter.java:116) ~[spring-web-6.1.21.jar:6.1.21]
	at org.apache.catalina.core.ApplicationFilterChain.internalDoFilter(ApplicationFilterChain.java:164) ~[tomcat-embed-core-10.1.42.jar:10.1.42]
	at org.apache.catalina.core.ApplicationFilterChain.doFilter(ApplicationFilterChain.java:140) ~[tomcat-embed-core-10.1.42.jar:10.1.42]
	at org.springframework.web.filter.CharacterEncodingFilter.doFilterInternal(CharacterEncodingFilter.java:201) ~[spring-web-6.1.21.jar:6.1.21]
	at org.springframework.web.filter.OncePerRequestFilter.doFilter(OncePerRequestFilter.java:116) ~[spring-web-6.1.21.jar:6.1.21]
	at org.apache.catalina.core.ApplicationFilterChain.internalDoFilter(ApplicationFilterChain.java:164) ~[tomcat-embed-core-10.1.42.jar:10.1.42]
	at org.apache.catalina.core.ApplicationFilterChain.doFilter(ApplicationFilterChain.java:140) ~[tomcat-embed-core-10.1.42.jar:10.1.42]
	at org.apache.catalina.core.StandardWrapperValve.invoke(StandardWrapperValve.java:167) ~[tomcat-embed-core-10.1.42.jar:10.1.42]
	at org.apache.catalina.core.StandardContextValve.invoke(StandardContextValve.java:90) ~[tomcat-embed-core-10.1.42.jar:10.1.42]
	at org.apache.catalina.authenticator.AuthenticatorBase.invoke(AuthenticatorBase.java:483) ~[tomcat-embed-core-10.1.42.jar:10.1.42]
	at org.apache.catalina.core.StandardHostValve.invoke(StandardHostValve.java:116) ~[tomcat-embed-core-10.1.42.jar:10.1.42]
	at org.apache.catalina.valves.ErrorReportValve.invoke(ErrorReportValve.java:93) ~[tomcat-embed-core-10.1.42.jar:10.1.42]
	at org.apache.catalina.core.StandardEngineValve.invoke(StandardEngineValve.java:74) ~[tomcat-embed-core-10.1.42.jar:10.1.42]
	at org.apache.catalina.connector.CoyoteAdapter.service(CoyoteAdapter.java:344) ~[tomcat-embed-core-10.1.42.jar:10.1.42]
	at org.apache.coyote.http11.Http11Processor.service(Http11Processor.java:398) ~[tomcat-embed-core-10.1.42.jar:10.1.42]
	at org.apache.coyote.AbstractProcessorLight.process(AbstractProcessorLight.java:63) ~[tomcat-embed-core-10.1.42.jar:10.1.42]
	at org.apache.coyote.AbstractProtocol$ConnectionHandler.process(AbstractProtocol.java:903) ~[tomcat-embed-core-10.1.42.jar:10.1.42]
	at org.apache.tomcat.util.net.NioEndpoint$SocketProcessor.doRun(NioEndpoint.java:1769) ~[tomcat-embed-core-10.1.42.jar:10.1.42]
	at org.apache.tomcat.util.net.SocketProcessorBase.run(SocketProcessorBase.java:52) ~[tomcat-embed-core-10.1.42.jar:10.1.42]
	at org.apache.tomcat.util.threads.ThreadPoolExecutor.runWorker(ThreadPoolExecutor.java:1189) ~[tomcat-embed-core-10.1.42.jar:10.1.42]
	at org.apache.tomcat.util.threads.ThreadPoolExecutor$Worker.run(ThreadPoolExecutor.java:658) ~[tomcat-embed-core-10.1.42.jar:10.1.42]
	at org.apache.tomcat.util.threads.TaskThread$WrappingRunnable.run(TaskThread.java:63) ~[tomcat-embed-core-10.1.42.jar:10.1.42]
	at java.base/java.lang.Thread.run(Thread.java:842) ~[na:na]

2026-06-04T12:12:53.366+07:00  INFO [group-service,,] 28732 --- [group-service] [AsyncResolver-bootstrap-executor-%d] [                                                 ] c.n.d.s.r.aws.ConfigClusterResolver      : Resolving eureka endpoints via configuration
2026-06-04T12:17:53.380+07:00  INFO [group-service,,] 28732 --- [group-service] [AsyncResolver-bootstrap-executor-%d] [                                                 ] c.n.d.s.r.aws.ConfigClusterResolver      : Resolving eureka endpoints via configuration
2026-06-04T12:22:53.385+07:00  INFO [group-service,,] 28732 --- [group-service] [AsyncResolver-bootstrap-executor-%d] [                                                 ] c.n.d.s.r.aws.ConfigClusterResolver      : Resolving eureka endpoints via configuration
2026-06-04T12:27:53.395+07:00  INFO [group-service,,] 28732 --- [group-service] [AsyncResolver-bootstrap-executor-%d] [                                                 ] c.n.d.s.r.aws.ConfigClusterResolver      : Resolving eureka endpoints via configuration
2026-06-04T12:32:53.408+07:00  INFO [group-service,,] 28732 --- [group-service] [AsyncResolver-bootstrap-executor-%d] [                                                 ] c.n.d.s.r.aws.ConfigClusterResolver      : Resolving eureka endpoints via configuration
2026-06-04T12:37:53.425+07:00  INFO [group-service,,] 28732 --- [group-service] [AsyncResolver-bootstrap-executor-%d] [                                                 ] c.n.d.s.r.aws.ConfigClusterResolver      : Resolving eureka endpoints via configuration
2026-06-04T12:42:32.882+07:00  WARN [group-service,,] 28732 --- [group-service] [HikariPool-1 housekeeper] [                                                 ] com.zaxxer.hikari.pool.HikariPool        : HikariPool-1 - Thread starvation or clock leap detected (housekeeper delta=45s132ms500µs100ns).
2026-06-04T12:42:53.645+07:00  INFO [group-service,,] 28732 --- [group-service] [AsyncResolver-bootstrap-executor-%d] [                                                 ] c.n.d.s.r.aws.ConfigClusterResolver      : Resolving eureka endpoints via configuration
2026-06-04T12:47:28.928+07:00 ERROR [group-service,,] 28732 --- [group-service] [OkHttp http://localhost:4319/...] [                                                 ] i.o.exporter.internal.http.HttpExporter  : Failed to export spans. The request could not be executed. Full error message: timeout

java.io.InterruptedIOException: timeout
	at okhttp3.internal.connection.RealCall.timeoutExit(RealCall.kt:398) ~[okhttp-4.12.0.jar:na]
	at okhttp3.internal.connection.RealCall.callDone(RealCall.kt:360) ~[okhttp-4.12.0.jar:na]
	at okhttp3.internal.connection.RealCall.noMoreExchanges$okhttp(RealCall.kt:325) ~[okhttp-4.12.0.jar:na]
	at okhttp3.internal.connection.RealCall.getResponseWithInterceptorChain$okhttp(RealCall.kt:209) ~[okhttp-4.12.0.jar:na]
	at okhttp3.internal.connection.RealCall$AsyncCall.run(RealCall.kt:517) ~[okhttp-4.12.0.jar:na]
	at java.base/java.util.concurrent.ThreadPoolExecutor.runWorker(ThreadPoolExecutor.java:1136) ~[na:na]
	at java.base/java.util.concurrent.ThreadPoolExecutor$Worker.run(ThreadPoolExecutor.java:635) ~[na:na]
	at java.base/java.lang.Thread.run(Thread.java:842) ~[na:na]
Caused by: java.net.SocketTimeoutException: Read timed out
	at java.base/sun.nio.ch.NioSocketImpl.timedRead(NioSocketImpl.java:288) ~[na:na]
	at java.base/sun.nio.ch.NioSocketImpl.implRead(NioSocketImpl.java:314) ~[na:na]
	at java.base/sun.nio.ch.NioSocketImpl.read(NioSocketImpl.java:355) ~[na:na]
	at java.base/sun.nio.ch.NioSocketImpl$1.read(NioSocketImpl.java:808) ~[na:na]
	at java.base/java.net.Socket$SocketInputStream.read(Socket.java:966) ~[na:na]
	at okio.InputStreamSource.read(JvmOkio.kt:93) ~[okio-jvm-3.6.0.jar:na]
	at okio.AsyncTimeout$source$1.read(AsyncTimeout.kt:128) ~[okio-jvm-3.6.0.jar:na]
	at okio.RealBufferedSource.indexOf(RealBufferedSource.kt:430) ~[okio-jvm-3.6.0.jar:na]
	at okio.RealBufferedSource.readUtf8LineStrict(RealBufferedSource.kt:323) ~[okio-jvm-3.6.0.jar:na]
	at okhttp3.internal.http1.HeadersReader.readLine(HeadersReader.kt:29) ~[okhttp-4.12.0.jar:na]
	at okhttp3.internal.http1.Http1ExchangeCodec.readResponseHeaders(Http1ExchangeCodec.kt:180) ~[okhttp-4.12.0.jar:na]
	at okhttp3.internal.connection.Exchange.readResponseHeaders(Exchange.kt:110) ~[okhttp-4.12.0.jar:na]
	at okhttp3.internal.http.CallServerInterceptor.intercept(CallServerInterceptor.kt:93) ~[okhttp-4.12.0.jar:na]
	at okhttp3.internal.http.RealInterceptorChain.proceed(RealInterceptorChain.kt:109) ~[okhttp-4.12.0.jar:na]
	at okhttp3.internal.connection.ConnectInterceptor.intercept(ConnectInterceptor.kt:34) ~[okhttp-4.12.0.jar:na]
	at okhttp3.internal.http.RealInterceptorChain.proceed(RealInterceptorChain.kt:109) ~[okhttp-4.12.0.jar:na]
	at okhttp3.internal.cache.CacheInterceptor.intercept(CacheInterceptor.kt:95) ~[okhttp-4.12.0.jar:na]
	at okhttp3.internal.http.RealInterceptorChain.proceed(RealInterceptorChain.kt:109) ~[okhttp-4.12.0.jar:na]
	at okhttp3.internal.http.BridgeInterceptor.intercept(BridgeInterceptor.kt:83) ~[okhttp-4.12.0.jar:na]
	at okhttp3.internal.http.RealInterceptorChain.proceed(RealInterceptorChain.kt:109) ~[okhttp-4.12.0.jar:na]
	at okhttp3.internal.http.RetryAndFollowUpInterceptor.intercept(RetryAndFollowUpInterceptor.kt:76) ~[okhttp-4.12.0.jar:na]
	at okhttp3.internal.http.RealInterceptorChain.proceed(RealInterceptorChain.kt:109) ~[okhttp-4.12.0.jar:na]
	at okhttp3.internal.connection.RealCall.getResponseWithInterceptorChain$okhttp(RealCall.kt:201) ~[okhttp-4.12.0.jar:na]
	... 4 common frames omitted

2026-06-04T12:47:53.698+07:00  INFO [group-service,,] 28732 --- [group-service] [AsyncResolver-bootstrap-executor-%d] [                                                 ] c.n.d.s.r.aws.ConfigClusterResolver      : Resolving eureka endpoints via configuration
2026-06-04T12:47:54.538+07:00 ERROR [group-service,,] 28732 --- [group-service] [OkHttp http://localhost:4319/...] [                                                 ] i.o.exporter.internal.http.HttpExporter  : Failed to export spans. The request could not be executed. Full error message: timeout

java.io.InterruptedIOException: timeout
	at okhttp3.internal.connection.RealCall.timeoutExit(RealCall.kt:398) ~[okhttp-4.12.0.jar:na]
	at okhttp3.internal.connection.RealCall.callDone(RealCall.kt:360) ~[okhttp-4.12.0.jar:na]
	at okhttp3.internal.connection.RealCall.noMoreExchanges$okhttp(RealCall.kt:325) ~[okhttp-4.12.0.jar:na]
	at okhttp3.internal.connection.RealCall.getResponseWithInterceptorChain$okhttp(RealCall.kt:209) ~[okhttp-4.12.0.jar:na]
	at okhttp3.internal.connection.RealCall$AsyncCall.run(RealCall.kt:517) ~[okhttp-4.12.0.jar:na]
	at java.base/java.util.concurrent.ThreadPoolExecutor.runWorker(ThreadPoolExecutor.java:1136) ~[na:na]
	at java.base/java.util.concurrent.ThreadPoolExecutor$Worker.run(ThreadPoolExecutor.java:635) ~[na:na]
	at java.base/java.lang.Thread.run(Thread.java:842) ~[na:na]
Caused by: java.io.IOException: Canceled
	at okhttp3.internal.http.RetryAndFollowUpInterceptor.intercept(RetryAndFollowUpInterceptor.kt:72) ~[okhttp-4.12.0.jar:na]
	at okhttp3.internal.http.RealInterceptorChain.proceed(RealInterceptorChain.kt:109) ~[okhttp-4.12.0.jar:na]
	at okhttp3.internal.connection.RealCall.getResponseWithInterceptorChain$okhttp(RealCall.kt:201) ~[okhttp-4.12.0.jar:na]
	... 4 common frames omitted

2026-06-04T12:48:09.692+07:00 ERROR [group-service,,] 28732 --- [group-service] [OkHttp http://localhost:4319/...] [                                                 ] i.o.exporter.internal.http.HttpExporter  : Failed to export spans. The request could not be executed. Full error message: timeout

java.io.InterruptedIOException: timeout
	at okhttp3.internal.connection.RealCall.timeoutExit(RealCall.kt:398) ~[okhttp-4.12.0.jar:na]
	at okhttp3.internal.connection.RealCall.callDone(RealCall.kt:360) ~[okhttp-4.12.0.jar:na]
	at okhttp3.internal.connection.RealCall.noMoreExchanges$okhttp(RealCall.kt:325) ~[okhttp-4.12.0.jar:na]
	at okhttp3.internal.connection.RealCall.getResponseWithInterceptorChain$okhttp(RealCall.kt:209) ~[okhttp-4.12.0.jar:na]
	at okhttp3.internal.connection.RealCall$AsyncCall.run(RealCall.kt:517) ~[okhttp-4.12.0.jar:na]
	at java.base/java.util.concurrent.ThreadPoolExecutor.runWorker(ThreadPoolExecutor.java:1136) ~[na:na]
	at java.base/java.util.concurrent.ThreadPoolExecutor$Worker.run(ThreadPoolExecutor.java:635) ~[na:na]
	at java.base/java.lang.Thread.run(Thread.java:842) ~[na:na]
Caused by: java.io.IOException: Canceled
	at okhttp3.internal.http.RetryAndFollowUpInterceptor.intercept(RetryAndFollowUpInterceptor.kt:72) ~[okhttp-4.12.0.jar:na]
	at okhttp3.internal.http.RealInterceptorChain.proceed(RealInterceptorChain.kt:109) ~[okhttp-4.12.0.jar:na]
	at okhttp3.internal.connection.RealCall.getResponseWithInterceptorChain$okhttp(RealCall.kt:201) ~[okhttp-4.12.0.jar:na]
	... 4 common frames omitted

2026-06-04T12:48:24.849+07:00 ERROR [group-service,,] 28732 --- [group-service] [OkHttp http://localhost:4319/...] [                                                 ] i.o.exporter.internal.http.HttpExporter  : Failed to export spans. The request could not be executed. Full error message: timeout

java.io.InterruptedIOException: timeout
	at okhttp3.internal.connection.RealCall.timeoutExit(RealCall.kt:398) ~[okhttp-4.12.0.jar:na]
	at okhttp3.internal.connection.RealCall.callDone(RealCall.kt:360) ~[okhttp-4.12.0.jar:na]
	at okhttp3.internal.connection.RealCall.noMoreExchanges$okhttp(RealCall.kt:325) ~[okhttp-4.12.0.jar:na]
	at okhttp3.internal.connection.RealCall.getResponseWithInterceptorChain$okhttp(RealCall.kt:209) ~[okhttp-4.12.0.jar:na]
	at okhttp3.internal.connection.RealCall$AsyncCall.run(RealCall.kt:517) ~[okhttp-4.12.0.jar:na]
	at java.base/java.util.concurrent.ThreadPoolExecutor.runWorker(ThreadPoolExecutor.java:1136) ~[na:na]
	at java.base/java.util.concurrent.ThreadPoolExecutor$Worker.run(ThreadPoolExecutor.java:635) ~[na:na]
	at java.base/java.lang.Thread.run(Thread.java:842) ~[na:na]
Caused by: java.io.IOException: Canceled
	at okhttp3.internal.http.RetryAndFollowUpInterceptor.intercept(RetryAndFollowUpInterceptor.kt:72) ~[okhttp-4.12.0.jar:na]
	at okhttp3.internal.http.RealInterceptorChain.proceed(RealInterceptorChain.kt:109) ~[okhttp-4.12.0.jar:na]
	at okhttp3.internal.connection.RealCall.getResponseWithInterceptorChain$okhttp(RealCall.kt:201) ~[okhttp-4.12.0.jar:na]
	... 4 common frames omitted

2026-06-04T12:48:39.986+07:00 ERROR [group-service,,] 28732 --- [group-service] [OkHttp http://localhost:4319/...] [                                                 ] i.o.exporter.internal.http.HttpExporter  : Failed to export spans. The request could not be executed. Full error message: timeout

java.io.InterruptedIOException: timeout
	at okhttp3.internal.connection.RealCall.timeoutExit(RealCall.kt:398) ~[okhttp-4.12.0.jar:na]
	at okhttp3.internal.connection.RealCall.callDone(RealCall.kt:360) ~[okhttp-4.12.0.jar:na]
	at okhttp3.internal.connection.RealCall.noMoreExchanges$okhttp(RealCall.kt:325) ~[okhttp-4.12.0.jar:na]
	at okhttp3.internal.connection.RealCall.getResponseWithInterceptorChain$okhttp(RealCall.kt:209) ~[okhttp-4.12.0.jar:na]
	at okhttp3.internal.connection.RealCall$AsyncCall.run(RealCall.kt:517) ~[okhttp-4.12.0.jar:na]
	at java.base/java.util.concurrent.ThreadPoolExecutor.runWorker(ThreadPoolExecutor.java:1136) ~[na:na]
	at java.base/java.util.concurrent.ThreadPoolExecutor$Worker.run(ThreadPoolExecutor.java:635) ~[na:na]
	at java.base/java.lang.Thread.run(Thread.java:842) ~[na:na]
Caused by: java.io.IOException: Canceled
	at okhttp3.internal.http.RetryAndFollowUpInterceptor.intercept(RetryAndFollowUpInterceptor.kt:72) ~[okhttp-4.12.0.jar:na]
	at okhttp3.internal.http.RealInterceptorChain.proceed(RealInterceptorChain.kt:109) ~[okhttp-4.12.0.jar:na]
	at okhttp3.internal.connection.RealCall.getResponseWithInterceptorChain$okhttp(RealCall.kt:201) ~[okhttp-4.12.0.jar:na]
	... 4 common frames omitted

2026-06-04T12:48:55.099+07:00 ERROR [group-service,,] 28732 --- [group-service] [OkHttp http://localhost:4319/...] [                                                 ] i.o.exporter.internal.http.HttpExporter  : Failed to export spans. The request could not be executed. Full error message: timeout

java.io.InterruptedIOException: timeout
	at okhttp3.internal.connection.RealCall.timeoutExit(RealCall.kt:398) ~[okhttp-4.12.0.jar:na]
	at okhttp3.internal.connection.RealCall.callDone(RealCall.kt:360) ~[okhttp-4.12.0.jar:na]
	at okhttp3.internal.connection.RealCall.noMoreExchanges$okhttp(RealCall.kt:325) ~[okhttp-4.12.0.jar:na]
	at okhttp3.internal.connection.RealCall.getResponseWithInterceptorChain$okhttp(RealCall.kt:209) ~[okhttp-4.12.0.jar:na]
	at okhttp3.internal.connection.RealCall$AsyncCall.run(RealCall.kt:517) ~[okhttp-4.12.0.jar:na]
	at java.base/java.util.concurrent.ThreadPoolExecutor.runWorker(ThreadPoolExecutor.java:1136) ~[na:na]
	at java.base/java.util.concurrent.ThreadPoolExecutor$Worker.run(ThreadPoolExecutor.java:635) ~[na:na]
	at java.base/java.lang.Thread.run(Thread.java:842) ~[na:na]
Caused by: java.io.IOException: Canceled
	at okhttp3.internal.http.RetryAndFollowUpInterceptor.intercept(RetryAndFollowUpInterceptor.kt:72) ~[okhttp-4.12.0.jar:na]
	at okhttp3.internal.http.RealInterceptorChain.proceed(RealInterceptorChain.kt:109) ~[okhttp-4.12.0.jar:na]
	at okhttp3.internal.connection.RealCall.getResponseWithInterceptorChain$okhttp(RealCall.kt:201) ~[okhttp-4.12.0.jar:na]
	... 4 common frames omitted

2026-06-04T12:49:10.262+07:00 ERROR [group-service,,] 28732 --- [group-service] [OkHttp http://localhost:4319/...] [                                                 ] i.o.exporter.internal.http.HttpExporter  : Failed to export spans. The request could not be executed. Full error message: timeout

java.io.InterruptedIOException: timeout
	at okhttp3.internal.connection.RealCall.timeoutExit(RealCall.kt:398) ~[okhttp-4.12.0.jar:na]
	at okhttp3.internal.connection.RealCall.callDone(RealCall.kt:360) ~[okhttp-4.12.0.jar:na]
	at okhttp3.internal.connection.RealCall.noMoreExchanges$okhttp(RealCall.kt:325) ~[okhttp-4.12.0.jar:na]
	at okhttp3.internal.connection.RealCall.getResponseWithInterceptorChain$okhttp(RealCall.kt:209) ~[okhttp-4.12.0.jar:na]
	at okhttp3.internal.connection.RealCall$AsyncCall.run(RealCall.kt:517) ~[okhttp-4.12.0.jar:na]
	at java.base/java.util.concurrent.ThreadPoolExecutor.runWorker(ThreadPoolExecutor.java:1136) ~[na:na]
	at java.base/java.util.concurrent.ThreadPoolExecutor$Worker.run(ThreadPoolExecutor.java:635) ~[na:na]
	at java.base/java.lang.Thread.run(Thread.java:842) ~[na:na]
Caused by: java.io.IOException: Canceled
	at okhttp3.internal.http.RetryAndFollowUpInterceptor.intercept(RetryAndFollowUpInterceptor.kt:72) ~[okhttp-4.12.0.jar:na]
	at okhttp3.internal.http.RealInterceptorChain.proceed(RealInterceptorChain.kt:109) ~[okhttp-4.12.0.jar:na]
	at okhttp3.internal.connection.RealCall.getResponseWithInterceptorChain$okhttp(RealCall.kt:201) ~[okhttp-4.12.0.jar:na]
	... 4 common frames omitted

2026-06-04T12:49:30.549+07:00 ERROR [group-service,,] 28732 --- [group-service] [OkHttp http://localhost:4319/...] [                                                 ] i.o.exporter.internal.http.HttpExporter  : Failed to export spans. The request could not be executed. Full error message: timeout

java.io.InterruptedIOException: timeout
	at okhttp3.internal.connection.RealCall.timeoutExit(RealCall.kt:398) ~[okhttp-4.12.0.jar:na]
	at okhttp3.internal.connection.RealCall.callDone(RealCall.kt:360) ~[okhttp-4.12.0.jar:na]
	at okhttp3.internal.connection.RealCall.noMoreExchanges$okhttp(RealCall.kt:325) ~[okhttp-4.12.0.jar:na]
	at okhttp3.internal.connection.RealCall.getResponseWithInterceptorChain$okhttp(RealCall.kt:209) ~[okhttp-4.12.0.jar:na]
	at okhttp3.internal.connection.RealCall$AsyncCall.run(RealCall.kt:517) ~[okhttp-4.12.0.jar:na]
	at java.base/java.util.concurrent.ThreadPoolExecutor.runWorker(ThreadPoolExecutor.java:1136) ~[na:na]
	at java.base/java.util.concurrent.ThreadPoolExecutor$Worker.run(ThreadPoolExecutor.java:635) ~[na:na]
	at java.base/java.lang.Thread.run(Thread.java:842) ~[na:na]
Caused by: java.io.IOException: Canceled
	at okhttp3.internal.http.RetryAndFollowUpInterceptor.intercept(RetryAndFollowUpInterceptor.kt:72) ~[okhttp-4.12.0.jar:na]
	at okhttp3.internal.http.RealInterceptorChain.proceed(RealInterceptorChain.kt:109) ~[okhttp-4.12.0.jar:na]
	at okhttp3.internal.connection.RealCall.getResponseWithInterceptorChain$okhttp(RealCall.kt:201) ~[okhttp-4.12.0.jar:na]
	... 4 common frames omitted

2026-06-04T12:50:00.730+07:00 ERROR [group-service,,] 28732 --- [group-service] [OkHttp http://localhost:4319/...] [                                                 ] i.o.exporter.internal.http.HttpExporter  : Failed to export spans. The request could not be executed. Full error message: Read timed out

java.net.SocketTimeoutException: Read timed out
	at java.base/sun.nio.ch.NioSocketImpl.timedRead(NioSocketImpl.java:288) ~[na:na]
	at java.base/sun.nio.ch.NioSocketImpl.implRead(NioSocketImpl.java:314) ~[na:na]
	at java.base/sun.nio.ch.NioSocketImpl.read(NioSocketImpl.java:355) ~[na:na]
	at java.base/sun.nio.ch.NioSocketImpl$1.read(NioSocketImpl.java:808) ~[na:na]
	at java.base/java.net.Socket$SocketInputStream.read(Socket.java:966) ~[na:na]
	at okio.InputStreamSource.read(JvmOkio.kt:93) ~[okio-jvm-3.6.0.jar:na]
	at okio.AsyncTimeout$source$1.read(AsyncTimeout.kt:128) ~[okio-jvm-3.6.0.jar:na]
	at okio.RealBufferedSource.indexOf(RealBufferedSource.kt:430) ~[okio-jvm-3.6.0.jar:na]
	at okio.RealBufferedSource.readUtf8LineStrict(RealBufferedSource.kt:323) ~[okio-jvm-3.6.0.jar:na]
	at okhttp3.internal.http1.HeadersReader.readLine(HeadersReader.kt:29) ~[okhttp-4.12.0.jar:na]
	at okhttp3.internal.http1.Http1ExchangeCodec.readResponseHeaders(Http1ExchangeCodec.kt:180) ~[okhttp-4.12.0.jar:na]
	at okhttp3.internal.connection.Exchange.readResponseHeaders(Exchange.kt:110) ~[okhttp-4.12.0.jar:na]
	at okhttp3.internal.http.CallServerInterceptor.intercept(CallServerInterceptor.kt:93) ~[okhttp-4.12.0.jar:na]
	at okhttp3.internal.http.RealInterceptorChain.proceed(RealInterceptorChain.kt:109) ~[okhttp-4.12.0.jar:na]
	at okhttp3.internal.connection.ConnectInterceptor.intercept(ConnectInterceptor.kt:34) ~[okhttp-4.12.0.jar:na]
	at okhttp3.internal.http.RealInterceptorChain.proceed(RealInterceptorChain.kt:109) ~[okhttp-4.12.0.jar:na]
	at okhttp3.internal.cache.CacheInterceptor.intercept(CacheInterceptor.kt:95) ~[okhttp-4.12.0.jar:na]
	at okhttp3.internal.http.RealInterceptorChain.proceed(RealInterceptorChain.kt:109) ~[okhttp-4.12.0.jar:na]
	at okhttp3.internal.http.BridgeInterceptor.intercept(BridgeInterceptor.kt:83) ~[okhttp-4.12.0.jar:na]
	at okhttp3.internal.http.RealInterceptorChain.proceed(RealInterceptorChain.kt:109) ~[okhttp-4.12.0.jar:na]
	at okhttp3.internal.http.RetryAndFollowUpInterceptor.intercept(RetryAndFollowUpInterceptor.kt:76) ~[okhttp-4.12.0.jar:na]
	at okhttp3.internal.http.RealInterceptorChain.proceed(RealInterceptorChain.kt:109) ~[okhttp-4.12.0.jar:na]
	at okhttp3.internal.connection.RealCall.getResponseWithInterceptorChain$okhttp(RealCall.kt:201) ~[okhttp-4.12.0.jar:na]
	at okhttp3.internal.connection.RealCall$AsyncCall.run(RealCall.kt:517) ~[okhttp-4.12.0.jar:na]
	at java.base/java.util.concurrent.ThreadPoolExecutor.runWorker(ThreadPoolExecutor.java:1136) ~[na:na]
	at java.base/java.util.concurrent.ThreadPoolExecutor$Worker.run(ThreadPoolExecutor.java:635) ~[na:na]
	at java.base/java.lang.Thread.run(Thread.java:842) ~[na:na]

2026-06-04T12:50:31.220+07:00 ERROR [group-service,,] 28732 --- [group-service] [OkHttp http://localhost:4319/...] [                                                 ] i.o.exporter.internal.http.HttpExporter  : Failed to export spans. The request could not be executed. Full error message: Read timed out

java.net.SocketTimeoutException: Read timed out
	at java.base/sun.nio.ch.NioSocketImpl.timedRead(NioSocketImpl.java:288) ~[na:na]
	at java.base/sun.nio.ch.NioSocketImpl.implRead(NioSocketImpl.java:314) ~[na:na]
	at java.base/sun.nio.ch.NioSocketImpl.read(NioSocketImpl.java:355) ~[na:na]
	at java.base/sun.nio.ch.NioSocketImpl$1.read(NioSocketImpl.java:808) ~[na:na]
	at java.base/java.net.Socket$SocketInputStream.read(Socket.java:966) ~[na:na]
	at okio.InputStreamSource.read(JvmOkio.kt:93) ~[okio-jvm-3.6.0.jar:na]
	at okio.AsyncTimeout$source$1.read(AsyncTimeout.kt:128) ~[okio-jvm-3.6.0.jar:na]
	at okio.RealBufferedSource.indexOf(RealBufferedSource.kt:430) ~[okio-jvm-3.6.0.jar:na]
	at okio.RealBufferedSource.readUtf8LineStrict(RealBufferedSource.kt:323) ~[okio-jvm-3.6.0.jar:na]
	at okhttp3.internal.http1.HeadersReader.readLine(HeadersReader.kt:29) ~[okhttp-4.12.0.jar:na]
	at okhttp3.internal.http1.Http1ExchangeCodec.readResponseHeaders(Http1ExchangeCodec.kt:180) ~[okhttp-4.12.0.jar:na]
	at okhttp3.internal.connection.Exchange.readResponseHeaders(Exchange.kt:110) ~[okhttp-4.12.0.jar:na]
	at okhttp3.internal.http.CallServerInterceptor.intercept(CallServerInterceptor.kt:93) ~[okhttp-4.12.0.jar:na]
	at okhttp3.internal.http.RealInterceptorChain.proceed(RealInterceptorChain.kt:109) ~[okhttp-4.12.0.jar:na]
	at okhttp3.internal.connection.ConnectInterceptor.intercept(ConnectInterceptor.kt:34) ~[okhttp-4.12.0.jar:na]
	at okhttp3.internal.http.RealInterceptorChain.proceed(RealInterceptorChain.kt:109) ~[okhttp-4.12.0.jar:na]
	at okhttp3.internal.cache.CacheInterceptor.intercept(CacheInterceptor.kt:95) ~[okhttp-4.12.0.jar:na]
	at okhttp3.internal.http.RealInterceptorChain.proceed(RealInterceptorChain.kt:109) ~[okhttp-4.12.0.jar:na]
	at okhttp3.internal.http.BridgeInterceptor.intercept(BridgeInterceptor.kt:83) ~[okhttp-4.12.0.jar:na]
	at okhttp3.internal.http.RealInterceptorChain.proceed(RealInterceptorChain.kt:109) ~[okhttp-4.12.0.jar:na]
	at okhttp3.internal.http.RetryAndFollowUpInterceptor.intercept(RetryAndFollowUpInterceptor.kt:76) ~[okhttp-4.12.0.jar:na]
	at okhttp3.internal.http.RealInterceptorChain.proceed(RealInterceptorChain.kt:109) ~[okhttp-4.12.0.jar:na]
	at okhttp3.internal.connection.RealCall.getResponseWithInterceptorChain$okhttp(RealCall.kt:201) ~[okhttp-4.12.0.jar:na]
	at okhttp3.internal.connection.RealCall$AsyncCall.run(RealCall.kt:517) ~[okhttp-4.12.0.jar:na]
	at java.base/java.util.concurrent.ThreadPoolExecutor.runWorker(ThreadPoolExecutor.java:1136) ~[na:na]
	at java.base/java.util.concurrent.ThreadPoolExecutor$Worker.run(ThreadPoolExecutor.java:635) ~[na:na]
	at java.base/java.lang.Thread.run(Thread.java:842) ~[na:na]

2026-06-04T12:51:01.588+07:00 ERROR [group-service,,] 28732 --- [group-service] [OkHttp http://localhost:4319/...] [                                                 ] i.o.exporter.internal.http.HttpExporter  : Failed to export spans. The request could not be executed. Full error message: timeout

java.io.InterruptedIOException: timeout
	at okhttp3.internal.connection.RealCall.timeoutExit(RealCall.kt:398) ~[okhttp-4.12.0.jar:na]
	at okhttp3.internal.connection.RealCall.callDone(RealCall.kt:360) ~[okhttp-4.12.0.jar:na]
	at okhttp3.internal.connection.RealCall.noMoreExchanges$okhttp(RealCall.kt:325) ~[okhttp-4.12.0.jar:na]
	at okhttp3.internal.connection.RealCall.getResponseWithInterceptorChain$okhttp(RealCall.kt:209) ~[okhttp-4.12.0.jar:na]
	at okhttp3.internal.connection.RealCall$AsyncCall.run(RealCall.kt:517) ~[okhttp-4.12.0.jar:na]
	at java.base/java.util.concurrent.ThreadPoolExecutor.runWorker(ThreadPoolExecutor.java:1136) ~[na:na]
	at java.base/java.util.concurrent.ThreadPoolExecutor$Worker.run(ThreadPoolExecutor.java:635) ~[na:na]
	at java.base/java.lang.Thread.run(Thread.java:842) ~[na:na]
Caused by: java.io.IOException: Canceled
	at okhttp3.internal.http.RetryAndFollowUpInterceptor.intercept(RetryAndFollowUpInterceptor.kt:72) ~[okhttp-4.12.0.jar:na]
	at okhttp3.internal.http.RealInterceptorChain.proceed(RealInterceptorChain.kt:109) ~[okhttp-4.12.0.jar:na]
	at okhttp3.internal.connection.RealCall.getResponseWithInterceptorChain$okhttp(RealCall.kt:201) ~[okhttp-4.12.0.jar:na]
	... 4 common frames omitted

2026-06-04T12:51:26.686+07:00 ERROR [group-service,,] 28732 --- [group-service] [OkHttp http://localhost:4319/...] [                                                 ] i.o.exporter.internal.http.HttpExporter  : Failed to export spans. The request could not be executed. Full error message: Read timed out

java.net.SocketTimeoutException: Read timed out
	at java.base/sun.nio.ch.NioSocketImpl.timedRead(NioSocketImpl.java:288) ~[na:na]
	at java.base/sun.nio.ch.NioSocketImpl.implRead(NioSocketImpl.java:314) ~[na:na]
	at java.base/sun.nio.ch.NioSocketImpl.read(NioSocketImpl.java:355) ~[na:na]
	at java.base/sun.nio.ch.NioSocketImpl$1.read(NioSocketImpl.java:808) ~[na:na]
	at java.base/java.net.Socket$SocketInputStream.read(Socket.java:966) ~[na:na]
	at okio.InputStreamSource.read(JvmOkio.kt:93) ~[okio-jvm-3.6.0.jar:na]
	at okio.AsyncTimeout$source$1.read(AsyncTimeout.kt:128) ~[okio-jvm-3.6.0.jar:na]
	at okio.RealBufferedSource.indexOf(RealBufferedSource.kt:430) ~[okio-jvm-3.6.0.jar:na]
	at okio.RealBufferedSource.readUtf8LineStrict(RealBufferedSource.kt:323) ~[okio-jvm-3.6.0.jar:na]
	at okhttp3.internal.http1.HeadersReader.readLine(HeadersReader.kt:29) ~[okhttp-4.12.0.jar:na]
	at okhttp3.internal.http1.Http1ExchangeCodec.readResponseHeaders(Http1ExchangeCodec.kt:180) ~[okhttp-4.12.0.jar:na]
	at okhttp3.internal.connection.Exchange.readResponseHeaders(Exchange.kt:110) ~[okhttp-4.12.0.jar:na]
	at okhttp3.internal.http.CallServerInterceptor.intercept(CallServerInterceptor.kt:93) ~[okhttp-4.12.0.jar:na]
	at okhttp3.internal.http.RealInterceptorChain.proceed(RealInterceptorChain.kt:109) ~[okhttp-4.12.0.jar:na]
	at okhttp3.internal.connection.ConnectInterceptor.intercept(ConnectInterceptor.kt:34) ~[okhttp-4.12.0.jar:na]
	at okhttp3.internal.http.RealInterceptorChain.proceed(RealInterceptorChain.kt:109) ~[okhttp-4.12.0.jar:na]
	at okhttp3.internal.cache.CacheInterceptor.intercept(CacheInterceptor.kt:95) ~[okhttp-4.12.0.jar:na]
	at okhttp3.internal.http.RealInterceptorChain.proceed(RealInterceptorChain.kt:109) ~[okhttp-4.12.0.jar:na]
	at okhttp3.internal.http.BridgeInterceptor.intercept(BridgeInterceptor.kt:83) ~[okhttp-4.12.0.jar:na]
	at okhttp3.internal.http.RealInterceptorChain.proceed(RealInterceptorChain.kt:109) ~[okhttp-4.12.0.jar:na]
	at okhttp3.internal.http.RetryAndFollowUpInterceptor.intercept(RetryAndFollowUpInterceptor.kt:76) ~[okhttp-4.12.0.jar:na]
	at okhttp3.internal.http.RealInterceptorChain.proceed(RealInterceptorChain.kt:109) ~[okhttp-4.12.0.jar:na]
	at okhttp3.internal.connection.RealCall.getResponseWithInterceptorChain$okhttp(RealCall.kt:201) ~[okhttp-4.12.0.jar:na]
	at okhttp3.internal.connection.RealCall$AsyncCall.run(RealCall.kt:517) ~[okhttp-4.12.0.jar:na]
	at java.base/java.util.concurrent.ThreadPoolExecutor.runWorker(ThreadPoolExecutor.java:1136) ~[na:na]
	at java.base/java.util.concurrent.ThreadPoolExecutor$Worker.run(ThreadPoolExecutor.java:635) ~[na:na]
	at java.base/java.lang.Thread.run(Thread.java:842) ~[na:na]

2026-06-04T12:51:41.780+07:00 ERROR [group-service,,] 28732 --- [group-service] [OkHttp http://localhost:4319/...] [                                                 ] i.o.exporter.internal.http.HttpExporter  : Failed to export spans. The request could not be executed. Full error message: timeout

java.io.InterruptedIOException: timeout
	at okhttp3.internal.connection.RealCall.timeoutExit(RealCall.kt:398) ~[okhttp-4.12.0.jar:na]
	at okhttp3.internal.connection.RealCall.callDone(RealCall.kt:360) ~[okhttp-4.12.0.jar:na]
	at okhttp3.internal.connection.RealCall.noMoreExchanges$okhttp(RealCall.kt:325) ~[okhttp-4.12.0.jar:na]
	at okhttp3.internal.connection.RealCall.getResponseWithInterceptorChain$okhttp(RealCall.kt:209) ~[okhttp-4.12.0.jar:na]
	at okhttp3.internal.connection.RealCall$AsyncCall.run(RealCall.kt:517) ~[okhttp-4.12.0.jar:na]
	at java.base/java.util.concurrent.ThreadPoolExecutor.runWorker(ThreadPoolExecutor.java:1136) ~[na:na]
	at java.base/java.util.concurrent.ThreadPoolExecutor$Worker.run(ThreadPoolExecutor.java:635) ~[na:na]
	at java.base/java.lang.Thread.run(Thread.java:842) ~[na:na]
Caused by: java.io.IOException: Canceled
	at okhttp3.internal.http.RetryAndFollowUpInterceptor.intercept(RetryAndFollowUpInterceptor.kt:72) ~[okhttp-4.12.0.jar:na]
	at okhttp3.internal.http.RealInterceptorChain.proceed(RealInterceptorChain.kt:109) ~[okhttp-4.12.0.jar:na]
	at okhttp3.internal.connection.RealCall.getResponseWithInterceptorChain$okhttp(RealCall.kt:201) ~[okhttp-4.12.0.jar:na]
	... 4 common frames omitted

2026-06-04T12:51:56.848+07:00 ERROR [group-service,,] 28732 --- [group-service] [OkHttp http://localhost:4319/...] [                                                 ] i.o.exporter.internal.http.HttpExporter  : Failed to export spans. The request could not be executed. Full error message: timeout

java.io.InterruptedIOException: timeout
	at okhttp3.internal.connection.RealCall.timeoutExit(RealCall.kt:398) ~[okhttp-4.12.0.jar:na]
	at okhttp3.internal.connection.RealCall.callDone(RealCall.kt:360) ~[okhttp-4.12.0.jar:na]
	at okhttp3.internal.connection.RealCall.noMoreExchanges$okhttp(RealCall.kt:325) ~[okhttp-4.12.0.jar:na]
	at okhttp3.internal.connection.RealCall.getResponseWithInterceptorChain$okhttp(RealCall.kt:209) ~[okhttp-4.12.0.jar:na]
	at okhttp3.internal.connection.RealCall$AsyncCall.run(RealCall.kt:517) ~[okhttp-4.12.0.jar:na]
	at java.base/java.util.concurrent.ThreadPoolExecutor.runWorker(ThreadPoolExecutor.java:1136) ~[na:na]
	at java.base/java.util.concurrent.ThreadPoolExecutor$Worker.run(ThreadPoolExecutor.java:635) ~[na:na]
	at java.base/java.lang.Thread.run(Thread.java:842) ~[na:na]
Caused by: java.io.IOException: Canceled
	at okhttp3.internal.http.RetryAndFollowUpInterceptor.intercept(RetryAndFollowUpInterceptor.kt:72) ~[okhttp-4.12.0.jar:na]
	at okhttp3.internal.http.RealInterceptorChain.proceed(RealInterceptorChain.kt:109) ~[okhttp-4.12.0.jar:na]
	at okhttp3.internal.connection.RealCall.getResponseWithInterceptorChain$okhttp(RealCall.kt:201) ~[okhttp-4.12.0.jar:na]
	... 4 common frames omitted

2026-06-04T12:52:11.965+07:00 ERROR [group-service,,] 28732 --- [group-service] [OkHttp http://localhost:4319/...] [                                                 ] i.o.exporter.internal.http.HttpExporter  : Failed to export spans. The request could not be executed. Full error message: timeout

java.io.InterruptedIOException: timeout
	at okhttp3.internal.connection.RealCall.timeoutExit(RealCall.kt:398) ~[okhttp-4.12.0.jar:na]
	at okhttp3.internal.connection.RealCall.callDone(RealCall.kt:360) ~[okhttp-4.12.0.jar:na]
	at okhttp3.internal.connection.RealCall.noMoreExchanges$okhttp(RealCall.kt:325) ~[okhttp-4.12.0.jar:na]
	at okhttp3.internal.connection.RealCall.getResponseWithInterceptorChain$okhttp(RealCall.kt:209) ~[okhttp-4.12.0.jar:na]
	at okhttp3.internal.connection.RealCall$AsyncCall.run(RealCall.kt:517) ~[okhttp-4.12.0.jar:na]
	at java.base/java.util.concurrent.ThreadPoolExecutor.runWorker(ThreadPoolExecutor.java:1136) ~[na:na]
	at java.base/java.util.concurrent.ThreadPoolExecutor$Worker.run(ThreadPoolExecutor.java:635) ~[na:na]
	at java.base/java.lang.Thread.run(Thread.java:842) ~[na:na]
Caused by: java.io.IOException: Canceled
	at okhttp3.internal.http.RetryAndFollowUpInterceptor.intercept(RetryAndFollowUpInterceptor.kt:72) ~[okhttp-4.12.0.jar:na]
	at okhttp3.internal.http.RealInterceptorChain.proceed(RealInterceptorChain.kt:109) ~[okhttp-4.12.0.jar:na]
	at okhttp3.internal.connection.RealCall.getResponseWithInterceptorChain$okhttp(RealCall.kt:201) ~[okhttp-4.12.0.jar:na]
	... 4 common frames omitted

2026-06-04T12:52:27.052+07:00 ERROR [group-service,,] 28732 --- [group-service] [OkHttp http://localhost:4319/...] [                                                 ] i.o.exporter.internal.http.HttpExporter  : Failed to export spans. The request could not be executed. Full error message: Read timed out

java.net.SocketTimeoutException: Read timed out
	at java.base/sun.nio.ch.NioSocketImpl.timedRead(NioSocketImpl.java:288) ~[na:na]
	at java.base/sun.nio.ch.NioSocketImpl.implRead(NioSocketImpl.java:314) ~[na:na]
	at java.base/sun.nio.ch.NioSocketImpl.read(NioSocketImpl.java:355) ~[na:na]
	at java.base/sun.nio.ch.NioSocketImpl$1.read(NioSocketImpl.java:808) ~[na:na]
	at java.base/java.net.Socket$SocketInputStream.read(Socket.java:966) ~[na:na]
	at okio.InputStreamSource.read(JvmOkio.kt:93) ~[okio-jvm-3.6.0.jar:na]
	at okio.AsyncTimeout$source$1.read(AsyncTimeout.kt:128) ~[okio-jvm-3.6.0.jar:na]
	at okio.RealBufferedSource.indexOf(RealBufferedSource.kt:430) ~[okio-jvm-3.6.0.jar:na]
	at okio.RealBufferedSource.readUtf8LineStrict(RealBufferedSource.kt:323) ~[okio-jvm-3.6.0.jar:na]
	at okhttp3.internal.http1.HeadersReader.readLine(HeadersReader.kt:29) ~[okhttp-4.12.0.jar:na]
	at okhttp3.internal.http1.Http1ExchangeCodec.readResponseHeaders(Http1ExchangeCodec.kt:180) ~[okhttp-4.12.0.jar:na]
	at okhttp3.internal.connection.Exchange.readResponseHeaders(Exchange.kt:110) ~[okhttp-4.12.0.jar:na]
	at okhttp3.internal.http.CallServerInterceptor.intercept(CallServerInterceptor.kt:93) ~[okhttp-4.12.0.jar:na]
	at okhttp3.internal.http.RealInterceptorChain.proceed(RealInterceptorChain.kt:109) ~[okhttp-4.12.0.jar:na]
	at okhttp3.internal.connection.ConnectInterceptor.intercept(ConnectInterceptor.kt:34) ~[okhttp-4.12.0.jar:na]
	at okhttp3.internal.http.RealInterceptorChain.proceed(RealInterceptorChain.kt:109) ~[okhttp-4.12.0.jar:na]
	at okhttp3.internal.cache.CacheInterceptor.intercept(CacheInterceptor.kt:95) ~[okhttp-4.12.0.jar:na]
	at okhttp3.internal.http.RealInterceptorChain.proceed(RealInterceptorChain.kt:109) ~[okhttp-4.12.0.jar:na]
	at okhttp3.internal.http.BridgeInterceptor.intercept(BridgeInterceptor.kt:83) ~[okhttp-4.12.0.jar:na]
	at okhttp3.internal.http.RealInterceptorChain.proceed(RealInterceptorChain.kt:109) ~[okhttp-4.12.0.jar:na]
	at okhttp3.internal.http.RetryAndFollowUpInterceptor.intercept(RetryAndFollowUpInterceptor.kt:76) ~[okhttp-4.12.0.jar:na]
	at okhttp3.internal.http.RealInterceptorChain.proceed(RealInterceptorChain.kt:109) ~[okhttp-4.12.0.jar:na]
	at okhttp3.internal.connection.RealCall.getResponseWithInterceptorChain$okhttp(RealCall.kt:201) ~[okhttp-4.12.0.jar:na]
	at okhttp3.internal.connection.RealCall$AsyncCall.run(RealCall.kt:517) ~[okhttp-4.12.0.jar:na]
	at java.base/java.util.concurrent.ThreadPoolExecutor.runWorker(ThreadPoolExecutor.java:1136) ~[na:na]
	at java.base/java.util.concurrent.ThreadPoolExecutor$Worker.run(ThreadPoolExecutor.java:635) ~[na:na]
	at java.base/java.lang.Thread.run(Thread.java:842) ~[na:na]

2026-06-04T12:52:42.170+07:00 ERROR [group-service,,] 28732 --- [group-service] [OkHttp http://localhost:4319/...] [                                                 ] i.o.exporter.internal.http.HttpExporter  : Failed to export spans. The request could not be executed. Full error message: timeout

java.io.InterruptedIOException: timeout
	at okhttp3.internal.connection.RealCall.timeoutExit(RealCall.kt:398) ~[okhttp-4.12.0.jar:na]
	at okhttp3.internal.connection.RealCall.callDone(RealCall.kt:360) ~[okhttp-4.12.0.jar:na]
	at okhttp3.internal.connection.RealCall.noMoreExchanges$okhttp(RealCall.kt:325) ~[okhttp-4.12.0.jar:na]
	at okhttp3.internal.connection.RealCall.getResponseWithInterceptorChain$okhttp(RealCall.kt:209) ~[okhttp-4.12.0.jar:na]
	at okhttp3.internal.connection.RealCall$AsyncCall.run(RealCall.kt:517) ~[okhttp-4.12.0.jar:na]
	at java.base/java.util.concurrent.ThreadPoolExecutor.runWorker(ThreadPoolExecutor.java:1136) ~[na:na]
	at java.base/java.util.concurrent.ThreadPoolExecutor$Worker.run(ThreadPoolExecutor.java:635) ~[na:na]
	at java.base/java.lang.Thread.run(Thread.java:842) ~[na:na]
Caused by: java.io.IOException: Canceled
	at okhttp3.internal.http.RetryAndFollowUpInterceptor.intercept(RetryAndFollowUpInterceptor.kt:72) ~[okhttp-4.12.0.jar:na]
	at okhttp3.internal.http.RealInterceptorChain.proceed(RealInterceptorChain.kt:109) ~[okhttp-4.12.0.jar:na]
	at okhttp3.internal.connection.RealCall.getResponseWithInterceptorChain$okhttp(RealCall.kt:201) ~[okhttp-4.12.0.jar:na]
	... 4 common frames omitted

2026-06-04T12:52:53.713+07:00  INFO [group-service,,] 28732 --- [group-service] [AsyncResolver-bootstrap-executor-%d] [                                                 ] c.n.d.s.r.aws.ConfigClusterResolver      : Resolving eureka endpoints via configuration
2026-06-04T12:52:57.225+07:00 ERROR [group-service,,] 28732 --- [group-service] [OkHttp http://localhost:4319/...] [                                                 ] i.o.exporter.internal.http.HttpExporter  : Failed to export spans. The request could not be executed. Full error message: timeout

java.io.InterruptedIOException: timeout
	at okhttp3.internal.connection.RealCall.timeoutExit(RealCall.kt:398) ~[okhttp-4.12.0.jar:na]
	at okhttp3.internal.connection.RealCall.callDone(RealCall.kt:360) ~[okhttp-4.12.0.jar:na]
	at okhttp3.internal.connection.RealCall.noMoreExchanges$okhttp(RealCall.kt:325) ~[okhttp-4.12.0.jar:na]
	at okhttp3.internal.connection.RealCall.getResponseWithInterceptorChain$okhttp(RealCall.kt:209) ~[okhttp-4.12.0.jar:na]
	at okhttp3.internal.connection.RealCall$AsyncCall.run(RealCall.kt:517) ~[okhttp-4.12.0.jar:na]
	at java.base/java.util.concurrent.ThreadPoolExecutor.runWorker(ThreadPoolExecutor.java:1136) ~[na:na]
	at java.base/java.util.concurrent.ThreadPoolExecutor$Worker.run(ThreadPoolExecutor.java:635) ~[na:na]
	at java.base/java.lang.Thread.run(Thread.java:842) ~[na:na]
Caused by: java.net.SocketTimeoutException: timeout
	at okio.SocketAsyncTimeout.newTimeoutException(JvmOkio.kt:146) ~[okio-jvm-3.6.0.jar:na]
	at okio.AsyncTimeout.access$newTimeoutException(AsyncTimeout.kt:161) ~[okio-jvm-3.6.0.jar:na]
	at okio.AsyncTimeout$source$1.read(AsyncTimeout.kt:339) ~[okio-jvm-3.6.0.jar:na]
	at okio.RealBufferedSource.indexOf(RealBufferedSource.kt:430) ~[okio-jvm-3.6.0.jar:na]
	at okio.RealBufferedSource.readUtf8LineStrict(RealBufferedSource.kt:323) ~[okio-jvm-3.6.0.jar:na]
	at okhttp3.internal.http1.HeadersReader.readLine(HeadersReader.kt:29) ~[okhttp-4.12.0.jar:na]
	at okhttp3.internal.http1.Http1ExchangeCodec.readResponseHeaders(Http1ExchangeCodec.kt:180) ~[okhttp-4.12.0.jar:na]
	at okhttp3.internal.connection.Exchange.readResponseHeaders(Exchange.kt:110) ~[okhttp-4.12.0.jar:na]
	at okhttp3.internal.http.CallServerInterceptor.intercept(CallServerInterceptor.kt:93) ~[okhttp-4.12.0.jar:na]
	at okhttp3.internal.http.RealInterceptorChain.proceed(RealInterceptorChain.kt:109) ~[okhttp-4.12.0.jar:na]
	at okhttp3.internal.connection.ConnectInterceptor.intercept(ConnectInterceptor.kt:34) ~[okhttp-4.12.0.jar:na]
	at okhttp3.internal.http.RealInterceptorChain.proceed(RealInterceptorChain.kt:109) ~[okhttp-4.12.0.jar:na]
	at okhttp3.internal.cache.CacheInterceptor.intercept(CacheInterceptor.kt:95) ~[okhttp-4.12.0.jar:na]
	at okhttp3.internal.http.RealInterceptorChain.proceed(RealInterceptorChain.kt:109) ~[okhttp-4.12.0.jar:na]
	at okhttp3.internal.http.BridgeInterceptor.intercept(BridgeInterceptor.kt:83) ~[okhttp-4.12.0.jar:na]
	at okhttp3.internal.http.RealInterceptorChain.proceed(RealInterceptorChain.kt:109) ~[okhttp-4.12.0.jar:na]
	at okhttp3.internal.http.RetryAndFollowUpInterceptor.intercept(RetryAndFollowUpInterceptor.kt:76) ~[okhttp-4.12.0.jar:na]
	at okhttp3.internal.http.RealInterceptorChain.proceed(RealInterceptorChain.kt:109) ~[okhttp-4.12.0.jar:na]
	at okhttp3.internal.connection.RealCall.getResponseWithInterceptorChain$okhttp(RealCall.kt:201) ~[okhttp-4.12.0.jar:na]
	... 4 common frames omitted
Caused by: java.net.SocketException: Socket closed
	at java.base/sun.nio.ch.NioSocketImpl.endRead(NioSocketImpl.java:253) ~[na:na]
	at java.base/sun.nio.ch.NioSocketImpl.implRead(NioSocketImpl.java:332) ~[na:na]
	at java.base/sun.nio.ch.NioSocketImpl.read(NioSocketImpl.java:355) ~[na:na]
	at java.base/sun.nio.ch.NioSocketImpl$1.read(NioSocketImpl.java:808) ~[na:na]
	at java.base/java.net.Socket$SocketInputStream.read(Socket.java:966) ~[na:na]
	at okio.InputStreamSource.read(JvmOkio.kt:93) ~[okio-jvm-3.6.0.jar:na]
	at okio.AsyncTimeout$source$1.read(AsyncTimeout.kt:128) ~[okio-jvm-3.6.0.jar:na]
	... 20 common frames omitted

2026-06-04T12:53:12.337+07:00 ERROR [group-service,,] 28732 --- [group-service] [OkHttp http://localhost:4319/...] [                                                 ] i.o.exporter.internal.http.HttpExporter  : Failed to export spans. The request could not be executed. Full error message: timeout

java.io.InterruptedIOException: timeout
	at okhttp3.internal.connection.RealCall.timeoutExit(RealCall.kt:398) ~[okhttp-4.12.0.jar:na]
	at okhttp3.internal.connection.RealCall.callDone(RealCall.kt:360) ~[okhttp-4.12.0.jar:na]
	at okhttp3.internal.connection.RealCall.noMoreExchanges$okhttp(RealCall.kt:325) ~[okhttp-4.12.0.jar:na]
	at okhttp3.internal.connection.RealCall.getResponseWithInterceptorChain$okhttp(RealCall.kt:209) ~[okhttp-4.12.0.jar:na]
	at okhttp3.internal.connection.RealCall$AsyncCall.run(RealCall.kt:517) ~[okhttp-4.12.0.jar:na]
	at java.base/java.util.concurrent.ThreadPoolExecutor.runWorker(ThreadPoolExecutor.java:1136) ~[na:na]
	at java.base/java.util.concurrent.ThreadPoolExecutor$Worker.run(ThreadPoolExecutor.java:635) ~[na:na]
	at java.base/java.lang.Thread.run(Thread.java:842) ~[na:na]
Caused by: java.io.IOException: Canceled
	at okhttp3.internal.http.RetryAndFollowUpInterceptor.intercept(RetryAndFollowUpInterceptor.kt:72) ~[okhttp-4.12.0.jar:na]
	at okhttp3.internal.http.RealInterceptorChain.proceed(RealInterceptorChain.kt:109) ~[okhttp-4.12.0.jar:na]
	at okhttp3.internal.connection.RealCall.getResponseWithInterceptorChain$okhttp(RealCall.kt:201) ~[okhttp-4.12.0.jar:na]
	... 4 common frames omitted

2026-06-04T12:53:27.447+07:00 ERROR [group-service,,] 28732 --- [group-service] [OkHttp http://localhost:4319/...] [                                                 ] i.o.exporter.internal.http.HttpExporter  : Failed to export spans. The request could not be executed. Full error message: timeout

java.io.InterruptedIOException: timeout
	at okhttp3.internal.connection.RealCall.timeoutExit(RealCall.kt:398) ~[okhttp-4.12.0.jar:na]
	at okhttp3.internal.connection.RealCall.callDone(RealCall.kt:360) ~[okhttp-4.12.0.jar:na]
	at okhttp3.internal.connection.RealCall.noMoreExchanges$okhttp(RealCall.kt:325) ~[okhttp-4.12.0.jar:na]
	at okhttp3.internal.connection.RealCall.getResponseWithInterceptorChain$okhttp(RealCall.kt:209) ~[okhttp-4.12.0.jar:na]
	at okhttp3.internal.connection.RealCall$AsyncCall.run(RealCall.kt:517) ~[okhttp-4.12.0.jar:na]
	at java.base/java.util.concurrent.ThreadPoolExecutor.runWorker(ThreadPoolExecutor.java:1136) ~[na:na]
	at java.base/java.util.concurrent.ThreadPoolExecutor$Worker.run(ThreadPoolExecutor.java:635) ~[na:na]
	at java.base/java.lang.Thread.run(Thread.java:842) ~[na:na]
Caused by: java.io.IOException: Canceled
	at okhttp3.internal.http.RetryAndFollowUpInterceptor.intercept(RetryAndFollowUpInterceptor.kt:72) ~[okhttp-4.12.0.jar:na]
	at okhttp3.internal.http.RealInterceptorChain.proceed(RealInterceptorChain.kt:109) ~[okhttp-4.12.0.jar:na]
	at okhttp3.internal.connection.RealCall.getResponseWithInterceptorChain$okhttp(RealCall.kt:201) ~[okhttp-4.12.0.jar:na]
	... 4 common frames omitted

2026-06-04T12:53:42.516+07:00 ERROR [group-service,,] 28732 --- [group-service] [OkHttp http://localhost:4319/...] [                                                 ] i.o.exporter.internal.http.HttpExporter  : Failed to export spans. The request could not be executed. Full error message: timeout

java.io.InterruptedIOException: timeout
	at okhttp3.internal.connection.RealCall.timeoutExit(RealCall.kt:398) ~[okhttp-4.12.0.jar:na]
	at okhttp3.internal.connection.RealCall.callDone(RealCall.kt:360) ~[okhttp-4.12.0.jar:na]
	at okhttp3.internal.connection.RealCall.noMoreExchanges$okhttp(RealCall.kt:325) ~[okhttp-4.12.0.jar:na]
	at okhttp3.internal.connection.RealCall.getResponseWithInterceptorChain$okhttp(RealCall.kt:209) ~[okhttp-4.12.0.jar:na]
	at okhttp3.internal.connection.RealCall$AsyncCall.run(RealCall.kt:517) ~[okhttp-4.12.0.jar:na]
	at java.base/java.util.concurrent.ThreadPoolExecutor.runWorker(ThreadPoolExecutor.java:1136) ~[na:na]
	at java.base/java.util.concurrent.ThreadPoolExecutor$Worker.run(ThreadPoolExecutor.java:635) ~[na:na]
	at java.base/java.lang.Thread.run(Thread.java:842) ~[na:na]
Caused by: java.io.IOException: Canceled
	at okhttp3.internal.http.RetryAndFollowUpInterceptor.intercept(RetryAndFollowUpInterceptor.kt:72) ~[okhttp-4.12.0.jar:na]
	at okhttp3.internal.http.RealInterceptorChain.proceed(RealInterceptorChain.kt:109) ~[okhttp-4.12.0.jar:na]
	at okhttp3.internal.connection.RealCall.getResponseWithInterceptorChain$okhttp(RealCall.kt:201) ~[okhttp-4.12.0.jar:na]
	... 4 common frames omitted

2026-06-04T12:53:57.577+07:00 ERROR [group-service,,] 28732 --- [group-service] [OkHttp http://localhost:4319/...] [                                                 ] i.o.exporter.internal.http.HttpExporter  : Failed to export spans. The request could not be executed. Full error message: timeout

java.io.InterruptedIOException: timeout
	at okhttp3.internal.connection.RealCall.timeoutExit(RealCall.kt:398) ~[okhttp-4.12.0.jar:na]
	at okhttp3.internal.connection.RealCall.callDone(RealCall.kt:360) ~[okhttp-4.12.0.jar:na]
	at okhttp3.internal.connection.RealCall.noMoreExchanges$okhttp(RealCall.kt:325) ~[okhttp-4.12.0.jar:na]
	at okhttp3.internal.connection.RealCall.getResponseWithInterceptorChain$okhttp(RealCall.kt:209) ~[okhttp-4.12.0.jar:na]
	at okhttp3.internal.connection.RealCall$AsyncCall.run(RealCall.kt:517) ~[okhttp-4.12.0.jar:na]
	at java.base/java.util.concurrent.ThreadPoolExecutor.runWorker(ThreadPoolExecutor.java:1136) ~[na:na]
	at java.base/java.util.concurrent.ThreadPoolExecutor$Worker.run(ThreadPoolExecutor.java:635) ~[na:na]
	at java.base/java.lang.Thread.run(Thread.java:842) ~[na:na]
Caused by: java.io.IOException: Canceled
	at okhttp3.internal.http.RetryAndFollowUpInterceptor.intercept(RetryAndFollowUpInterceptor.kt:72) ~[okhttp-4.12.0.jar:na]
	at okhttp3.internal.http.RealInterceptorChain.proceed(RealInterceptorChain.kt:109) ~[okhttp-4.12.0.jar:na]
	at okhttp3.internal.connection.RealCall.getResponseWithInterceptorChain$okhttp(RealCall.kt:201) ~[okhttp-4.12.0.jar:na]
	... 4 common frames omitted

2026-06-04T12:54:12.630+07:00 ERROR [group-service,,] 28732 --- [group-service] [OkHttp http://localhost:4319/...] [                                                 ] i.o.exporter.internal.http.HttpExporter  : Failed to export spans. The request could not be executed. Full error message: timeout

java.io.InterruptedIOException: timeout
	at okhttp3.internal.connection.RealCall.timeoutExit(RealCall.kt:398) ~[okhttp-4.12.0.jar:na]
	at okhttp3.internal.connection.RealCall.callDone(RealCall.kt:360) ~[okhttp-4.12.0.jar:na]
	at okhttp3.internal.connection.RealCall.noMoreExchanges$okhttp(RealCall.kt:325) ~[okhttp-4.12.0.jar:na]
	at okhttp3.internal.connection.RealCall.getResponseWithInterceptorChain$okhttp(RealCall.kt:209) ~[okhttp-4.12.0.jar:na]
	at okhttp3.internal.connection.RealCall$AsyncCall.run(RealCall.kt:517) ~[okhttp-4.12.0.jar:na]
	at java.base/java.util.concurrent.ThreadPoolExecutor.runWorker(ThreadPoolExecutor.java:1136) ~[na:na]
	at java.base/java.util.concurrent.ThreadPoolExecutor$Worker.run(ThreadPoolExecutor.java:635) ~[na:na]
	at java.base/java.lang.Thread.run(Thread.java:842) ~[na:na]
Caused by: java.io.IOException: Canceled
	at okhttp3.internal.http.RetryAndFollowUpInterceptor.intercept(RetryAndFollowUpInterceptor.kt:72) ~[okhttp-4.12.0.jar:na]
	at okhttp3.internal.http.RealInterceptorChain.proceed(RealInterceptorChain.kt:109) ~[okhttp-4.12.0.jar:na]
	at okhttp3.internal.connection.RealCall.getResponseWithInterceptorChain$okhttp(RealCall.kt:201) ~[okhttp-4.12.0.jar:na]
	... 4 common frames omitted

2026-06-04T12:54:27.686+07:00 ERROR [group-service,,] 28732 --- [group-service] [OkHttp http://localhost:4319/...] [                                                 ] i.o.exporter.internal.http.HttpExporter  : Failed to export spans. The request could not be executed. Full error message: Read timed out

java.net.SocketTimeoutException: Read timed out
	at java.base/sun.nio.ch.NioSocketImpl.timedRead(NioSocketImpl.java:288) ~[na:na]
	at java.base/sun.nio.ch.NioSocketImpl.implRead(NioSocketImpl.java:314) ~[na:na]
	at java.base/sun.nio.ch.NioSocketImpl.read(NioSocketImpl.java:355) ~[na:na]
	at java.base/sun.nio.ch.NioSocketImpl$1.read(NioSocketImpl.java:808) ~[na:na]
	at java.base/java.net.Socket$SocketInputStream.read(Socket.java:966) ~[na:na]
	at okio.InputStreamSource.read(JvmOkio.kt:93) ~[okio-jvm-3.6.0.jar:na]
	at okio.AsyncTimeout$source$1.read(AsyncTimeout.kt:128) ~[okio-jvm-3.6.0.jar:na]
	at okio.RealBufferedSource.indexOf(RealBufferedSource.kt:430) ~[okio-jvm-3.6.0.jar:na]
	at okio.RealBufferedSource.readUtf8LineStrict(RealBufferedSource.kt:323) ~[okio-jvm-3.6.0.jar:na]
	at okhttp3.internal.http1.HeadersReader.readLine(HeadersReader.kt:29) ~[okhttp-4.12.0.jar:na]
	at okhttp3.internal.http1.Http1ExchangeCodec.readResponseHeaders(Http1ExchangeCodec.kt:180) ~[okhttp-4.12.0.jar:na]
	at okhttp3.internal.connection.Exchange.readResponseHeaders(Exchange.kt:110) ~[okhttp-4.12.0.jar:na]
	at okhttp3.internal.http.CallServerInterceptor.intercept(CallServerInterceptor.kt:93) ~[okhttp-4.12.0.jar:na]
	at okhttp3.internal.http.RealInterceptorChain.proceed(RealInterceptorChain.kt:109) ~[okhttp-4.12.0.jar:na]
	at okhttp3.internal.connection.ConnectInterceptor.intercept(ConnectInterceptor.kt:34) ~[okhttp-4.12.0.jar:na]
	at okhttp3.internal.http.RealInterceptorChain.proceed(RealInterceptorChain.kt:109) ~[okhttp-4.12.0.jar:na]
	at okhttp3.internal.cache.CacheInterceptor.intercept(CacheInterceptor.kt:95) ~[okhttp-4.12.0.jar:na]
	at okhttp3.internal.http.RealInterceptorChain.proceed(RealInterceptorChain.kt:109) ~[okhttp-4.12.0.jar:na]
	at okhttp3.internal.http.BridgeInterceptor.intercept(BridgeInterceptor.kt:83) ~[okhttp-4.12.0.jar:na]
	at okhttp3.internal.http.RealInterceptorChain.proceed(RealInterceptorChain.kt:109) ~[okhttp-4.12.0.jar:na]
	at okhttp3.internal.http.RetryAndFollowUpInterceptor.intercept(RetryAndFollowUpInterceptor.kt:76) ~[okhttp-4.12.0.jar:na]
	at okhttp3.internal.http.RealInterceptorChain.proceed(RealInterceptorChain.kt:109) ~[okhttp-4.12.0.jar:na]
	at okhttp3.internal.connection.RealCall.getResponseWithInterceptorChain$okhttp(RealCall.kt:201) ~[okhttp-4.12.0.jar:na]
	at okhttp3.internal.connection.RealCall$AsyncCall.run(RealCall.kt:517) ~[okhttp-4.12.0.jar:na]
	at java.base/java.util.concurrent.ThreadPoolExecutor.runWorker(ThreadPoolExecutor.java:1136) ~[na:na]
	at java.base/java.util.concurrent.ThreadPoolExecutor$Worker.run(ThreadPoolExecutor.java:635) ~[na:na]
	at java.base/java.lang.Thread.run(Thread.java:842) ~[na:na]

2026-06-04T12:54:42.725+07:00 ERROR [group-service,,] 28732 --- [group-service] [OkHttp http://localhost:4319/...] [                                                 ] i.o.exporter.internal.http.HttpExporter  : Failed to export spans. The request could not be executed. Full error message: timeout

java.io.InterruptedIOException: timeout
	at okhttp3.internal.connection.RealCall.timeoutExit(RealCall.kt:398) ~[okhttp-4.12.0.jar:na]
	at okhttp3.internal.connection.RealCall.callDone(RealCall.kt:360) ~[okhttp-4.12.0.jar:na]
	at okhttp3.internal.connection.RealCall.noMoreExchanges$okhttp(RealCall.kt:325) ~[okhttp-4.12.0.jar:na]
	at okhttp3.internal.connection.RealCall.getResponseWithInterceptorChain$okhttp(RealCall.kt:209) ~[okhttp-4.12.0.jar:na]
	at okhttp3.internal.connection.RealCall$AsyncCall.run(RealCall.kt:517) ~[okhttp-4.12.0.jar:na]
	at java.base/java.util.concurrent.ThreadPoolExecutor.runWorker(ThreadPoolExecutor.java:1136) ~[na:na]
	at java.base/java.util.concurrent.ThreadPoolExecutor$Worker.run(ThreadPoolExecutor.java:635) ~[na:na]
	at java.base/java.lang.Thread.run(Thread.java:842) ~[na:na]
Caused by: java.io.IOException: Canceled
	at okhttp3.internal.http.RetryAndFollowUpInterceptor.intercept(RetryAndFollowUpInterceptor.kt:72) ~[okhttp-4.12.0.jar:na]
	at okhttp3.internal.http.RealInterceptorChain.proceed(RealInterceptorChain.kt:109) ~[okhttp-4.12.0.jar:na]
	at okhttp3.internal.connection.RealCall.getResponseWithInterceptorChain$okhttp(RealCall.kt:201) ~[okhttp-4.12.0.jar:na]
	... 4 common frames omitted

2026-06-04T12:54:57.786+07:00 ERROR [group-service,,] 28732 --- [group-service] [OkHttp http://localhost:4319/...] [                                                 ] i.o.exporter.internal.http.HttpExporter  : Failed to export spans. The request could not be executed. Full error message: timeout

java.io.InterruptedIOException: timeout
	at okhttp3.internal.connection.RealCall.timeoutExit(RealCall.kt:398) ~[okhttp-4.12.0.jar:na]
	at okhttp3.internal.connection.RealCall.callDone(RealCall.kt:360) ~[okhttp-4.12.0.jar:na]
	at okhttp3.internal.connection.RealCall.noMoreExchanges$okhttp(RealCall.kt:325) ~[okhttp-4.12.0.jar:na]
	at okhttp3.internal.connection.RealCall.getResponseWithInterceptorChain$okhttp(RealCall.kt:209) ~[okhttp-4.12.0.jar:na]
	at okhttp3.internal.connection.RealCall$AsyncCall.run(RealCall.kt:517) ~[okhttp-4.12.0.jar:na]
	at java.base/java.util.concurrent.ThreadPoolExecutor.runWorker(ThreadPoolExecutor.java:1136) ~[na:na]
	at java.base/java.util.concurrent.ThreadPoolExecutor$Worker.run(ThreadPoolExecutor.java:635) ~[na:na]
	at java.base/java.lang.Thread.run(Thread.java:842) ~[na:na]
Caused by: java.io.IOException: Canceled
	at okhttp3.internal.http.RetryAndFollowUpInterceptor.intercept(RetryAndFollowUpInterceptor.kt:72) ~[okhttp-4.12.0.jar:na]
	at okhttp3.internal.http.RealInterceptorChain.proceed(RealInterceptorChain.kt:109) ~[okhttp-4.12.0.jar:na]
	at okhttp3.internal.connection.RealCall.getResponseWithInterceptorChain$okhttp(RealCall.kt:201) ~[okhttp-4.12.0.jar:na]
	... 4 common frames omitted

2026-06-04T12:55:12.852+07:00 ERROR [group-service,,] 28732 --- [group-service] [OkHttp http://localhost:4319/...] [                                                 ] i.o.exporter.internal.http.HttpExporter  : Failed to export spans. The request could not be executed. Full error message: timeout

java.io.InterruptedIOException: timeout
	at okhttp3.internal.connection.RealCall.timeoutExit(RealCall.kt:398) ~[okhttp-4.12.0.jar:na]
	at okhttp3.internal.connection.RealCall.callDone(RealCall.kt:360) ~[okhttp-4.12.0.jar:na]
	at okhttp3.internal.connection.RealCall.noMoreExchanges$okhttp(RealCall.kt:325) ~[okhttp-4.12.0.jar:na]
	at okhttp3.internal.connection.RealCall.getResponseWithInterceptorChain$okhttp(RealCall.kt:209) ~[okhttp-4.12.0.jar:na]
	at okhttp3.internal.connection.RealCall$AsyncCall.run(RealCall.kt:517) ~[okhttp-4.12.0.jar:na]
	at java.base/java.util.concurrent.ThreadPoolExecutor.runWorker(ThreadPoolExecutor.java:1136) ~[na:na]
	at java.base/java.util.concurrent.ThreadPoolExecutor$Worker.run(ThreadPoolExecutor.java:635) ~[na:na]
	at java.base/java.lang.Thread.run(Thread.java:842) ~[na:na]
Caused by: java.io.IOException: Canceled
	at okhttp3.internal.http.RetryAndFollowUpInterceptor.intercept(RetryAndFollowUpInterceptor.kt:72) ~[okhttp-4.12.0.jar:na]
	at okhttp3.internal.http.RealInterceptorChain.proceed(RealInterceptorChain.kt:109) ~[okhttp-4.12.0.jar:na]
	at okhttp3.internal.connection.RealCall.getResponseWithInterceptorChain$okhttp(RealCall.kt:201) ~[okhttp-4.12.0.jar:na]
	... 4 common frames omitted

2026-06-04T12:55:27.945+07:00 ERROR [group-service,,] 28732 --- [group-service] [OkHttp http://localhost:4319/...] [                                                 ] i.o.exporter.internal.http.HttpExporter  : Failed to export spans. The request could not be executed. Full error message: timeout

java.io.InterruptedIOException: timeout
	at okhttp3.internal.connection.RealCall.timeoutExit(RealCall.kt:398) ~[okhttp-4.12.0.jar:na]
	at okhttp3.internal.connection.RealCall.callDone(RealCall.kt:360) ~[okhttp-4.12.0.jar:na]
	at okhttp3.internal.connection.RealCall.noMoreExchanges$okhttp(RealCall.kt:325) ~[okhttp-4.12.0.jar:na]
	at okhttp3.internal.connection.RealCall.getResponseWithInterceptorChain$okhttp(RealCall.kt:209) ~[okhttp-4.12.0.jar:na]
	at okhttp3.internal.connection.RealCall$AsyncCall.run(RealCall.kt:517) ~[okhttp-4.12.0.jar:na]
	at java.base/java.util.concurrent.ThreadPoolExecutor.runWorker(ThreadPoolExecutor.java:1136) ~[na:na]
	at java.base/java.util.concurrent.ThreadPoolExecutor$Worker.run(ThreadPoolExecutor.java:635) ~[na:na]
	at java.base/java.lang.Thread.run(Thread.java:842) ~[na:na]
Caused by: java.io.IOException: Canceled
	at okhttp3.internal.http.RetryAndFollowUpInterceptor.intercept(RetryAndFollowUpInterceptor.kt:72) ~[okhttp-4.12.0.jar:na]
	at okhttp3.internal.http.RealInterceptorChain.proceed(RealInterceptorChain.kt:109) ~[okhttp-4.12.0.jar:na]
	at okhttp3.internal.connection.RealCall.getResponseWithInterceptorChain$okhttp(RealCall.kt:201) ~[okhttp-4.12.0.jar:na]
	... 4 common frames omitted

2026-06-04T12:55:43.019+07:00 ERROR [group-service,,] 28732 --- [group-service] [OkHttp http://localhost:4319/...] [                                                 ] i.o.exporter.internal.http.HttpExporter  : Failed to export spans. The request could not be executed. Full error message: timeout

java.io.InterruptedIOException: timeout
	at okhttp3.internal.connection.RealCall.timeoutExit(RealCall.kt:398) ~[okhttp-4.12.0.jar:na]
	at okhttp3.internal.connection.RealCall.callDone(RealCall.kt:360) ~[okhttp-4.12.0.jar:na]
	at okhttp3.internal.connection.RealCall.noMoreExchanges$okhttp(RealCall.kt:325) ~[okhttp-4.12.0.jar:na]
	at okhttp3.internal.connection.RealCall.getResponseWithInterceptorChain$okhttp(RealCall.kt:209) ~[okhttp-4.12.0.jar:na]
	at okhttp3.internal.connection.RealCall$AsyncCall.run(RealCall.kt:517) ~[okhttp-4.12.0.jar:na]
	at java.base/java.util.concurrent.ThreadPoolExecutor.runWorker(ThreadPoolExecutor.java:1136) ~[na:na]
	at java.base/java.util.concurrent.ThreadPoolExecutor$Worker.run(ThreadPoolExecutor.java:635) ~[na:na]
	at java.base/java.lang.Thread.run(Thread.java:842) ~[na:na]
Caused by: java.io.IOException: Canceled
	at okhttp3.internal.http.RetryAndFollowUpInterceptor.intercept(RetryAndFollowUpInterceptor.kt:72) ~[okhttp-4.12.0.jar:na]
	at okhttp3.internal.http.RealInterceptorChain.proceed(RealInterceptorChain.kt:109) ~[okhttp-4.12.0.jar:na]
	at okhttp3.internal.connection.RealCall.getResponseWithInterceptorChain$okhttp(RealCall.kt:201) ~[okhttp-4.12.0.jar:na]
	... 4 common frames omitted

2026-06-04T12:55:58.091+07:00 ERROR [group-service,,] 28732 --- [group-service] [OkHttp http://localhost:4319/...] [                                                 ] i.o.exporter.internal.http.HttpExporter  : Failed to export spans. The request could not be executed. Full error message: timeout

java.io.InterruptedIOException: timeout
	at okhttp3.internal.connection.RealCall.timeoutExit(RealCall.kt:398) ~[okhttp-4.12.0.jar:na]
	at okhttp3.internal.connection.RealCall.callDone(RealCall.kt:360) ~[okhttp-4.12.0.jar:na]
	at okhttp3.internal.connection.RealCall.noMoreExchanges$okhttp(RealCall.kt:325) ~[okhttp-4.12.0.jar:na]
	at okhttp3.internal.connection.RealCall.getResponseWithInterceptorChain$okhttp(RealCall.kt:209) ~[okhttp-4.12.0.jar:na]
	at okhttp3.internal.connection.RealCall$AsyncCall.run(RealCall.kt:517) ~[okhttp-4.12.0.jar:na]
	at java.base/java.util.concurrent.ThreadPoolExecutor.runWorker(ThreadPoolExecutor.java:1136) ~[na:na]
	at java.base/java.util.concurrent.ThreadPoolExecutor$Worker.run(ThreadPoolExecutor.java:635) ~[na:na]
	at java.base/java.lang.Thread.run(Thread.java:842) ~[na:na]
Caused by: java.io.IOException: Canceled
	at okhttp3.internal.http.RetryAndFollowUpInterceptor.intercept(RetryAndFollowUpInterceptor.kt:72) ~[okhttp-4.12.0.jar:na]
	at okhttp3.internal.http.RealInterceptorChain.proceed(RealInterceptorChain.kt:109) ~[okhttp-4.12.0.jar:na]
	at okhttp3.internal.connection.RealCall.getResponseWithInterceptorChain$okhttp(RealCall.kt:201) ~[okhttp-4.12.0.jar:na]
	... 4 common frames omitted

2026-06-04T12:56:13.185+07:00 ERROR [group-service,,] 28732 --- [group-service] [OkHttp http://localhost:4319/...] [                                                 ] i.o.exporter.internal.http.HttpExporter  : Failed to export spans. The request could not be executed. Full error message: timeout

java.io.InterruptedIOException: timeout
	at okhttp3.internal.connection.RealCall.timeoutExit(RealCall.kt:398) ~[okhttp-4.12.0.jar:na]
	at okhttp3.internal.connection.RealCall.callDone(RealCall.kt:360) ~[okhttp-4.12.0.jar:na]
	at okhttp3.internal.connection.RealCall.noMoreExchanges$okhttp(RealCall.kt:325) ~[okhttp-4.12.0.jar:na]
	at okhttp3.internal.connection.RealCall.getResponseWithInterceptorChain$okhttp(RealCall.kt:209) ~[okhttp-4.12.0.jar:na]
	at okhttp3.internal.connection.RealCall$AsyncCall.run(RealCall.kt:517) ~[okhttp-4.12.0.jar:na]
	at java.base/java.util.concurrent.ThreadPoolExecutor.runWorker(ThreadPoolExecutor.java:1136) ~[na:na]
	at java.base/java.util.concurrent.ThreadPoolExecutor$Worker.run(ThreadPoolExecutor.java:635) ~[na:na]
	at java.base/java.lang.Thread.run(Thread.java:842) ~[na:na]
Caused by: java.io.IOException: Canceled
	at okhttp3.internal.http.RetryAndFollowUpInterceptor.intercept(RetryAndFollowUpInterceptor.kt:72) ~[okhttp-4.12.0.jar:na]
	at okhttp3.internal.http.RealInterceptorChain.proceed(RealInterceptorChain.kt:109) ~[okhttp-4.12.0.jar:na]
	at okhttp3.internal.connection.RealCall.getResponseWithInterceptorChain$okhttp(RealCall.kt:201) ~[okhttp-4.12.0.jar:na]
	... 4 common frames omitted

2026-06-04T12:56:28.253+07:00 ERROR [group-service,,] 28732 --- [group-service] [OkHttp http://localhost:4319/...] [                                                 ] i.o.exporter.internal.http.HttpExporter  : Failed to export spans. The request could not be executed. Full error message: timeout

java.io.InterruptedIOException: timeout
	at okhttp3.internal.connection.RealCall.timeoutExit(RealCall.kt:398) ~[okhttp-4.12.0.jar:na]
	at okhttp3.internal.connection.RealCall.callDone(RealCall.kt:360) ~[okhttp-4.12.0.jar:na]
	at okhttp3.internal.connection.RealCall.noMoreExchanges$okhttp(RealCall.kt:325) ~[okhttp-4.12.0.jar:na]
	at okhttp3.internal.connection.RealCall.getResponseWithInterceptorChain$okhttp(RealCall.kt:209) ~[okhttp-4.12.0.jar:na]
	at okhttp3.internal.connection.RealCall$AsyncCall.run(RealCall.kt:517) ~[okhttp-4.12.0.jar:na]
	at java.base/java.util.concurrent.ThreadPoolExecutor.runWorker(ThreadPoolExecutor.java:1136) ~[na:na]
	at java.base/java.util.concurrent.ThreadPoolExecutor$Worker.run(ThreadPoolExecutor.java:635) ~[na:na]
	at java.base/java.lang.Thread.run(Thread.java:842) ~[na:na]
Caused by: java.io.IOException: Canceled
	at okhttp3.internal.http.RetryAndFollowUpInterceptor.intercept(RetryAndFollowUpInterceptor.kt:72) ~[okhttp-4.12.0.jar:na]
	at okhttp3.internal.http.RealInterceptorChain.proceed(RealInterceptorChain.kt:109) ~[okhttp-4.12.0.jar:na]
	at okhttp3.internal.connection.RealCall.getResponseWithInterceptorChain$okhttp(RealCall.kt:201) ~[okhttp-4.12.0.jar:na]
	... 4 common frames omitted

2026-06-04T12:56:43.289+07:00 ERROR [group-service,,] 28732 --- [group-service] [OkHttp http://localhost:4319/...] [                                                 ] i.o.exporter.internal.http.HttpExporter  : Failed to export spans. The request could not be executed. Full error message: Read timed out

java.net.SocketTimeoutException: Read timed out
	at java.base/sun.nio.ch.NioSocketImpl.timedRead(NioSocketImpl.java:288) ~[na:na]
	at java.base/sun.nio.ch.NioSocketImpl.implRead(NioSocketImpl.java:314) ~[na:na]
	at java.base/sun.nio.ch.NioSocketImpl.read(NioSocketImpl.java:355) ~[na:na]
	at java.base/sun.nio.ch.NioSocketImpl$1.read(NioSocketImpl.java:808) ~[na:na]
	at java.base/java.net.Socket$SocketInputStream.read(Socket.java:966) ~[na:na]
	at okio.InputStreamSource.read(JvmOkio.kt:93) ~[okio-jvm-3.6.0.jar:na]
	at okio.AsyncTimeout$source$1.read(AsyncTimeout.kt:128) ~[okio-jvm-3.6.0.jar:na]
	at okio.RealBufferedSource.indexOf(RealBufferedSource.kt:430) ~[okio-jvm-3.6.0.jar:na]
	at okio.RealBufferedSource.readUtf8LineStrict(RealBufferedSource.kt:323) ~[okio-jvm-3.6.0.jar:na]
	at okhttp3.internal.http1.HeadersReader.readLine(HeadersReader.kt:29) ~[okhttp-4.12.0.jar:na]
	at okhttp3.internal.http1.Http1ExchangeCodec.readResponseHeaders(Http1ExchangeCodec.kt:180) ~[okhttp-4.12.0.jar:na]
	at okhttp3.internal.connection.Exchange.readResponseHeaders(Exchange.kt:110) ~[okhttp-4.12.0.jar:na]
	at okhttp3.internal.http.CallServerInterceptor.intercept(CallServerInterceptor.kt:93) ~[okhttp-4.12.0.jar:na]
	at okhttp3.internal.http.RealInterceptorChain.proceed(RealInterceptorChain.kt:109) ~[okhttp-4.12.0.jar:na]
	at okhttp3.internal.connection.ConnectInterceptor.intercept(ConnectInterceptor.kt:34) ~[okhttp-4.12.0.jar:na]
	at okhttp3.internal.http.RealInterceptorChain.proceed(RealInterceptorChain.kt:109) ~[okhttp-4.12.0.jar:na]
	at okhttp3.internal.cache.CacheInterceptor.intercept(CacheInterceptor.kt:95) ~[okhttp-4.12.0.jar:na]
	at okhttp3.internal.http.RealInterceptorChain.proceed(RealInterceptorChain.kt:109) ~[okhttp-4.12.0.jar:na]
	at okhttp3.internal.http.BridgeInterceptor.intercept(BridgeInterceptor.kt:83) ~[okhttp-4.12.0.jar:na]
	at okhttp3.internal.http.RealInterceptorChain.proceed(RealInterceptorChain.kt:109) ~[okhttp-4.12.0.jar:na]
	at okhttp3.internal.http.RetryAndFollowUpInterceptor.intercept(RetryAndFollowUpInterceptor.kt:76) ~[okhttp-4.12.0.jar:na]
	at okhttp3.internal.http.RealInterceptorChain.proceed(RealInterceptorChain.kt:109) ~[okhttp-4.12.0.jar:na]
	at okhttp3.internal.connection.RealCall.getResponseWithInterceptorChain$okhttp(RealCall.kt:201) ~[okhttp-4.12.0.jar:na]
	at okhttp3.internal.connection.RealCall$AsyncCall.run(RealCall.kt:517) ~[okhttp-4.12.0.jar:na]
	at java.base/java.util.concurrent.ThreadPoolExecutor.runWorker(ThreadPoolExecutor.java:1136) ~[na:na]
	at java.base/java.util.concurrent.ThreadPoolExecutor$Worker.run(ThreadPoolExecutor.java:635) ~[na:na]
	at java.base/java.lang.Thread.run(Thread.java:842) ~[na:na]

2026-06-04T12:56:58.381+07:00 ERROR [group-service,,] 28732 --- [group-service] [OkHttp http://localhost:4319/...] [                                                 ] i.o.exporter.internal.http.HttpExporter  : Failed to export spans. The request could not be executed. Full error message: Read timed out

java.net.SocketTimeoutException: Read timed out
	at java.base/sun.nio.ch.NioSocketImpl.timedRead(NioSocketImpl.java:288) ~[na:na]
	at java.base/sun.nio.ch.NioSocketImpl.implRead(NioSocketImpl.java:314) ~[na:na]
	at java.base/sun.nio.ch.NioSocketImpl.read(NioSocketImpl.java:355) ~[na:na]
	at java.base/sun.nio.ch.NioSocketImpl$1.read(NioSocketImpl.java:808) ~[na:na]
	at java.base/java.net.Socket$SocketInputStream.read(Socket.java:966) ~[na:na]
	at okio.InputStreamSource.read(JvmOkio.kt:93) ~[okio-jvm-3.6.0.jar:na]
	at okio.AsyncTimeout$source$1.read(AsyncTimeout.kt:128) ~[okio-jvm-3.6.0.jar:na]
	at okio.RealBufferedSource.indexOf(RealBufferedSource.kt:430) ~[okio-jvm-3.6.0.jar:na]
	at okio.RealBufferedSource.readUtf8LineStrict(RealBufferedSource.kt:323) ~[okio-jvm-3.6.0.jar:na]
	at okhttp3.internal.http1.HeadersReader.readLine(HeadersReader.kt:29) ~[okhttp-4.12.0.jar:na]
	at okhttp3.internal.http1.Http1ExchangeCodec.readResponseHeaders(Http1ExchangeCodec.kt:180) ~[okhttp-4.12.0.jar:na]
	at okhttp3.internal.connection.Exchange.readResponseHeaders(Exchange.kt:110) ~[okhttp-4.12.0.jar:na]
	at okhttp3.internal.http.CallServerInterceptor.intercept(CallServerInterceptor.kt:93) ~[okhttp-4.12.0.jar:na]
	at okhttp3.internal.http.RealInterceptorChain.proceed(RealInterceptorChain.kt:109) ~[okhttp-4.12.0.jar:na]
	at okhttp3.internal.connection.ConnectInterceptor.intercept(ConnectInterceptor.kt:34) ~[okhttp-4.12.0.jar:na]
	at okhttp3.internal.http.RealInterceptorChain.proceed(RealInterceptorChain.kt:109) ~[okhttp-4.12.0.jar:na]
	at okhttp3.internal.cache.CacheInterceptor.intercept(CacheInterceptor.kt:95) ~[okhttp-4.12.0.jar:na]
	at okhttp3.internal.http.RealInterceptorChain.proceed(RealInterceptorChain.kt:109) ~[okhttp-4.12.0.jar:na]
	at okhttp3.internal.http.BridgeInterceptor.intercept(BridgeInterceptor.kt:83) ~[okhttp-4.12.0.jar:na]
	at okhttp3.internal.http.RealInterceptorChain.proceed(RealInterceptorChain.kt:109) ~[okhttp-4.12.0.jar:na]
	at okhttp3.internal.http.RetryAndFollowUpInterceptor.intercept(RetryAndFollowUpInterceptor.kt:76) ~[okhttp-4.12.0.jar:na]
	at okhttp3.internal.http.RealInterceptorChain.proceed(RealInterceptorChain.kt:109) ~[okhttp-4.12.0.jar:na]
	at okhttp3.internal.connection.RealCall.getResponseWithInterceptorChain$okhttp(RealCall.kt:201) ~[okhttp-4.12.0.jar:na]
	at okhttp3.internal.connection.RealCall$AsyncCall.run(RealCall.kt:517) ~[okhttp-4.12.0.jar:na]
	at java.base/java.util.concurrent.ThreadPoolExecutor.runWorker(ThreadPoolExecutor.java:1136) ~[na:na]
	at java.base/java.util.concurrent.ThreadPoolExecutor$Worker.run(ThreadPoolExecutor.java:635) ~[na:na]
	at java.base/java.lang.Thread.run(Thread.java:842) ~[na:na]

2026-06-04T12:57:13.428+07:00 ERROR [group-service,,] 28732 --- [group-service] [OkHttp http://localhost:4319/...] [                                                 ] i.o.exporter.internal.http.HttpExporter  : Failed to export spans. The request could not be executed. Full error message: timeout

java.io.InterruptedIOException: timeout
	at okhttp3.internal.connection.RealCall.timeoutExit(RealCall.kt:398) ~[okhttp-4.12.0.jar:na]
	at okhttp3.internal.connection.RealCall.callDone(RealCall.kt:360) ~[okhttp-4.12.0.jar:na]
	at okhttp3.internal.connection.RealCall.noMoreExchanges$okhttp(RealCall.kt:325) ~[okhttp-4.12.0.jar:na]
	at okhttp3.internal.connection.RealCall.getResponseWithInterceptorChain$okhttp(RealCall.kt:209) ~[okhttp-4.12.0.jar:na]
	at okhttp3.internal.connection.RealCall$AsyncCall.run(RealCall.kt:517) ~[okhttp-4.12.0.jar:na]
	at java.base/java.util.concurrent.ThreadPoolExecutor.runWorker(ThreadPoolExecutor.java:1136) ~[na:na]
	at java.base/java.util.concurrent.ThreadPoolExecutor$Worker.run(ThreadPoolExecutor.java:635) ~[na:na]
	at java.base/java.lang.Thread.run(Thread.java:842) ~[na:na]
Caused by: java.io.IOException: Canceled
	at okhttp3.internal.http.RetryAndFollowUpInterceptor.intercept(RetryAndFollowUpInterceptor.kt:72) ~[okhttp-4.12.0.jar:na]
	at okhttp3.internal.http.RealInterceptorChain.proceed(RealInterceptorChain.kt:109) ~[okhttp-4.12.0.jar:na]
	at okhttp3.internal.connection.RealCall.getResponseWithInterceptorChain$okhttp(RealCall.kt:201) ~[okhttp-4.12.0.jar:na]
	... 4 common frames omitted

2026-06-04T12:57:28.683+07:00 ERROR [group-service,,] 28732 --- [group-service] [OkHttp http://localhost:4319/...] [                                                 ] i.o.exporter.internal.http.HttpExporter  : Failed to export spans. The request could not be executed. Full error message: timeout

java.io.InterruptedIOException: timeout
	at okhttp3.internal.connection.RealCall.timeoutExit(RealCall.kt:398) ~[okhttp-4.12.0.jar:na]
	at okhttp3.internal.connection.RealCall.callDone(RealCall.kt:360) ~[okhttp-4.12.0.jar:na]
	at okhttp3.internal.connection.RealCall.noMoreExchanges$okhttp(RealCall.kt:325) ~[okhttp-4.12.0.jar:na]
	at okhttp3.internal.connection.RealCall.getResponseWithInterceptorChain$okhttp(RealCall.kt:209) ~[okhttp-4.12.0.jar:na]
	at okhttp3.internal.connection.RealCall$AsyncCall.run(RealCall.kt:517) ~[okhttp-4.12.0.jar:na]
	at java.base/java.util.concurrent.ThreadPoolExecutor.runWorker(ThreadPoolExecutor.java:1136) ~[na:na]
	at java.base/java.util.concurrent.ThreadPoolExecutor$Worker.run(ThreadPoolExecutor.java:635) ~[na:na]
	at java.base/java.lang.Thread.run(Thread.java:842) ~[na:na]
Caused by: java.net.SocketException: Socket closed
	at java.base/sun.nio.ch.NioSocketImpl.endRead(NioSocketImpl.java:253) ~[na:na]
	at java.base/sun.nio.ch.NioSocketImpl.implRead(NioSocketImpl.java:332) ~[na:na]
	at java.base/sun.nio.ch.NioSocketImpl.read(NioSocketImpl.java:355) ~[na:na]
	at java.base/sun.nio.ch.NioSocketImpl$1.read(NioSocketImpl.java:808) ~[na:na]
	at java.base/java.net.Socket$SocketInputStream.read(Socket.java:966) ~[na:na]
	at okio.InputStreamSource.read(JvmOkio.kt:93) ~[okio-jvm-3.6.0.jar:na]
	at okio.AsyncTimeout$source$1.read(AsyncTimeout.kt:128) ~[okio-jvm-3.6.0.jar:na]
	at okio.RealBufferedSource.indexOf(RealBufferedSource.kt:430) ~[okio-jvm-3.6.0.jar:na]
	at okio.RealBufferedSource.readUtf8LineStrict(RealBufferedSource.kt:323) ~[okio-jvm-3.6.0.jar:na]
	at okhttp3.internal.http1.HeadersReader.readLine(HeadersReader.kt:29) ~[okhttp-4.12.0.jar:na]
	at okhttp3.internal.http1.Http1ExchangeCodec.readResponseHeaders(Http1ExchangeCodec.kt:180) ~[okhttp-4.12.0.jar:na]
	at okhttp3.internal.connection.Exchange.readResponseHeaders(Exchange.kt:110) ~[okhttp-4.12.0.jar:na]
	at okhttp3.internal.http.CallServerInterceptor.intercept(CallServerInterceptor.kt:93) ~[okhttp-4.12.0.jar:na]
	at okhttp3.internal.http.RealInterceptorChain.proceed(RealInterceptorChain.kt:109) ~[okhttp-4.12.0.jar:na]
	at okhttp3.internal.connection.ConnectInterceptor.intercept(ConnectInterceptor.kt:34) ~[okhttp-4.12.0.jar:na]
	at okhttp3.internal.http.RealInterceptorChain.proceed(RealInterceptorChain.kt:109) ~[okhttp-4.12.0.jar:na]
	at okhttp3.internal.cache.CacheInterceptor.intercept(CacheInterceptor.kt:95) ~[okhttp-4.12.0.jar:na]
	at okhttp3.internal.http.RealInterceptorChain.proceed(RealInterceptorChain.kt:109) ~[okhttp-4.12.0.jar:na]
	at okhttp3.internal.http.BridgeInterceptor.intercept(BridgeInterceptor.kt:83) ~[okhttp-4.12.0.jar:na]
	at okhttp3.internal.http.RealInterceptorChain.proceed(RealInterceptorChain.kt:109) ~[okhttp-4.12.0.jar:na]
	at okhttp3.internal.http.RetryAndFollowUpInterceptor.intercept(RetryAndFollowUpInterceptor.kt:76) ~[okhttp-4.12.0.jar:na]
	at okhttp3.internal.http.RealInterceptorChain.proceed(RealInterceptorChain.kt:109) ~[okhttp-4.12.0.jar:na]
	at okhttp3.internal.connection.RealCall.getResponseWithInterceptorChain$okhttp(RealCall.kt:201) ~[okhttp-4.12.0.jar:na]
	... 4 common frames omitted
	Suppressed: java.net.ConnectException: Failed to connect to localhost/127.0.0.1:4319
		at okhttp3.internal.connection.RealConnection.connectSocket(RealConnection.kt:297) ~[okhttp-4.12.0.jar:na]
		at okhttp3.internal.connection.RealConnection.connect(RealConnection.kt:207) ~[okhttp-4.12.0.jar:na]
		at okhttp3.internal.connection.ExchangeFinder.findConnection(ExchangeFinder.kt:226) ~[okhttp-4.12.0.jar:na]
		at okhttp3.internal.connection.ExchangeFinder.findHealthyConnection(ExchangeFinder.kt:106) ~[okhttp-4.12.0.jar:na]
		at okhttp3.internal.connection.ExchangeFinder.find(ExchangeFinder.kt:74) ~[okhttp-4.12.0.jar:na]
		at okhttp3.internal.connection.RealCall.initExchange$okhttp(RealCall.kt:255) ~[okhttp-4.12.0.jar:na]
		at okhttp3.internal.connection.ConnectInterceptor.intercept(ConnectInterceptor.kt:32) ~[okhttp-4.12.0.jar:na]
		... 12 common frames omitted
	Caused by: java.net.ConnectException: Connection refused: no further information
		at java.base/sun.nio.ch.Net.pollConnect(Native Method)
		at java.base/sun.nio.ch.Net.pollConnectNow(Net.java:672)
		at java.base/sun.nio.ch.NioSocketImpl.timedFinishConnect(NioSocketImpl.java:547)
		at java.base/sun.nio.ch.NioSocketImpl.connect(NioSocketImpl.java:602)
		at java.base/java.net.SocksSocketImpl.connect(SocksSocketImpl.java:327)
		at java.base/java.net.Socket.connect(Socket.java:633)
		at okhttp3.internal.platform.Platform.connectSocket(Platform.kt:128)
		at okhttp3.internal.connection.RealConnection.connectSocket(RealConnection.kt:295)
		... 18 common frames omitted

2026-06-04T12:57:43.835+07:00 ERROR [group-service,,] 28732 --- [group-service] [OkHttp http://localhost:4319/...] [                                                 ] i.o.exporter.internal.http.HttpExporter  : Failed to export spans. The request could not be executed. Full error message: timeout

java.io.InterruptedIOException: timeout
	at okhttp3.internal.connection.RealCall.timeoutExit(RealCall.kt:398) ~[okhttp-4.12.0.jar:na]
	at okhttp3.internal.connection.RealCall.callDone(RealCall.kt:360) ~[okhttp-4.12.0.jar:na]
	at okhttp3.internal.connection.RealCall.noMoreExchanges$okhttp(RealCall.kt:325) ~[okhttp-4.12.0.jar:na]
	at okhttp3.internal.connection.RealCall.getResponseWithInterceptorChain$okhttp(RealCall.kt:209) ~[okhttp-4.12.0.jar:na]
	at okhttp3.internal.connection.RealCall$AsyncCall.run(RealCall.kt:517) ~[okhttp-4.12.0.jar:na]
	at java.base/java.util.concurrent.ThreadPoolExecutor.runWorker(ThreadPoolExecutor.java:1136) ~[na:na]
	at java.base/java.util.concurrent.ThreadPoolExecutor$Worker.run(ThreadPoolExecutor.java:635) ~[na:na]
	at java.base/java.lang.Thread.run(Thread.java:842) ~[na:na]
Caused by: java.net.SocketException: Socket closed
	at java.base/sun.nio.ch.NioSocketImpl.endRead(NioSocketImpl.java:253) ~[na:na]
	at java.base/sun.nio.ch.NioSocketImpl.implRead(NioSocketImpl.java:332) ~[na:na]
	at java.base/sun.nio.ch.NioSocketImpl.read(NioSocketImpl.java:355) ~[na:na]
	at java.base/sun.nio.ch.NioSocketImpl$1.read(NioSocketImpl.java:808) ~[na:na]
	at java.base/java.net.Socket$SocketInputStream.read(Socket.java:966) ~[na:na]
	at okio.InputStreamSource.read(JvmOkio.kt:93) ~[okio-jvm-3.6.0.jar:na]
	at okio.AsyncTimeout$source$1.read(AsyncTimeout.kt:128) ~[okio-jvm-3.6.0.jar:na]
	at okio.RealBufferedSource.indexOf(RealBufferedSource.kt:430) ~[okio-jvm-3.6.0.jar:na]
	at okio.RealBufferedSource.readUtf8LineStrict(RealBufferedSource.kt:323) ~[okio-jvm-3.6.0.jar:na]
	at okhttp3.internal.http1.HeadersReader.readLine(HeadersReader.kt:29) ~[okhttp-4.12.0.jar:na]
	at okhttp3.internal.http1.Http1ExchangeCodec.readResponseHeaders(Http1ExchangeCodec.kt:180) ~[okhttp-4.12.0.jar:na]
	at okhttp3.internal.connection.Exchange.readResponseHeaders(Exchange.kt:110) ~[okhttp-4.12.0.jar:na]
	at okhttp3.internal.http.CallServerInterceptor.intercept(CallServerInterceptor.kt:93) ~[okhttp-4.12.0.jar:na]
	at okhttp3.internal.http.RealInterceptorChain.proceed(RealInterceptorChain.kt:109) ~[okhttp-4.12.0.jar:na]
	at okhttp3.internal.connection.ConnectInterceptor.intercept(ConnectInterceptor.kt:34) ~[okhttp-4.12.0.jar:na]
	at okhttp3.internal.http.RealInterceptorChain.proceed(RealInterceptorChain.kt:109) ~[okhttp-4.12.0.jar:na]
	at okhttp3.internal.cache.CacheInterceptor.intercept(CacheInterceptor.kt:95) ~[okhttp-4.12.0.jar:na]
	at okhttp3.internal.http.RealInterceptorChain.proceed(RealInterceptorChain.kt:109) ~[okhttp-4.12.0.jar:na]
	at okhttp3.internal.http.BridgeInterceptor.intercept(BridgeInterceptor.kt:83) ~[okhttp-4.12.0.jar:na]
	at okhttp3.internal.http.RealInterceptorChain.proceed(RealInterceptorChain.kt:109) ~[okhttp-4.12.0.jar:na]
	at okhttp3.internal.http.RetryAndFollowUpInterceptor.intercept(RetryAndFollowUpInterceptor.kt:76) ~[okhttp-4.12.0.jar:na]
	at okhttp3.internal.http.RealInterceptorChain.proceed(RealInterceptorChain.kt:109) ~[okhttp-4.12.0.jar:na]
	at okhttp3.internal.connection.RealCall.getResponseWithInterceptorChain$okhttp(RealCall.kt:201) ~[okhttp-4.12.0.jar:na]
	... 4 common frames omitted
	Suppressed: java.net.ConnectException: Failed to connect to localhost/127.0.0.1:4319
		at okhttp3.internal.connection.RealConnection.connectSocket(RealConnection.kt:297) ~[okhttp-4.12.0.jar:na]
		at okhttp3.internal.connection.RealConnection.connect(RealConnection.kt:207) ~[okhttp-4.12.0.jar:na]
		at okhttp3.internal.connection.ExchangeFinder.findConnection(ExchangeFinder.kt:226) ~[okhttp-4.12.0.jar:na]
		at okhttp3.internal.connection.ExchangeFinder.findHealthyConnection(ExchangeFinder.kt:106) ~[okhttp-4.12.0.jar:na]
		at okhttp3.internal.connection.ExchangeFinder.find(ExchangeFinder.kt:74) ~[okhttp-4.12.0.jar:na]
		at okhttp3.internal.connection.RealCall.initExchange$okhttp(RealCall.kt:255) ~[okhttp-4.12.0.jar:na]
		at okhttp3.internal.connection.ConnectInterceptor.intercept(ConnectInterceptor.kt:32) ~[okhttp-4.12.0.jar:na]
		... 12 common frames omitted
	Caused by: java.net.ConnectException: Connection refused: no further information
		at java.base/sun.nio.ch.Net.pollConnect(Native Method)
		at java.base/sun.nio.ch.Net.pollConnectNow(Net.java:672)
		at java.base/sun.nio.ch.NioSocketImpl.timedFinishConnect(NioSocketImpl.java:547)
		at java.base/sun.nio.ch.NioSocketImpl.connect(NioSocketImpl.java:602)
		at java.base/java.net.SocksSocketImpl.connect(SocksSocketImpl.java:327)
		at java.base/java.net.Socket.connect(Socket.java:633)
		at okhttp3.internal.platform.Platform.connectSocket(Platform.kt:128)
		at okhttp3.internal.connection.RealConnection.connectSocket(RealConnection.kt:295)
		... 18 common frames omitted

2026-06-04T12:57:53.736+07:00  INFO [group-service,,] 28732 --- [group-service] [AsyncResolver-bootstrap-executor-%d] [                                                 ] c.n.d.s.r.aws.ConfigClusterResolver      : Resolving eureka endpoints via configuration
2026-06-04T12:57:58.926+07:00 ERROR [group-service,,] 28732 --- [group-service] [OkHttp http://localhost:4319/...] [                                                 ] i.o.exporter.internal.http.HttpExporter  : Failed to export spans. The request could not be executed. Full error message: timeout

java.io.InterruptedIOException: timeout
	at okhttp3.internal.connection.RealCall.timeoutExit(RealCall.kt:398) ~[okhttp-4.12.0.jar:na]
	at okhttp3.internal.connection.RealCall.callDone(RealCall.kt:360) ~[okhttp-4.12.0.jar:na]
	at okhttp3.internal.connection.RealCall.noMoreExchanges$okhttp(RealCall.kt:325) ~[okhttp-4.12.0.jar:na]
	at okhttp3.internal.connection.RealCall.getResponseWithInterceptorChain$okhttp(RealCall.kt:209) ~[okhttp-4.12.0.jar:na]
	at okhttp3.internal.connection.RealCall$AsyncCall.run(RealCall.kt:517) ~[okhttp-4.12.0.jar:na]
	at java.base/java.util.concurrent.ThreadPoolExecutor.runWorker(ThreadPoolExecutor.java:1136) ~[na:na]
	at java.base/java.util.concurrent.ThreadPoolExecutor$Worker.run(ThreadPoolExecutor.java:635) ~[na:na]
	at java.base/java.lang.Thread.run(Thread.java:842) ~[na:na]
Caused by: java.net.SocketException: Socket closed
	at java.base/sun.nio.ch.NioSocketImpl.endRead(NioSocketImpl.java:253) ~[na:na]
	at java.base/sun.nio.ch.NioSocketImpl.implRead(NioSocketImpl.java:332) ~[na:na]
	at java.base/sun.nio.ch.NioSocketImpl.read(NioSocketImpl.java:355) ~[na:na]
	at java.base/sun.nio.ch.NioSocketImpl$1.read(NioSocketImpl.java:808) ~[na:na]
	at java.base/java.net.Socket$SocketInputStream.read(Socket.java:966) ~[na:na]
	at okio.InputStreamSource.read(JvmOkio.kt:93) ~[okio-jvm-3.6.0.jar:na]
	at okio.AsyncTimeout$source$1.read(AsyncTimeout.kt:128) ~[okio-jvm-3.6.0.jar:na]
	at okio.RealBufferedSource.indexOf(RealBufferedSource.kt:430) ~[okio-jvm-3.6.0.jar:na]
	at okio.RealBufferedSource.readUtf8LineStrict(RealBufferedSource.kt:323) ~[okio-jvm-3.6.0.jar:na]
	at okhttp3.internal.http1.HeadersReader.readLine(HeadersReader.kt:29) ~[okhttp-4.12.0.jar:na]
	at okhttp3.internal.http1.Http1ExchangeCodec.readResponseHeaders(Http1ExchangeCodec.kt:180) ~[okhttp-4.12.0.jar:na]
	at okhttp3.internal.connection.Exchange.readResponseHeaders(Exchange.kt:110) ~[okhttp-4.12.0.jar:na]
	at okhttp3.internal.http.CallServerInterceptor.intercept(CallServerInterceptor.kt:93) ~[okhttp-4.12.0.jar:na]
	at okhttp3.internal.http.RealInterceptorChain.proceed(RealInterceptorChain.kt:109) ~[okhttp-4.12.0.jar:na]
	at okhttp3.internal.connection.ConnectInterceptor.intercept(ConnectInterceptor.kt:34) ~[okhttp-4.12.0.jar:na]
	at okhttp3.internal.http.RealInterceptorChain.proceed(RealInterceptorChain.kt:109) ~[okhttp-4.12.0.jar:na]
	at okhttp3.internal.cache.CacheInterceptor.intercept(CacheInterceptor.kt:95) ~[okhttp-4.12.0.jar:na]
	at okhttp3.internal.http.RealInterceptorChain.proceed(RealInterceptorChain.kt:109) ~[okhttp-4.12.0.jar:na]
	at okhttp3.internal.http.BridgeInterceptor.intercept(BridgeInterceptor.kt:83) ~[okhttp-4.12.0.jar:na]
	at okhttp3.internal.http.RealInterceptorChain.proceed(RealInterceptorChain.kt:109) ~[okhttp-4.12.0.jar:na]
	at okhttp3.internal.http.RetryAndFollowUpInterceptor.intercept(RetryAndFollowUpInterceptor.kt:76) ~[okhttp-4.12.0.jar:na]
	at okhttp3.internal.http.RealInterceptorChain.proceed(RealInterceptorChain.kt:109) ~[okhttp-4.12.0.jar:na]
	at okhttp3.internal.connection.RealCall.getResponseWithInterceptorChain$okhttp(RealCall.kt:201) ~[okhttp-4.12.0.jar:na]
	... 4 common frames omitted
	Suppressed: java.net.ConnectException: Failed to connect to localhost/127.0.0.1:4319
		at okhttp3.internal.connection.RealConnection.connectSocket(RealConnection.kt:297) ~[okhttp-4.12.0.jar:na]
		at okhttp3.internal.connection.RealConnection.connect(RealConnection.kt:207) ~[okhttp-4.12.0.jar:na]
		at okhttp3.internal.connection.ExchangeFinder.findConnection(ExchangeFinder.kt:226) ~[okhttp-4.12.0.jar:na]
		at okhttp3.internal.connection.ExchangeFinder.findHealthyConnection(ExchangeFinder.kt:106) ~[okhttp-4.12.0.jar:na]
		at okhttp3.internal.connection.ExchangeFinder.find(ExchangeFinder.kt:74) ~[okhttp-4.12.0.jar:na]
		at okhttp3.internal.connection.RealCall.initExchange$okhttp(RealCall.kt:255) ~[okhttp-4.12.0.jar:na]
		at okhttp3.internal.connection.ConnectInterceptor.intercept(ConnectInterceptor.kt:32) ~[okhttp-4.12.0.jar:na]
		... 12 common frames omitted
	Caused by: java.net.ConnectException: Connection refused: no further information
		at java.base/sun.nio.ch.Net.pollConnect(Native Method)
		at java.base/sun.nio.ch.Net.pollConnectNow(Net.java:672)
		at java.base/sun.nio.ch.NioSocketImpl.timedFinishConnect(NioSocketImpl.java:547)
		at java.base/sun.nio.ch.NioSocketImpl.connect(NioSocketImpl.java:602)
		at java.base/java.net.SocksSocketImpl.connect(SocksSocketImpl.java:327)
		at java.base/java.net.Socket.connect(Socket.java:633)
		at okhttp3.internal.platform.Platform.connectSocket(Platform.kt:128)
		at okhttp3.internal.connection.RealConnection.connectSocket(RealConnection.kt:295)
		... 18 common frames omitted

2026-06-04T12:58:14.111+07:00 ERROR [group-service,,] 28732 --- [group-service] [OkHttp http://localhost:4319/...] [                                                 ] i.o.exporter.internal.http.HttpExporter  : Failed to export spans. The request could not be executed. Full error message: timeout

java.io.InterruptedIOException: timeout
	at okhttp3.internal.connection.RealCall.timeoutExit(RealCall.kt:398) ~[okhttp-4.12.0.jar:na]
	at okhttp3.internal.connection.RealCall.callDone(RealCall.kt:360) ~[okhttp-4.12.0.jar:na]
	at okhttp3.internal.connection.RealCall.noMoreExchanges$okhttp(RealCall.kt:325) ~[okhttp-4.12.0.jar:na]
	at okhttp3.internal.connection.RealCall.getResponseWithInterceptorChain$okhttp(RealCall.kt:209) ~[okhttp-4.12.0.jar:na]
	at okhttp3.internal.connection.RealCall$AsyncCall.run(RealCall.kt:517) ~[okhttp-4.12.0.jar:na]
	at java.base/java.util.concurrent.ThreadPoolExecutor.runWorker(ThreadPoolExecutor.java:1136) ~[na:na]
	at java.base/java.util.concurrent.ThreadPoolExecutor$Worker.run(ThreadPoolExecutor.java:635) ~[na:na]
	at java.base/java.lang.Thread.run(Thread.java:842) ~[na:na]
Caused by: java.net.SocketException: Socket closed
	at java.base/sun.nio.ch.NioSocketImpl.endRead(NioSocketImpl.java:253) ~[na:na]
	at java.base/sun.nio.ch.NioSocketImpl.implRead(NioSocketImpl.java:332) ~[na:na]
	at java.base/sun.nio.ch.NioSocketImpl.read(NioSocketImpl.java:355) ~[na:na]
	at java.base/sun.nio.ch.NioSocketImpl$1.read(NioSocketImpl.java:808) ~[na:na]
	at java.base/java.net.Socket$SocketInputStream.read(Socket.java:966) ~[na:na]
	at okio.InputStreamSource.read(JvmOkio.kt:93) ~[okio-jvm-3.6.0.jar:na]
	at okio.AsyncTimeout$source$1.read(AsyncTimeout.kt:128) ~[okio-jvm-3.6.0.jar:na]
	at okio.RealBufferedSource.indexOf(RealBufferedSource.kt:430) ~[okio-jvm-3.6.0.jar:na]
	at okio.RealBufferedSource.readUtf8LineStrict(RealBufferedSource.kt:323) ~[okio-jvm-3.6.0.jar:na]
	at okhttp3.internal.http1.HeadersReader.readLine(HeadersReader.kt:29) ~[okhttp-4.12.0.jar:na]
	at okhttp3.internal.http1.Http1ExchangeCodec.readResponseHeaders(Http1ExchangeCodec.kt:180) ~[okhttp-4.12.0.jar:na]
	at okhttp3.internal.connection.Exchange.readResponseHeaders(Exchange.kt:110) ~[okhttp-4.12.0.jar:na]
	at okhttp3.internal.http.CallServerInterceptor.intercept(CallServerInterceptor.kt:93) ~[okhttp-4.12.0.jar:na]
	at okhttp3.internal.http.RealInterceptorChain.proceed(RealInterceptorChain.kt:109) ~[okhttp-4.12.0.jar:na]
	at okhttp3.internal.connection.ConnectInterceptor.intercept(ConnectInterceptor.kt:34) ~[okhttp-4.12.0.jar:na]
	at okhttp3.internal.http.RealInterceptorChain.proceed(RealInterceptorChain.kt:109) ~[okhttp-4.12.0.jar:na]
	at okhttp3.internal.cache.CacheInterceptor.intercept(CacheInterceptor.kt:95) ~[okhttp-4.12.0.jar:na]
	at okhttp3.internal.http.RealInterceptorChain.proceed(RealInterceptorChain.kt:109) ~[okhttp-4.12.0.jar:na]
	at okhttp3.internal.http.BridgeInterceptor.intercept(BridgeInterceptor.kt:83) ~[okhttp-4.12.0.jar:na]
	at okhttp3.internal.http.RealInterceptorChain.proceed(RealInterceptorChain.kt:109) ~[okhttp-4.12.0.jar:na]
	at okhttp3.internal.http.RetryAndFollowUpInterceptor.intercept(RetryAndFollowUpInterceptor.kt:76) ~[okhttp-4.12.0.jar:na]
	at okhttp3.internal.http.RealInterceptorChain.proceed(RealInterceptorChain.kt:109) ~[okhttp-4.12.0.jar:na]
	at okhttp3.internal.connection.RealCall.getResponseWithInterceptorChain$okhttp(RealCall.kt:201) ~[okhttp-4.12.0.jar:na]
	... 4 common frames omitted
	Suppressed: java.net.ConnectException: Failed to connect to localhost/127.0.0.1:4319
		at okhttp3.internal.connection.RealConnection.connectSocket(RealConnection.kt:297) ~[okhttp-4.12.0.jar:na]
		at okhttp3.internal.connection.RealConnection.connect(RealConnection.kt:207) ~[okhttp-4.12.0.jar:na]
		at okhttp3.internal.connection.ExchangeFinder.findConnection(ExchangeFinder.kt:226) ~[okhttp-4.12.0.jar:na]
		at okhttp3.internal.connection.ExchangeFinder.findHealthyConnection(ExchangeFinder.kt:106) ~[okhttp-4.12.0.jar:na]
		at okhttp3.internal.connection.ExchangeFinder.find(ExchangeFinder.kt:74) ~[okhttp-4.12.0.jar:na]
		at okhttp3.internal.connection.RealCall.initExchange$okhttp(RealCall.kt:255) ~[okhttp-4.12.0.jar:na]
		at okhttp3.internal.connection.ConnectInterceptor.intercept(ConnectInterceptor.kt:32) ~[okhttp-4.12.0.jar:na]
		... 12 common frames omitted
	Caused by: java.net.ConnectException: Connection refused: no further information
		at java.base/sun.nio.ch.Net.pollConnect(Native Method)
		at java.base/sun.nio.ch.Net.pollConnectNow(Net.java:672)
		at java.base/sun.nio.ch.NioSocketImpl.timedFinishConnect(NioSocketImpl.java:547)
		at java.base/sun.nio.ch.NioSocketImpl.connect(NioSocketImpl.java:602)
		at java.base/java.net.SocksSocketImpl.connect(SocksSocketImpl.java:327)
		at java.base/java.net.Socket.connect(Socket.java:633)
		at okhttp3.internal.platform.Platform.connectSocket(Platform.kt:128)
		at okhttp3.internal.connection.RealConnection.connectSocket(RealConnection.kt:295)
		... 18 common frames omitted

2026-06-04T12:58:29.231+07:00 ERROR [group-service,,] 28732 --- [group-service] [OkHttp http://localhost:4319/...] [                                                 ] i.o.exporter.internal.http.HttpExporter  : Failed to export spans. The request could not be executed. Full error message: timeout

java.io.InterruptedIOException: timeout
	at okhttp3.internal.connection.RealCall.timeoutExit(RealCall.kt:398) ~[okhttp-4.12.0.jar:na]
	at okhttp3.internal.connection.RealCall.callDone(RealCall.kt:360) ~[okhttp-4.12.0.jar:na]
	at okhttp3.internal.connection.RealCall.noMoreExchanges$okhttp(RealCall.kt:325) ~[okhttp-4.12.0.jar:na]
	at okhttp3.internal.connection.RealCall.getResponseWithInterceptorChain$okhttp(RealCall.kt:209) ~[okhttp-4.12.0.jar:na]
	at okhttp3.internal.connection.RealCall$AsyncCall.run(RealCall.kt:517) ~[okhttp-4.12.0.jar:na]
	at java.base/java.util.concurrent.ThreadPoolExecutor.runWorker(ThreadPoolExecutor.java:1136) ~[na:na]
	at java.base/java.util.concurrent.ThreadPoolExecutor$Worker.run(ThreadPoolExecutor.java:635) ~[na:na]
	at java.base/java.lang.Thread.run(Thread.java:842) ~[na:na]
Caused by: java.net.SocketException: Socket closed
	at java.base/sun.nio.ch.NioSocketImpl.endRead(NioSocketImpl.java:253) ~[na:na]
	at java.base/sun.nio.ch.NioSocketImpl.implRead(NioSocketImpl.java:332) ~[na:na]
	at java.base/sun.nio.ch.NioSocketImpl.read(NioSocketImpl.java:355) ~[na:na]
	at java.base/sun.nio.ch.NioSocketImpl$1.read(NioSocketImpl.java:808) ~[na:na]
	at java.base/java.net.Socket$SocketInputStream.read(Socket.java:966) ~[na:na]
	at okio.InputStreamSource.read(JvmOkio.kt:93) ~[okio-jvm-3.6.0.jar:na]
	at okio.AsyncTimeout$source$1.read(AsyncTimeout.kt:128) ~[okio-jvm-3.6.0.jar:na]
	at okio.RealBufferedSource.indexOf(RealBufferedSource.kt:430) ~[okio-jvm-3.6.0.jar:na]
	at okio.RealBufferedSource.readUtf8LineStrict(RealBufferedSource.kt:323) ~[okio-jvm-3.6.0.jar:na]
	at okhttp3.internal.http1.HeadersReader.readLine(HeadersReader.kt:29) ~[okhttp-4.12.0.jar:na]
	at okhttp3.internal.http1.Http1ExchangeCodec.readResponseHeaders(Http1ExchangeCodec.kt:180) ~[okhttp-4.12.0.jar:na]
	at okhttp3.internal.connection.Exchange.readResponseHeaders(Exchange.kt:110) ~[okhttp-4.12.0.jar:na]
	at okhttp3.internal.http.CallServerInterceptor.intercept(CallServerInterceptor.kt:93) ~[okhttp-4.12.0.jar:na]
	at okhttp3.internal.http.RealInterceptorChain.proceed(RealInterceptorChain.kt:109) ~[okhttp-4.12.0.jar:na]
	at okhttp3.internal.connection.ConnectInterceptor.intercept(ConnectInterceptor.kt:34) ~[okhttp-4.12.0.jar:na]
	at okhttp3.internal.http.RealInterceptorChain.proceed(RealInterceptorChain.kt:109) ~[okhttp-4.12.0.jar:na]
	at okhttp3.internal.cache.CacheInterceptor.intercept(CacheInterceptor.kt:95) ~[okhttp-4.12.0.jar:na]
	at okhttp3.internal.http.RealInterceptorChain.proceed(RealInterceptorChain.kt:109) ~[okhttp-4.12.0.jar:na]
	at okhttp3.internal.http.BridgeInterceptor.intercept(BridgeInterceptor.kt:83) ~[okhttp-4.12.0.jar:na]
	at okhttp3.internal.http.RealInterceptorChain.proceed(RealInterceptorChain.kt:109) ~[okhttp-4.12.0.jar:na]
	at okhttp3.internal.http.RetryAndFollowUpInterceptor.intercept(RetryAndFollowUpInterceptor.kt:76) ~[okhttp-4.12.0.jar:na]
	at okhttp3.internal.http.RealInterceptorChain.proceed(RealInterceptorChain.kt:109) ~[okhttp-4.12.0.jar:na]
	at okhttp3.internal.connection.RealCall.getResponseWithInterceptorChain$okhttp(RealCall.kt:201) ~[okhttp-4.12.0.jar:na]
	... 4 common frames omitted
	Suppressed: java.net.ConnectException: Failed to connect to localhost/127.0.0.1:4319
		at okhttp3.internal.connection.RealConnection.connectSocket(RealConnection.kt:297) ~[okhttp-4.12.0.jar:na]
		at okhttp3.internal.connection.RealConnection.connect(RealConnection.kt:207) ~[okhttp-4.12.0.jar:na]
		at okhttp3.internal.connection.ExchangeFinder.findConnection(ExchangeFinder.kt:226) ~[okhttp-4.12.0.jar:na]
		at okhttp3.internal.connection.ExchangeFinder.findHealthyConnection(ExchangeFinder.kt:106) ~[okhttp-4.12.0.jar:na]
		at okhttp3.internal.connection.ExchangeFinder.find(ExchangeFinder.kt:74) ~[okhttp-4.12.0.jar:na]
		at okhttp3.internal.connection.RealCall.initExchange$okhttp(RealCall.kt:255) ~[okhttp-4.12.0.jar:na]
		at okhttp3.internal.connection.ConnectInterceptor.intercept(ConnectInterceptor.kt:32) ~[okhttp-4.12.0.jar:na]
		... 12 common frames omitted
	Caused by: java.net.ConnectException: Connection refused: no further information
		at java.base/sun.nio.ch.Net.pollConnect(Native Method)
		at java.base/sun.nio.ch.Net.pollConnectNow(Net.java:672)
		at java.base/sun.nio.ch.NioSocketImpl.timedFinishConnect(NioSocketImpl.java:547)
		at java.base/sun.nio.ch.NioSocketImpl.connect(NioSocketImpl.java:602)
		at java.base/java.net.SocksSocketImpl.connect(SocksSocketImpl.java:327)
		at java.base/java.net.Socket.connect(Socket.java:633)
		at okhttp3.internal.platform.Platform.connectSocket(Platform.kt:128)
		at okhttp3.internal.connection.RealConnection.connectSocket(RealConnection.kt:295)
		... 18 common frames omitted

2026-06-04T12:58:44.284+07:00 ERROR [group-service,,] 28732 --- [group-service] [OkHttp http://localhost:4319/...] [                                                 ] i.o.exporter.internal.http.HttpExporter  : Failed to export spans. The request could not be executed. Full error message: timeout

java.io.InterruptedIOException: timeout
	at okhttp3.internal.connection.RealCall.timeoutExit(RealCall.kt:398) ~[okhttp-4.12.0.jar:na]
	at okhttp3.internal.connection.RealCall.callDone(RealCall.kt:360) ~[okhttp-4.12.0.jar:na]
	at okhttp3.internal.connection.RealCall.noMoreExchanges$okhttp(RealCall.kt:325) ~[okhttp-4.12.0.jar:na]
	at okhttp3.internal.connection.RealCall.getResponseWithInterceptorChain$okhttp(RealCall.kt:209) ~[okhttp-4.12.0.jar:na]
	at okhttp3.internal.connection.RealCall$AsyncCall.run(RealCall.kt:517) ~[okhttp-4.12.0.jar:na]
	at java.base/java.util.concurrent.ThreadPoolExecutor.runWorker(ThreadPoolExecutor.java:1136) ~[na:na]
	at java.base/java.util.concurrent.ThreadPoolExecutor$Worker.run(ThreadPoolExecutor.java:635) ~[na:na]
	at java.base/java.lang.Thread.run(Thread.java:842) ~[na:na]
Caused by: java.net.SocketException: Socket closed
	at java.base/sun.nio.ch.NioSocketImpl.endRead(NioSocketImpl.java:253) ~[na:na]
	at java.base/sun.nio.ch.NioSocketImpl.implRead(NioSocketImpl.java:332) ~[na:na]
	at java.base/sun.nio.ch.NioSocketImpl.read(NioSocketImpl.java:355) ~[na:na]
	at java.base/sun.nio.ch.NioSocketImpl$1.read(NioSocketImpl.java:808) ~[na:na]
	at java.base/java.net.Socket$SocketInputStream.read(Socket.java:966) ~[na:na]
	at okio.InputStreamSource.read(JvmOkio.kt:93) ~[okio-jvm-3.6.0.jar:na]
	at okio.AsyncTimeout$source$1.read(AsyncTimeout.kt:128) ~[okio-jvm-3.6.0.jar:na]
	at okio.RealBufferedSource.indexOf(RealBufferedSource.kt:430) ~[okio-jvm-3.6.0.jar:na]
	at okio.RealBufferedSource.readUtf8LineStrict(RealBufferedSource.kt:323) ~[okio-jvm-3.6.0.jar:na]
	at okhttp3.internal.http1.HeadersReader.readLine(HeadersReader.kt:29) ~[okhttp-4.12.0.jar:na]
	at okhttp3.internal.http1.Http1ExchangeCodec.readResponseHeaders(Http1ExchangeCodec.kt:180) ~[okhttp-4.12.0.jar:na]
	at okhttp3.internal.connection.Exchange.readResponseHeaders(Exchange.kt:110) ~[okhttp-4.12.0.jar:na]
	at okhttp3.internal.http.CallServerInterceptor.intercept(CallServerInterceptor.kt:93) ~[okhttp-4.12.0.jar:na]
	at okhttp3.internal.http.RealInterceptorChain.proceed(RealInterceptorChain.kt:109) ~[okhttp-4.12.0.jar:na]
	at okhttp3.internal.connection.ConnectInterceptor.intercept(ConnectInterceptor.kt:34) ~[okhttp-4.12.0.jar:na]
	at okhttp3.internal.http.RealInterceptorChain.proceed(RealInterceptorChain.kt:109) ~[okhttp-4.12.0.jar:na]
	at okhttp3.internal.cache.CacheInterceptor.intercept(CacheInterceptor.kt:95) ~[okhttp-4.12.0.jar:na]
	at okhttp3.internal.http.RealInterceptorChain.proceed(RealInterceptorChain.kt:109) ~[okhttp-4.12.0.jar:na]
	at okhttp3.internal.http.BridgeInterceptor.intercept(BridgeInterceptor.kt:83) ~[okhttp-4.12.0.jar:na]
	at okhttp3.internal.http.RealInterceptorChain.proceed(RealInterceptorChain.kt:109) ~[okhttp-4.12.0.jar:na]
	at okhttp3.internal.http.RetryAndFollowUpInterceptor.intercept(RetryAndFollowUpInterceptor.kt:76) ~[okhttp-4.12.0.jar:na]
	at okhttp3.internal.http.RealInterceptorChain.proceed(RealInterceptorChain.kt:109) ~[okhttp-4.12.0.jar:na]
	at okhttp3.internal.connection.RealCall.getResponseWithInterceptorChain$okhttp(RealCall.kt:201) ~[okhttp-4.12.0.jar:na]
	... 4 common frames omitted
	Suppressed: java.net.ConnectException: Failed to connect to localhost/127.0.0.1:4319
		at okhttp3.internal.connection.RealConnection.connectSocket(RealConnection.kt:297) ~[okhttp-4.12.0.jar:na]
		at okhttp3.internal.connection.RealConnection.connect(RealConnection.kt:207) ~[okhttp-4.12.0.jar:na]
		at okhttp3.internal.connection.ExchangeFinder.findConnection(ExchangeFinder.kt:226) ~[okhttp-4.12.0.jar:na]
		at okhttp3.internal.connection.ExchangeFinder.findHealthyConnection(ExchangeFinder.kt:106) ~[okhttp-4.12.0.jar:na]
		at okhttp3.internal.connection.ExchangeFinder.find(ExchangeFinder.kt:74) ~[okhttp-4.12.0.jar:na]
		at okhttp3.internal.connection.RealCall.initExchange$okhttp(RealCall.kt:255) ~[okhttp-4.12.0.jar:na]
		at okhttp3.internal.connection.ConnectInterceptor.intercept(ConnectInterceptor.kt:32) ~[okhttp-4.12.0.jar:na]
		... 12 common frames omitted
	Caused by: java.net.ConnectException: Connection refused: no further information
		at java.base/sun.nio.ch.Net.pollConnect(Native Method)
		at java.base/sun.nio.ch.Net.pollConnectNow(Net.java:672)
		at java.base/sun.nio.ch.NioSocketImpl.timedFinishConnect(NioSocketImpl.java:547)
		at java.base/sun.nio.ch.NioSocketImpl.connect(NioSocketImpl.java:602)
		at java.base/java.net.SocksSocketImpl.connect(SocksSocketImpl.java:327)
		at java.base/java.net.Socket.connect(Socket.java:633)
		at okhttp3.internal.platform.Platform.connectSocket(Platform.kt:128)
		at okhttp3.internal.connection.RealConnection.connectSocket(RealConnection.kt:295)
		... 18 common frames omitted

2026-06-04T12:58:59.381+07:00 ERROR [group-service,,] 28732 --- [group-service] [OkHttp http://localhost:4319/...] [                                                 ] i.o.exporter.internal.http.HttpExporter  : Failed to export spans. The request could not be executed. Full error message: timeout

java.io.InterruptedIOException: timeout
	at okhttp3.internal.connection.RealCall.timeoutExit(RealCall.kt:398) ~[okhttp-4.12.0.jar:na]
	at okhttp3.internal.connection.RealCall.callDone(RealCall.kt:360) ~[okhttp-4.12.0.jar:na]
	at okhttp3.internal.connection.RealCall.noMoreExchanges$okhttp(RealCall.kt:325) ~[okhttp-4.12.0.jar:na]
	at okhttp3.internal.connection.RealCall.getResponseWithInterceptorChain$okhttp(RealCall.kt:209) ~[okhttp-4.12.0.jar:na]
	at okhttp3.internal.connection.RealCall$AsyncCall.run(RealCall.kt:517) ~[okhttp-4.12.0.jar:na]
	at java.base/java.util.concurrent.ThreadPoolExecutor.runWorker(ThreadPoolExecutor.java:1136) ~[na:na]
	at java.base/java.util.concurrent.ThreadPoolExecutor$Worker.run(ThreadPoolExecutor.java:635) ~[na:na]
	at java.base/java.lang.Thread.run(Thread.java:842) ~[na:na]
Caused by: java.net.SocketException: Socket closed
	at java.base/sun.nio.ch.NioSocketImpl.endRead(NioSocketImpl.java:253) ~[na:na]
	at java.base/sun.nio.ch.NioSocketImpl.implRead(NioSocketImpl.java:332) ~[na:na]
	at java.base/sun.nio.ch.NioSocketImpl.read(NioSocketImpl.java:355) ~[na:na]
	at java.base/sun.nio.ch.NioSocketImpl$1.read(NioSocketImpl.java:808) ~[na:na]
	at java.base/java.net.Socket$SocketInputStream.read(Socket.java:966) ~[na:na]
	at okio.InputStreamSource.read(JvmOkio.kt:93) ~[okio-jvm-3.6.0.jar:na]
	at okio.AsyncTimeout$source$1.read(AsyncTimeout.kt:128) ~[okio-jvm-3.6.0.jar:na]
	at okio.RealBufferedSource.indexOf(RealBufferedSource.kt:430) ~[okio-jvm-3.6.0.jar:na]
	at okio.RealBufferedSource.readUtf8LineStrict(RealBufferedSource.kt:323) ~[okio-jvm-3.6.0.jar:na]
	at okhttp3.internal.http1.HeadersReader.readLine(HeadersReader.kt:29) ~[okhttp-4.12.0.jar:na]
	at okhttp3.internal.http1.Http1ExchangeCodec.readResponseHeaders(Http1ExchangeCodec.kt:180) ~[okhttp-4.12.0.jar:na]
	at okhttp3.internal.connection.Exchange.readResponseHeaders(Exchange.kt:110) ~[okhttp-4.12.0.jar:na]
	at okhttp3.internal.http.CallServerInterceptor.intercept(CallServerInterceptor.kt:93) ~[okhttp-4.12.0.jar:na]
	at okhttp3.internal.http.RealInterceptorChain.proceed(RealInterceptorChain.kt:109) ~[okhttp-4.12.0.jar:na]
	at okhttp3.internal.connection.ConnectInterceptor.intercept(ConnectInterceptor.kt:34) ~[okhttp-4.12.0.jar:na]
	at okhttp3.internal.http.RealInterceptorChain.proceed(RealInterceptorChain.kt:109) ~[okhttp-4.12.0.jar:na]
	at okhttp3.internal.cache.CacheInterceptor.intercept(CacheInterceptor.kt:95) ~[okhttp-4.12.0.jar:na]
	at okhttp3.internal.http.RealInterceptorChain.proceed(RealInterceptorChain.kt:109) ~[okhttp-4.12.0.jar:na]
	at okhttp3.internal.http.BridgeInterceptor.intercept(BridgeInterceptor.kt:83) ~[okhttp-4.12.0.jar:na]
	at okhttp3.internal.http.RealInterceptorChain.proceed(RealInterceptorChain.kt:109) ~[okhttp-4.12.0.jar:na]
	at okhttp3.internal.http.RetryAndFollowUpInterceptor.intercept(RetryAndFollowUpInterceptor.kt:76) ~[okhttp-4.12.0.jar:na]
	at okhttp3.internal.http.RealInterceptorChain.proceed(RealInterceptorChain.kt:109) ~[okhttp-4.12.0.jar:na]
	at okhttp3.internal.connection.RealCall.getResponseWithInterceptorChain$okhttp(RealCall.kt:201) ~[okhttp-4.12.0.jar:na]
	... 4 common frames omitted
	Suppressed: java.net.ConnectException: Failed to connect to localhost/127.0.0.1:4319
		at okhttp3.internal.connection.RealConnection.connectSocket(RealConnection.kt:297) ~[okhttp-4.12.0.jar:na]
		at okhttp3.internal.connection.RealConnection.connect(RealConnection.kt:207) ~[okhttp-4.12.0.jar:na]
		at okhttp3.internal.connection.ExchangeFinder.findConnection(ExchangeFinder.kt:226) ~[okhttp-4.12.0.jar:na]
		at okhttp3.internal.connection.ExchangeFinder.findHealthyConnection(ExchangeFinder.kt:106) ~[okhttp-4.12.0.jar:na]
		at okhttp3.internal.connection.ExchangeFinder.find(ExchangeFinder.kt:74) ~[okhttp-4.12.0.jar:na]
		at okhttp3.internal.connection.RealCall.initExchange$okhttp(RealCall.kt:255) ~[okhttp-4.12.0.jar:na]
		at okhttp3.internal.connection.ConnectInterceptor.intercept(ConnectInterceptor.kt:32) ~[okhttp-4.12.0.jar:na]
		... 12 common frames omitted
	Caused by: java.net.ConnectException: Connection refused: no further information
		at java.base/sun.nio.ch.Net.pollConnect(Native Method)
		at java.base/sun.nio.ch.Net.pollConnectNow(Net.java:672)
		at java.base/sun.nio.ch.NioSocketImpl.timedFinishConnect(NioSocketImpl.java:547)
		at java.base/sun.nio.ch.NioSocketImpl.connect(NioSocketImpl.java:602)
		at java.base/java.net.SocksSocketImpl.connect(SocksSocketImpl.java:327)
		at java.base/java.net.Socket.connect(Socket.java:633)
		at okhttp3.internal.platform.Platform.connectSocket(Platform.kt:128)
		at okhttp3.internal.connection.RealConnection.connectSocket(RealConnection.kt:295)
		... 18 common frames omitted

2026-06-04T12:59:14.502+07:00 ERROR [group-service,,] 28732 --- [group-service] [OkHttp http://localhost:4319/...] [                                                 ] i.o.exporter.internal.http.HttpExporter  : Failed to export spans. The request could not be executed. Full error message: timeout

java.io.InterruptedIOException: timeout
	at okhttp3.internal.connection.RealCall.timeoutExit(RealCall.kt:398) ~[okhttp-4.12.0.jar:na]
	at okhttp3.internal.connection.RealCall.callDone(RealCall.kt:360) ~[okhttp-4.12.0.jar:na]
	at okhttp3.internal.connection.RealCall.noMoreExchanges$okhttp(RealCall.kt:325) ~[okhttp-4.12.0.jar:na]
	at okhttp3.internal.connection.RealCall.getResponseWithInterceptorChain$okhttp(RealCall.kt:209) ~[okhttp-4.12.0.jar:na]
	at okhttp3.internal.connection.RealCall$AsyncCall.run(RealCall.kt:517) ~[okhttp-4.12.0.jar:na]
	at java.base/java.util.concurrent.ThreadPoolExecutor.runWorker(ThreadPoolExecutor.java:1136) ~[na:na]
	at java.base/java.util.concurrent.ThreadPoolExecutor$Worker.run(ThreadPoolExecutor.java:635) ~[na:na]
	at java.base/java.lang.Thread.run(Thread.java:842) ~[na:na]
Caused by: java.net.SocketException: Socket closed
	at java.base/sun.nio.ch.NioSocketImpl.endRead(NioSocketImpl.java:253) ~[na:na]
	at java.base/sun.nio.ch.NioSocketImpl.implRead(NioSocketImpl.java:332) ~[na:na]
	at java.base/sun.nio.ch.NioSocketImpl.read(NioSocketImpl.java:355) ~[na:na]
	at java.base/sun.nio.ch.NioSocketImpl$1.read(NioSocketImpl.java:808) ~[na:na]
	at java.base/java.net.Socket$SocketInputStream.read(Socket.java:966) ~[na:na]
	at okio.InputStreamSource.read(JvmOkio.kt:93) ~[okio-jvm-3.6.0.jar:na]
	at okio.AsyncTimeout$source$1.read(AsyncTimeout.kt:128) ~[okio-jvm-3.6.0.jar:na]
	at okio.RealBufferedSource.indexOf(RealBufferedSource.kt:430) ~[okio-jvm-3.6.0.jar:na]
	at okio.RealBufferedSource.readUtf8LineStrict(RealBufferedSource.kt:323) ~[okio-jvm-3.6.0.jar:na]
	at okhttp3.internal.http1.HeadersReader.readLine(HeadersReader.kt:29) ~[okhttp-4.12.0.jar:na]
	at okhttp3.internal.http1.Http1ExchangeCodec.readResponseHeaders(Http1ExchangeCodec.kt:180) ~[okhttp-4.12.0.jar:na]
	at okhttp3.internal.connection.Exchange.readResponseHeaders(Exchange.kt:110) ~[okhttp-4.12.0.jar:na]
	at okhttp3.internal.http.CallServerInterceptor.intercept(CallServerInterceptor.kt:93) ~[okhttp-4.12.0.jar:na]
	at okhttp3.internal.http.RealInterceptorChain.proceed(RealInterceptorChain.kt:109) ~[okhttp-4.12.0.jar:na]
	at okhttp3.internal.connection.ConnectInterceptor.intercept(ConnectInterceptor.kt:34) ~[okhttp-4.12.0.jar:na]
	at okhttp3.internal.http.RealInterceptorChain.proceed(RealInterceptorChain.kt:109) ~[okhttp-4.12.0.jar:na]
	at okhttp3.internal.cache.CacheInterceptor.intercept(CacheInterceptor.kt:95) ~[okhttp-4.12.0.jar:na]
	at okhttp3.internal.http.RealInterceptorChain.proceed(RealInterceptorChain.kt:109) ~[okhttp-4.12.0.jar:na]
	at okhttp3.internal.http.BridgeInterceptor.intercept(BridgeInterceptor.kt:83) ~[okhttp-4.12.0.jar:na]
	at okhttp3.internal.http.RealInterceptorChain.proceed(RealInterceptorChain.kt:109) ~[okhttp-4.12.0.jar:na]
	at okhttp3.internal.http.RetryAndFollowUpInterceptor.intercept(RetryAndFollowUpInterceptor.kt:76) ~[okhttp-4.12.0.jar:na]
	at okhttp3.internal.http.RealInterceptorChain.proceed(RealInterceptorChain.kt:109) ~[okhttp-4.12.0.jar:na]
	at okhttp3.internal.connection.RealCall.getResponseWithInterceptorChain$okhttp(RealCall.kt:201) ~[okhttp-4.12.0.jar:na]
	... 4 common frames omitted
	Suppressed: java.net.ConnectException: Failed to connect to localhost/127.0.0.1:4319
		at okhttp3.internal.connection.RealConnection.connectSocket(RealConnection.kt:297) ~[okhttp-4.12.0.jar:na]
		at okhttp3.internal.connection.RealConnection.connect(RealConnection.kt:207) ~[okhttp-4.12.0.jar:na]
		at okhttp3.internal.connection.ExchangeFinder.findConnection(ExchangeFinder.kt:226) ~[okhttp-4.12.0.jar:na]
		at okhttp3.internal.connection.ExchangeFinder.findHealthyConnection(ExchangeFinder.kt:106) ~[okhttp-4.12.0.jar:na]
		at okhttp3.internal.connection.ExchangeFinder.find(ExchangeFinder.kt:74) ~[okhttp-4.12.0.jar:na]
		at okhttp3.internal.connection.RealCall.initExchange$okhttp(RealCall.kt:255) ~[okhttp-4.12.0.jar:na]
		at okhttp3.internal.connection.ConnectInterceptor.intercept(ConnectInterceptor.kt:32) ~[okhttp-4.12.0.jar:na]
		... 12 common frames omitted
	Caused by: java.net.ConnectException: Connection refused: no further information
		at java.base/sun.nio.ch.Net.pollConnect(Native Method)
		at java.base/sun.nio.ch.Net.pollConnectNow(Net.java:672)
		at java.base/sun.nio.ch.NioSocketImpl.timedFinishConnect(NioSocketImpl.java:547)
		at java.base/sun.nio.ch.NioSocketImpl.connect(NioSocketImpl.java:602)
		at java.base/java.net.SocksSocketImpl.connect(SocksSocketImpl.java:327)
		at java.base/java.net.Socket.connect(Socket.java:633)
		at okhttp3.internal.platform.Platform.connectSocket(Platform.kt:128)
		at okhttp3.internal.connection.RealConnection.connectSocket(RealConnection.kt:295)
		... 18 common frames omitted

2026-06-04T12:59:29.771+07:00 ERROR [group-service,,] 28732 --- [group-service] [OkHttp http://localhost:4319/...] [                                                 ] i.o.exporter.internal.http.HttpExporter  : Failed to export spans. The request could not be executed. Full error message: timeout

java.io.InterruptedIOException: timeout
	at okhttp3.internal.connection.RealCall.timeoutExit(RealCall.kt:398) ~[okhttp-4.12.0.jar:na]
	at okhttp3.internal.connection.RealCall.callDone(RealCall.kt:360) ~[okhttp-4.12.0.jar:na]
	at okhttp3.internal.connection.RealCall.noMoreExchanges$okhttp(RealCall.kt:325) ~[okhttp-4.12.0.jar:na]
	at okhttp3.internal.connection.RealCall.getResponseWithInterceptorChain$okhttp(RealCall.kt:209) ~[okhttp-4.12.0.jar:na]
	at okhttp3.internal.connection.RealCall$AsyncCall.run(RealCall.kt:517) ~[okhttp-4.12.0.jar:na]
	at java.base/java.util.concurrent.ThreadPoolExecutor.runWorker(ThreadPoolExecutor.java:1136) ~[na:na]
	at java.base/java.util.concurrent.ThreadPoolExecutor$Worker.run(ThreadPoolExecutor.java:635) ~[na:na]
	at java.base/java.lang.Thread.run(Thread.java:842) ~[na:na]
Caused by: java.net.SocketException: Socket closed
	at java.base/sun.nio.ch.NioSocketImpl.endRead(NioSocketImpl.java:253) ~[na:na]
	at java.base/sun.nio.ch.NioSocketImpl.implRead(NioSocketImpl.java:332) ~[na:na]
	at java.base/sun.nio.ch.NioSocketImpl.read(NioSocketImpl.java:355) ~[na:na]
	at java.base/sun.nio.ch.NioSocketImpl$1.read(NioSocketImpl.java:808) ~[na:na]
	at java.base/java.net.Socket$SocketInputStream.read(Socket.java:966) ~[na:na]
	at okio.InputStreamSource.read(JvmOkio.kt:93) ~[okio-jvm-3.6.0.jar:na]
	at okio.AsyncTimeout$source$1.read(AsyncTimeout.kt:128) ~[okio-jvm-3.6.0.jar:na]
	at okio.RealBufferedSource.indexOf(RealBufferedSource.kt:430) ~[okio-jvm-3.6.0.jar:na]
	at okio.RealBufferedSource.readUtf8LineStrict(RealBufferedSource.kt:323) ~[okio-jvm-3.6.0.jar:na]
	at okhttp3.internal.http1.HeadersReader.readLine(HeadersReader.kt:29) ~[okhttp-4.12.0.jar:na]
	at okhttp3.internal.http1.Http1ExchangeCodec.readResponseHeaders(Http1ExchangeCodec.kt:180) ~[okhttp-4.12.0.jar:na]
	at okhttp3.internal.connection.Exchange.readResponseHeaders(Exchange.kt:110) ~[okhttp-4.12.0.jar:na]
	at okhttp3.internal.http.CallServerInterceptor.intercept(CallServerInterceptor.kt:93) ~[okhttp-4.12.0.jar:na]
	at okhttp3.internal.http.RealInterceptorChain.proceed(RealInterceptorChain.kt:109) ~[okhttp-4.12.0.jar:na]
	at okhttp3.internal.connection.ConnectInterceptor.intercept(ConnectInterceptor.kt:34) ~[okhttp-4.12.0.jar:na]
	at okhttp3.internal.http.RealInterceptorChain.proceed(RealInterceptorChain.kt:109) ~[okhttp-4.12.0.jar:na]
	at okhttp3.internal.cache.CacheInterceptor.intercept(CacheInterceptor.kt:95) ~[okhttp-4.12.0.jar:na]
	at okhttp3.internal.http.RealInterceptorChain.proceed(RealInterceptorChain.kt:109) ~[okhttp-4.12.0.jar:na]
	at okhttp3.internal.http.BridgeInterceptor.intercept(BridgeInterceptor.kt:83) ~[okhttp-4.12.0.jar:na]
	at okhttp3.internal.http.RealInterceptorChain.proceed(RealInterceptorChain.kt:109) ~[okhttp-4.12.0.jar:na]
	at okhttp3.internal.http.RetryAndFollowUpInterceptor.intercept(RetryAndFollowUpInterceptor.kt:76) ~[okhttp-4.12.0.jar:na]
	at okhttp3.internal.http.RealInterceptorChain.proceed(RealInterceptorChain.kt:109) ~[okhttp-4.12.0.jar:na]
	at okhttp3.internal.connection.RealCall.getResponseWithInterceptorChain$okhttp(RealCall.kt:201) ~[okhttp-4.12.0.jar:na]
	... 4 common frames omitted
	Suppressed: java.net.ConnectException: Failed to connect to localhost/127.0.0.1:4319
		at okhttp3.internal.connection.RealConnection.connectSocket(RealConnection.kt:297) ~[okhttp-4.12.0.jar:na]
		at okhttp3.internal.connection.RealConnection.connect(RealConnection.kt:207) ~[okhttp-4.12.0.jar:na]
		at okhttp3.internal.connection.ExchangeFinder.findConnection(ExchangeFinder.kt:226) ~[okhttp-4.12.0.jar:na]
		at okhttp3.internal.connection.ExchangeFinder.findHealthyConnection(ExchangeFinder.kt:106) ~[okhttp-4.12.0.jar:na]
		at okhttp3.internal.connection.ExchangeFinder.find(ExchangeFinder.kt:74) ~[okhttp-4.12.0.jar:na]
		at okhttp3.internal.connection.RealCall.initExchange$okhttp(RealCall.kt:255) ~[okhttp-4.12.0.jar:na]
		at okhttp3.internal.connection.ConnectInterceptor.intercept(ConnectInterceptor.kt:32) ~[okhttp-4.12.0.jar:na]
		... 12 common frames omitted
	Caused by: java.net.ConnectException: Connection refused: no further information
		at java.base/sun.nio.ch.Net.pollConnect(Native Method)
		at java.base/sun.nio.ch.Net.pollConnectNow(Net.java:672)
		at java.base/sun.nio.ch.NioSocketImpl.timedFinishConnect(NioSocketImpl.java:547)
		at java.base/sun.nio.ch.NioSocketImpl.connect(NioSocketImpl.java:602)
		at java.base/java.net.SocksSocketImpl.connect(SocksSocketImpl.java:327)
		at java.base/java.net.Socket.connect(Socket.java:633)
		at okhttp3.internal.platform.Platform.connectSocket(Platform.kt:128)
		at okhttp3.internal.connection.RealConnection.connectSocket(RealConnection.kt:295)
		... 18 common frames omitted

2026-06-04T13:00:00.559+07:00 ERROR [group-service,,] 28732 --- [group-service] [OkHttp http://localhost:4319/...] [                                                 ] i.o.exporter.internal.http.HttpExporter  : Failed to export spans. The request could not be executed. Full error message: timeout

java.io.InterruptedIOException: timeout
	at okhttp3.internal.connection.RealCall.timeoutExit(RealCall.kt:398) ~[okhttp-4.12.0.jar:na]
	at okhttp3.internal.connection.RealCall.callDone(RealCall.kt:360) ~[okhttp-4.12.0.jar:na]
	at okhttp3.internal.connection.RealCall.noMoreExchanges$okhttp(RealCall.kt:325) ~[okhttp-4.12.0.jar:na]
	at okhttp3.internal.connection.RealCall.getResponseWithInterceptorChain$okhttp(RealCall.kt:209) ~[okhttp-4.12.0.jar:na]
	at okhttp3.internal.connection.RealCall$AsyncCall.run(RealCall.kt:517) ~[okhttp-4.12.0.jar:na]
	at java.base/java.util.concurrent.ThreadPoolExecutor.runWorker(ThreadPoolExecutor.java:1136) ~[na:na]
	at java.base/java.util.concurrent.ThreadPoolExecutor$Worker.run(ThreadPoolExecutor.java:635) ~[na:na]
	at java.base/java.lang.Thread.run(Thread.java:842) ~[na:na]
Caused by: java.net.SocketException: Socket closed
	at java.base/sun.nio.ch.NioSocketImpl.endRead(NioSocketImpl.java:253) ~[na:na]
	at java.base/sun.nio.ch.NioSocketImpl.implRead(NioSocketImpl.java:332) ~[na:na]
	at java.base/sun.nio.ch.NioSocketImpl.read(NioSocketImpl.java:355) ~[na:na]
	at java.base/sun.nio.ch.NioSocketImpl$1.read(NioSocketImpl.java:808) ~[na:na]
	at java.base/java.net.Socket$SocketInputStream.read(Socket.java:966) ~[na:na]
	at okio.InputStreamSource.read(JvmOkio.kt:93) ~[okio-jvm-3.6.0.jar:na]
	at okio.AsyncTimeout$source$1.read(AsyncTimeout.kt:128) ~[okio-jvm-3.6.0.jar:na]
	at okio.RealBufferedSource.indexOf(RealBufferedSource.kt:430) ~[okio-jvm-3.6.0.jar:na]
	at okio.RealBufferedSource.readUtf8LineStrict(RealBufferedSource.kt:323) ~[okio-jvm-3.6.0.jar:na]
	at okhttp3.internal.http1.HeadersReader.readLine(HeadersReader.kt:29) ~[okhttp-4.12.0.jar:na]
	at okhttp3.internal.http1.Http1ExchangeCodec.readResponseHeaders(Http1ExchangeCodec.kt:180) ~[okhttp-4.12.0.jar:na]
	at okhttp3.internal.connection.Exchange.readResponseHeaders(Exchange.kt:110) ~[okhttp-4.12.0.jar:na]
	at okhttp3.internal.http.CallServerInterceptor.intercept(CallServerInterceptor.kt:93) ~[okhttp-4.12.0.jar:na]
	at okhttp3.internal.http.RealInterceptorChain.proceed(RealInterceptorChain.kt:109) ~[okhttp-4.12.0.jar:na]
	at okhttp3.internal.connection.ConnectInterceptor.intercept(ConnectInterceptor.kt:34) ~[okhttp-4.12.0.jar:na]
	at okhttp3.internal.http.RealInterceptorChain.proceed(RealInterceptorChain.kt:109) ~[okhttp-4.12.0.jar:na]
	at okhttp3.internal.cache.CacheInterceptor.intercept(CacheInterceptor.kt:95) ~[okhttp-4.12.0.jar:na]
	at okhttp3.internal.http.RealInterceptorChain.proceed(RealInterceptorChain.kt:109) ~[okhttp-4.12.0.jar:na]
	at okhttp3.internal.http.BridgeInterceptor.intercept(BridgeInterceptor.kt:83) ~[okhttp-4.12.0.jar:na]
	at okhttp3.internal.http.RealInterceptorChain.proceed(RealInterceptorChain.kt:109) ~[okhttp-4.12.0.jar:na]
	at okhttp3.internal.http.RetryAndFollowUpInterceptor.intercept(RetryAndFollowUpInterceptor.kt:76) ~[okhttp-4.12.0.jar:na]
	at okhttp3.internal.http.RealInterceptorChain.proceed(RealInterceptorChain.kt:109) ~[okhttp-4.12.0.jar:na]
	at okhttp3.internal.connection.RealCall.getResponseWithInterceptorChain$okhttp(RealCall.kt:201) ~[okhttp-4.12.0.jar:na]
	... 4 common frames omitted
	Suppressed: java.net.ConnectException: Failed to connect to localhost/127.0.0.1:4319
		at okhttp3.internal.connection.RealConnection.connectSocket(RealConnection.kt:297) ~[okhttp-4.12.0.jar:na]
		at okhttp3.internal.connection.RealConnection.connect(RealConnection.kt:207) ~[okhttp-4.12.0.jar:na]
		at okhttp3.internal.connection.ExchangeFinder.findConnection(ExchangeFinder.kt:226) ~[okhttp-4.12.0.jar:na]
		at okhttp3.internal.connection.ExchangeFinder.findHealthyConnection(ExchangeFinder.kt:106) ~[okhttp-4.12.0.jar:na]
		at okhttp3.internal.connection.ExchangeFinder.find(ExchangeFinder.kt:74) ~[okhttp-4.12.0.jar:na]
		at okhttp3.internal.connection.RealCall.initExchange$okhttp(RealCall.kt:255) ~[okhttp-4.12.0.jar:na]
		at okhttp3.internal.connection.ConnectInterceptor.intercept(ConnectInterceptor.kt:32) ~[okhttp-4.12.0.jar:na]
		... 12 common frames omitted
	Caused by: java.net.ConnectException: Connection refused: no further information
		at java.base/sun.nio.ch.Net.pollConnect(Native Method)
		at java.base/sun.nio.ch.Net.pollConnectNow(Net.java:672)
		at java.base/sun.nio.ch.NioSocketImpl.timedFinishConnect(NioSocketImpl.java:547)
		at java.base/sun.nio.ch.NioSocketImpl.connect(NioSocketImpl.java:602)
		at java.base/java.net.SocksSocketImpl.connect(SocksSocketImpl.java:327)
		at java.base/java.net.Socket.connect(Socket.java:633)
		at okhttp3.internal.platform.Platform.connectSocket(Platform.kt:128)
		at okhttp3.internal.connection.RealConnection.connectSocket(RealConnection.kt:295)
		... 18 common frames omitted

2026-06-04T13:00:28.909+07:00 ERROR [group-service,,] 28732 --- [group-service] [OkHttp http://localhost:4319/...] [                                                 ] i.o.exporter.internal.http.HttpExporter  : Failed to export spans. The request could not be executed. Full error message: timeout

java.io.InterruptedIOException: timeout
	at okhttp3.internal.connection.RealCall.timeoutExit(RealCall.kt:398) ~[okhttp-4.12.0.jar:na]
	at okhttp3.internal.connection.RealCall.callDone(RealCall.kt:360) ~[okhttp-4.12.0.jar:na]
	at okhttp3.internal.connection.RealCall.noMoreExchanges$okhttp(RealCall.kt:325) ~[okhttp-4.12.0.jar:na]
	at okhttp3.internal.connection.RealCall.getResponseWithInterceptorChain$okhttp(RealCall.kt:209) ~[okhttp-4.12.0.jar:na]
	at okhttp3.internal.connection.RealCall$AsyncCall.run(RealCall.kt:517) ~[okhttp-4.12.0.jar:na]
	at java.base/java.util.concurrent.ThreadPoolExecutor.runWorker(ThreadPoolExecutor.java:1136) ~[na:na]
	at java.base/java.util.concurrent.ThreadPoolExecutor$Worker.run(ThreadPoolExecutor.java:635) ~[na:na]
	at java.base/java.lang.Thread.run(Thread.java:842) ~[na:na]
Caused by: java.net.SocketException: Socket closed
	at java.base/sun.nio.ch.NioSocketImpl.endRead(NioSocketImpl.java:253) ~[na:na]
	at java.base/sun.nio.ch.NioSocketImpl.implRead(NioSocketImpl.java:332) ~[na:na]
	at java.base/sun.nio.ch.NioSocketImpl.read(NioSocketImpl.java:355) ~[na:na]
	at java.base/sun.nio.ch.NioSocketImpl$1.read(NioSocketImpl.java:808) ~[na:na]
	at java.base/java.net.Socket$SocketInputStream.read(Socket.java:966) ~[na:na]
	at okio.InputStreamSource.read(JvmOkio.kt:93) ~[okio-jvm-3.6.0.jar:na]
	at okio.AsyncTimeout$source$1.read(AsyncTimeout.kt:128) ~[okio-jvm-3.6.0.jar:na]
	at okio.RealBufferedSource.indexOf(RealBufferedSource.kt:430) ~[okio-jvm-3.6.0.jar:na]
	at okio.RealBufferedSource.readUtf8LineStrict(RealBufferedSource.kt:323) ~[okio-jvm-3.6.0.jar:na]
	at okhttp3.internal.http1.HeadersReader.readLine(HeadersReader.kt:29) ~[okhttp-4.12.0.jar:na]
	at okhttp3.internal.http1.Http1ExchangeCodec.readResponseHeaders(Http1ExchangeCodec.kt:180) ~[okhttp-4.12.0.jar:na]
	at okhttp3.internal.connection.Exchange.readResponseHeaders(Exchange.kt:110) ~[okhttp-4.12.0.jar:na]
	at okhttp3.internal.http.CallServerInterceptor.intercept(CallServerInterceptor.kt:93) ~[okhttp-4.12.0.jar:na]
	at okhttp3.internal.http.RealInterceptorChain.proceed(RealInterceptorChain.kt:109) ~[okhttp-4.12.0.jar:na]
	at okhttp3.internal.connection.ConnectInterceptor.intercept(ConnectInterceptor.kt:34) ~[okhttp-4.12.0.jar:na]
	at okhttp3.internal.http.RealInterceptorChain.proceed(RealInterceptorChain.kt:109) ~[okhttp-4.12.0.jar:na]
	at okhttp3.internal.cache.CacheInterceptor.intercept(CacheInterceptor.kt:95) ~[okhttp-4.12.0.jar:na]
	at okhttp3.internal.http.RealInterceptorChain.proceed(RealInterceptorChain.kt:109) ~[okhttp-4.12.0.jar:na]
	at okhttp3.internal.http.BridgeInterceptor.intercept(BridgeInterceptor.kt:83) ~[okhttp-4.12.0.jar:na]
	at okhttp3.internal.http.RealInterceptorChain.proceed(RealInterceptorChain.kt:109) ~[okhttp-4.12.0.jar:na]
	at okhttp3.internal.http.RetryAndFollowUpInterceptor.intercept(RetryAndFollowUpInterceptor.kt:76) ~[okhttp-4.12.0.jar:na]
	at okhttp3.internal.http.RealInterceptorChain.proceed(RealInterceptorChain.kt:109) ~[okhttp-4.12.0.jar:na]
	at okhttp3.internal.connection.RealCall.getResponseWithInterceptorChain$okhttp(RealCall.kt:201) ~[okhttp-4.12.0.jar:na]
	... 4 common frames omitted
	Suppressed: java.net.ConnectException: Failed to connect to localhost/127.0.0.1:4319
		at okhttp3.internal.connection.RealConnection.connectSocket(RealConnection.kt:297) ~[okhttp-4.12.0.jar:na]
		at okhttp3.internal.connection.RealConnection.connect(RealConnection.kt:207) ~[okhttp-4.12.0.jar:na]
		at okhttp3.internal.connection.ExchangeFinder.findConnection(ExchangeFinder.kt:226) ~[okhttp-4.12.0.jar:na]
		at okhttp3.internal.connection.ExchangeFinder.findHealthyConnection(ExchangeFinder.kt:106) ~[okhttp-4.12.0.jar:na]
		at okhttp3.internal.connection.ExchangeFinder.find(ExchangeFinder.kt:74) ~[okhttp-4.12.0.jar:na]
		at okhttp3.internal.connection.RealCall.initExchange$okhttp(RealCall.kt:255) ~[okhttp-4.12.0.jar:na]
		at okhttp3.internal.connection.ConnectInterceptor.intercept(ConnectInterceptor.kt:32) ~[okhttp-4.12.0.jar:na]
		... 12 common frames omitted
	Caused by: java.net.ConnectException: Connection refused: no further information
		at java.base/sun.nio.ch.Net.pollConnect(Native Method)
		at java.base/sun.nio.ch.Net.pollConnectNow(Net.java:672)
		at java.base/sun.nio.ch.NioSocketImpl.timedFinishConnect(NioSocketImpl.java:547)
		at java.base/sun.nio.ch.NioSocketImpl.connect(NioSocketImpl.java:602)
		at java.base/java.net.SocksSocketImpl.connect(SocksSocketImpl.java:327)
		at java.base/java.net.Socket.connect(Socket.java:633)
		at okhttp3.internal.platform.Platform.connectSocket(Platform.kt:128)
		at okhttp3.internal.connection.RealConnection.connectSocket(RealConnection.kt:295)
		... 18 common frames omitted

2026-06-04T13:00:44.482+07:00 ERROR [group-service,,] 28732 --- [group-service] [OkHttp http://localhost:4319/...] [                                                 ] i.o.exporter.internal.http.HttpExporter  : Failed to export spans. The request could not be executed. Full error message: timeout

java.io.InterruptedIOException: timeout
	at okhttp3.internal.connection.RealCall.timeoutExit(RealCall.kt:398) ~[okhttp-4.12.0.jar:na]
	at okhttp3.internal.connection.RealCall.callDone(RealCall.kt:360) ~[okhttp-4.12.0.jar:na]
	at okhttp3.internal.connection.RealCall.noMoreExchanges$okhttp(RealCall.kt:325) ~[okhttp-4.12.0.jar:na]
	at okhttp3.internal.connection.RealCall.getResponseWithInterceptorChain$okhttp(RealCall.kt:209) ~[okhttp-4.12.0.jar:na]
	at okhttp3.internal.connection.RealCall$AsyncCall.run(RealCall.kt:517) ~[okhttp-4.12.0.jar:na]
	at java.base/java.util.concurrent.ThreadPoolExecutor.runWorker(ThreadPoolExecutor.java:1136) ~[na:na]
	at java.base/java.util.concurrent.ThreadPoolExecutor$Worker.run(ThreadPoolExecutor.java:635) ~[na:na]
	at java.base/java.lang.Thread.run(Thread.java:842) ~[na:na]
Caused by: java.net.SocketException: Socket closed
	at java.base/sun.nio.ch.NioSocketImpl.endRead(NioSocketImpl.java:253) ~[na:na]
	at java.base/sun.nio.ch.NioSocketImpl.implRead(NioSocketImpl.java:332) ~[na:na]
	at java.base/sun.nio.ch.NioSocketImpl.read(NioSocketImpl.java:355) ~[na:na]
	at java.base/sun.nio.ch.NioSocketImpl$1.read(NioSocketImpl.java:808) ~[na:na]
	at java.base/java.net.Socket$SocketInputStream.read(Socket.java:966) ~[na:na]
	at okio.InputStreamSource.read(JvmOkio.kt:93) ~[okio-jvm-3.6.0.jar:na]
	at okio.AsyncTimeout$source$1.read(AsyncTimeout.kt:128) ~[okio-jvm-3.6.0.jar:na]
	at okio.RealBufferedSource.indexOf(RealBufferedSource.kt:430) ~[okio-jvm-3.6.0.jar:na]
	at okio.RealBufferedSource.readUtf8LineStrict(RealBufferedSource.kt:323) ~[okio-jvm-3.6.0.jar:na]
	at okhttp3.internal.http1.HeadersReader.readLine(HeadersReader.kt:29) ~[okhttp-4.12.0.jar:na]
	at okhttp3.internal.http1.Http1ExchangeCodec.readResponseHeaders(Http1ExchangeCodec.kt:180) ~[okhttp-4.12.0.jar:na]
	at okhttp3.internal.connection.Exchange.readResponseHeaders(Exchange.kt:110) ~[okhttp-4.12.0.jar:na]
	at okhttp3.internal.http.CallServerInterceptor.intercept(CallServerInterceptor.kt:93) ~[okhttp-4.12.0.jar:na]
	at okhttp3.internal.http.RealInterceptorChain.proceed(RealInterceptorChain.kt:109) ~[okhttp-4.12.0.jar:na]
	at okhttp3.internal.connection.ConnectInterceptor.intercept(ConnectInterceptor.kt:34) ~[okhttp-4.12.0.jar:na]
	at okhttp3.internal.http.RealInterceptorChain.proceed(RealInterceptorChain.kt:109) ~[okhttp-4.12.0.jar:na]
	at okhttp3.internal.cache.CacheInterceptor.intercept(CacheInterceptor.kt:95) ~[okhttp-4.12.0.jar:na]
	at okhttp3.internal.http.RealInterceptorChain.proceed(RealInterceptorChain.kt:109) ~[okhttp-4.12.0.jar:na]
	at okhttp3.internal.http.BridgeInterceptor.intercept(BridgeInterceptor.kt:83) ~[okhttp-4.12.0.jar:na]
	at okhttp3.internal.http.RealInterceptorChain.proceed(RealInterceptorChain.kt:109) ~[okhttp-4.12.0.jar:na]
	at okhttp3.internal.http.RetryAndFollowUpInterceptor.intercept(RetryAndFollowUpInterceptor.kt:76) ~[okhttp-4.12.0.jar:na]
	at okhttp3.internal.http.RealInterceptorChain.proceed(RealInterceptorChain.kt:109) ~[okhttp-4.12.0.jar:na]
	at okhttp3.internal.connection.RealCall.getResponseWithInterceptorChain$okhttp(RealCall.kt:201) ~[okhttp-4.12.0.jar:na]
	... 4 common frames omitted
	Suppressed: java.net.ConnectException: Failed to connect to localhost/127.0.0.1:4319
		at okhttp3.internal.connection.RealConnection.connectSocket(RealConnection.kt:297) ~[okhttp-4.12.0.jar:na]
		at okhttp3.internal.connection.RealConnection.connect(RealConnection.kt:207) ~[okhttp-4.12.0.jar:na]
		at okhttp3.internal.connection.ExchangeFinder.findConnection(ExchangeFinder.kt:226) ~[okhttp-4.12.0.jar:na]
		at okhttp3.internal.connection.ExchangeFinder.findHealthyConnection(ExchangeFinder.kt:106) ~[okhttp-4.12.0.jar:na]
		at okhttp3.internal.connection.ExchangeFinder.find(ExchangeFinder.kt:74) ~[okhttp-4.12.0.jar:na]
		at okhttp3.internal.connection.RealCall.initExchange$okhttp(RealCall.kt:255) ~[okhttp-4.12.0.jar:na]
		at okhttp3.internal.connection.ConnectInterceptor.intercept(ConnectInterceptor.kt:32) ~[okhttp-4.12.0.jar:na]
		... 12 common frames omitted
	Caused by: java.net.ConnectException: Connection refused: no further information
		at java.base/sun.nio.ch.Net.pollConnect(Native Method)
		at java.base/sun.nio.ch.Net.pollConnectNow(Net.java:672)
		at java.base/sun.nio.ch.NioSocketImpl.timedFinishConnect(NioSocketImpl.java:547)
		at java.base/sun.nio.ch.NioSocketImpl.connect(NioSocketImpl.java:602)
		at java.base/java.net.SocksSocketImpl.connect(SocksSocketImpl.java:327)
		at java.base/java.net.Socket.connect(Socket.java:633)
		at okhttp3.internal.platform.Platform.connectSocket(Platform.kt:128)
		at okhttp3.internal.connection.RealConnection.connectSocket(RealConnection.kt:295)
		... 18 common frames omitted

2026-06-04T13:01:00.239+07:00 ERROR [group-service,,] 28732 --- [group-service] [OkHttp http://localhost:4319/...] [                                                 ] i.o.exporter.internal.http.HttpExporter  : Failed to export spans. The request could not be executed. Full error message: timeout

java.io.InterruptedIOException: timeout
	at okhttp3.internal.connection.RealCall.timeoutExit(RealCall.kt:398) ~[okhttp-4.12.0.jar:na]
	at okhttp3.internal.connection.RealCall.callDone(RealCall.kt:360) ~[okhttp-4.12.0.jar:na]
	at okhttp3.internal.connection.RealCall.noMoreExchanges$okhttp(RealCall.kt:325) ~[okhttp-4.12.0.jar:na]
	at okhttp3.internal.connection.RealCall.getResponseWithInterceptorChain$okhttp(RealCall.kt:209) ~[okhttp-4.12.0.jar:na]
	at okhttp3.internal.connection.RealCall$AsyncCall.run(RealCall.kt:517) ~[okhttp-4.12.0.jar:na]
	at java.base/java.util.concurrent.ThreadPoolExecutor.runWorker(ThreadPoolExecutor.java:1136) ~[na:na]
	at java.base/java.util.concurrent.ThreadPoolExecutor$Worker.run(ThreadPoolExecutor.java:635) ~[na:na]
	at java.base/java.lang.Thread.run(Thread.java:842) ~[na:na]
Caused by: java.net.SocketException: Socket closed
	at java.base/sun.nio.ch.NioSocketImpl.endRead(NioSocketImpl.java:253) ~[na:na]
	at java.base/sun.nio.ch.NioSocketImpl.implRead(NioSocketImpl.java:332) ~[na:na]
	at java.base/sun.nio.ch.NioSocketImpl.read(NioSocketImpl.java:355) ~[na:na]
	at java.base/sun.nio.ch.NioSocketImpl$1.read(NioSocketImpl.java:808) ~[na:na]
	at java.base/java.net.Socket$SocketInputStream.read(Socket.java:966) ~[na:na]
	at okio.InputStreamSource.read(JvmOkio.kt:93) ~[okio-jvm-3.6.0.jar:na]
	at okio.AsyncTimeout$source$1.read(AsyncTimeout.kt:128) ~[okio-jvm-3.6.0.jar:na]
	at okio.RealBufferedSource.indexOf(RealBufferedSource.kt:430) ~[okio-jvm-3.6.0.jar:na]
	at okio.RealBufferedSource.readUtf8LineStrict(RealBufferedSource.kt:323) ~[okio-jvm-3.6.0.jar:na]
	at okhttp3.internal.http1.HeadersReader.readLine(HeadersReader.kt:29) ~[okhttp-4.12.0.jar:na]
	at okhttp3.internal.http1.Http1ExchangeCodec.readResponseHeaders(Http1ExchangeCodec.kt:180) ~[okhttp-4.12.0.jar:na]
	at okhttp3.internal.connection.Exchange.readResponseHeaders(Exchange.kt:110) ~[okhttp-4.12.0.jar:na]
	at okhttp3.internal.http.CallServerInterceptor.intercept(CallServerInterceptor.kt:93) ~[okhttp-4.12.0.jar:na]
	at okhttp3.internal.http.RealInterceptorChain.proceed(RealInterceptorChain.kt:109) ~[okhttp-4.12.0.jar:na]
	at okhttp3.internal.connection.ConnectInterceptor.intercept(ConnectInterceptor.kt:34) ~[okhttp-4.12.0.jar:na]
	at okhttp3.internal.http.RealInterceptorChain.proceed(RealInterceptorChain.kt:109) ~[okhttp-4.12.0.jar:na]
	at okhttp3.internal.cache.CacheInterceptor.intercept(CacheInterceptor.kt:95) ~[okhttp-4.12.0.jar:na]
	at okhttp3.internal.http.RealInterceptorChain.proceed(RealInterceptorChain.kt:109) ~[okhttp-4.12.0.jar:na]
	at okhttp3.internal.http.BridgeInterceptor.intercept(BridgeInterceptor.kt:83) ~[okhttp-4.12.0.jar:na]
	at okhttp3.internal.http.RealInterceptorChain.proceed(RealInterceptorChain.kt:109) ~[okhttp-4.12.0.jar:na]
	at okhttp3.internal.http.RetryAndFollowUpInterceptor.intercept(RetryAndFollowUpInterceptor.kt:76) ~[okhttp-4.12.0.jar:na]
	at okhttp3.internal.http.RealInterceptorChain.proceed(RealInterceptorChain.kt:109) ~[okhttp-4.12.0.jar:na]
	at okhttp3.internal.connection.RealCall.getResponseWithInterceptorChain$okhttp(RealCall.kt:201) ~[okhttp-4.12.0.jar:na]
	... 4 common frames omitted
	Suppressed: java.net.ConnectException: Failed to connect to localhost/127.0.0.1:4319
		at okhttp3.internal.connection.RealConnection.connectSocket(RealConnection.kt:297) ~[okhttp-4.12.0.jar:na]
		at okhttp3.internal.connection.RealConnection.connect(RealConnection.kt:207) ~[okhttp-4.12.0.jar:na]
		at okhttp3.internal.connection.ExchangeFinder.findConnection(ExchangeFinder.kt:226) ~[okhttp-4.12.0.jar:na]
		at okhttp3.internal.connection.ExchangeFinder.findHealthyConnection(ExchangeFinder.kt:106) ~[okhttp-4.12.0.jar:na]
		at okhttp3.internal.connection.ExchangeFinder.find(ExchangeFinder.kt:74) ~[okhttp-4.12.0.jar:na]
		at okhttp3.internal.connection.RealCall.initExchange$okhttp(RealCall.kt:255) ~[okhttp-4.12.0.jar:na]
		at okhttp3.internal.connection.ConnectInterceptor.intercept(ConnectInterceptor.kt:32) ~[okhttp-4.12.0.jar:na]
		... 12 common frames omitted
	Caused by: java.net.ConnectException: Connection refused: no further information
		at java.base/sun.nio.ch.Net.pollConnect(Native Method)
		at java.base/sun.nio.ch.Net.pollConnectNow(Net.java:672)
		at java.base/sun.nio.ch.NioSocketImpl.timedFinishConnect(NioSocketImpl.java:547)
		at java.base/sun.nio.ch.NioSocketImpl.connect(NioSocketImpl.java:602)
		at java.base/java.net.SocksSocketImpl.connect(SocksSocketImpl.java:327)
		at java.base/java.net.Socket.connect(Socket.java:633)
		at okhttp3.internal.platform.Platform.connectSocket(Platform.kt:128)
		at okhttp3.internal.connection.RealConnection.connectSocket(RealConnection.kt:295)
		... 18 common frames omitted

2026-06-04T13:01:15.407+07:00 ERROR [group-service,,] 28732 --- [group-service] [OkHttp http://localhost:4319/...] [                                                 ] i.o.exporter.internal.http.HttpExporter  : Failed to export spans. The request could not be executed. Full error message: timeout

java.io.InterruptedIOException: timeout
	at okhttp3.internal.connection.RealCall.timeoutExit(RealCall.kt:398) ~[okhttp-4.12.0.jar:na]
	at okhttp3.internal.connection.RealCall.callDone(RealCall.kt:360) ~[okhttp-4.12.0.jar:na]
	at okhttp3.internal.connection.RealCall.noMoreExchanges$okhttp(RealCall.kt:325) ~[okhttp-4.12.0.jar:na]
	at okhttp3.internal.connection.RealCall.getResponseWithInterceptorChain$okhttp(RealCall.kt:209) ~[okhttp-4.12.0.jar:na]
	at okhttp3.internal.connection.RealCall$AsyncCall.run(RealCall.kt:517) ~[okhttp-4.12.0.jar:na]
	at java.base/java.util.concurrent.ThreadPoolExecutor.runWorker(ThreadPoolExecutor.java:1136) ~[na:na]
	at java.base/java.util.concurrent.ThreadPoolExecutor$Worker.run(ThreadPoolExecutor.java:635) ~[na:na]
	at java.base/java.lang.Thread.run(Thread.java:842) ~[na:na]
Caused by: java.net.SocketException: Socket closed
	at java.base/sun.nio.ch.NioSocketImpl.endRead(NioSocketImpl.java:253) ~[na:na]
	at java.base/sun.nio.ch.NioSocketImpl.implRead(NioSocketImpl.java:332) ~[na:na]
	at java.base/sun.nio.ch.NioSocketImpl.read(NioSocketImpl.java:355) ~[na:na]
	at java.base/sun.nio.ch.NioSocketImpl$1.read(NioSocketImpl.java:808) ~[na:na]
	at java.base/java.net.Socket$SocketInputStream.read(Socket.java:966) ~[na:na]
	at okio.InputStreamSource.read(JvmOkio.kt:93) ~[okio-jvm-3.6.0.jar:na]
	at okio.AsyncTimeout$source$1.read(AsyncTimeout.kt:128) ~[okio-jvm-3.6.0.jar:na]
	at okio.RealBufferedSource.indexOf(RealBufferedSource.kt:430) ~[okio-jvm-3.6.0.jar:na]
	at okio.RealBufferedSource.readUtf8LineStrict(RealBufferedSource.kt:323) ~[okio-jvm-3.6.0.jar:na]
	at okhttp3.internal.http1.HeadersReader.readLine(HeadersReader.kt:29) ~[okhttp-4.12.0.jar:na]
	at okhttp3.internal.http1.Http1ExchangeCodec.readResponseHeaders(Http1ExchangeCodec.kt:180) ~[okhttp-4.12.0.jar:na]
	at okhttp3.internal.connection.Exchange.readResponseHeaders(Exchange.kt:110) ~[okhttp-4.12.0.jar:na]
	at okhttp3.internal.http.CallServerInterceptor.intercept(CallServerInterceptor.kt:93) ~[okhttp-4.12.0.jar:na]
	at okhttp3.internal.http.RealInterceptorChain.proceed(RealInterceptorChain.kt:109) ~[okhttp-4.12.0.jar:na]
	at okhttp3.internal.connection.ConnectInterceptor.intercept(ConnectInterceptor.kt:34) ~[okhttp-4.12.0.jar:na]
	at okhttp3.internal.http.RealInterceptorChain.proceed(RealInterceptorChain.kt:109) ~[okhttp-4.12.0.jar:na]
	at okhttp3.internal.cache.CacheInterceptor.intercept(CacheInterceptor.kt:95) ~[okhttp-4.12.0.jar:na]
	at okhttp3.internal.http.RealInterceptorChain.proceed(RealInterceptorChain.kt:109) ~[okhttp-4.12.0.jar:na]
	at okhttp3.internal.http.BridgeInterceptor.intercept(BridgeInterceptor.kt:83) ~[okhttp-4.12.0.jar:na]
	at okhttp3.internal.http.RealInterceptorChain.proceed(RealInterceptorChain.kt:109) ~[okhttp-4.12.0.jar:na]
	at okhttp3.internal.http.RetryAndFollowUpInterceptor.intercept(RetryAndFollowUpInterceptor.kt:76) ~[okhttp-4.12.0.jar:na]
	at okhttp3.internal.http.RealInterceptorChain.proceed(RealInterceptorChain.kt:109) ~[okhttp-4.12.0.jar:na]
	at okhttp3.internal.connection.RealCall.getResponseWithInterceptorChain$okhttp(RealCall.kt:201) ~[okhttp-4.12.0.jar:na]
	... 4 common frames omitted
	Suppressed: java.net.ConnectException: Failed to connect to localhost/127.0.0.1:4319
		at okhttp3.internal.connection.RealConnection.connectSocket(RealConnection.kt:297) ~[okhttp-4.12.0.jar:na]
		at okhttp3.internal.connection.RealConnection.connect(RealConnection.kt:207) ~[okhttp-4.12.0.jar:na]
		at okhttp3.internal.connection.ExchangeFinder.findConnection(ExchangeFinder.kt:226) ~[okhttp-4.12.0.jar:na]
		at okhttp3.internal.connection.ExchangeFinder.findHealthyConnection(ExchangeFinder.kt:106) ~[okhttp-4.12.0.jar:na]
		at okhttp3.internal.connection.ExchangeFinder.find(ExchangeFinder.kt:74) ~[okhttp-4.12.0.jar:na]
		at okhttp3.internal.connection.RealCall.initExchange$okhttp(RealCall.kt:255) ~[okhttp-4.12.0.jar:na]
		at okhttp3.internal.connection.ConnectInterceptor.intercept(ConnectInterceptor.kt:32) ~[okhttp-4.12.0.jar:na]
		... 12 common frames omitted
	Caused by: java.net.ConnectException: Connection refused: no further information
		at java.base/sun.nio.ch.Net.pollConnect(Native Method)
		at java.base/sun.nio.ch.Net.pollConnectNow(Net.java:672)
		at java.base/sun.nio.ch.NioSocketImpl.timedFinishConnect(NioSocketImpl.java:547)
		at java.base/sun.nio.ch.NioSocketImpl.connect(NioSocketImpl.java:602)
		at java.base/java.net.SocksSocketImpl.connect(SocksSocketImpl.java:327)
		at java.base/java.net.Socket.connect(Socket.java:633)
		at okhttp3.internal.platform.Platform.connectSocket(Platform.kt:128)
		at okhttp3.internal.connection.RealConnection.connectSocket(RealConnection.kt:295)
		... 18 common frames omitted

2026-06-04T13:01:30.874+07:00 ERROR [group-service,,] 28732 --- [group-service] [OkHttp http://localhost:4319/...] [                                                 ] i.o.exporter.internal.http.HttpExporter  : Failed to export spans. The request could not be executed. Full error message: timeout

java.io.InterruptedIOException: timeout
	at okhttp3.internal.connection.RealCall.timeoutExit(RealCall.kt:398) ~[okhttp-4.12.0.jar:na]
	at okhttp3.internal.connection.RealCall.callDone(RealCall.kt:360) ~[okhttp-4.12.0.jar:na]
	at okhttp3.internal.connection.RealCall.noMoreExchanges$okhttp(RealCall.kt:325) ~[okhttp-4.12.0.jar:na]
	at okhttp3.internal.connection.RealCall.getResponseWithInterceptorChain$okhttp(RealCall.kt:209) ~[okhttp-4.12.0.jar:na]
	at okhttp3.internal.connection.RealCall$AsyncCall.run(RealCall.kt:517) ~[okhttp-4.12.0.jar:na]
	at java.base/java.util.concurrent.ThreadPoolExecutor.runWorker(ThreadPoolExecutor.java:1136) ~[na:na]
	at java.base/java.util.concurrent.ThreadPoolExecutor$Worker.run(ThreadPoolExecutor.java:635) ~[na:na]
	at java.base/java.lang.Thread.run(Thread.java:842) ~[na:na]
Caused by: java.net.SocketException: Socket closed
	at java.base/sun.nio.ch.NioSocketImpl.endRead(NioSocketImpl.java:253) ~[na:na]
	at java.base/sun.nio.ch.NioSocketImpl.implRead(NioSocketImpl.java:332) ~[na:na]
	at java.base/sun.nio.ch.NioSocketImpl.read(NioSocketImpl.java:355) ~[na:na]
	at java.base/sun.nio.ch.NioSocketImpl$1.read(NioSocketImpl.java:808) ~[na:na]
	at java.base/java.net.Socket$SocketInputStream.read(Socket.java:966) ~[na:na]
	at okio.InputStreamSource.read(JvmOkio.kt:93) ~[okio-jvm-3.6.0.jar:na]
	at okio.AsyncTimeout$source$1.read(AsyncTimeout.kt:128) ~[okio-jvm-3.6.0.jar:na]
	at okio.RealBufferedSource.indexOf(RealBufferedSource.kt:430) ~[okio-jvm-3.6.0.jar:na]
	at okio.RealBufferedSource.readUtf8LineStrict(RealBufferedSource.kt:323) ~[okio-jvm-3.6.0.jar:na]
	at okhttp3.internal.http1.HeadersReader.readLine(HeadersReader.kt:29) ~[okhttp-4.12.0.jar:na]
	at okhttp3.internal.http1.Http1ExchangeCodec.readResponseHeaders(Http1ExchangeCodec.kt:180) ~[okhttp-4.12.0.jar:na]
	at okhttp3.internal.connection.Exchange.readResponseHeaders(Exchange.kt:110) ~[okhttp-4.12.0.jar:na]
	at okhttp3.internal.http.CallServerInterceptor.intercept(CallServerInterceptor.kt:93) ~[okhttp-4.12.0.jar:na]
	at okhttp3.internal.http.RealInterceptorChain.proceed(RealInterceptorChain.kt:109) ~[okhttp-4.12.0.jar:na]
	at okhttp3.internal.connection.ConnectInterceptor.intercept(ConnectInterceptor.kt:34) ~[okhttp-4.12.0.jar:na]
	at okhttp3.internal.http.RealInterceptorChain.proceed(RealInterceptorChain.kt:109) ~[okhttp-4.12.0.jar:na]
	at okhttp3.internal.cache.CacheInterceptor.intercept(CacheInterceptor.kt:95) ~[okhttp-4.12.0.jar:na]
	at okhttp3.internal.http.RealInterceptorChain.proceed(RealInterceptorChain.kt:109) ~[okhttp-4.12.0.jar:na]
	at okhttp3.internal.http.BridgeInterceptor.intercept(BridgeInterceptor.kt:83) ~[okhttp-4.12.0.jar:na]
	at okhttp3.internal.http.RealInterceptorChain.proceed(RealInterceptorChain.kt:109) ~[okhttp-4.12.0.jar:na]
	at okhttp3.internal.http.RetryAndFollowUpInterceptor.intercept(RetryAndFollowUpInterceptor.kt:76) ~[okhttp-4.12.0.jar:na]
	at okhttp3.internal.http.RealInterceptorChain.proceed(RealInterceptorChain.kt:109) ~[okhttp-4.12.0.jar:na]
	at okhttp3.internal.connection.RealCall.getResponseWithInterceptorChain$okhttp(RealCall.kt:201) ~[okhttp-4.12.0.jar:na]
	... 4 common frames omitted
	Suppressed: java.net.ConnectException: Failed to connect to localhost/127.0.0.1:4319
		at okhttp3.internal.connection.RealConnection.connectSocket(RealConnection.kt:297) ~[okhttp-4.12.0.jar:na]
		at okhttp3.internal.connection.RealConnection.connect(RealConnection.kt:207) ~[okhttp-4.12.0.jar:na]
		at okhttp3.internal.connection.ExchangeFinder.findConnection(ExchangeFinder.kt:226) ~[okhttp-4.12.0.jar:na]
		at okhttp3.internal.connection.ExchangeFinder.findHealthyConnection(ExchangeFinder.kt:106) ~[okhttp-4.12.0.jar:na]
		at okhttp3.internal.connection.ExchangeFinder.find(ExchangeFinder.kt:74) ~[okhttp-4.12.0.jar:na]
		at okhttp3.internal.connection.RealCall.initExchange$okhttp(RealCall.kt:255) ~[okhttp-4.12.0.jar:na]
		at okhttp3.internal.connection.ConnectInterceptor.intercept(ConnectInterceptor.kt:32) ~[okhttp-4.12.0.jar:na]
		... 12 common frames omitted
	Caused by: java.net.ConnectException: Connection refused: no further information
		at java.base/sun.nio.ch.Net.pollConnect(Native Method)
		at java.base/sun.nio.ch.Net.pollConnectNow(Net.java:672)
		at java.base/sun.nio.ch.NioSocketImpl.timedFinishConnect(NioSocketImpl.java:547)
		at java.base/sun.nio.ch.NioSocketImpl.connect(NioSocketImpl.java:602)
		at java.base/java.net.SocksSocketImpl.connect(SocksSocketImpl.java:327)
		at java.base/java.net.Socket.connect(Socket.java:633)
		at okhttp3.internal.platform.Platform.connectSocket(Platform.kt:128)
		at okhttp3.internal.connection.RealConnection.connectSocket(RealConnection.kt:295)
		... 18 common frames omitted

2026-06-04T13:01:46.350+07:00 ERROR [group-service,,] 28732 --- [group-service] [OkHttp http://localhost:4319/...] [                                                 ] i.o.exporter.internal.http.HttpExporter  : Failed to export spans. The request could not be executed. Full error message: timeout

java.io.InterruptedIOException: timeout
	at okhttp3.internal.connection.RealCall.timeoutExit(RealCall.kt:398) ~[okhttp-4.12.0.jar:na]
	at okhttp3.internal.connection.RealCall.callDone(RealCall.kt:360) ~[okhttp-4.12.0.jar:na]
	at okhttp3.internal.connection.RealCall.noMoreExchanges$okhttp(RealCall.kt:325) ~[okhttp-4.12.0.jar:na]
	at okhttp3.internal.connection.RealCall.getResponseWithInterceptorChain$okhttp(RealCall.kt:209) ~[okhttp-4.12.0.jar:na]
	at okhttp3.internal.connection.RealCall$AsyncCall.run(RealCall.kt:517) ~[okhttp-4.12.0.jar:na]
	at java.base/java.util.concurrent.ThreadPoolExecutor.runWorker(ThreadPoolExecutor.java:1136) ~[na:na]
	at java.base/java.util.concurrent.ThreadPoolExecutor$Worker.run(ThreadPoolExecutor.java:635) ~[na:na]
	at java.base/java.lang.Thread.run(Thread.java:842) ~[na:na]
Caused by: java.net.SocketException: Socket closed
	at java.base/sun.nio.ch.NioSocketImpl.endRead(NioSocketImpl.java:253) ~[na:na]
	at java.base/sun.nio.ch.NioSocketImpl.implRead(NioSocketImpl.java:332) ~[na:na]
	at java.base/sun.nio.ch.NioSocketImpl.read(NioSocketImpl.java:355) ~[na:na]
	at java.base/sun.nio.ch.NioSocketImpl$1.read(NioSocketImpl.java:808) ~[na:na]
	at java.base/java.net.Socket$SocketInputStream.read(Socket.java:966) ~[na:na]
	at okio.InputStreamSource.read(JvmOkio.kt:93) ~[okio-jvm-3.6.0.jar:na]
	at okio.AsyncTimeout$source$1.read(AsyncTimeout.kt:128) ~[okio-jvm-3.6.0.jar:na]
	at okio.RealBufferedSource.indexOf(RealBufferedSource.kt:430) ~[okio-jvm-3.6.0.jar:na]
	at okio.RealBufferedSource.readUtf8LineStrict(RealBufferedSource.kt:323) ~[okio-jvm-3.6.0.jar:na]
	at okhttp3.internal.http1.HeadersReader.readLine(HeadersReader.kt:29) ~[okhttp-4.12.0.jar:na]
	at okhttp3.internal.http1.Http1ExchangeCodec.readResponseHeaders(Http1ExchangeCodec.kt:180) ~[okhttp-4.12.0.jar:na]
	at okhttp3.internal.connection.Exchange.readResponseHeaders(Exchange.kt:110) ~[okhttp-4.12.0.jar:na]
	at okhttp3.internal.http.CallServerInterceptor.intercept(CallServerInterceptor.kt:93) ~[okhttp-4.12.0.jar:na]
	at okhttp3.internal.http.RealInterceptorChain.proceed(RealInterceptorChain.kt:109) ~[okhttp-4.12.0.jar:na]
	at okhttp3.internal.connection.ConnectInterceptor.intercept(ConnectInterceptor.kt:34) ~[okhttp-4.12.0.jar:na]
	at okhttp3.internal.http.RealInterceptorChain.proceed(RealInterceptorChain.kt:109) ~[okhttp-4.12.0.jar:na]
	at okhttp3.internal.cache.CacheInterceptor.intercept(CacheInterceptor.kt:95) ~[okhttp-4.12.0.jar:na]
	at okhttp3.internal.http.RealInterceptorChain.proceed(RealInterceptorChain.kt:109) ~[okhttp-4.12.0.jar:na]
	at okhttp3.internal.http.BridgeInterceptor.intercept(BridgeInterceptor.kt:83) ~[okhttp-4.12.0.jar:na]
	at okhttp3.internal.http.RealInterceptorChain.proceed(RealInterceptorChain.kt:109) ~[okhttp-4.12.0.jar:na]
	at okhttp3.internal.http.RetryAndFollowUpInterceptor.intercept(RetryAndFollowUpInterceptor.kt:76) ~[okhttp-4.12.0.jar:na]
	at okhttp3.internal.http.RealInterceptorChain.proceed(RealInterceptorChain.kt:109) ~[okhttp-4.12.0.jar:na]
	at okhttp3.internal.connection.RealCall.getResponseWithInterceptorChain$okhttp(RealCall.kt:201) ~[okhttp-4.12.0.jar:na]
	... 4 common frames omitted
	Suppressed: java.net.ConnectException: Failed to connect to localhost/127.0.0.1:4319
		at okhttp3.internal.connection.RealConnection.connectSocket(RealConnection.kt:297) ~[okhttp-4.12.0.jar:na]
		at okhttp3.internal.connection.RealConnection.connect(RealConnection.kt:207) ~[okhttp-4.12.0.jar:na]
		at okhttp3.internal.connection.ExchangeFinder.findConnection(ExchangeFinder.kt:226) ~[okhttp-4.12.0.jar:na]
		at okhttp3.internal.connection.ExchangeFinder.findHealthyConnection(ExchangeFinder.kt:106) ~[okhttp-4.12.0.jar:na]
		at okhttp3.internal.connection.ExchangeFinder.find(ExchangeFinder.kt:74) ~[okhttp-4.12.0.jar:na]
		at okhttp3.internal.connection.RealCall.initExchange$okhttp(RealCall.kt:255) ~[okhttp-4.12.0.jar:na]
		at okhttp3.internal.connection.ConnectInterceptor.intercept(ConnectInterceptor.kt:32) ~[okhttp-4.12.0.jar:na]
		... 12 common frames omitted
	Caused by: java.net.ConnectException: Connection refused: no further information
		at java.base/sun.nio.ch.Net.pollConnect(Native Method)
		at java.base/sun.nio.ch.Net.pollConnectNow(Net.java:672)
		at java.base/sun.nio.ch.NioSocketImpl.timedFinishConnect(NioSocketImpl.java:547)
		at java.base/sun.nio.ch.NioSocketImpl.connect(NioSocketImpl.java:602)
		at java.base/java.net.SocksSocketImpl.connect(SocksSocketImpl.java:327)
		at java.base/java.net.Socket.connect(Socket.java:633)
		at okhttp3.internal.platform.Platform.connectSocket(Platform.kt:128)
		at okhttp3.internal.connection.RealConnection.connectSocket(RealConnection.kt:295)
		... 18 common frames omitted

2026-06-04T13:02:01.944+07:00 ERROR [group-service,,] 28732 --- [group-service] [OkHttp http://localhost:4319/...] [                                                 ] i.o.exporter.internal.http.HttpExporter  : Failed to export spans. The request could not be executed. Full error message: Read timed out

java.net.SocketTimeoutException: Read timed out
	at java.base/sun.nio.ch.NioSocketImpl.timedRead(NioSocketImpl.java:288) ~[na:na]
	at java.base/sun.nio.ch.NioSocketImpl.implRead(NioSocketImpl.java:314) ~[na:na]
	at java.base/sun.nio.ch.NioSocketImpl.read(NioSocketImpl.java:355) ~[na:na]
	at java.base/sun.nio.ch.NioSocketImpl$1.read(NioSocketImpl.java:808) ~[na:na]
	at java.base/java.net.Socket$SocketInputStream.read(Socket.java:966) ~[na:na]
	at okio.InputStreamSource.read(JvmOkio.kt:93) ~[okio-jvm-3.6.0.jar:na]
	at okio.AsyncTimeout$source$1.read(AsyncTimeout.kt:128) ~[okio-jvm-3.6.0.jar:na]
	at okio.RealBufferedSource.indexOf(RealBufferedSource.kt:430) ~[okio-jvm-3.6.0.jar:na]
	at okio.RealBufferedSource.readUtf8LineStrict(RealBufferedSource.kt:323) ~[okio-jvm-3.6.0.jar:na]
	at okhttp3.internal.http1.HeadersReader.readLine(HeadersReader.kt:29) ~[okhttp-4.12.0.jar:na]
	at okhttp3.internal.http1.Http1ExchangeCodec.readResponseHeaders(Http1ExchangeCodec.kt:180) ~[okhttp-4.12.0.jar:na]
	at okhttp3.internal.connection.Exchange.readResponseHeaders(Exchange.kt:110) ~[okhttp-4.12.0.jar:na]
	at okhttp3.internal.http.CallServerInterceptor.intercept(CallServerInterceptor.kt:93) ~[okhttp-4.12.0.jar:na]
	at okhttp3.internal.http.RealInterceptorChain.proceed(RealInterceptorChain.kt:109) ~[okhttp-4.12.0.jar:na]
	at okhttp3.internal.connection.ConnectInterceptor.intercept(ConnectInterceptor.kt:34) ~[okhttp-4.12.0.jar:na]
	at okhttp3.internal.http.RealInterceptorChain.proceed(RealInterceptorChain.kt:109) ~[okhttp-4.12.0.jar:na]
	at okhttp3.internal.cache.CacheInterceptor.intercept(CacheInterceptor.kt:95) ~[okhttp-4.12.0.jar:na]
	at okhttp3.internal.http.RealInterceptorChain.proceed(RealInterceptorChain.kt:109) ~[okhttp-4.12.0.jar:na]
	at okhttp3.internal.http.BridgeInterceptor.intercept(BridgeInterceptor.kt:83) ~[okhttp-4.12.0.jar:na]
	at okhttp3.internal.http.RealInterceptorChain.proceed(RealInterceptorChain.kt:109) ~[okhttp-4.12.0.jar:na]
	at okhttp3.internal.http.RetryAndFollowUpInterceptor.intercept(RetryAndFollowUpInterceptor.kt:76) ~[okhttp-4.12.0.jar:na]
	at okhttp3.internal.http.RealInterceptorChain.proceed(RealInterceptorChain.kt:109) ~[okhttp-4.12.0.jar:na]
	at okhttp3.internal.connection.RealCall.getResponseWithInterceptorChain$okhttp(RealCall.kt:201) ~[okhttp-4.12.0.jar:na]
	at okhttp3.internal.connection.RealCall$AsyncCall.run(RealCall.kt:517) ~[okhttp-4.12.0.jar:na]
	at java.base/java.util.concurrent.ThreadPoolExecutor.runWorker(ThreadPoolExecutor.java:1136) ~[na:na]
	at java.base/java.util.concurrent.ThreadPoolExecutor$Worker.run(ThreadPoolExecutor.java:635) ~[na:na]
	at java.base/java.lang.Thread.run(Thread.java:842) ~[na:na]
	Suppressed: java.net.ConnectException: Failed to connect to localhost/127.0.0.1:4319
		at okhttp3.internal.connection.RealConnection.connectSocket(RealConnection.kt:297) ~[okhttp-4.12.0.jar:na]
		at okhttp3.internal.connection.RealConnection.connect(RealConnection.kt:207) ~[okhttp-4.12.0.jar:na]
		at okhttp3.internal.connection.ExchangeFinder.findConnection(ExchangeFinder.kt:226) ~[okhttp-4.12.0.jar:na]
		at okhttp3.internal.connection.ExchangeFinder.findHealthyConnection(ExchangeFinder.kt:106) ~[okhttp-4.12.0.jar:na]
		at okhttp3.internal.connection.ExchangeFinder.find(ExchangeFinder.kt:74) ~[okhttp-4.12.0.jar:na]
		at okhttp3.internal.connection.RealCall.initExchange$okhttp(RealCall.kt:255) ~[okhttp-4.12.0.jar:na]
		at okhttp3.internal.connection.ConnectInterceptor.intercept(ConnectInterceptor.kt:32) ~[okhttp-4.12.0.jar:na]
		... 12 common frames omitted
	Caused by: java.net.ConnectException: Connection refused: no further information
		at java.base/sun.nio.ch.Net.pollConnect(Native Method)
		at java.base/sun.nio.ch.Net.pollConnectNow(Net.java:672)
		at java.base/sun.nio.ch.NioSocketImpl.timedFinishConnect(NioSocketImpl.java:547)
		at java.base/sun.nio.ch.NioSocketImpl.connect(NioSocketImpl.java:602)
		at java.base/java.net.SocksSocketImpl.connect(SocksSocketImpl.java:327)
		at java.base/java.net.Socket.connect(Socket.java:633)
		at okhttp3.internal.platform.Platform.connectSocket(Platform.kt:128)
		at okhttp3.internal.connection.RealConnection.connectSocket(RealConnection.kt:295)
		... 18 common frames omitted

2026-06-04T13:02:20.222+07:00 ERROR [group-service,,] 28732 --- [group-service] [OkHttp http://localhost:4319/...] [                                                 ] i.o.exporter.internal.http.HttpExporter  : Failed to export spans. The request could not be executed. Full error message: timeout

java.io.InterruptedIOException: timeout
	at okhttp3.internal.connection.RealCall.timeoutExit(RealCall.kt:398) ~[okhttp-4.12.0.jar:na]
	at okhttp3.internal.connection.RealCall.callDone(RealCall.kt:360) ~[okhttp-4.12.0.jar:na]
	at okhttp3.internal.connection.RealCall.noMoreExchanges$okhttp(RealCall.kt:325) ~[okhttp-4.12.0.jar:na]
	at okhttp3.internal.connection.RealCall.getResponseWithInterceptorChain$okhttp(RealCall.kt:209) ~[okhttp-4.12.0.jar:na]
	at okhttp3.internal.connection.RealCall$AsyncCall.run(RealCall.kt:517) ~[okhttp-4.12.0.jar:na]
	at java.base/java.util.concurrent.ThreadPoolExecutor.runWorker(ThreadPoolExecutor.java:1136) ~[na:na]
	at java.base/java.util.concurrent.ThreadPoolExecutor$Worker.run(ThreadPoolExecutor.java:635) ~[na:na]
	at java.base/java.lang.Thread.run(Thread.java:842) ~[na:na]
Caused by: java.net.SocketException: Socket closed
	at java.base/sun.nio.ch.NioSocketImpl.endRead(NioSocketImpl.java:253) ~[na:na]
	at java.base/sun.nio.ch.NioSocketImpl.implRead(NioSocketImpl.java:332) ~[na:na]
	at java.base/sun.nio.ch.NioSocketImpl.read(NioSocketImpl.java:355) ~[na:na]
	at java.base/sun.nio.ch.NioSocketImpl$1.read(NioSocketImpl.java:808) ~[na:na]
	at java.base/java.net.Socket$SocketInputStream.read(Socket.java:966) ~[na:na]
	at okio.InputStreamSource.read(JvmOkio.kt:93) ~[okio-jvm-3.6.0.jar:na]
	at okio.AsyncTimeout$source$1.read(AsyncTimeout.kt:128) ~[okio-jvm-3.6.0.jar:na]
	at okio.RealBufferedSource.indexOf(RealBufferedSource.kt:430) ~[okio-jvm-3.6.0.jar:na]
	at okio.RealBufferedSource.readUtf8LineStrict(RealBufferedSource.kt:323) ~[okio-jvm-3.6.0.jar:na]
	at okhttp3.internal.http1.HeadersReader.readLine(HeadersReader.kt:29) ~[okhttp-4.12.0.jar:na]
	at okhttp3.internal.http1.Http1ExchangeCodec.readResponseHeaders(Http1ExchangeCodec.kt:180) ~[okhttp-4.12.0.jar:na]
	at okhttp3.internal.connection.Exchange.readResponseHeaders(Exchange.kt:110) ~[okhttp-4.12.0.jar:na]
	at okhttp3.internal.http.CallServerInterceptor.intercept(CallServerInterceptor.kt:93) ~[okhttp-4.12.0.jar:na]
	at okhttp3.internal.http.RealInterceptorChain.proceed(RealInterceptorChain.kt:109) ~[okhttp-4.12.0.jar:na]
	at okhttp3.internal.connection.ConnectInterceptor.intercept(ConnectInterceptor.kt:34) ~[okhttp-4.12.0.jar:na]
	at okhttp3.internal.http.RealInterceptorChain.proceed(RealInterceptorChain.kt:109) ~[okhttp-4.12.0.jar:na]
	at okhttp3.internal.cache.CacheInterceptor.intercept(CacheInterceptor.kt:95) ~[okhttp-4.12.0.jar:na]
	at okhttp3.internal.http.RealInterceptorChain.proceed(RealInterceptorChain.kt:109) ~[okhttp-4.12.0.jar:na]
	at okhttp3.internal.http.BridgeInterceptor.intercept(BridgeInterceptor.kt:83) ~[okhttp-4.12.0.jar:na]
	at okhttp3.internal.http.RealInterceptorChain.proceed(RealInterceptorChain.kt:109) ~[okhttp-4.12.0.jar:na]
	at okhttp3.internal.http.RetryAndFollowUpInterceptor.intercept(RetryAndFollowUpInterceptor.kt:76) ~[okhttp-4.12.0.jar:na]
	at okhttp3.internal.http.RealInterceptorChain.proceed(RealInterceptorChain.kt:109) ~[okhttp-4.12.0.jar:na]
	at okhttp3.internal.connection.RealCall.getResponseWithInterceptorChain$okhttp(RealCall.kt:201) ~[okhttp-4.12.0.jar:na]
	... 4 common frames omitted
	Suppressed: java.net.ConnectException: Failed to connect to localhost/127.0.0.1:4319
		at okhttp3.internal.connection.RealConnection.connectSocket(RealConnection.kt:297) ~[okhttp-4.12.0.jar:na]
		at okhttp3.internal.connection.RealConnection.connect(RealConnection.kt:207) ~[okhttp-4.12.0.jar:na]
		at okhttp3.internal.connection.ExchangeFinder.findConnection(ExchangeFinder.kt:226) ~[okhttp-4.12.0.jar:na]
		at okhttp3.internal.connection.ExchangeFinder.findHealthyConnection(ExchangeFinder.kt:106) ~[okhttp-4.12.0.jar:na]
		at okhttp3.internal.connection.ExchangeFinder.find(ExchangeFinder.kt:74) ~[okhttp-4.12.0.jar:na]
		at okhttp3.internal.connection.RealCall.initExchange$okhttp(RealCall.kt:255) ~[okhttp-4.12.0.jar:na]
		at okhttp3.internal.connection.ConnectInterceptor.intercept(ConnectInterceptor.kt:32) ~[okhttp-4.12.0.jar:na]
		... 12 common frames omitted
	Caused by: java.net.ConnectException: Connection refused: no further information
		at java.base/sun.nio.ch.Net.pollConnect(Native Method)
		at java.base/sun.nio.ch.Net.pollConnectNow(Net.java:672)
		at java.base/sun.nio.ch.NioSocketImpl.timedFinishConnect(NioSocketImpl.java:547)
		at java.base/sun.nio.ch.NioSocketImpl.connect(NioSocketImpl.java:602)
		at java.base/java.net.SocksSocketImpl.connect(SocksSocketImpl.java:327)
		at java.base/java.net.Socket.connect(Socket.java:633)
		at okhttp3.internal.platform.Platform.connectSocket(Platform.kt:128)
		at okhttp3.internal.connection.RealConnection.connectSocket(RealConnection.kt:295)
		... 18 common frames omitted

2026-06-04T13:02:37.029+07:00 ERROR [group-service,,] 28732 --- [group-service] [OkHttp http://localhost:4319/...] [                                                 ] i.o.exporter.internal.http.HttpExporter  : Failed to export spans. The request could not be executed. Full error message: Read timed out

java.net.SocketTimeoutException: Read timed out
	at java.base/sun.nio.ch.NioSocketImpl.timedRead(NioSocketImpl.java:288) ~[na:na]
	at java.base/sun.nio.ch.NioSocketImpl.implRead(NioSocketImpl.java:314) ~[na:na]
	at java.base/sun.nio.ch.NioSocketImpl.read(NioSocketImpl.java:355) ~[na:na]
	at java.base/sun.nio.ch.NioSocketImpl$1.read(NioSocketImpl.java:808) ~[na:na]
	at java.base/java.net.Socket$SocketInputStream.read(Socket.java:966) ~[na:na]
	at okio.InputStreamSource.read(JvmOkio.kt:93) ~[okio-jvm-3.6.0.jar:na]
	at okio.AsyncTimeout$source$1.read(AsyncTimeout.kt:128) ~[okio-jvm-3.6.0.jar:na]
	at okio.RealBufferedSource.indexOf(RealBufferedSource.kt:430) ~[okio-jvm-3.6.0.jar:na]
	at okio.RealBufferedSource.readUtf8LineStrict(RealBufferedSource.kt:323) ~[okio-jvm-3.6.0.jar:na]
	at okhttp3.internal.http1.HeadersReader.readLine(HeadersReader.kt:29) ~[okhttp-4.12.0.jar:na]
	at okhttp3.internal.http1.Http1ExchangeCodec.readResponseHeaders(Http1ExchangeCodec.kt:180) ~[okhttp-4.12.0.jar:na]
	at okhttp3.internal.connection.Exchange.readResponseHeaders(Exchange.kt:110) ~[okhttp-4.12.0.jar:na]
	at okhttp3.internal.http.CallServerInterceptor.intercept(CallServerInterceptor.kt:93) ~[okhttp-4.12.0.jar:na]
	at okhttp3.internal.http.RealInterceptorChain.proceed(RealInterceptorChain.kt:109) ~[okhttp-4.12.0.jar:na]
	at okhttp3.internal.connection.ConnectInterceptor.intercept(ConnectInterceptor.kt:34) ~[okhttp-4.12.0.jar:na]
	at okhttp3.internal.http.RealInterceptorChain.proceed(RealInterceptorChain.kt:109) ~[okhttp-4.12.0.jar:na]
	at okhttp3.internal.cache.CacheInterceptor.intercept(CacheInterceptor.kt:95) ~[okhttp-4.12.0.jar:na]
	at okhttp3.internal.http.RealInterceptorChain.proceed(RealInterceptorChain.kt:109) ~[okhttp-4.12.0.jar:na]
	at okhttp3.internal.http.BridgeInterceptor.intercept(BridgeInterceptor.kt:83) ~[okhttp-4.12.0.jar:na]
	at okhttp3.internal.http.RealInterceptorChain.proceed(RealInterceptorChain.kt:109) ~[okhttp-4.12.0.jar:na]
	at okhttp3.internal.http.RetryAndFollowUpInterceptor.intercept(RetryAndFollowUpInterceptor.kt:76) ~[okhttp-4.12.0.jar:na]
	at okhttp3.internal.http.RealInterceptorChain.proceed(RealInterceptorChain.kt:109) ~[okhttp-4.12.0.jar:na]
	at okhttp3.internal.connection.RealCall.getResponseWithInterceptorChain$okhttp(RealCall.kt:201) ~[okhttp-4.12.0.jar:na]
	at okhttp3.internal.connection.RealCall$AsyncCall.run(RealCall.kt:517) ~[okhttp-4.12.0.jar:na]
	at java.base/java.util.concurrent.ThreadPoolExecutor.runWorker(ThreadPoolExecutor.java:1136) ~[na:na]
	at java.base/java.util.concurrent.ThreadPoolExecutor$Worker.run(ThreadPoolExecutor.java:635) ~[na:na]
	at java.base/java.lang.Thread.run(Thread.java:842) ~[na:na]
	Suppressed: java.net.ConnectException: Failed to connect to localhost/127.0.0.1:4319
		at okhttp3.internal.connection.RealConnection.connectSocket(RealConnection.kt:297) ~[okhttp-4.12.0.jar:na]
		at okhttp3.internal.connection.RealConnection.connect(RealConnection.kt:207) ~[okhttp-4.12.0.jar:na]
		at okhttp3.internal.connection.ExchangeFinder.findConnection(ExchangeFinder.kt:226) ~[okhttp-4.12.0.jar:na]
		at okhttp3.internal.connection.ExchangeFinder.findHealthyConnection(ExchangeFinder.kt:106) ~[okhttp-4.12.0.jar:na]
		at okhttp3.internal.connection.ExchangeFinder.find(ExchangeFinder.kt:74) ~[okhttp-4.12.0.jar:na]
		at okhttp3.internal.connection.RealCall.initExchange$okhttp(RealCall.kt:255) ~[okhttp-4.12.0.jar:na]
		at okhttp3.internal.connection.ConnectInterceptor.intercept(ConnectInterceptor.kt:32) ~[okhttp-4.12.0.jar:na]
		... 12 common frames omitted
	Caused by: java.net.ConnectException: Connection refused: no further information
		at java.base/sun.nio.ch.Net.pollConnect(Native Method)
		at java.base/sun.nio.ch.Net.pollConnectNow(Net.java:672)
		at java.base/sun.nio.ch.NioSocketImpl.timedFinishConnect(NioSocketImpl.java:547)
		at java.base/sun.nio.ch.NioSocketImpl.connect(NioSocketImpl.java:602)
		at java.base/java.net.SocksSocketImpl.connect(SocksSocketImpl.java:327)
		at java.base/java.net.Socket.connect(Socket.java:633)
		at okhttp3.internal.platform.Platform.connectSocket(Platform.kt:128)
		at okhttp3.internal.connection.RealConnection.connectSocket(RealConnection.kt:295)
		... 18 common frames omitted

2026-06-04T13:02:59.820+07:00  INFO [group-service,,] 28732 --- [group-service] [AsyncResolver-bootstrap-executor-%d] [                                                 ] c.n.d.s.r.aws.ConfigClusterResolver      : Resolving eureka endpoints via configuration
2026-06-04T13:03:12.650+07:00 ERROR [group-service,,] 28732 --- [group-service] [OkHttp http://localhost:4319/...] [                                                 ] i.o.exporter.internal.http.HttpExporter  : Failed to export spans. The request could not be executed. Full error message: Read timed out

java.net.SocketTimeoutException: Read timed out
	at java.base/sun.nio.ch.NioSocketImpl.timedRead(NioSocketImpl.java:288) ~[na:na]
	at java.base/sun.nio.ch.NioSocketImpl.implRead(NioSocketImpl.java:314) ~[na:na]
	at java.base/sun.nio.ch.NioSocketImpl.read(NioSocketImpl.java:355) ~[na:na]
	at java.base/sun.nio.ch.NioSocketImpl$1.read(NioSocketImpl.java:808) ~[na:na]
	at java.base/java.net.Socket$SocketInputStream.read(Socket.java:966) ~[na:na]
	at okio.InputStreamSource.read(JvmOkio.kt:93) ~[okio-jvm-3.6.0.jar:na]
	at okio.AsyncTimeout$source$1.read(AsyncTimeout.kt:128) ~[okio-jvm-3.6.0.jar:na]
	at okio.RealBufferedSource.indexOf(RealBufferedSource.kt:430) ~[okio-jvm-3.6.0.jar:na]
	at okio.RealBufferedSource.readUtf8LineStrict(RealBufferedSource.kt:323) ~[okio-jvm-3.6.0.jar:na]
	at okhttp3.internal.http1.HeadersReader.readLine(HeadersReader.kt:29) ~[okhttp-4.12.0.jar:na]
	at okhttp3.internal.http1.Http1ExchangeCodec.readResponseHeaders(Http1ExchangeCodec.kt:180) ~[okhttp-4.12.0.jar:na]
	at okhttp3.internal.connection.Exchange.readResponseHeaders(Exchange.kt:110) ~[okhttp-4.12.0.jar:na]
	at okhttp3.internal.http.CallServerInterceptor.intercept(CallServerInterceptor.kt:93) ~[okhttp-4.12.0.jar:na]
	at okhttp3.internal.http.RealInterceptorChain.proceed(RealInterceptorChain.kt:109) ~[okhttp-4.12.0.jar:na]
	at okhttp3.internal.connection.ConnectInterceptor.intercept(ConnectInterceptor.kt:34) ~[okhttp-4.12.0.jar:na]
	at okhttp3.internal.http.RealInterceptorChain.proceed(RealInterceptorChain.kt:109) ~[okhttp-4.12.0.jar:na]
	at okhttp3.internal.cache.CacheInterceptor.intercept(CacheInterceptor.kt:95) ~[okhttp-4.12.0.jar:na]
	at okhttp3.internal.http.RealInterceptorChain.proceed(RealInterceptorChain.kt:109) ~[okhttp-4.12.0.jar:na]
	at okhttp3.internal.http.BridgeInterceptor.intercept(BridgeInterceptor.kt:83) ~[okhttp-4.12.0.jar:na]
	at okhttp3.internal.http.RealInterceptorChain.proceed(RealInterceptorChain.kt:109) ~[okhttp-4.12.0.jar:na]
	at okhttp3.internal.http.RetryAndFollowUpInterceptor.intercept(RetryAndFollowUpInterceptor.kt:76) ~[okhttp-4.12.0.jar:na]
	at okhttp3.internal.http.RealInterceptorChain.proceed(RealInterceptorChain.kt:109) ~[okhttp-4.12.0.jar:na]
	at okhttp3.internal.connection.RealCall.getResponseWithInterceptorChain$okhttp(RealCall.kt:201) ~[okhttp-4.12.0.jar:na]
	at okhttp3.internal.connection.RealCall$AsyncCall.run(RealCall.kt:517) ~[okhttp-4.12.0.jar:na]
	at java.base/java.util.concurrent.ThreadPoolExecutor.runWorker(ThreadPoolExecutor.java:1136) ~[na:na]
	at java.base/java.util.concurrent.ThreadPoolExecutor$Worker.run(ThreadPoolExecutor.java:635) ~[na:na]
	at java.base/java.lang.Thread.run(Thread.java:842) ~[na:na]
	Suppressed: java.net.ConnectException: Failed to connect to localhost/127.0.0.1:4319
		at okhttp3.internal.connection.RealConnection.connectSocket(RealConnection.kt:297) ~[okhttp-4.12.0.jar:na]
		at okhttp3.internal.connection.RealConnection.connect(RealConnection.kt:207) ~[okhttp-4.12.0.jar:na]
		at okhttp3.internal.connection.ExchangeFinder.findConnection(ExchangeFinder.kt:226) ~[okhttp-4.12.0.jar:na]
		at okhttp3.internal.connection.ExchangeFinder.findHealthyConnection(ExchangeFinder.kt:106) ~[okhttp-4.12.0.jar:na]
		at okhttp3.internal.connection.ExchangeFinder.find(ExchangeFinder.kt:74) ~[okhttp-4.12.0.jar:na]
		at okhttp3.internal.connection.RealCall.initExchange$okhttp(RealCall.kt:255) ~[okhttp-4.12.0.jar:na]
		at okhttp3.internal.connection.ConnectInterceptor.intercept(ConnectInterceptor.kt:32) ~[okhttp-4.12.0.jar:na]
		... 12 common frames omitted
	Caused by: java.net.ConnectException: Connection refused: no further information
		at java.base/sun.nio.ch.Net.pollConnect(Native Method)
		at java.base/sun.nio.ch.Net.pollConnectNow(Net.java:672)
		at java.base/sun.nio.ch.NioSocketImpl.timedFinishConnect(NioSocketImpl.java:547)
		at java.base/sun.nio.ch.NioSocketImpl.connect(NioSocketImpl.java:602)
		at java.base/java.net.SocksSocketImpl.connect(SocksSocketImpl.java:327)
		at java.base/java.net.Socket.connect(Socket.java:633)
		at okhttp3.internal.platform.Platform.connectSocket(Platform.kt:128)
		at okhttp3.internal.connection.RealConnection.connectSocket(RealConnection.kt:295)
		... 18 common frames omitted

2026-06-04T13:03:42.736+07:00 ERROR [group-service,,] 28732 --- [group-service] [OkHttp http://localhost:4319/...] [                                                 ] i.o.exporter.internal.http.HttpExporter  : Failed to export spans. The request could not be executed. Full error message: Read timed out

java.net.SocketTimeoutException: Read timed out
	at java.base/sun.nio.ch.NioSocketImpl.timedRead(NioSocketImpl.java:288) ~[na:na]
	at java.base/sun.nio.ch.NioSocketImpl.implRead(NioSocketImpl.java:314) ~[na:na]
	at java.base/sun.nio.ch.NioSocketImpl.read(NioSocketImpl.java:355) ~[na:na]
	at java.base/sun.nio.ch.NioSocketImpl$1.read(NioSocketImpl.java:808) ~[na:na]
	at java.base/java.net.Socket$SocketInputStream.read(Socket.java:966) ~[na:na]
	at okio.InputStreamSource.read(JvmOkio.kt:93) ~[okio-jvm-3.6.0.jar:na]
	at okio.AsyncTimeout$source$1.read(AsyncTimeout.kt:128) ~[okio-jvm-3.6.0.jar:na]
	at okio.RealBufferedSource.indexOf(RealBufferedSource.kt:430) ~[okio-jvm-3.6.0.jar:na]
	at okio.RealBufferedSource.readUtf8LineStrict(RealBufferedSource.kt:323) ~[okio-jvm-3.6.0.jar:na]
	at okhttp3.internal.http1.HeadersReader.readLine(HeadersReader.kt:29) ~[okhttp-4.12.0.jar:na]
	at okhttp3.internal.http1.Http1ExchangeCodec.readResponseHeaders(Http1ExchangeCodec.kt:180) ~[okhttp-4.12.0.jar:na]
	at okhttp3.internal.connection.Exchange.readResponseHeaders(Exchange.kt:110) ~[okhttp-4.12.0.jar:na]
	at okhttp3.internal.http.CallServerInterceptor.intercept(CallServerInterceptor.kt:93) ~[okhttp-4.12.0.jar:na]
	at okhttp3.internal.http.RealInterceptorChain.proceed(RealInterceptorChain.kt:109) ~[okhttp-4.12.0.jar:na]
	at okhttp3.internal.connection.ConnectInterceptor.intercept(ConnectInterceptor.kt:34) ~[okhttp-4.12.0.jar:na]
	at okhttp3.internal.http.RealInterceptorChain.proceed(RealInterceptorChain.kt:109) ~[okhttp-4.12.0.jar:na]
	at okhttp3.internal.cache.CacheInterceptor.intercept(CacheInterceptor.kt:95) ~[okhttp-4.12.0.jar:na]
	at okhttp3.internal.http.RealInterceptorChain.proceed(RealInterceptorChain.kt:109) ~[okhttp-4.12.0.jar:na]
	at okhttp3.internal.http.BridgeInterceptor.intercept(BridgeInterceptor.kt:83) ~[okhttp-4.12.0.jar:na]
	at okhttp3.internal.http.RealInterceptorChain.proceed(RealInterceptorChain.kt:109) ~[okhttp-4.12.0.jar:na]
	at okhttp3.internal.http.RetryAndFollowUpInterceptor.intercept(RetryAndFollowUpInterceptor.kt:76) ~[okhttp-4.12.0.jar:na]
	at okhttp3.internal.http.RealInterceptorChain.proceed(RealInterceptorChain.kt:109) ~[okhttp-4.12.0.jar:na]
	at okhttp3.internal.connection.RealCall.getResponseWithInterceptorChain$okhttp(RealCall.kt:201) ~[okhttp-4.12.0.jar:na]
	at okhttp3.internal.connection.RealCall$AsyncCall.run(RealCall.kt:517) ~[okhttp-4.12.0.jar:na]
	at java.base/java.util.concurrent.ThreadPoolExecutor.runWorker(ThreadPoolExecutor.java:1136) ~[na:na]
	at java.base/java.util.concurrent.ThreadPoolExecutor$Worker.run(ThreadPoolExecutor.java:635) ~[na:na]
	at java.base/java.lang.Thread.run(Thread.java:842) ~[na:na]
	Suppressed: java.net.ConnectException: Failed to connect to localhost/127.0.0.1:4319
		at okhttp3.internal.connection.RealConnection.connectSocket(RealConnection.kt:297) ~[okhttp-4.12.0.jar:na]
		at okhttp3.internal.connection.RealConnection.connect(RealConnection.kt:207) ~[okhttp-4.12.0.jar:na]
		at okhttp3.internal.connection.ExchangeFinder.findConnection(ExchangeFinder.kt:226) ~[okhttp-4.12.0.jar:na]
		at okhttp3.internal.connection.ExchangeFinder.findHealthyConnection(ExchangeFinder.kt:106) ~[okhttp-4.12.0.jar:na]
		at okhttp3.internal.connection.ExchangeFinder.find(ExchangeFinder.kt:74) ~[okhttp-4.12.0.jar:na]
		at okhttp3.internal.connection.RealCall.initExchange$okhttp(RealCall.kt:255) ~[okhttp-4.12.0.jar:na]
		at okhttp3.internal.connection.ConnectInterceptor.intercept(ConnectInterceptor.kt:32) ~[okhttp-4.12.0.jar:na]
		... 12 common frames omitted
	Caused by: java.net.ConnectException: Connection refused: no further information
		at java.base/sun.nio.ch.Net.pollConnect(Native Method)
		at java.base/sun.nio.ch.Net.pollConnectNow(Net.java:672)
		at java.base/sun.nio.ch.NioSocketImpl.timedFinishConnect(NioSocketImpl.java:547)
		at java.base/sun.nio.ch.NioSocketImpl.connect(NioSocketImpl.java:602)
		at java.base/java.net.SocksSocketImpl.connect(SocksSocketImpl.java:327)
		at java.base/java.net.Socket.connect(Socket.java:633)
		at okhttp3.internal.platform.Platform.connectSocket(Platform.kt:128)
		at okhttp3.internal.connection.RealConnection.connectSocket(RealConnection.kt:295)
		... 18 common frames omitted

2026-06-04T13:04:12.792+07:00 ERROR [group-service,,] 28732 --- [group-service] [OkHttp http://localhost:4319/...] [                                                 ] i.o.exporter.internal.http.HttpExporter  : Failed to export spans. The request could not be executed. Full error message: timeout

java.io.InterruptedIOException: timeout
	at okhttp3.internal.connection.RealCall.timeoutExit(RealCall.kt:398) ~[okhttp-4.12.0.jar:na]
	at okhttp3.internal.connection.RealCall.callDone(RealCall.kt:360) ~[okhttp-4.12.0.jar:na]
	at okhttp3.internal.connection.RealCall.noMoreExchanges$okhttp(RealCall.kt:325) ~[okhttp-4.12.0.jar:na]
	at okhttp3.internal.connection.RealCall.getResponseWithInterceptorChain$okhttp(RealCall.kt:209) ~[okhttp-4.12.0.jar:na]
	at okhttp3.internal.connection.RealCall$AsyncCall.run(RealCall.kt:517) ~[okhttp-4.12.0.jar:na]
	at java.base/java.util.concurrent.ThreadPoolExecutor.runWorker(ThreadPoolExecutor.java:1136) ~[na:na]
	at java.base/java.util.concurrent.ThreadPoolExecutor$Worker.run(ThreadPoolExecutor.java:635) ~[na:na]
	at java.base/java.lang.Thread.run(Thread.java:842) ~[na:na]
Caused by: java.net.SocketException: Socket closed
	at java.base/sun.nio.ch.NioSocketImpl.endRead(NioSocketImpl.java:253) ~[na:na]
	at java.base/sun.nio.ch.NioSocketImpl.implRead(NioSocketImpl.java:332) ~[na:na]
	at java.base/sun.nio.ch.NioSocketImpl.read(NioSocketImpl.java:355) ~[na:na]
	at java.base/sun.nio.ch.NioSocketImpl$1.read(NioSocketImpl.java:808) ~[na:na]
	at java.base/java.net.Socket$SocketInputStream.read(Socket.java:966) ~[na:na]
	at okio.InputStreamSource.read(JvmOkio.kt:93) ~[okio-jvm-3.6.0.jar:na]
	at okio.AsyncTimeout$source$1.read(AsyncTimeout.kt:128) ~[okio-jvm-3.6.0.jar:na]
	at okio.RealBufferedSource.indexOf(RealBufferedSource.kt:430) ~[okio-jvm-3.6.0.jar:na]
	at okio.RealBufferedSource.readUtf8LineStrict(RealBufferedSource.kt:323) ~[okio-jvm-3.6.0.jar:na]
	at okhttp3.internal.http1.HeadersReader.readLine(HeadersReader.kt:29) ~[okhttp-4.12.0.jar:na]
	at okhttp3.internal.http1.Http1ExchangeCodec.readResponseHeaders(Http1ExchangeCodec.kt:180) ~[okhttp-4.12.0.jar:na]
	at okhttp3.internal.connection.Exchange.readResponseHeaders(Exchange.kt:110) ~[okhttp-4.12.0.jar:na]
	at okhttp3.internal.http.CallServerInterceptor.intercept(CallServerInterceptor.kt:93) ~[okhttp-4.12.0.jar:na]
	at okhttp3.internal.http.RealInterceptorChain.proceed(RealInterceptorChain.kt:109) ~[okhttp-4.12.0.jar:na]
	at okhttp3.internal.connection.ConnectInterceptor.intercept(ConnectInterceptor.kt:34) ~[okhttp-4.12.0.jar:na]
	at okhttp3.internal.http.RealInterceptorChain.proceed(RealInterceptorChain.kt:109) ~[okhttp-4.12.0.jar:na]
	at okhttp3.internal.cache.CacheInterceptor.intercept(CacheInterceptor.kt:95) ~[okhttp-4.12.0.jar:na]
	at okhttp3.internal.http.RealInterceptorChain.proceed(RealInterceptorChain.kt:109) ~[okhttp-4.12.0.jar:na]
	at okhttp3.internal.http.BridgeInterceptor.intercept(BridgeInterceptor.kt:83) ~[okhttp-4.12.0.jar:na]
	at okhttp3.internal.http.RealInterceptorChain.proceed(RealInterceptorChain.kt:109) ~[okhttp-4.12.0.jar:na]
	at okhttp3.internal.http.RetryAndFollowUpInterceptor.intercept(RetryAndFollowUpInterceptor.kt:76) ~[okhttp-4.12.0.jar:na]
	at okhttp3.internal.http.RealInterceptorChain.proceed(RealInterceptorChain.kt:109) ~[okhttp-4.12.0.jar:na]
	at okhttp3.internal.connection.RealCall.getResponseWithInterceptorChain$okhttp(RealCall.kt:201) ~[okhttp-4.12.0.jar:na]
	... 4 common frames omitted
	Suppressed: java.net.ConnectException: Failed to connect to localhost/127.0.0.1:4319
		at okhttp3.internal.connection.RealConnection.connectSocket(RealConnection.kt:297) ~[okhttp-4.12.0.jar:na]
		at okhttp3.internal.connection.RealConnection.connect(RealConnection.kt:207) ~[okhttp-4.12.0.jar:na]
		at okhttp3.internal.connection.ExchangeFinder.findConnection(ExchangeFinder.kt:226) ~[okhttp-4.12.0.jar:na]
		at okhttp3.internal.connection.ExchangeFinder.findHealthyConnection(ExchangeFinder.kt:106) ~[okhttp-4.12.0.jar:na]
		at okhttp3.internal.connection.ExchangeFinder.find(ExchangeFinder.kt:74) ~[okhttp-4.12.0.jar:na]
		at okhttp3.internal.connection.RealCall.initExchange$okhttp(RealCall.kt:255) ~[okhttp-4.12.0.jar:na]
		at okhttp3.internal.connection.ConnectInterceptor.intercept(ConnectInterceptor.kt:32) ~[okhttp-4.12.0.jar:na]
		... 12 common frames omitted
	Caused by: java.net.ConnectException: Connection refused: no further information
		at java.base/sun.nio.ch.Net.pollConnect(Native Method)
		at java.base/sun.nio.ch.Net.pollConnectNow(Net.java:672)
		at java.base/sun.nio.ch.NioSocketImpl.timedFinishConnect(NioSocketImpl.java:547)
		at java.base/sun.nio.ch.NioSocketImpl.connect(NioSocketImpl.java:602)
		at java.base/java.net.SocksSocketImpl.connect(SocksSocketImpl.java:327)
		at java.base/java.net.Socket.connect(Socket.java:633)
		at okhttp3.internal.platform.Platform.connectSocket(Platform.kt:128)
		at okhttp3.internal.connection.RealConnection.connectSocket(RealConnection.kt:295)
		... 18 common frames omitted

2026-06-04T13:04:33.918+07:00  WARN [group-service,877928dc28b0673a0c2d75d12c9cde50,5a2d41b1e990cfa6] 28732 --- [group-service] [http-nio-8085-exec-13] [877928dc28b0673a0c2d75d12c9cde50-5a2d41b1e990cfa6] o.h.engine.jdbc.spi.SqlExceptionHelper   : SQL Warning Code: 0, SQLState: 01000
2026-06-04T13:04:33.919+07:00  WARN [group-service,877928dc28b0673a0c2d75d12c9cde50,5a2d41b1e990cfa6] 28732 --- [group-service] [http-nio-8085-exec-13] [877928dc28b0673a0c2d75d12c9cde50-5a2d41b1e990cfa6] o.h.engine.jdbc.spi.SqlExceptionHelper   : database "social_media_group" has a collation version mismatch
2026-06-04T13:04:33.924+07:00  WARN [group-service,becbe30ae47933e6f0e9b6f26a52306c,bd6a963c734bc4f9] 28732 --- [group-service] [http-nio-8085-exec-10] [becbe30ae47933e6f0e9b6f26a52306c-bd6a963c734bc4f9] o.h.engine.jdbc.spi.SqlExceptionHelper   : SQL Warning Code: 0, SQLState: 01000
2026-06-04T13:04:33.923+07:00  WARN [group-service,a125502267b8b1bef3e844f1b26fc9a2,f2c6282a5e4a6691] 28732 --- [group-service] [http-nio-8085-exec-11] [a125502267b8b1bef3e844f1b26fc9a2-f2c6282a5e4a6691] o.h.engine.jdbc.spi.SqlExceptionHelper   : SQL Warning Code: 0, SQLState: 01000
2026-06-04T13:04:33.941+07:00  WARN [group-service,a125502267b8b1bef3e844f1b26fc9a2,f2c6282a5e4a6691] 28732 --- [group-service] [http-nio-8085-exec-11] [a125502267b8b1bef3e844f1b26fc9a2-f2c6282a5e4a6691] o.h.engine.jdbc.spi.SqlExceptionHelper   : database "social_media_group" has a collation version mismatch
2026-06-04T13:04:33.956+07:00  WARN [group-service,becbe30ae47933e6f0e9b6f26a52306c,bd6a963c734bc4f9] 28732 --- [group-service] [http-nio-8085-exec-10] [becbe30ae47933e6f0e9b6f26a52306c-bd6a963c734bc4f9] o.h.engine.jdbc.spi.SqlExceptionHelper   : database "social_media_group" has a collation version mismatch
2026-06-04T13:04:33.986+07:00  WARN [group-service,b454fa6e5bca0e39cf540467eedd3023,48f6e89ac8314fa0] 28732 --- [group-service] [http-nio-8085-exec-4] [b454fa6e5bca0e39cf540467eedd3023-48f6e89ac8314fa0] o.h.engine.jdbc.spi.SqlExceptionHelper   : SQL Warning Code: 0, SQLState: 01000
2026-06-04T13:04:33.986+07:00  WARN [group-service,b454fa6e5bca0e39cf540467eedd3023,48f6e89ac8314fa0] 28732 --- [group-service] [http-nio-8085-exec-4] [b454fa6e5bca0e39cf540467eedd3023-48f6e89ac8314fa0] o.h.engine.jdbc.spi.SqlExceptionHelper   : database "social_media_group" has a collation version mismatch
2026-06-04T13:04:34.085+07:00 ERROR [group-service,,] 28732 --- [group-service] [http-nio-8085-exec-4] [                                                 ] o.a.c.c.C.[.[.[/].[dispatcherServlet]    : Servlet.service() for servlet [dispatcherServlet] in context with path [] threw exception [Request processing failed: jakarta.persistence.EntityNotFoundException: Group member not found] with root cause

jakarta.persistence.EntityNotFoundException: Group member not found
	at com.nguyenthanhbang.Social_media.service.impl.GroupMemberServiceImpl.lambda$getMembershipStatus$13(GroupMemberServiceImpl.java:207) ~[classes/:na]
	at java.base/java.util.Optional.orElseThrow(Optional.java:403) ~[na:na]
	at com.nguyenthanhbang.Social_media.service.impl.GroupMemberServiceImpl.getMembershipStatus(GroupMemberServiceImpl.java:207) ~[classes/:na]
	at com.nguyenthanhbang.Social_media.controller.user.GroupMemberController.getStatus(GroupMemberController.java:96) ~[classes/:na]
	at java.base/jdk.internal.reflect.NativeMethodAccessorImpl.invoke0(Native Method) ~[na:na]
	at java.base/jdk.internal.reflect.NativeMethodAccessorImpl.invoke(NativeMethodAccessorImpl.java:77) ~[na:na]
	at java.base/jdk.internal.reflect.DelegatingMethodAccessorImpl.invoke(DelegatingMethodAccessorImpl.java:43) ~[na:na]
	at java.base/java.lang.reflect.Method.invoke(Method.java:568) ~[na:na]
	at org.springframework.web.method.support.InvocableHandlerMethod.doInvoke(InvocableHandlerMethod.java:255) ~[spring-web-6.1.21.jar:6.1.21]
	at org.springframework.web.method.support.InvocableHandlerMethod.invokeForRequest(InvocableHandlerMethod.java:188) ~[spring-web-6.1.21.jar:6.1.21]
	at org.springframework.web.servlet.mvc.method.annotation.ServletInvocableHandlerMethod.invokeAndHandle(ServletInvocableHandlerMethod.java:118) ~[spring-webmvc-6.1.21.jar:6.1.21]
	at org.springframework.web.servlet.mvc.method.annotation.RequestMappingHandlerAdapter.invokeHandlerMethod(RequestMappingHandlerAdapter.java:926) ~[spring-webmvc-6.1.21.jar:6.1.21]
	at org.springframework.web.servlet.mvc.method.annotation.RequestMappingHandlerAdapter.handleInternal(RequestMappingHandlerAdapter.java:831) ~[spring-webmvc-6.1.21.jar:6.1.21]
	at org.springframework.web.servlet.mvc.method.AbstractHandlerMethodAdapter.handle(AbstractHandlerMethodAdapter.java:87) ~[spring-webmvc-6.1.21.jar:6.1.21]
	at org.springframework.web.servlet.DispatcherServlet.doDispatch(DispatcherServlet.java:1089) ~[spring-webmvc-6.1.21.jar:6.1.21]
	at org.springframework.web.servlet.DispatcherServlet.doService(DispatcherServlet.java:979) ~[spring-webmvc-6.1.21.jar:6.1.21]
	at org.springframework.web.servlet.FrameworkServlet.processRequest(FrameworkServlet.java:1014) ~[spring-webmvc-6.1.21.jar:6.1.21]
	at org.springframework.web.servlet.FrameworkServlet.doGet(FrameworkServlet.java:903) ~[spring-webmvc-6.1.21.jar:6.1.21]
	at jakarta.servlet.http.HttpServlet.service(HttpServlet.java:564) ~[tomcat-embed-core-10.1.42.jar:6.0]
	at org.springframework.web.servlet.FrameworkServlet.service(FrameworkServlet.java:885) ~[spring-webmvc-6.1.21.jar:6.1.21]
	at jakarta.servlet.http.HttpServlet.service(HttpServlet.java:658) ~[tomcat-embed-core-10.1.42.jar:6.0]
	at org.apache.catalina.core.ApplicationFilterChain.internalDoFilter(ApplicationFilterChain.java:195) ~[tomcat-embed-core-10.1.42.jar:10.1.42]
	at org.apache.catalina.core.ApplicationFilterChain.doFilter(ApplicationFilterChain.java:140) ~[tomcat-embed-core-10.1.42.jar:10.1.42]
	at org.apache.tomcat.websocket.server.WsFilter.doFilter(WsFilter.java:51) ~[tomcat-embed-websocket-10.1.42.jar:10.1.42]
	at org.apache.catalina.core.ApplicationFilterChain.internalDoFilter(ApplicationFilterChain.java:164) ~[tomcat-embed-core-10.1.42.jar:10.1.42]
	at org.apache.catalina.core.ApplicationFilterChain.doFilter(ApplicationFilterChain.java:140) ~[tomcat-embed-core-10.1.42.jar:10.1.42]
	at org.springframework.web.filter.RequestContextFilter.doFilterInternal(RequestContextFilter.java:100) ~[spring-web-6.1.21.jar:6.1.21]
	at org.springframework.web.filter.OncePerRequestFilter.doFilter(OncePerRequestFilter.java:116) ~[spring-web-6.1.21.jar:6.1.21]
	at org.apache.catalina.core.ApplicationFilterChain.internalDoFilter(ApplicationFilterChain.java:164) ~[tomcat-embed-core-10.1.42.jar:10.1.42]
	at org.apache.catalina.core.ApplicationFilterChain.doFilter(ApplicationFilterChain.java:140) ~[tomcat-embed-core-10.1.42.jar:10.1.42]
	at org.springframework.web.filter.FormContentFilter.doFilterInternal(FormContentFilter.java:93) ~[spring-web-6.1.21.jar:6.1.21]
	at org.springframework.web.filter.OncePerRequestFilter.doFilter(OncePerRequestFilter.java:116) ~[spring-web-6.1.21.jar:6.1.21]
	at org.apache.catalina.core.ApplicationFilterChain.internalDoFilter(ApplicationFilterChain.java:164) ~[tomcat-embed-core-10.1.42.jar:10.1.42]
	at org.apache.catalina.core.ApplicationFilterChain.doFilter(ApplicationFilterChain.java:140) ~[tomcat-embed-core-10.1.42.jar:10.1.42]
	at org.springframework.web.filter.ServerHttpObservationFilter.doFilterInternal(ServerHttpObservationFilter.java:113) ~[spring-web-6.1.21.jar:6.1.21]
	at org.springframework.web.filter.OncePerRequestFilter.doFilter(OncePerRequestFilter.java:116) ~[spring-web-6.1.21.jar:6.1.21]
	at org.apache.catalina.core.ApplicationFilterChain.internalDoFilter(ApplicationFilterChain.java:164) ~[tomcat-embed-core-10.1.42.jar:10.1.42]
	at org.apache.catalina.core.ApplicationFilterChain.doFilter(ApplicationFilterChain.java:140) ~[tomcat-embed-core-10.1.42.jar:10.1.42]
	at org.springframework.web.filter.CharacterEncodingFilter.doFilterInternal(CharacterEncodingFilter.java:201) ~[spring-web-6.1.21.jar:6.1.21]
	at org.springframework.web.filter.OncePerRequestFilter.doFilter(OncePerRequestFilter.java:116) ~[spring-web-6.1.21.jar:6.1.21]
	at org.apache.catalina.core.ApplicationFilterChain.internalDoFilter(ApplicationFilterChain.java:164) ~[tomcat-embed-core-10.1.42.jar:10.1.42]
	at org.apache.catalina.core.ApplicationFilterChain.doFilter(ApplicationFilterChain.java:140) ~[tomcat-embed-core-10.1.42.jar:10.1.42]
	at org.apache.catalina.core.StandardWrapperValve.invoke(StandardWrapperValve.java:167) ~[tomcat-embed-core-10.1.42.jar:10.1.42]
	at org.apache.catalina.core.StandardContextValve.invoke(StandardContextValve.java:90) ~[tomcat-embed-core-10.1.42.jar:10.1.42]
	at org.apache.catalina.authenticator.AuthenticatorBase.invoke(AuthenticatorBase.java:483) ~[tomcat-embed-core-10.1.42.jar:10.1.42]
	at org.apache.catalina.core.StandardHostValve.invoke(StandardHostValve.java:116) ~[tomcat-embed-core-10.1.42.jar:10.1.42]
	at org.apache.catalina.valves.ErrorReportValve.invoke(ErrorReportValve.java:93) ~[tomcat-embed-core-10.1.42.jar:10.1.42]
	at org.apache.catalina.core.StandardEngineValve.invoke(StandardEngineValve.java:74) ~[tomcat-embed-core-10.1.42.jar:10.1.42]
	at org.apache.catalina.connector.CoyoteAdapter.service(CoyoteAdapter.java:344) ~[tomcat-embed-core-10.1.42.jar:10.1.42]
	at org.apache.coyote.http11.Http11Processor.service(Http11Processor.java:398) ~[tomcat-embed-core-10.1.42.jar:10.1.42]
	at org.apache.coyote.AbstractProcessorLight.process(AbstractProcessorLight.java:63) ~[tomcat-embed-core-10.1.42.jar:10.1.42]
	at org.apache.coyote.AbstractProtocol$ConnectionHandler.process(AbstractProtocol.java:903) ~[tomcat-embed-core-10.1.42.jar:10.1.42]
	at org.apache.tomcat.util.net.NioEndpoint$SocketProcessor.doRun(NioEndpoint.java:1769) ~[tomcat-embed-core-10.1.42.jar:10.1.42]
	at org.apache.tomcat.util.net.SocketProcessorBase.run(SocketProcessorBase.java:52) ~[tomcat-embed-core-10.1.42.jar:10.1.42]
	at org.apache.tomcat.util.threads.ThreadPoolExecutor.runWorker(ThreadPoolExecutor.java:1189) ~[tomcat-embed-core-10.1.42.jar:10.1.42]
	at org.apache.tomcat.util.threads.ThreadPoolExecutor$Worker.run(ThreadPoolExecutor.java:658) ~[tomcat-embed-core-10.1.42.jar:10.1.42]
	at org.apache.tomcat.util.threads.TaskThread$WrappingRunnable.run(TaskThread.java:63) ~[tomcat-embed-core-10.1.42.jar:10.1.42]
	at java.base/java.lang.Thread.run(Thread.java:842) ~[na:na]

2026-06-04T13:04:42.829+07:00 ERROR [group-service,,] 28732 --- [group-service] [OkHttp http://localhost:4319/...] [                                                 ] i.o.exporter.internal.http.HttpExporter  : Failed to export spans. The request could not be executed. Full error message: timeout

java.io.InterruptedIOException: timeout
	at okhttp3.internal.connection.RealCall.timeoutExit(RealCall.kt:398) ~[okhttp-4.12.0.jar:na]
	at okhttp3.internal.connection.RealCall.callDone(RealCall.kt:360) ~[okhttp-4.12.0.jar:na]
	at okhttp3.internal.connection.RealCall.noMoreExchanges$okhttp(RealCall.kt:325) ~[okhttp-4.12.0.jar:na]
	at okhttp3.internal.connection.RealCall.getResponseWithInterceptorChain$okhttp(RealCall.kt:209) ~[okhttp-4.12.0.jar:na]
	at okhttp3.internal.connection.RealCall$AsyncCall.run(RealCall.kt:517) ~[okhttp-4.12.0.jar:na]
	at java.base/java.util.concurrent.ThreadPoolExecutor.runWorker(ThreadPoolExecutor.java:1136) ~[na:na]
	at java.base/java.util.concurrent.ThreadPoolExecutor$Worker.run(ThreadPoolExecutor.java:635) ~[na:na]
	at java.base/java.lang.Thread.run(Thread.java:842) ~[na:na]
Caused by: java.net.SocketException: Socket closed
	at java.base/sun.nio.ch.NioSocketImpl.endRead(NioSocketImpl.java:253) ~[na:na]
	at java.base/sun.nio.ch.NioSocketImpl.implRead(NioSocketImpl.java:332) ~[na:na]
	at java.base/sun.nio.ch.NioSocketImpl.read(NioSocketImpl.java:355) ~[na:na]
	at java.base/sun.nio.ch.NioSocketImpl$1.read(NioSocketImpl.java:808) ~[na:na]
	at java.base/java.net.Socket$SocketInputStream.read(Socket.java:966) ~[na:na]
	at okio.InputStreamSource.read(JvmOkio.kt:93) ~[okio-jvm-3.6.0.jar:na]
	at okio.AsyncTimeout$source$1.read(AsyncTimeout.kt:128) ~[okio-jvm-3.6.0.jar:na]
	at okio.RealBufferedSource.indexOf(RealBufferedSource.kt:430) ~[okio-jvm-3.6.0.jar:na]
	at okio.RealBufferedSource.readUtf8LineStrict(RealBufferedSource.kt:323) ~[okio-jvm-3.6.0.jar:na]
	at okhttp3.internal.http1.HeadersReader.readLine(HeadersReader.kt:29) ~[okhttp-4.12.0.jar:na]
	at okhttp3.internal.http1.Http1ExchangeCodec.readResponseHeaders(Http1ExchangeCodec.kt:180) ~[okhttp-4.12.0.jar:na]
	at okhttp3.internal.connection.Exchange.readResponseHeaders(Exchange.kt:110) ~[okhttp-4.12.0.jar:na]
	at okhttp3.internal.http.CallServerInterceptor.intercept(CallServerInterceptor.kt:93) ~[okhttp-4.12.0.jar:na]
	at okhttp3.internal.http.RealInterceptorChain.proceed(RealInterceptorChain.kt:109) ~[okhttp-4.12.0.jar:na]
	at okhttp3.internal.connection.ConnectInterceptor.intercept(ConnectInterceptor.kt:34) ~[okhttp-4.12.0.jar:na]
	at okhttp3.internal.http.RealInterceptorChain.proceed(RealInterceptorChain.kt:109) ~[okhttp-4.12.0.jar:na]
	at okhttp3.internal.cache.CacheInterceptor.intercept(CacheInterceptor.kt:95) ~[okhttp-4.12.0.jar:na]
	at okhttp3.internal.http.RealInterceptorChain.proceed(RealInterceptorChain.kt:109) ~[okhttp-4.12.0.jar:na]
	at okhttp3.internal.http.BridgeInterceptor.intercept(BridgeInterceptor.kt:83) ~[okhttp-4.12.0.jar:na]
	at okhttp3.internal.http.RealInterceptorChain.proceed(RealInterceptorChain.kt:109) ~[okhttp-4.12.0.jar:na]
	at okhttp3.internal.http.RetryAndFollowUpInterceptor.intercept(RetryAndFollowUpInterceptor.kt:76) ~[okhttp-4.12.0.jar:na]
	at okhttp3.internal.http.RealInterceptorChain.proceed(RealInterceptorChain.kt:109) ~[okhttp-4.12.0.jar:na]
	at okhttp3.internal.connection.RealCall.getResponseWithInterceptorChain$okhttp(RealCall.kt:201) ~[okhttp-4.12.0.jar:na]
	... 4 common frames omitted
	Suppressed: java.net.ConnectException: Failed to connect to localhost/127.0.0.1:4319
		at okhttp3.internal.connection.RealConnection.connectSocket(RealConnection.kt:297) ~[okhttp-4.12.0.jar:na]
		at okhttp3.internal.connection.RealConnection.connect(RealConnection.kt:207) ~[okhttp-4.12.0.jar:na]
		at okhttp3.internal.connection.ExchangeFinder.findConnection(ExchangeFinder.kt:226) ~[okhttp-4.12.0.jar:na]
		at okhttp3.internal.connection.ExchangeFinder.findHealthyConnection(ExchangeFinder.kt:106) ~[okhttp-4.12.0.jar:na]
		at okhttp3.internal.connection.ExchangeFinder.find(ExchangeFinder.kt:74) ~[okhttp-4.12.0.jar:na]
		at okhttp3.internal.connection.RealCall.initExchange$okhttp(RealCall.kt:255) ~[okhttp-4.12.0.jar:na]
		at okhttp3.internal.connection.ConnectInterceptor.intercept(ConnectInterceptor.kt:32) ~[okhttp-4.12.0.jar:na]
		... 12 common frames omitted
	Caused by: java.net.ConnectException: Connection refused: no further information
		at java.base/sun.nio.ch.Net.pollConnect(Native Method)
		at java.base/sun.nio.ch.Net.pollConnectNow(Net.java:672)
		at java.base/sun.nio.ch.NioSocketImpl.timedFinishConnect(NioSocketImpl.java:547)
		at java.base/sun.nio.ch.NioSocketImpl.connect(NioSocketImpl.java:602)
		at java.base/java.net.SocksSocketImpl.connect(SocksSocketImpl.java:327)
		at java.base/java.net.Socket.connect(Socket.java:633)
		at okhttp3.internal.platform.Platform.connectSocket(Platform.kt:128)
		at okhttp3.internal.connection.RealConnection.connectSocket(RealConnection.kt:295)
		... 18 common frames omitted

2026-06-04T13:04:44.731+07:00 ERROR [group-service,,] 28732 --- [group-service] [http-nio-8085-exec-3] [                                                 ] o.a.c.c.C.[.[.[/].[dispatcherServlet]    : Servlet.service() for servlet [dispatcherServlet] in context with path [] threw exception [Request processing failed: feign.FeignException$Unauthorized: [401] during [GET] to [http://user-service/api/v1/internal/users/5] [UserClient#getUserById(Long)]: [Unauthorized]] with root cause

feign.FeignException$Unauthorized: [401] during [GET] to [http://user-service/api/v1/internal/users/5] [UserClient#getUserById(Long)]: [Unauthorized]
	at feign.FeignException.clientErrorStatus(FeignException.java:245) ~[feign-core-13.5.jar:na]
	at feign.FeignException.errorStatus(FeignException.java:223) ~[feign-core-13.5.jar:na]
	at feign.FeignException.errorStatus(FeignException.java:213) ~[feign-core-13.5.jar:na]
	at feign.codec.ErrorDecoder$Default.decode(ErrorDecoder.java:103) ~[feign-core-13.5.jar:na]
	at feign.InvocationContext.decodeError(InvocationContext.java:133) ~[feign-core-13.5.jar:na]
	at feign.InvocationContext.proceed(InvocationContext.java:80) ~[feign-core-13.5.jar:na]
	at feign.ResponseHandler.handleResponse(ResponseHandler.java:69) ~[feign-core-13.5.jar:na]
	at feign.SynchronousMethodHandler.executeAndDecode(SynchronousMethodHandler.java:109) ~[feign-core-13.5.jar:na]
	at feign.SynchronousMethodHandler.invoke(SynchronousMethodHandler.java:53) ~[feign-core-13.5.jar:na]
	at feign.ReflectiveFeign$FeignInvocationHandler.invoke(ReflectiveFeign.java:104) ~[feign-core-13.5.jar:na]
	at jdk.proxy2/jdk.proxy2.$Proxy177.getUserById(Unknown Source) ~[na:na]
	at com.nguyenthanhbang.Social_media.service.impl.GroupMemberServiceImpl.joinGroup(GroupMemberServiceImpl.java:38) ~[classes/:na]
	at com.nguyenthanhbang.Social_media.controller.user.GroupMemberController.joinGroup(GroupMemberController.java:26) ~[classes/:na]
	at java.base/jdk.internal.reflect.NativeMethodAccessorImpl.invoke0(Native Method) ~[na:na]
	at java.base/jdk.internal.reflect.NativeMethodAccessorImpl.invoke(NativeMethodAccessorImpl.java:77) ~[na:na]
	at java.base/jdk.internal.reflect.DelegatingMethodAccessorImpl.invoke(DelegatingMethodAccessorImpl.java:43) ~[na:na]
	at java.base/java.lang.reflect.Method.invoke(Method.java:568) ~[na:na]
	at org.springframework.web.method.support.InvocableHandlerMethod.doInvoke(InvocableHandlerMethod.java:255) ~[spring-web-6.1.21.jar:6.1.21]
	at org.springframework.web.method.support.InvocableHandlerMethod.invokeForRequest(InvocableHandlerMethod.java:188) ~[spring-web-6.1.21.jar:6.1.21]
	at org.springframework.web.servlet.mvc.method.annotation.ServletInvocableHandlerMethod.invokeAndHandle(ServletInvocableHandlerMethod.java:118) ~[spring-webmvc-6.1.21.jar:6.1.21]
	at org.springframework.web.servlet.mvc.method.annotation.RequestMappingHandlerAdapter.invokeHandlerMethod(RequestMappingHandlerAdapter.java:926) ~[spring-webmvc-6.1.21.jar:6.1.21]
	at org.springframework.web.servlet.mvc.method.annotation.RequestMappingHandlerAdapter.handleInternal(RequestMappingHandlerAdapter.java:831) ~[spring-webmvc-6.1.21.jar:6.1.21]
	at org.springframework.web.servlet.mvc.method.AbstractHandlerMethodAdapter.handle(AbstractHandlerMethodAdapter.java:87) ~[spring-webmvc-6.1.21.jar:6.1.21]
	at org.springframework.web.servlet.DispatcherServlet.doDispatch(DispatcherServlet.java:1089) ~[spring-webmvc-6.1.21.jar:6.1.21]
	at org.springframework.web.servlet.DispatcherServlet.doService(DispatcherServlet.java:979) ~[spring-webmvc-6.1.21.jar:6.1.21]
	at org.springframework.web.servlet.FrameworkServlet.processRequest(FrameworkServlet.java:1014) ~[spring-webmvc-6.1.21.jar:6.1.21]
	at org.springframework.web.servlet.FrameworkServlet.doPost(FrameworkServlet.java:914) ~[spring-webmvc-6.1.21.jar:6.1.21]
	at jakarta.servlet.http.HttpServlet.service(HttpServlet.java:590) ~[tomcat-embed-core-10.1.42.jar:6.0]
	at org.springframework.web.servlet.FrameworkServlet.service(FrameworkServlet.java:885) ~[spring-webmvc-6.1.21.jar:6.1.21]
	at jakarta.servlet.http.HttpServlet.service(HttpServlet.java:658) ~[tomcat-embed-core-10.1.42.jar:6.0]
	at org.apache.catalina.core.ApplicationFilterChain.internalDoFilter(ApplicationFilterChain.java:195) ~[tomcat-embed-core-10.1.42.jar:10.1.42]
	at org.apache.catalina.core.ApplicationFilterChain.doFilter(ApplicationFilterChain.java:140) ~[tomcat-embed-core-10.1.42.jar:10.1.42]
	at org.apache.tomcat.websocket.server.WsFilter.doFilter(WsFilter.java:51) ~[tomcat-embed-websocket-10.1.42.jar:10.1.42]
	at org.apache.catalina.core.ApplicationFilterChain.internalDoFilter(ApplicationFilterChain.java:164) ~[tomcat-embed-core-10.1.42.jar:10.1.42]
	at org.apache.catalina.core.ApplicationFilterChain.doFilter(ApplicationFilterChain.java:140) ~[tomcat-embed-core-10.1.42.jar:10.1.42]
	at org.springframework.web.filter.RequestContextFilter.doFilterInternal(RequestContextFilter.java:100) ~[spring-web-6.1.21.jar:6.1.21]
	at org.springframework.web.filter.OncePerRequestFilter.doFilter(OncePerRequestFilter.java:116) ~[spring-web-6.1.21.jar:6.1.21]
	at org.apache.catalina.core.ApplicationFilterChain.internalDoFilter(ApplicationFilterChain.java:164) ~[tomcat-embed-core-10.1.42.jar:10.1.42]
	at org.apache.catalina.core.ApplicationFilterChain.doFilter(ApplicationFilterChain.java:140) ~[tomcat-embed-core-10.1.42.jar:10.1.42]
	at org.springframework.web.filter.FormContentFilter.doFilterInternal(FormContentFilter.java:93) ~[spring-web-6.1.21.jar:6.1.21]
	at org.springframework.web.filter.OncePerRequestFilter.doFilter(OncePerRequestFilter.java:116) ~[spring-web-6.1.21.jar:6.1.21]
	at org.apache.catalina.core.ApplicationFilterChain.internalDoFilter(ApplicationFilterChain.java:164) ~[tomcat-embed-core-10.1.42.jar:10.1.42]
	at org.apache.catalina.core.ApplicationFilterChain.doFilter(ApplicationFilterChain.java:140) ~[tomcat-embed-core-10.1.42.jar:10.1.42]
	at org.springframework.web.filter.ServerHttpObservationFilter.doFilterInternal(ServerHttpObservationFilter.java:113) ~[spring-web-6.1.21.jar:6.1.21]
	at org.springframework.web.filter.OncePerRequestFilter.doFilter(OncePerRequestFilter.java:116) ~[spring-web-6.1.21.jar:6.1.21]
	at org.apache.catalina.core.ApplicationFilterChain.internalDoFilter(ApplicationFilterChain.java:164) ~[tomcat-embed-core-10.1.42.jar:10.1.42]
	at org.apache.catalina.core.ApplicationFilterChain.doFilter(ApplicationFilterChain.java:140) ~[tomcat-embed-core-10.1.42.jar:10.1.42]
	at org.springframework.web.filter.CharacterEncodingFilter.doFilterInternal(CharacterEncodingFilter.java:201) ~[spring-web-6.1.21.jar:6.1.21]
	at org.springframework.web.filter.OncePerRequestFilter.doFilter(OncePerRequestFilter.java:116) ~[spring-web-6.1.21.jar:6.1.21]
	at org.apache.catalina.core.ApplicationFilterChain.internalDoFilter(ApplicationFilterChain.java:164) ~[tomcat-embed-core-10.1.42.jar:10.1.42]
	at org.apache.catalina.core.ApplicationFilterChain.doFilter(ApplicationFilterChain.java:140) ~[tomcat-embed-core-10.1.42.jar:10.1.42]
	at org.apache.catalina.core.StandardWrapperValve.invoke(StandardWrapperValve.java:167) ~[tomcat-embed-core-10.1.42.jar:10.1.42]
	at org.apache.catalina.core.StandardContextValve.invoke(StandardContextValve.java:90) ~[tomcat-embed-core-10.1.42.jar:10.1.42]
	at org.apache.catalina.authenticator.AuthenticatorBase.invoke(AuthenticatorBase.java:483) ~[tomcat-embed-core-10.1.42.jar:10.1.42]
	at org.apache.catalina.core.StandardHostValve.invoke(StandardHostValve.java:116) ~[tomcat-embed-core-10.1.42.jar:10.1.42]
	at org.apache.catalina.valves.ErrorReportValve.invoke(ErrorReportValve.java:93) ~[tomcat-embed-core-10.1.42.jar:10.1.42]
	at org.apache.catalina.core.StandardEngineValve.invoke(StandardEngineValve.java:74) ~[tomcat-embed-core-10.1.42.jar:10.1.42]
	at org.apache.catalina.connector.CoyoteAdapter.service(CoyoteAdapter.java:344) ~[tomcat-embed-core-10.1.42.jar:10.1.42]
	at org.apache.coyote.http11.Http11Processor.service(Http11Processor.java:398) ~[tomcat-embed-core-10.1.42.jar:10.1.42]
	at org.apache.coyote.AbstractProcessorLight.process(AbstractProcessorLight.java:63) ~[tomcat-embed-core-10.1.42.jar:10.1.42]
	at org.apache.coyote.AbstractProtocol$ConnectionHandler.process(AbstractProtocol.java:903) ~[tomcat-embed-core-10.1.42.jar:10.1.42]
	at org.apache.tomcat.util.net.NioEndpoint$SocketProcessor.doRun(NioEndpoint.java:1769) ~[tomcat-embed-core-10.1.42.jar:10.1.42]
	at org.apache.tomcat.util.net.SocketProcessorBase.run(SocketProcessorBase.java:52) ~[tomcat-embed-core-10.1.42.jar:10.1.42]
	at org.apache.tomcat.util.threads.ThreadPoolExecutor.runWorker(ThreadPoolExecutor.java:1189) ~[tomcat-embed-core-10.1.42.jar:10.1.42]
	at org.apache.tomcat.util.threads.ThreadPoolExecutor$Worker.run(ThreadPoolExecutor.java:658) ~[tomcat-embed-core-10.1.42.jar:10.1.42]
	at org.apache.tomcat.util.threads.TaskThread$WrappingRunnable.run(TaskThread.java:63) ~[tomcat-embed-core-10.1.42.jar:10.1.42]
	at java.base/java.lang.Thread.run(Thread.java:842) ~[na:na]

2026-06-04T13:04:57.847+07:00 ERROR [group-service,,] 28732 --- [group-service] [OkHttp http://localhost:4319/...] [                                                 ] i.o.exporter.internal.http.HttpExporter  : Failed to export spans. The request could not be executed. Full error message: timeout

java.io.InterruptedIOException: timeout
	at okhttp3.internal.connection.RealCall.timeoutExit(RealCall.kt:398) ~[okhttp-4.12.0.jar:na]
	at okhttp3.internal.connection.RealCall.callDone(RealCall.kt:360) ~[okhttp-4.12.0.jar:na]
	at okhttp3.internal.connection.RealCall.noMoreExchanges$okhttp(RealCall.kt:325) ~[okhttp-4.12.0.jar:na]
	at okhttp3.internal.connection.RealCall.getResponseWithInterceptorChain$okhttp(RealCall.kt:209) ~[okhttp-4.12.0.jar:na]
	at okhttp3.internal.connection.RealCall$AsyncCall.run(RealCall.kt:517) ~[okhttp-4.12.0.jar:na]
	at java.base/java.util.concurrent.ThreadPoolExecutor.runWorker(ThreadPoolExecutor.java:1136) ~[na:na]
	at java.base/java.util.concurrent.ThreadPoolExecutor$Worker.run(ThreadPoolExecutor.java:635) ~[na:na]
	at java.base/java.lang.Thread.run(Thread.java:842) ~[na:na]
Caused by: java.net.SocketException: Socket closed
	at java.base/sun.nio.ch.NioSocketImpl.endRead(NioSocketImpl.java:253) ~[na:na]
	at java.base/sun.nio.ch.NioSocketImpl.implRead(NioSocketImpl.java:332) ~[na:na]
	at java.base/sun.nio.ch.NioSocketImpl.read(NioSocketImpl.java:355) ~[na:na]
	at java.base/sun.nio.ch.NioSocketImpl$1.read(NioSocketImpl.java:808) ~[na:na]
	at java.base/java.net.Socket$SocketInputStream.read(Socket.java:966) ~[na:na]
	at okio.InputStreamSource.read(JvmOkio.kt:93) ~[okio-jvm-3.6.0.jar:na]
	at okio.AsyncTimeout$source$1.read(AsyncTimeout.kt:128) ~[okio-jvm-3.6.0.jar:na]
	at okio.RealBufferedSource.indexOf(RealBufferedSource.kt:430) ~[okio-jvm-3.6.0.jar:na]
	at okio.RealBufferedSource.readUtf8LineStrict(RealBufferedSource.kt:323) ~[okio-jvm-3.6.0.jar:na]
	at okhttp3.internal.http1.HeadersReader.readLine(HeadersReader.kt:29) ~[okhttp-4.12.0.jar:na]
	at okhttp3.internal.http1.Http1ExchangeCodec.readResponseHeaders(Http1ExchangeCodec.kt:180) ~[okhttp-4.12.0.jar:na]
	at okhttp3.internal.connection.Exchange.readResponseHeaders(Exchange.kt:110) ~[okhttp-4.12.0.jar:na]
	at okhttp3.internal.http.CallServerInterceptor.intercept(CallServerInterceptor.kt:93) ~[okhttp-4.12.0.jar:na]
	at okhttp3.internal.http.RealInterceptorChain.proceed(RealInterceptorChain.kt:109) ~[okhttp-4.12.0.jar:na]
	at okhttp3.internal.connection.ConnectInterceptor.intercept(ConnectInterceptor.kt:34) ~[okhttp-4.12.0.jar:na]
	at okhttp3.internal.http.RealInterceptorChain.proceed(RealInterceptorChain.kt:109) ~[okhttp-4.12.0.jar:na]
	at okhttp3.internal.cache.CacheInterceptor.intercept(CacheInterceptor.kt:95) ~[okhttp-4.12.0.jar:na]
	at okhttp3.internal.http.RealInterceptorChain.proceed(RealInterceptorChain.kt:109) ~[okhttp-4.12.0.jar:na]
	at okhttp3.internal.http.BridgeInterceptor.intercept(BridgeInterceptor.kt:83) ~[okhttp-4.12.0.jar:na]
	at okhttp3.internal.http.RealInterceptorChain.proceed(RealInterceptorChain.kt:109) ~[okhttp-4.12.0.jar:na]
	at okhttp3.internal.http.RetryAndFollowUpInterceptor.intercept(RetryAndFollowUpInterceptor.kt:76) ~[okhttp-4.12.0.jar:na]
	at okhttp3.internal.http.RealInterceptorChain.proceed(RealInterceptorChain.kt:109) ~[okhttp-4.12.0.jar:na]
	at okhttp3.internal.connection.RealCall.getResponseWithInterceptorChain$okhttp(RealCall.kt:201) ~[okhttp-4.12.0.jar:na]
	... 4 common frames omitted
	Suppressed: java.net.ConnectException: Failed to connect to localhost/127.0.0.1:4319
		at okhttp3.internal.connection.RealConnection.connectSocket(RealConnection.kt:297) ~[okhttp-4.12.0.jar:na]
		at okhttp3.internal.connection.RealConnection.connect(RealConnection.kt:207) ~[okhttp-4.12.0.jar:na]
		at okhttp3.internal.connection.ExchangeFinder.findConnection(ExchangeFinder.kt:226) ~[okhttp-4.12.0.jar:na]
		at okhttp3.internal.connection.ExchangeFinder.findHealthyConnection(ExchangeFinder.kt:106) ~[okhttp-4.12.0.jar:na]
		at okhttp3.internal.connection.ExchangeFinder.find(ExchangeFinder.kt:74) ~[okhttp-4.12.0.jar:na]
		at okhttp3.internal.connection.RealCall.initExchange$okhttp(RealCall.kt:255) ~[okhttp-4.12.0.jar:na]
		at okhttp3.internal.connection.ConnectInterceptor.intercept(ConnectInterceptor.kt:32) ~[okhttp-4.12.0.jar:na]
		... 12 common frames omitted
	Caused by: java.net.ConnectException: Connection refused: no further information
		at java.base/sun.nio.ch.Net.pollConnect(Native Method)
		at java.base/sun.nio.ch.Net.pollConnectNow(Net.java:672)
		at java.base/sun.nio.ch.NioSocketImpl.timedFinishConnect(NioSocketImpl.java:547)
		at java.base/sun.nio.ch.NioSocketImpl.connect(NioSocketImpl.java:602)
		at java.base/java.net.SocksSocketImpl.connect(SocksSocketImpl.java:327)
		at java.base/java.net.Socket.connect(Socket.java:633)
		at okhttp3.internal.platform.Platform.connectSocket(Platform.kt:128)
		at okhttp3.internal.connection.RealConnection.connectSocket(RealConnection.kt:295)
		... 18 common frames omitted

2026-06-04T13:05:12.863+07:00 ERROR [group-service,,] 28732 --- [group-service] [OkHttp http://localhost:4319/...] [                                                 ] i.o.exporter.internal.http.HttpExporter  : Failed to export spans. The request could not be executed. Full error message: timeout

java.io.InterruptedIOException: timeout
	at okhttp3.internal.connection.RealCall.timeoutExit(RealCall.kt:398) ~[okhttp-4.12.0.jar:na]
	at okhttp3.internal.connection.RealCall.callDone(RealCall.kt:360) ~[okhttp-4.12.0.jar:na]
	at okhttp3.internal.connection.RealCall.noMoreExchanges$okhttp(RealCall.kt:325) ~[okhttp-4.12.0.jar:na]
	at okhttp3.internal.connection.RealCall.getResponseWithInterceptorChain$okhttp(RealCall.kt:209) ~[okhttp-4.12.0.jar:na]
	at okhttp3.internal.connection.RealCall$AsyncCall.run(RealCall.kt:517) ~[okhttp-4.12.0.jar:na]
	at java.base/java.util.concurrent.ThreadPoolExecutor.runWorker(ThreadPoolExecutor.java:1136) ~[na:na]
	at java.base/java.util.concurrent.ThreadPoolExecutor$Worker.run(ThreadPoolExecutor.java:635) ~[na:na]
	at java.base/java.lang.Thread.run(Thread.java:842) ~[na:na]
Caused by: java.net.SocketException: Socket closed
	at java.base/sun.nio.ch.NioSocketImpl.endRead(NioSocketImpl.java:253) ~[na:na]
	at java.base/sun.nio.ch.NioSocketImpl.implRead(NioSocketImpl.java:332) ~[na:na]
	at java.base/sun.nio.ch.NioSocketImpl.read(NioSocketImpl.java:355) ~[na:na]
	at java.base/sun.nio.ch.NioSocketImpl$1.read(NioSocketImpl.java:808) ~[na:na]
	at java.base/java.net.Socket$SocketInputStream.read(Socket.java:966) ~[na:na]
	at okio.InputStreamSource.read(JvmOkio.kt:93) ~[okio-jvm-3.6.0.jar:na]
	at okio.AsyncTimeout$source$1.read(AsyncTimeout.kt:128) ~[okio-jvm-3.6.0.jar:na]
	at okio.RealBufferedSource.indexOf(RealBufferedSource.kt:430) ~[okio-jvm-3.6.0.jar:na]
	at okio.RealBufferedSource.readUtf8LineStrict(RealBufferedSource.kt:323) ~[okio-jvm-3.6.0.jar:na]
	at okhttp3.internal.http1.HeadersReader.readLine(HeadersReader.kt:29) ~[okhttp-4.12.0.jar:na]
	at okhttp3.internal.http1.Http1ExchangeCodec.readResponseHeaders(Http1ExchangeCodec.kt:180) ~[okhttp-4.12.0.jar:na]
	at okhttp3.internal.connection.Exchange.readResponseHeaders(Exchange.kt:110) ~[okhttp-4.12.0.jar:na]
	at okhttp3.internal.http.CallServerInterceptor.intercept(CallServerInterceptor.kt:93) ~[okhttp-4.12.0.jar:na]
	at okhttp3.internal.http.RealInterceptorChain.proceed(RealInterceptorChain.kt:109) ~[okhttp-4.12.0.jar:na]
	at okhttp3.internal.connection.ConnectInterceptor.intercept(ConnectInterceptor.kt:34) ~[okhttp-4.12.0.jar:na]
	at okhttp3.internal.http.RealInterceptorChain.proceed(RealInterceptorChain.kt:109) ~[okhttp-4.12.0.jar:na]
	at okhttp3.internal.cache.CacheInterceptor.intercept(CacheInterceptor.kt:95) ~[okhttp-4.12.0.jar:na]
	at okhttp3.internal.http.RealInterceptorChain.proceed(RealInterceptorChain.kt:109) ~[okhttp-4.12.0.jar:na]
	at okhttp3.internal.http.BridgeInterceptor.intercept(BridgeInterceptor.kt:83) ~[okhttp-4.12.0.jar:na]
	at okhttp3.internal.http.RealInterceptorChain.proceed(RealInterceptorChain.kt:109) ~[okhttp-4.12.0.jar:na]
	at okhttp3.internal.http.RetryAndFollowUpInterceptor.intercept(RetryAndFollowUpInterceptor.kt:76) ~[okhttp-4.12.0.jar:na]
	at okhttp3.internal.http.RealInterceptorChain.proceed(RealInterceptorChain.kt:109) ~[okhttp-4.12.0.jar:na]
	at okhttp3.internal.connection.RealCall.getResponseWithInterceptorChain$okhttp(RealCall.kt:201) ~[okhttp-4.12.0.jar:na]
	... 4 common frames omitted
	Suppressed: java.net.ConnectException: Failed to connect to localhost/127.0.0.1:4319
		at okhttp3.internal.connection.RealConnection.connectSocket(RealConnection.kt:297) ~[okhttp-4.12.0.jar:na]
		at okhttp3.internal.connection.RealConnection.connect(RealConnection.kt:207) ~[okhttp-4.12.0.jar:na]
		at okhttp3.internal.connection.ExchangeFinder.findConnection(ExchangeFinder.kt:226) ~[okhttp-4.12.0.jar:na]
		at okhttp3.internal.connection.ExchangeFinder.findHealthyConnection(ExchangeFinder.kt:106) ~[okhttp-4.12.0.jar:na]
		at okhttp3.internal.connection.ExchangeFinder.find(ExchangeFinder.kt:74) ~[okhttp-4.12.0.jar:na]
		at okhttp3.internal.connection.RealCall.initExchange$okhttp(RealCall.kt:255) ~[okhttp-4.12.0.jar:na]
		at okhttp3.internal.connection.ConnectInterceptor.intercept(ConnectInterceptor.kt:32) ~[okhttp-4.12.0.jar:na]
		... 12 common frames omitted
	Caused by: java.net.ConnectException: Connection refused: no further information
		at java.base/sun.nio.ch.Net.pollConnect(Native Method)
		at java.base/sun.nio.ch.Net.pollConnectNow(Net.java:672)
		at java.base/sun.nio.ch.NioSocketImpl.timedFinishConnect(NioSocketImpl.java:547)
		at java.base/sun.nio.ch.NioSocketImpl.connect(NioSocketImpl.java:602)
		at java.base/java.net.SocksSocketImpl.connect(SocksSocketImpl.java:327)
		at java.base/java.net.Socket.connect(Socket.java:633)
		at okhttp3.internal.platform.Platform.connectSocket(Platform.kt:128)
		at okhttp3.internal.connection.RealConnection.connectSocket(RealConnection.kt:295)
		... 18 common frames omitted

2026-06-04T13:05:42.920+07:00 ERROR [group-service,,] 28732 --- [group-service] [OkHttp http://localhost:4319/...] [                                                 ] i.o.exporter.internal.http.HttpExporter  : Failed to export spans. The request could not be executed. Full error message: timeout

java.io.InterruptedIOException: timeout
	at okhttp3.internal.connection.RealCall.timeoutExit(RealCall.kt:398) ~[okhttp-4.12.0.jar:na]
	at okhttp3.internal.connection.RealCall.callDone(RealCall.kt:360) ~[okhttp-4.12.0.jar:na]
	at okhttp3.internal.connection.RealCall.noMoreExchanges$okhttp(RealCall.kt:325) ~[okhttp-4.12.0.jar:na]
	at okhttp3.internal.connection.RealCall.getResponseWithInterceptorChain$okhttp(RealCall.kt:209) ~[okhttp-4.12.0.jar:na]
	at okhttp3.internal.connection.RealCall$AsyncCall.run(RealCall.kt:517) ~[okhttp-4.12.0.jar:na]
	at java.base/java.util.concurrent.ThreadPoolExecutor.runWorker(ThreadPoolExecutor.java:1136) ~[na:na]
	at java.base/java.util.concurrent.ThreadPoolExecutor$Worker.run(ThreadPoolExecutor.java:635) ~[na:na]
	at java.base/java.lang.Thread.run(Thread.java:842) ~[na:na]
Caused by: java.net.SocketException: Socket closed
	at java.base/sun.nio.ch.NioSocketImpl.endRead(NioSocketImpl.java:253) ~[na:na]
	at java.base/sun.nio.ch.NioSocketImpl.implRead(NioSocketImpl.java:332) ~[na:na]
	at java.base/sun.nio.ch.NioSocketImpl.read(NioSocketImpl.java:355) ~[na:na]
	at java.base/sun.nio.ch.NioSocketImpl$1.read(NioSocketImpl.java:808) ~[na:na]
	at java.base/java.net.Socket$SocketInputStream.read(Socket.java:966) ~[na:na]
	at okio.InputStreamSource.read(JvmOkio.kt:93) ~[okio-jvm-3.6.0.jar:na]
	at okio.AsyncTimeout$source$1.read(AsyncTimeout.kt:128) ~[okio-jvm-3.6.0.jar:na]
	at okio.RealBufferedSource.indexOf(RealBufferedSource.kt:430) ~[okio-jvm-3.6.0.jar:na]
	at okio.RealBufferedSource.readUtf8LineStrict(RealBufferedSource.kt:323) ~[okio-jvm-3.6.0.jar:na]
	at okhttp3.internal.http1.HeadersReader.readLine(HeadersReader.kt:29) ~[okhttp-4.12.0.jar:na]
	at okhttp3.internal.http1.Http1ExchangeCodec.readResponseHeaders(Http1ExchangeCodec.kt:180) ~[okhttp-4.12.0.jar:na]
	at okhttp3.internal.connection.Exchange.readResponseHeaders(Exchange.kt:110) ~[okhttp-4.12.0.jar:na]
	at okhttp3.internal.http.CallServerInterceptor.intercept(CallServerInterceptor.kt:93) ~[okhttp-4.12.0.jar:na]
	at okhttp3.internal.http.RealInterceptorChain.proceed(RealInterceptorChain.kt:109) ~[okhttp-4.12.0.jar:na]
	at okhttp3.internal.connection.ConnectInterceptor.intercept(ConnectInterceptor.kt:34) ~[okhttp-4.12.0.jar:na]
	at okhttp3.internal.http.RealInterceptorChain.proceed(RealInterceptorChain.kt:109) ~[okhttp-4.12.0.jar:na]
	at okhttp3.internal.cache.CacheInterceptor.intercept(CacheInterceptor.kt:95) ~[okhttp-4.12.0.jar:na]
	at okhttp3.internal.http.RealInterceptorChain.proceed(RealInterceptorChain.kt:109) ~[okhttp-4.12.0.jar:na]
	at okhttp3.internal.http.BridgeInterceptor.intercept(BridgeInterceptor.kt:83) ~[okhttp-4.12.0.jar:na]
	at okhttp3.internal.http.RealInterceptorChain.proceed(RealInterceptorChain.kt:109) ~[okhttp-4.12.0.jar:na]
	at okhttp3.internal.http.RetryAndFollowUpInterceptor.intercept(RetryAndFollowUpInterceptor.kt:76) ~[okhttp-4.12.0.jar:na]
	at okhttp3.internal.http.RealInterceptorChain.proceed(RealInterceptorChain.kt:109) ~[okhttp-4.12.0.jar:na]
	at okhttp3.internal.connection.RealCall.getResponseWithInterceptorChain$okhttp(RealCall.kt:201) ~[okhttp-4.12.0.jar:na]
	... 4 common frames omitted
	Suppressed: java.net.ConnectException: Failed to connect to localhost/127.0.0.1:4319
		at okhttp3.internal.connection.RealConnection.connectSocket(RealConnection.kt:297) ~[okhttp-4.12.0.jar:na]
		at okhttp3.internal.connection.RealConnection.connect(RealConnection.kt:207) ~[okhttp-4.12.0.jar:na]
		at okhttp3.internal.connection.ExchangeFinder.findConnection(ExchangeFinder.kt:226) ~[okhttp-4.12.0.jar:na]
		at okhttp3.internal.connection.ExchangeFinder.findHealthyConnection(ExchangeFinder.kt:106) ~[okhttp-4.12.0.jar:na]
		at okhttp3.internal.connection.ExchangeFinder.find(ExchangeFinder.kt:74) ~[okhttp-4.12.0.jar:na]
		at okhttp3.internal.connection.RealCall.initExchange$okhttp(RealCall.kt:255) ~[okhttp-4.12.0.jar:na]
		at okhttp3.internal.connection.ConnectInterceptor.intercept(ConnectInterceptor.kt:32) ~[okhttp-4.12.0.jar:na]
		... 12 common frames omitted
	Caused by: java.net.ConnectException: Connection refused: no further information
		at java.base/sun.nio.ch.Net.pollConnect(Native Method)
		at java.base/sun.nio.ch.Net.pollConnectNow(Net.java:672)
		at java.base/sun.nio.ch.NioSocketImpl.timedFinishConnect(NioSocketImpl.java:547)
		at java.base/sun.nio.ch.NioSocketImpl.connect(NioSocketImpl.java:602)
		at java.base/java.net.SocksSocketImpl.connect(SocksSocketImpl.java:327)
		at java.base/java.net.Socket.connect(Socket.java:633)
		at okhttp3.internal.platform.Platform.connectSocket(Platform.kt:128)
		at okhttp3.internal.connection.RealConnection.connectSocket(RealConnection.kt:295)
		... 18 common frames omitted

2026-06-04T13:06:12.977+07:00 ERROR [group-service,,] 28732 --- [group-service] [OkHttp http://localhost:4319/...] [                                                 ] i.o.exporter.internal.http.HttpExporter  : Failed to export spans. The request could not be executed. Full error message: timeout

java.io.InterruptedIOException: timeout
	at okhttp3.internal.connection.RealCall.timeoutExit(RealCall.kt:398) ~[okhttp-4.12.0.jar:na]
	at okhttp3.internal.connection.RealCall.callDone(RealCall.kt:360) ~[okhttp-4.12.0.jar:na]
	at okhttp3.internal.connection.RealCall.noMoreExchanges$okhttp(RealCall.kt:325) ~[okhttp-4.12.0.jar:na]
	at okhttp3.internal.connection.RealCall.getResponseWithInterceptorChain$okhttp(RealCall.kt:209) ~[okhttp-4.12.0.jar:na]
	at okhttp3.internal.connection.RealCall$AsyncCall.run(RealCall.kt:517) ~[okhttp-4.12.0.jar:na]
	at java.base/java.util.concurrent.ThreadPoolExecutor.runWorker(ThreadPoolExecutor.java:1136) ~[na:na]
	at java.base/java.util.concurrent.ThreadPoolExecutor$Worker.run(ThreadPoolExecutor.java:635) ~[na:na]
	at java.base/java.lang.Thread.run(Thread.java:842) ~[na:na]
Caused by: java.net.SocketException: Socket closed
	at java.base/sun.nio.ch.NioSocketImpl.endRead(NioSocketImpl.java:253) ~[na:na]
	at java.base/sun.nio.ch.NioSocketImpl.implRead(NioSocketImpl.java:332) ~[na:na]
	at java.base/sun.nio.ch.NioSocketImpl.read(NioSocketImpl.java:355) ~[na:na]
	at java.base/sun.nio.ch.NioSocketImpl$1.read(NioSocketImpl.java:808) ~[na:na]
	at java.base/java.net.Socket$SocketInputStream.read(Socket.java:966) ~[na:na]
	at okio.InputStreamSource.read(JvmOkio.kt:93) ~[okio-jvm-3.6.0.jar:na]
	at okio.AsyncTimeout$source$1.read(AsyncTimeout.kt:128) ~[okio-jvm-3.6.0.jar:na]
	at okio.RealBufferedSource.indexOf(RealBufferedSource.kt:430) ~[okio-jvm-3.6.0.jar:na]
	at okio.RealBufferedSource.readUtf8LineStrict(RealBufferedSource.kt:323) ~[okio-jvm-3.6.0.jar:na]
	at okhttp3.internal.http1.HeadersReader.readLine(HeadersReader.kt:29) ~[okhttp-4.12.0.jar:na]
	at okhttp3.internal.http1.Http1ExchangeCodec.readResponseHeaders(Http1ExchangeCodec.kt:180) ~[okhttp-4.12.0.jar:na]
	at okhttp3.internal.connection.Exchange.readResponseHeaders(Exchange.kt:110) ~[okhttp-4.12.0.jar:na]
	at okhttp3.internal.http.CallServerInterceptor.intercept(CallServerInterceptor.kt:93) ~[okhttp-4.12.0.jar:na]
	at okhttp3.internal.http.RealInterceptorChain.proceed(RealInterceptorChain.kt:109) ~[okhttp-4.12.0.jar:na]
	at okhttp3.internal.connection.ConnectInterceptor.intercept(ConnectInterceptor.kt:34) ~[okhttp-4.12.0.jar:na]
	at okhttp3.internal.http.RealInterceptorChain.proceed(RealInterceptorChain.kt:109) ~[okhttp-4.12.0.jar:na]
	at okhttp3.internal.cache.CacheInterceptor.intercept(CacheInterceptor.kt:95) ~[okhttp-4.12.0.jar:na]
	at okhttp3.internal.http.RealInterceptorChain.proceed(RealInterceptorChain.kt:109) ~[okhttp-4.12.0.jar:na]
	at okhttp3.internal.http.BridgeInterceptor.intercept(BridgeInterceptor.kt:83) ~[okhttp-4.12.0.jar:na]
	at okhttp3.internal.http.RealInterceptorChain.proceed(RealInterceptorChain.kt:109) ~[okhttp-4.12.0.jar:na]
	at okhttp3.internal.http.RetryAndFollowUpInterceptor.intercept(RetryAndFollowUpInterceptor.kt:76) ~[okhttp-4.12.0.jar:na]
	at okhttp3.internal.http.RealInterceptorChain.proceed(RealInterceptorChain.kt:109) ~[okhttp-4.12.0.jar:na]
	at okhttp3.internal.connection.RealCall.getResponseWithInterceptorChain$okhttp(RealCall.kt:201) ~[okhttp-4.12.0.jar:na]
	... 4 common frames omitted
	Suppressed: java.net.ConnectException: Failed to connect to localhost/127.0.0.1:4319
		at okhttp3.internal.connection.RealConnection.connectSocket(RealConnection.kt:297) ~[okhttp-4.12.0.jar:na]
		at okhttp3.internal.connection.RealConnection.connect(RealConnection.kt:207) ~[okhttp-4.12.0.jar:na]
		at okhttp3.internal.connection.ExchangeFinder.findConnection(ExchangeFinder.kt:226) ~[okhttp-4.12.0.jar:na]
		at okhttp3.internal.connection.ExchangeFinder.findHealthyConnection(ExchangeFinder.kt:106) ~[okhttp-4.12.0.jar:na]
		at okhttp3.internal.connection.ExchangeFinder.find(ExchangeFinder.kt:74) ~[okhttp-4.12.0.jar:na]
		at okhttp3.internal.connection.RealCall.initExchange$okhttp(RealCall.kt:255) ~[okhttp-4.12.0.jar:na]
		at okhttp3.internal.connection.ConnectInterceptor.intercept(ConnectInterceptor.kt:32) ~[okhttp-4.12.0.jar:na]
		... 12 common frames omitted
	Caused by: java.net.ConnectException: Connection refused: no further information
		at java.base/sun.nio.ch.Net.pollConnect(Native Method)
		at java.base/sun.nio.ch.Net.pollConnectNow(Net.java:672)
		at java.base/sun.nio.ch.NioSocketImpl.timedFinishConnect(NioSocketImpl.java:547)
		at java.base/sun.nio.ch.NioSocketImpl.connect(NioSocketImpl.java:602)
		at java.base/java.net.SocksSocketImpl.connect(SocksSocketImpl.java:327)
		at java.base/java.net.Socket.connect(Socket.java:633)
		at okhttp3.internal.platform.Platform.connectSocket(Platform.kt:128)
		at okhttp3.internal.connection.RealConnection.connectSocket(RealConnection.kt:295)
		... 18 common frames omitted

2026-06-04T13:06:43.011+07:00 ERROR [group-service,,] 28732 --- [group-service] [OkHttp http://localhost:4319/...] [                                                 ] i.o.exporter.internal.http.HttpExporter  : Failed to export spans. The request could not be executed. Full error message: timeout

java.io.InterruptedIOException: timeout
	at okhttp3.internal.connection.RealCall.timeoutExit(RealCall.kt:398) ~[okhttp-4.12.0.jar:na]
	at okhttp3.internal.connection.RealCall.callDone(RealCall.kt:360) ~[okhttp-4.12.0.jar:na]
	at okhttp3.internal.connection.RealCall.noMoreExchanges$okhttp(RealCall.kt:325) ~[okhttp-4.12.0.jar:na]
	at okhttp3.internal.connection.RealCall.getResponseWithInterceptorChain$okhttp(RealCall.kt:209) ~[okhttp-4.12.0.jar:na]
	at okhttp3.internal.connection.RealCall$AsyncCall.run(RealCall.kt:517) ~[okhttp-4.12.0.jar:na]
	at java.base/java.util.concurrent.ThreadPoolExecutor.runWorker(ThreadPoolExecutor.java:1136) ~[na:na]
	at java.base/java.util.concurrent.ThreadPoolExecutor$Worker.run(ThreadPoolExecutor.java:635) ~[na:na]
	at java.base/java.lang.Thread.run(Thread.java:842) ~[na:na]
Caused by: java.net.SocketException: Socket closed
	at java.base/sun.nio.ch.NioSocketImpl.endRead(NioSocketImpl.java:253) ~[na:na]
	at java.base/sun.nio.ch.NioSocketImpl.implRead(NioSocketImpl.java:332) ~[na:na]
	at java.base/sun.nio.ch.NioSocketImpl.read(NioSocketImpl.java:355) ~[na:na]
	at java.base/sun.nio.ch.NioSocketImpl$1.read(NioSocketImpl.java:808) ~[na:na]
	at java.base/java.net.Socket$SocketInputStream.read(Socket.java:966) ~[na:na]
	at okio.InputStreamSource.read(JvmOkio.kt:93) ~[okio-jvm-3.6.0.jar:na]
	at okio.AsyncTimeout$source$1.read(AsyncTimeout.kt:128) ~[okio-jvm-3.6.0.jar:na]
	at okio.RealBufferedSource.indexOf(RealBufferedSource.kt:430) ~[okio-jvm-3.6.0.jar:na]
	at okio.RealBufferedSource.readUtf8LineStrict(RealBufferedSource.kt:323) ~[okio-jvm-3.6.0.jar:na]
	at okhttp3.internal.http1.HeadersReader.readLine(HeadersReader.kt:29) ~[okhttp-4.12.0.jar:na]
	at okhttp3.internal.http1.Http1ExchangeCodec.readResponseHeaders(Http1ExchangeCodec.kt:180) ~[okhttp-4.12.0.jar:na]
	at okhttp3.internal.connection.Exchange.readResponseHeaders(Exchange.kt:110) ~[okhttp-4.12.0.jar:na]
	at okhttp3.internal.http.CallServerInterceptor.intercept(CallServerInterceptor.kt:93) ~[okhttp-4.12.0.jar:na]
	at okhttp3.internal.http.RealInterceptorChain.proceed(RealInterceptorChain.kt:109) ~[okhttp-4.12.0.jar:na]
	at okhttp3.internal.connection.ConnectInterceptor.intercept(ConnectInterceptor.kt:34) ~[okhttp-4.12.0.jar:na]
	at okhttp3.internal.http.RealInterceptorChain.proceed(RealInterceptorChain.kt:109) ~[okhttp-4.12.0.jar:na]
	at okhttp3.internal.cache.CacheInterceptor.intercept(CacheInterceptor.kt:95) ~[okhttp-4.12.0.jar:na]
	at okhttp3.internal.http.RealInterceptorChain.proceed(RealInterceptorChain.kt:109) ~[okhttp-4.12.0.jar:na]
	at okhttp3.internal.http.BridgeInterceptor.intercept(BridgeInterceptor.kt:83) ~[okhttp-4.12.0.jar:na]
	at okhttp3.internal.http.RealInterceptorChain.proceed(RealInterceptorChain.kt:109) ~[okhttp-4.12.0.jar:na]
	at okhttp3.internal.http.RetryAndFollowUpInterceptor.intercept(RetryAndFollowUpInterceptor.kt:76) ~[okhttp-4.12.0.jar:na]
	at okhttp3.internal.http.RealInterceptorChain.proceed(RealInterceptorChain.kt:109) ~[okhttp-4.12.0.jar:na]
	at okhttp3.internal.connection.RealCall.getResponseWithInterceptorChain$okhttp(RealCall.kt:201) ~[okhttp-4.12.0.jar:na]
	... 4 common frames omitted
	Suppressed: java.net.ConnectException: Failed to connect to localhost/127.0.0.1:4319
		at okhttp3.internal.connection.RealConnection.connectSocket(RealConnection.kt:297) ~[okhttp-4.12.0.jar:na]
		at okhttp3.internal.connection.RealConnection.connect(RealConnection.kt:207) ~[okhttp-4.12.0.jar:na]
		at okhttp3.internal.connection.ExchangeFinder.findConnection(ExchangeFinder.kt:226) ~[okhttp-4.12.0.jar:na]
		at okhttp3.internal.connection.ExchangeFinder.findHealthyConnection(ExchangeFinder.kt:106) ~[okhttp-4.12.0.jar:na]
		at okhttp3.internal.connection.ExchangeFinder.find(ExchangeFinder.kt:74) ~[okhttp-4.12.0.jar:na]
		at okhttp3.internal.connection.RealCall.initExchange$okhttp(RealCall.kt:255) ~[okhttp-4.12.0.jar:na]
		at okhttp3.internal.connection.ConnectInterceptor.intercept(ConnectInterceptor.kt:32) ~[okhttp-4.12.0.jar:na]
		... 12 common frames omitted
	Caused by: java.net.ConnectException: Connection refused: no further information
		at java.base/sun.nio.ch.Net.pollConnect(Native Method)
		at java.base/sun.nio.ch.Net.pollConnectNow(Net.java:672)
		at java.base/sun.nio.ch.NioSocketImpl.timedFinishConnect(NioSocketImpl.java:547)
		at java.base/sun.nio.ch.NioSocketImpl.connect(NioSocketImpl.java:602)
		at java.base/java.net.SocksSocketImpl.connect(SocksSocketImpl.java:327)
		at java.base/java.net.Socket.connect(Socket.java:633)
		at okhttp3.internal.platform.Platform.connectSocket(Platform.kt:128)
		at okhttp3.internal.connection.RealConnection.connectSocket(RealConnection.kt:295)
		... 18 common frames omitted

2026-06-04T13:07:13.066+07:00 ERROR [group-service,,] 28732 --- [group-service] [OkHttp http://localhost:4319/...] [                                                 ] i.o.exporter.internal.http.HttpExporter  : Failed to export spans. The request could not be executed. Full error message: timeout

java.io.InterruptedIOException: timeout
	at okhttp3.internal.connection.RealCall.timeoutExit(RealCall.kt:398) ~[okhttp-4.12.0.jar:na]
	at okhttp3.internal.connection.RealCall.callDone(RealCall.kt:360) ~[okhttp-4.12.0.jar:na]
	at okhttp3.internal.connection.RealCall.noMoreExchanges$okhttp(RealCall.kt:325) ~[okhttp-4.12.0.jar:na]
	at okhttp3.internal.connection.RealCall.getResponseWithInterceptorChain$okhttp(RealCall.kt:209) ~[okhttp-4.12.0.jar:na]
	at okhttp3.internal.connection.RealCall$AsyncCall.run(RealCall.kt:517) ~[okhttp-4.12.0.jar:na]
	at java.base/java.util.concurrent.ThreadPoolExecutor.runWorker(ThreadPoolExecutor.java:1136) ~[na:na]
	at java.base/java.util.concurrent.ThreadPoolExecutor$Worker.run(ThreadPoolExecutor.java:635) ~[na:na]
	at java.base/java.lang.Thread.run(Thread.java:842) ~[na:na]
Caused by: java.net.SocketTimeoutException: Read timed out
	at java.base/sun.nio.ch.NioSocketImpl.timedRead(NioSocketImpl.java:288) ~[na:na]
	at java.base/sun.nio.ch.NioSocketImpl.implRead(NioSocketImpl.java:314) ~[na:na]
	at java.base/sun.nio.ch.NioSocketImpl.read(NioSocketImpl.java:355) ~[na:na]
	at java.base/sun.nio.ch.NioSocketImpl$1.read(NioSocketImpl.java:808) ~[na:na]
	at java.base/java.net.Socket$SocketInputStream.read(Socket.java:966) ~[na:na]
	at okio.InputStreamSource.read(JvmOkio.kt:93) ~[okio-jvm-3.6.0.jar:na]
	at okio.AsyncTimeout$source$1.read(AsyncTimeout.kt:128) ~[okio-jvm-3.6.0.jar:na]
	at okio.RealBufferedSource.indexOf(RealBufferedSource.kt:430) ~[okio-jvm-3.6.0.jar:na]
	at okio.RealBufferedSource.readUtf8LineStrict(RealBufferedSource.kt:323) ~[okio-jvm-3.6.0.jar:na]
	at okhttp3.internal.http1.HeadersReader.readLine(HeadersReader.kt:29) ~[okhttp-4.12.0.jar:na]
	at okhttp3.internal.http1.Http1ExchangeCodec.readResponseHeaders(Http1ExchangeCodec.kt:180) ~[okhttp-4.12.0.jar:na]
	at okhttp3.internal.connection.Exchange.readResponseHeaders(Exchange.kt:110) ~[okhttp-4.12.0.jar:na]
	at okhttp3.internal.http.CallServerInterceptor.intercept(CallServerInterceptor.kt:93) ~[okhttp-4.12.0.jar:na]
	at okhttp3.internal.http.RealInterceptorChain.proceed(RealInterceptorChain.kt:109) ~[okhttp-4.12.0.jar:na]
	at okhttp3.internal.connection.ConnectInterceptor.intercept(ConnectInterceptor.kt:34) ~[okhttp-4.12.0.jar:na]
	at okhttp3.internal.http.RealInterceptorChain.proceed(RealInterceptorChain.kt:109) ~[okhttp-4.12.0.jar:na]
	at okhttp3.internal.cache.CacheInterceptor.intercept(CacheInterceptor.kt:95) ~[okhttp-4.12.0.jar:na]
	at okhttp3.internal.http.RealInterceptorChain.proceed(RealInterceptorChain.kt:109) ~[okhttp-4.12.0.jar:na]
	at okhttp3.internal.http.BridgeInterceptor.intercept(BridgeInterceptor.kt:83) ~[okhttp-4.12.0.jar:na]
	at okhttp3.internal.http.RealInterceptorChain.proceed(RealInterceptorChain.kt:109) ~[okhttp-4.12.0.jar:na]
	at okhttp3.internal.http.RetryAndFollowUpInterceptor.intercept(RetryAndFollowUpInterceptor.kt:76) ~[okhttp-4.12.0.jar:na]
	at okhttp3.internal.http.RealInterceptorChain.proceed(RealInterceptorChain.kt:109) ~[okhttp-4.12.0.jar:na]
	at okhttp3.internal.connection.RealCall.getResponseWithInterceptorChain$okhttp(RealCall.kt:201) ~[okhttp-4.12.0.jar:na]
	... 4 common frames omitted
	Suppressed: java.net.ConnectException: Failed to connect to localhost/127.0.0.1:4319
		at okhttp3.internal.connection.RealConnection.connectSocket(RealConnection.kt:297) ~[okhttp-4.12.0.jar:na]
		at okhttp3.internal.connection.RealConnection.connect(RealConnection.kt:207) ~[okhttp-4.12.0.jar:na]
		at okhttp3.internal.connection.ExchangeFinder.findConnection(ExchangeFinder.kt:226) ~[okhttp-4.12.0.jar:na]
		at okhttp3.internal.connection.ExchangeFinder.findHealthyConnection(ExchangeFinder.kt:106) ~[okhttp-4.12.0.jar:na]
		at okhttp3.internal.connection.ExchangeFinder.find(ExchangeFinder.kt:74) ~[okhttp-4.12.0.jar:na]
		at okhttp3.internal.connection.RealCall.initExchange$okhttp(RealCall.kt:255) ~[okhttp-4.12.0.jar:na]
		at okhttp3.internal.connection.ConnectInterceptor.intercept(ConnectInterceptor.kt:32) ~[okhttp-4.12.0.jar:na]
		... 12 common frames omitted
	Caused by: java.net.ConnectException: Connection refused: no further information
		at java.base/sun.nio.ch.Net.pollConnect(Native Method)
		at java.base/sun.nio.ch.Net.pollConnectNow(Net.java:672)
		at java.base/sun.nio.ch.NioSocketImpl.timedFinishConnect(NioSocketImpl.java:547)
		at java.base/sun.nio.ch.NioSocketImpl.connect(NioSocketImpl.java:602)
		at java.base/java.net.SocksSocketImpl.connect(SocksSocketImpl.java:327)
		at java.base/java.net.Socket.connect(Socket.java:633)
		at okhttp3.internal.platform.Platform.connectSocket(Platform.kt:128)
		at okhttp3.internal.connection.RealConnection.connectSocket(RealConnection.kt:295)
		... 18 common frames omitted

2026-06-04T13:07:21.462+07:00  INFO [group-service,,] 28732 --- [group-service] [SpringApplicationShutdownHook] [                                                 ] o.s.c.n.e.s.EurekaServiceRegistry        : Unregistering application GROUP-SERVICE with eureka with status DOWN
2026-06-04T13:07:21.464+07:00  INFO [group-service,,] 28732 --- [group-service] [SpringApplicationShutdownHook] [                                                 ] com.netflix.discovery.DiscoveryClient    : Saw local status change event StatusChangeEvent [timestamp=1780553241464, current=DOWN, previous=UP]
2026-06-04T13:07:21.465+07:00  INFO [group-service,,] 28732 --- [group-service] [DiscoveryClient-InstanceInfoReplicator-%d] [                                                 ] com.netflix.discovery.DiscoveryClient    : DiscoveryClient_GROUP-SERVICE/localhost:group-service:8085: registering service...
2026-06-04T13:07:21.532+07:00  INFO [group-service,,] 28732 --- [group-service] [DiscoveryClient-InstanceInfoReplicator-%d] [                                                 ] com.netflix.discovery.DiscoveryClient    : DiscoveryClient_GROUP-SERVICE/localhost:group-service:8085 - registration status: 204
2026-06-04T13:07:21.987+07:00  INFO [group-service,,] 28732 --- [group-service] [SpringApplicationShutdownHook] [                                                 ] j.LocalContainerEntityManagerFactoryBean : Closing JPA EntityManagerFactory for persistence unit 'default'
2026-06-04T13:07:22.019+07:00  INFO [group-service,,] 28732 --- [group-service] [SpringApplicationShutdownHook] [                                                 ] com.zaxxer.hikari.HikariDataSource       : HikariPool-1 - Shutdown initiated...
2026-06-04T13:07:22.042+07:00  INFO [group-service,,] 28732 --- [group-service] [SpringApplicationShutdownHook] [                                                 ] com.zaxxer.hikari.HikariDataSource       : HikariPool-1 - Shutdown completed.
2026-06-04T13:07:39.124+07:00  INFO [group-service,,] 26524 --- [group-service] [main] [                                                 ] c.n.S.GroupServiceApplication            : Starting GroupServiceApplication using Java 17.0.9 with PID 26524 (D:\Projects\Social-media\backend\group-service\target\classes started by BANG in D:\Projects\Social-media\backend)
2026-06-04T13:07:39.130+07:00  INFO [group-service,,] 26524 --- [group-service] [main] [                                                 ] c.n.S.GroupServiceApplication            : No active profile set, falling back to 1 default profile: "default"
2026-06-04T13:07:42.959+07:00  INFO [group-service,,] 26524 --- [group-service] [main] [                                                 ] .s.d.r.c.RepositoryConfigurationDelegate : Bootstrapping Spring Data JPA repositories in DEFAULT mode.
2026-06-04T13:07:43.389+07:00  INFO [group-service,,] 26524 --- [group-service] [main] [                                                 ] .s.d.r.c.RepositoryConfigurationDelegate : Finished Spring Data repository scanning in 395 ms. Found 2 JPA repository interfaces.
2026-06-04T13:07:44.029+07:00  INFO [group-service,,] 26524 --- [group-service] [main] [                                                 ] o.s.cloud.context.scope.GenericScope     : BeanFactory id=85325416-3a2b-3b54-867b-f06078df59f9
2026-06-04T13:07:44.772+07:00  INFO [group-service,,] 26524 --- [group-service] [main] [                                                 ] o.s.b.w.embedded.tomcat.TomcatWebServer  : Tomcat initialized with port 8085 (http)
2026-06-04T13:07:44.795+07:00  INFO [group-service,,] 26524 --- [group-service] [main] [                                                 ] o.apache.catalina.core.StandardService   : Starting service [Tomcat]
2026-06-04T13:07:44.795+07:00  INFO [group-service,,] 26524 --- [group-service] [main] [                                                 ] o.apache.catalina.core.StandardEngine    : Starting Servlet engine: [Apache Tomcat/10.1.42]
2026-06-04T13:07:44.932+07:00  INFO [group-service,,] 26524 --- [group-service] [main] [                                                 ] o.a.c.c.C.[Tomcat].[localhost].[/]       : Initializing Spring embedded WebApplicationContext
2026-06-04T13:07:44.933+07:00  INFO [group-service,,] 26524 --- [group-service] [main] [                                                 ] w.s.c.ServletWebServerApplicationContext : Root WebApplicationContext: initialization completed in 5687 ms
2026-06-04T13:07:45.670+07:00  INFO [group-service,,] 26524 --- [group-service] [main] [                                                 ] o.hibernate.jpa.internal.util.LogHelper  : HHH000204: Processing PersistenceUnitInfo [name: default]
2026-06-04T13:07:45.772+07:00  INFO [group-service,,] 26524 --- [group-service] [main] [                                                 ] org.hibernate.Version                    : HHH000412: Hibernate ORM core version 6.5.3.Final
2026-06-04T13:07:45.830+07:00  INFO [group-service,,] 26524 --- [group-service] [main] [                                                 ] o.h.c.internal.RegionFactoryInitiator    : HHH000026: Second-level cache disabled
2026-06-04T13:07:46.282+07:00  INFO [group-service,,] 26524 --- [group-service] [main] [                                                 ] o.s.o.j.p.SpringPersistenceUnitInfo      : No LoadTimeWeaver setup: ignoring JPA class transformer
2026-06-04T13:07:46.333+07:00  INFO [group-service,,] 26524 --- [group-service] [main] [                                                 ] com.zaxxer.hikari.HikariDataSource       : HikariPool-1 - Starting...
2026-06-04T13:07:46.629+07:00  INFO [group-service,,] 26524 --- [group-service] [main] [                                                 ] com.zaxxer.hikari.pool.HikariPool        : HikariPool-1 - Added connection org.postgresql.jdbc.PgConnection@7872e91f
2026-06-04T13:07:46.632+07:00  INFO [group-service,,] 26524 --- [group-service] [main] [                                                 ] com.zaxxer.hikari.HikariDataSource       : HikariPool-1 - Start completed.
2026-06-04T13:07:46.705+07:00  WARN [group-service,,] 26524 --- [group-service] [main] [                                                 ] org.hibernate.orm.deprecation            : HHH90000025: PostgreSQLDialect does not need to be specified explicitly using 'hibernate.dialect' (remove the property setting and it will be selected by default)
2026-06-04T13:07:48.560+07:00  INFO [group-service,,] 26524 --- [group-service] [main] [                                                 ] o.h.e.t.j.p.i.JtaPlatformInitiator       : HHH000489: No JTA platform available (set 'hibernate.transaction.jta.platform' to enable JTA platform integration)
2026-06-04T13:07:48.715+07:00  INFO [group-service,,] 26524 --- [group-service] [main] [                                                 ] j.LocalContainerEntityManagerFactoryBean : Initialized JPA EntityManagerFactory for persistence unit 'default'
2026-06-04T13:07:49.146+07:00  INFO [group-service,,] 26524 --- [group-service] [main] [                                                 ] o.s.d.j.r.query.QueryEnhancerFactory     : Hibernate is in classpath; If applicable, HQL parser will be used.
2026-06-04T13:07:50.250+07:00  WARN [group-service,,] 26524 --- [group-service] [main] [                                                 ] JpaBaseConfiguration$JpaWebConfiguration : spring.jpa.open-in-view is enabled by default. Therefore, database queries may be performed during view rendering. Explicitly configure spring.jpa.open-in-view to disable this warning
2026-06-04T13:07:51.654+07:00  INFO [group-service,,] 26524 --- [group-service] [main] [                                                 ] o.s.cloud.commons.util.InetUtils         : Cannot determine local hostname
2026-06-04T13:07:51.683+07:00  INFO [group-service,,] 26524 --- [group-service] [main] [                                                 ] o.s.c.openfeign.FeignClientFactoryBean   : For 'user-service' URL not provided. Will try picking an instance via load-balancing.
2026-06-04T13:07:53.512+07:00  INFO [group-service,,] 26524 --- [group-service] [main] [                                                 ] o.s.cloud.commons.util.InetUtils         : Cannot determine local hostname
2026-06-04T13:07:53.524+07:00  INFO [group-service,,] 26524 --- [group-service] [main] [                                                 ] DiscoveryClientOptionalArgsConfiguration : Eureka HTTP Client uses RestTemplate.
2026-06-04T13:07:53.551+07:00  WARN [group-service,,] 26524 --- [group-service] [main] [                                                 ] iguration$LoadBalancerCaffeineWarnLogger : Spring Cloud LoadBalancer is currently working with the default cache. While this cache implementation is useful for development and tests, it's recommended to use Caffeine cache in production.You can switch to using Caffeine cache, by adding it and org.springframework.cache.caffeine.CaffeineCacheManager to the classpath.
2026-06-04T13:07:53.560+07:00  INFO [group-service,,] 26524 --- [group-service] [main] [                                                 ] o.s.b.a.e.web.EndpointLinksResolver      : Exposing 4 endpoints beneath base path '/actuator'
2026-06-04T13:07:53.644+07:00  INFO [group-service,,] 26524 --- [group-service] [main] [                                                 ] o.s.c.n.eureka.InstanceInfoFactory       : Setting initial instance status as: STARTING
2026-06-04T13:07:53.664+07:00  INFO [group-service,,] 26524 --- [group-service] [main] [                                                 ] com.netflix.discovery.DiscoveryClient    : Initializing Eureka in region us-east-1
2026-06-04T13:07:53.667+07:00  INFO [group-service,,] 26524 --- [group-service] [main] [                                                 ] c.n.d.s.r.aws.ConfigClusterResolver      : Resolving eureka endpoints via configuration
2026-06-04T13:07:53.674+07:00  INFO [group-service,,] 26524 --- [group-service] [main] [                                                 ] com.netflix.discovery.DiscoveryClient    : Disable delta property : false
2026-06-04T13:07:53.674+07:00  INFO [group-service,,] 26524 --- [group-service] [main] [                                                 ] com.netflix.discovery.DiscoveryClient    : Single vip registry refresh property : null
2026-06-04T13:07:53.674+07:00  INFO [group-service,,] 26524 --- [group-service] [main] [                                                 ] com.netflix.discovery.DiscoveryClient    : Force full registry fetch : false
2026-06-04T13:07:53.674+07:00  INFO [group-service,,] 26524 --- [group-service] [main] [                                                 ] com.netflix.discovery.DiscoveryClient    : Application is null : false
2026-06-04T13:07:53.674+07:00  INFO [group-service,,] 26524 --- [group-service] [main] [                                                 ] com.netflix.discovery.DiscoveryClient    : Registered Applications size is zero : true
2026-06-04T13:07:53.674+07:00  INFO [group-service,,] 26524 --- [group-service] [main] [                                                 ] com.netflix.discovery.DiscoveryClient    : Application version is -1: true
2026-06-04T13:07:53.674+07:00  INFO [group-service,,] 26524 --- [group-service] [main] [                                                 ] com.netflix.discovery.DiscoveryClient    : Getting all instance registry info from the eureka server
2026-06-04T13:07:53.962+07:00  INFO [group-service,,] 26524 --- [group-service] [main] [                                                 ] com.netflix.discovery.DiscoveryClient    : The response status is 200
2026-06-04T13:07:53.965+07:00  INFO [group-service,,] 26524 --- [group-service] [main] [                                                 ] com.netflix.discovery.DiscoveryClient    : Starting heartbeat executor: renew interval is: 30
2026-06-04T13:07:53.966+07:00  INFO [group-service,,] 26524 --- [group-service] [main] [                                                 ] c.n.discovery.InstanceInfoReplicator     : InstanceInfoReplicator onDemand update allowed rate per min is 4
2026-06-04T13:07:53.968+07:00  INFO [group-service,,] 26524 --- [group-service] [main] [                                                 ] com.netflix.discovery.DiscoveryClient    : Discovery Client initialized at timestamp 1780553273967 with initial instances count: 6
2026-06-04T13:07:53.971+07:00  INFO [group-service,,] 26524 --- [group-service] [main] [                                                 ] o.s.c.n.e.s.EurekaServiceRegistry        : Registering application GROUP-SERVICE with eureka with status UP
2026-06-04T13:07:53.972+07:00  INFO [group-service,,] 26524 --- [group-service] [main] [                                                 ] com.netflix.discovery.DiscoveryClient    : Saw local status change event StatusChangeEvent [timestamp=1780553273971, current=UP, previous=STARTING]
2026-06-04T13:07:53.973+07:00  INFO [group-service,,] 26524 --- [group-service] [DiscoveryClient-InstanceInfoReplicator-%d] [                                                 ] com.netflix.discovery.DiscoveryClient    : DiscoveryClient_GROUP-SERVICE/localhost:group-service:8085: registering service...
2026-06-04T13:07:53.993+07:00  INFO [group-service,,] 26524 --- [group-service] [main] [                                                 ] o.s.b.w.embedded.tomcat.TomcatWebServer  : Tomcat started on port 8085 (http) with context path '/'
2026-06-04T13:07:53.994+07:00  INFO [group-service,,] 26524 --- [group-service] [main] [                                                 ] .s.c.n.e.s.EurekaAutoServiceRegistration : Updating port to 8085
2026-06-04T13:07:54.010+07:00  INFO [group-service,,] 26524 --- [group-service] [DiscoveryClient-InstanceInfoReplicator-%d] [                                                 ] com.netflix.discovery.DiscoveryClient    : DiscoveryClient_GROUP-SERVICE/localhost:group-service:8085 - registration status: 204
2026-06-04T13:07:55.275+07:00  INFO [group-service,,] 26524 --- [group-service] [main] [                                                 ] o.s.cloud.commons.util.InetUtils         : Cannot determine local hostname
2026-06-04T13:07:55.288+07:00  INFO [group-service,,] 26524 --- [group-service] [main] [                                                 ] c.n.S.GroupServiceApplication            : Started GroupServiceApplication in 19.582 seconds (process running for 22.307)
2026-06-04T13:08:05.265+07:00 ERROR [group-service,,] 26524 --- [group-service] [OkHttp http://localhost:4319/...] [                                                 ] i.o.exporter.internal.http.HttpExporter  : Failed to export spans. The request could not be executed. Full error message: timeout

java.io.InterruptedIOException: timeout
	at okhttp3.internal.connection.RealCall.timeoutExit(RealCall.kt:398) ~[okhttp-4.12.0.jar:na]
	at okhttp3.internal.connection.RealCall.callDone(RealCall.kt:360) ~[okhttp-4.12.0.jar:na]
	at okhttp3.internal.connection.RealCall.noMoreExchanges$okhttp(RealCall.kt:325) ~[okhttp-4.12.0.jar:na]
	at okhttp3.internal.connection.RealCall.getResponseWithInterceptorChain$okhttp(RealCall.kt:209) ~[okhttp-4.12.0.jar:na]
	at okhttp3.internal.connection.RealCall$AsyncCall.run(RealCall.kt:517) ~[okhttp-4.12.0.jar:na]
	at java.base/java.util.concurrent.ThreadPoolExecutor.runWorker(ThreadPoolExecutor.java:1136) ~[na:na]
	at java.base/java.util.concurrent.ThreadPoolExecutor$Worker.run(ThreadPoolExecutor.java:635) ~[na:na]
	at java.base/java.lang.Thread.run(Thread.java:842) ~[na:na]
Caused by: java.net.SocketException: Socket closed
	at java.base/sun.nio.ch.NioSocketImpl.endRead(NioSocketImpl.java:253) ~[na:na]
	at java.base/sun.nio.ch.NioSocketImpl.implRead(NioSocketImpl.java:332) ~[na:na]
	at java.base/sun.nio.ch.NioSocketImpl.read(NioSocketImpl.java:355) ~[na:na]
	at java.base/sun.nio.ch.NioSocketImpl$1.read(NioSocketImpl.java:808) ~[na:na]
	at java.base/java.net.Socket$SocketInputStream.read(Socket.java:966) ~[na:na]
	at okio.InputStreamSource.read(JvmOkio.kt:93) ~[okio-jvm-3.6.0.jar:na]
	at okio.AsyncTimeout$source$1.read(AsyncTimeout.kt:128) ~[okio-jvm-3.6.0.jar:na]
	at okio.RealBufferedSource.indexOf(RealBufferedSource.kt:430) ~[okio-jvm-3.6.0.jar:na]
	at okio.RealBufferedSource.readUtf8LineStrict(RealBufferedSource.kt:323) ~[okio-jvm-3.6.0.jar:na]
	at okhttp3.internal.http1.HeadersReader.readLine(HeadersReader.kt:29) ~[okhttp-4.12.0.jar:na]
	at okhttp3.internal.http1.Http1ExchangeCodec.readResponseHeaders(Http1ExchangeCodec.kt:180) ~[okhttp-4.12.0.jar:na]
	at okhttp3.internal.connection.Exchange.readResponseHeaders(Exchange.kt:110) ~[okhttp-4.12.0.jar:na]
	at okhttp3.internal.http.CallServerInterceptor.intercept(CallServerInterceptor.kt:93) ~[okhttp-4.12.0.jar:na]
	at okhttp3.internal.http.RealInterceptorChain.proceed(RealInterceptorChain.kt:109) ~[okhttp-4.12.0.jar:na]
	at okhttp3.internal.connection.ConnectInterceptor.intercept(ConnectInterceptor.kt:34) ~[okhttp-4.12.0.jar:na]
	at okhttp3.internal.http.RealInterceptorChain.proceed(RealInterceptorChain.kt:109) ~[okhttp-4.12.0.jar:na]
	at okhttp3.internal.cache.CacheInterceptor.intercept(CacheInterceptor.kt:95) ~[okhttp-4.12.0.jar:na]
	at okhttp3.internal.http.RealInterceptorChain.proceed(RealInterceptorChain.kt:109) ~[okhttp-4.12.0.jar:na]
	at okhttp3.internal.http.BridgeInterceptor.intercept(BridgeInterceptor.kt:83) ~[okhttp-4.12.0.jar:na]
	at okhttp3.internal.http.RealInterceptorChain.proceed(RealInterceptorChain.kt:109) ~[okhttp-4.12.0.jar:na]
	at okhttp3.internal.http.RetryAndFollowUpInterceptor.intercept(RetryAndFollowUpInterceptor.kt:76) ~[okhttp-4.12.0.jar:na]
	at okhttp3.internal.http.RealInterceptorChain.proceed(RealInterceptorChain.kt:109) ~[okhttp-4.12.0.jar:na]
	at okhttp3.internal.connection.RealCall.getResponseWithInterceptorChain$okhttp(RealCall.kt:201) ~[okhttp-4.12.0.jar:na]
	... 4 common frames omitted
	Suppressed: java.net.ConnectException: Failed to connect to localhost/127.0.0.1:4319
		at okhttp3.internal.connection.RealConnection.connectSocket(RealConnection.kt:297) ~[okhttp-4.12.0.jar:na]
		at okhttp3.internal.connection.RealConnection.connect(RealConnection.kt:207) ~[okhttp-4.12.0.jar:na]
		at okhttp3.internal.connection.ExchangeFinder.findConnection(ExchangeFinder.kt:226) ~[okhttp-4.12.0.jar:na]
		at okhttp3.internal.connection.ExchangeFinder.findHealthyConnection(ExchangeFinder.kt:106) ~[okhttp-4.12.0.jar:na]
		at okhttp3.internal.connection.ExchangeFinder.find(ExchangeFinder.kt:74) ~[okhttp-4.12.0.jar:na]
		at okhttp3.internal.connection.RealCall.initExchange$okhttp(RealCall.kt:255) ~[okhttp-4.12.0.jar:na]
		at okhttp3.internal.connection.ConnectInterceptor.intercept(ConnectInterceptor.kt:32) ~[okhttp-4.12.0.jar:na]
		... 12 common frames omitted
	Caused by: java.net.ConnectException: Connection refused: no further information
		at java.base/sun.nio.ch.Net.pollConnect(Native Method)
		at java.base/sun.nio.ch.Net.pollConnectNow(Net.java:672)
		at java.base/sun.nio.ch.NioSocketImpl.timedFinishConnect(NioSocketImpl.java:547)
		at java.base/sun.nio.ch.NioSocketImpl.connect(NioSocketImpl.java:602)
		at java.base/java.net.SocksSocketImpl.connect(SocksSocketImpl.java:327)
		at java.base/java.net.Socket.connect(Socket.java:633)
		at okhttp3.internal.platform.Platform.connectSocket(Platform.kt:128)
		at okhttp3.internal.connection.RealConnection.connectSocket(RealConnection.kt:295)
		... 18 common frames omitted

2026-06-04T13:08:35.303+07:00 ERROR [group-service,,] 26524 --- [group-service] [OkHttp http://localhost:4319/...] [                                                 ] i.o.exporter.internal.http.HttpExporter  : Failed to export spans. The request could not be executed. Full error message: timeout

java.io.InterruptedIOException: timeout
	at okhttp3.internal.connection.RealCall.timeoutExit(RealCall.kt:398) ~[okhttp-4.12.0.jar:na]
	at okhttp3.internal.connection.RealCall.callDone(RealCall.kt:360) ~[okhttp-4.12.0.jar:na]
	at okhttp3.internal.connection.RealCall.noMoreExchanges$okhttp(RealCall.kt:325) ~[okhttp-4.12.0.jar:na]
	at okhttp3.internal.connection.RealCall.getResponseWithInterceptorChain$okhttp(RealCall.kt:209) ~[okhttp-4.12.0.jar:na]
	at okhttp3.internal.connection.RealCall$AsyncCall.run(RealCall.kt:517) ~[okhttp-4.12.0.jar:na]
	at java.base/java.util.concurrent.ThreadPoolExecutor.runWorker(ThreadPoolExecutor.java:1136) ~[na:na]
	at java.base/java.util.concurrent.ThreadPoolExecutor$Worker.run(ThreadPoolExecutor.java:635) ~[na:na]
	at java.base/java.lang.Thread.run(Thread.java:842) ~[na:na]
Caused by: java.net.SocketTimeoutException: Read timed out
	at java.base/sun.nio.ch.NioSocketImpl.timedRead(NioSocketImpl.java:288) ~[na:na]
	at java.base/sun.nio.ch.NioSocketImpl.implRead(NioSocketImpl.java:314) ~[na:na]
	at java.base/sun.nio.ch.NioSocketImpl.read(NioSocketImpl.java:355) ~[na:na]
	at java.base/sun.nio.ch.NioSocketImpl$1.read(NioSocketImpl.java:808) ~[na:na]
	at java.base/java.net.Socket$SocketInputStream.read(Socket.java:966) ~[na:na]
	at okio.InputStreamSource.read(JvmOkio.kt:93) ~[okio-jvm-3.6.0.jar:na]
	at okio.AsyncTimeout$source$1.read(AsyncTimeout.kt:128) ~[okio-jvm-3.6.0.jar:na]
	at okio.RealBufferedSource.indexOf(RealBufferedSource.kt:430) ~[okio-jvm-3.6.0.jar:na]
	at okio.RealBufferedSource.readUtf8LineStrict(RealBufferedSource.kt:323) ~[okio-jvm-3.6.0.jar:na]
	at okhttp3.internal.http1.HeadersReader.readLine(HeadersReader.kt:29) ~[okhttp-4.12.0.jar:na]
	at okhttp3.internal.http1.Http1ExchangeCodec.readResponseHeaders(Http1ExchangeCodec.kt:180) ~[okhttp-4.12.0.jar:na]
	at okhttp3.internal.connection.Exchange.readResponseHeaders(Exchange.kt:110) ~[okhttp-4.12.0.jar:na]
	at okhttp3.internal.http.CallServerInterceptor.intercept(CallServerInterceptor.kt:93) ~[okhttp-4.12.0.jar:na]
	at okhttp3.internal.http.RealInterceptorChain.proceed(RealInterceptorChain.kt:109) ~[okhttp-4.12.0.jar:na]
	at okhttp3.internal.connection.ConnectInterceptor.intercept(ConnectInterceptor.kt:34) ~[okhttp-4.12.0.jar:na]
	at okhttp3.internal.http.RealInterceptorChain.proceed(RealInterceptorChain.kt:109) ~[okhttp-4.12.0.jar:na]
	at okhttp3.internal.cache.CacheInterceptor.intercept(CacheInterceptor.kt:95) ~[okhttp-4.12.0.jar:na]
	at okhttp3.internal.http.RealInterceptorChain.proceed(RealInterceptorChain.kt:109) ~[okhttp-4.12.0.jar:na]
	at okhttp3.internal.http.BridgeInterceptor.intercept(BridgeInterceptor.kt:83) ~[okhttp-4.12.0.jar:na]
	at okhttp3.internal.http.RealInterceptorChain.proceed(RealInterceptorChain.kt:109) ~[okhttp-4.12.0.jar:na]
	at okhttp3.internal.http.RetryAndFollowUpInterceptor.intercept(RetryAndFollowUpInterceptor.kt:76) ~[okhttp-4.12.0.jar:na]
	at okhttp3.internal.http.RealInterceptorChain.proceed(RealInterceptorChain.kt:109) ~[okhttp-4.12.0.jar:na]
	at okhttp3.internal.connection.RealCall.getResponseWithInterceptorChain$okhttp(RealCall.kt:201) ~[okhttp-4.12.0.jar:na]
	... 4 common frames omitted
	Suppressed: java.net.ConnectException: Failed to connect to localhost/127.0.0.1:4319
		at okhttp3.internal.connection.RealConnection.connectSocket(RealConnection.kt:297) ~[okhttp-4.12.0.jar:na]
		at okhttp3.internal.connection.RealConnection.connect(RealConnection.kt:207) ~[okhttp-4.12.0.jar:na]
		at okhttp3.internal.connection.ExchangeFinder.findConnection(ExchangeFinder.kt:226) ~[okhttp-4.12.0.jar:na]
		at okhttp3.internal.connection.ExchangeFinder.findHealthyConnection(ExchangeFinder.kt:106) ~[okhttp-4.12.0.jar:na]
		at okhttp3.internal.connection.ExchangeFinder.find(ExchangeFinder.kt:74) ~[okhttp-4.12.0.jar:na]
		at okhttp3.internal.connection.RealCall.initExchange$okhttp(RealCall.kt:255) ~[okhttp-4.12.0.jar:na]
		at okhttp3.internal.connection.ConnectInterceptor.intercept(ConnectInterceptor.kt:32) ~[okhttp-4.12.0.jar:na]
		... 12 common frames omitted
	Caused by: java.net.ConnectException: Connection refused: no further information
		at java.base/sun.nio.ch.Net.pollConnect(Native Method)
		at java.base/sun.nio.ch.Net.pollConnectNow(Net.java:672)
		at java.base/sun.nio.ch.NioSocketImpl.timedFinishConnect(NioSocketImpl.java:547)
		at java.base/sun.nio.ch.NioSocketImpl.connect(NioSocketImpl.java:602)
		at java.base/java.net.SocksSocketImpl.connect(SocksSocketImpl.java:327)
		at java.base/java.net.Socket.connect(Socket.java:633)
		at okhttp3.internal.platform.Platform.connectSocket(Platform.kt:128)
		at okhttp3.internal.connection.RealConnection.connectSocket(RealConnection.kt:295)
		... 18 common frames omitted

2026-06-04T13:09:05.348+07:00 ERROR [group-service,,] 26524 --- [group-service] [OkHttp http://localhost:4319/...] [                                                 ] i.o.exporter.internal.http.HttpExporter  : Failed to export spans. The request could not be executed. Full error message: timeout

java.io.InterruptedIOException: timeout
	at okhttp3.internal.connection.RealCall.timeoutExit(RealCall.kt:398) ~[okhttp-4.12.0.jar:na]
	at okhttp3.internal.connection.RealCall.callDone(RealCall.kt:360) ~[okhttp-4.12.0.jar:na]
	at okhttp3.internal.connection.RealCall.noMoreExchanges$okhttp(RealCall.kt:325) ~[okhttp-4.12.0.jar:na]
	at okhttp3.internal.connection.RealCall.getResponseWithInterceptorChain$okhttp(RealCall.kt:209) ~[okhttp-4.12.0.jar:na]
	at okhttp3.internal.connection.RealCall$AsyncCall.run(RealCall.kt:517) ~[okhttp-4.12.0.jar:na]
	at java.base/java.util.concurrent.ThreadPoolExecutor.runWorker(ThreadPoolExecutor.java:1136) ~[na:na]
	at java.base/java.util.concurrent.ThreadPoolExecutor$Worker.run(ThreadPoolExecutor.java:635) ~[na:na]
	at java.base/java.lang.Thread.run(Thread.java:842) ~[na:na]
Caused by: java.net.SocketException: Socket closed
	at java.base/sun.nio.ch.NioSocketImpl.endRead(NioSocketImpl.java:253) ~[na:na]
	at java.base/sun.nio.ch.NioSocketImpl.implRead(NioSocketImpl.java:332) ~[na:na]
	at java.base/sun.nio.ch.NioSocketImpl.read(NioSocketImpl.java:355) ~[na:na]
	at java.base/sun.nio.ch.NioSocketImpl$1.read(NioSocketImpl.java:808) ~[na:na]
	at java.base/java.net.Socket$SocketInputStream.read(Socket.java:966) ~[na:na]
	at okio.InputStreamSource.read(JvmOkio.kt:93) ~[okio-jvm-3.6.0.jar:na]
	at okio.AsyncTimeout$source$1.read(AsyncTimeout.kt:128) ~[okio-jvm-3.6.0.jar:na]
	at okio.RealBufferedSource.indexOf(RealBufferedSource.kt:430) ~[okio-jvm-3.6.0.jar:na]
	at okio.RealBufferedSource.readUtf8LineStrict(RealBufferedSource.kt:323) ~[okio-jvm-3.6.0.jar:na]
	at okhttp3.internal.http1.HeadersReader.readLine(HeadersReader.kt:29) ~[okhttp-4.12.0.jar:na]
	at okhttp3.internal.http1.Http1ExchangeCodec.readResponseHeaders(Http1ExchangeCodec.kt:180) ~[okhttp-4.12.0.jar:na]
	at okhttp3.internal.connection.Exchange.readResponseHeaders(Exchange.kt:110) ~[okhttp-4.12.0.jar:na]
	at okhttp3.internal.http.CallServerInterceptor.intercept(CallServerInterceptor.kt:93) ~[okhttp-4.12.0.jar:na]
	at okhttp3.internal.http.RealInterceptorChain.proceed(RealInterceptorChain.kt:109) ~[okhttp-4.12.0.jar:na]
	at okhttp3.internal.connection.ConnectInterceptor.intercept(ConnectInterceptor.kt:34) ~[okhttp-4.12.0.jar:na]
	at okhttp3.internal.http.RealInterceptorChain.proceed(RealInterceptorChain.kt:109) ~[okhttp-4.12.0.jar:na]
	at okhttp3.internal.cache.CacheInterceptor.intercept(CacheInterceptor.kt:95) ~[okhttp-4.12.0.jar:na]
	at okhttp3.internal.http.RealInterceptorChain.proceed(RealInterceptorChain.kt:109) ~[okhttp-4.12.0.jar:na]
	at okhttp3.internal.http.BridgeInterceptor.intercept(BridgeInterceptor.kt:83) ~[okhttp-4.12.0.jar:na]
	at okhttp3.internal.http.RealInterceptorChain.proceed(RealInterceptorChain.kt:109) ~[okhttp-4.12.0.jar:na]
	at okhttp3.internal.http.RetryAndFollowUpInterceptor.intercept(RetryAndFollowUpInterceptor.kt:76) ~[okhttp-4.12.0.jar:na]
	at okhttp3.internal.http.RealInterceptorChain.proceed(RealInterceptorChain.kt:109) ~[okhttp-4.12.0.jar:na]
	at okhttp3.internal.connection.RealCall.getResponseWithInterceptorChain$okhttp(RealCall.kt:201) ~[okhttp-4.12.0.jar:na]
	... 4 common frames omitted
	Suppressed: java.net.ConnectException: Failed to connect to localhost/127.0.0.1:4319
		at okhttp3.internal.connection.RealConnection.connectSocket(RealConnection.kt:297) ~[okhttp-4.12.0.jar:na]
		at okhttp3.internal.connection.RealConnection.connect(RealConnection.kt:207) ~[okhttp-4.12.0.jar:na]
		at okhttp3.internal.connection.ExchangeFinder.findConnection(ExchangeFinder.kt:226) ~[okhttp-4.12.0.jar:na]
		at okhttp3.internal.connection.ExchangeFinder.findHealthyConnection(ExchangeFinder.kt:106) ~[okhttp-4.12.0.jar:na]
		at okhttp3.internal.connection.ExchangeFinder.find(ExchangeFinder.kt:74) ~[okhttp-4.12.0.jar:na]
		at okhttp3.internal.connection.RealCall.initExchange$okhttp(RealCall.kt:255) ~[okhttp-4.12.0.jar:na]
		at okhttp3.internal.connection.ConnectInterceptor.intercept(ConnectInterceptor.kt:32) ~[okhttp-4.12.0.jar:na]
		... 12 common frames omitted
	Caused by: java.net.ConnectException: Connection refused: no further information
		at java.base/sun.nio.ch.Net.pollConnect(Native Method)
		at java.base/sun.nio.ch.Net.pollConnectNow(Net.java:672)
		at java.base/sun.nio.ch.NioSocketImpl.timedFinishConnect(NioSocketImpl.java:547)
		at java.base/sun.nio.ch.NioSocketImpl.connect(NioSocketImpl.java:602)
		at java.base/java.net.SocksSocketImpl.connect(SocksSocketImpl.java:327)
		at java.base/java.net.Socket.connect(Socket.java:633)
		at okhttp3.internal.platform.Platform.connectSocket(Platform.kt:128)
		at okhttp3.internal.connection.RealConnection.connectSocket(RealConnection.kt:295)
		... 18 common frames omitted

2026-06-04T13:09:35.399+07:00 ERROR [group-service,,] 26524 --- [group-service] [OkHttp http://localhost:4319/...] [                                                 ] i.o.exporter.internal.http.HttpExporter  : Failed to export spans. The request could not be executed. Full error message: timeout

java.io.InterruptedIOException: timeout
	at okhttp3.internal.connection.RealCall.timeoutExit(RealCall.kt:398) ~[okhttp-4.12.0.jar:na]
	at okhttp3.internal.connection.RealCall.callDone(RealCall.kt:360) ~[okhttp-4.12.0.jar:na]
	at okhttp3.internal.connection.RealCall.noMoreExchanges$okhttp(RealCall.kt:325) ~[okhttp-4.12.0.jar:na]
	at okhttp3.internal.connection.RealCall.getResponseWithInterceptorChain$okhttp(RealCall.kt:209) ~[okhttp-4.12.0.jar:na]
	at okhttp3.internal.connection.RealCall$AsyncCall.run(RealCall.kt:517) ~[okhttp-4.12.0.jar:na]
	at java.base/java.util.concurrent.ThreadPoolExecutor.runWorker(ThreadPoolExecutor.java:1136) ~[na:na]
	at java.base/java.util.concurrent.ThreadPoolExecutor$Worker.run(ThreadPoolExecutor.java:635) ~[na:na]
	at java.base/java.lang.Thread.run(Thread.java:842) ~[na:na]
Caused by: java.net.SocketTimeoutException: Read timed out
	at java.base/sun.nio.ch.NioSocketImpl.timedRead(NioSocketImpl.java:288) ~[na:na]
	at java.base/sun.nio.ch.NioSocketImpl.implRead(NioSocketImpl.java:314) ~[na:na]
	at java.base/sun.nio.ch.NioSocketImpl.read(NioSocketImpl.java:355) ~[na:na]
	at java.base/sun.nio.ch.NioSocketImpl$1.read(NioSocketImpl.java:808) ~[na:na]
	at java.base/java.net.Socket$SocketInputStream.read(Socket.java:966) ~[na:na]
	at okio.InputStreamSource.read(JvmOkio.kt:93) ~[okio-jvm-3.6.0.jar:na]
	at okio.AsyncTimeout$source$1.read(AsyncTimeout.kt:128) ~[okio-jvm-3.6.0.jar:na]
	at okio.RealBufferedSource.indexOf(RealBufferedSource.kt:430) ~[okio-jvm-3.6.0.jar:na]
	at okio.RealBufferedSource.readUtf8LineStrict(RealBufferedSource.kt:323) ~[okio-jvm-3.6.0.jar:na]
	at okhttp3.internal.http1.HeadersReader.readLine(HeadersReader.kt:29) ~[okhttp-4.12.0.jar:na]
	at okhttp3.internal.http1.Http1ExchangeCodec.readResponseHeaders(Http1ExchangeCodec.kt:180) ~[okhttp-4.12.0.jar:na]
	at okhttp3.internal.connection.Exchange.readResponseHeaders(Exchange.kt:110) ~[okhttp-4.12.0.jar:na]
	at okhttp3.internal.http.CallServerInterceptor.intercept(CallServerInterceptor.kt:93) ~[okhttp-4.12.0.jar:na]
	at okhttp3.internal.http.RealInterceptorChain.proceed(RealInterceptorChain.kt:109) ~[okhttp-4.12.0.jar:na]
	at okhttp3.internal.connection.ConnectInterceptor.intercept(ConnectInterceptor.kt:34) ~[okhttp-4.12.0.jar:na]
	at okhttp3.internal.http.RealInterceptorChain.proceed(RealInterceptorChain.kt:109) ~[okhttp-4.12.0.jar:na]
	at okhttp3.internal.cache.CacheInterceptor.intercept(CacheInterceptor.kt:95) ~[okhttp-4.12.0.jar:na]
	at okhttp3.internal.http.RealInterceptorChain.proceed(RealInterceptorChain.kt:109) ~[okhttp-4.12.0.jar:na]
	at okhttp3.internal.http.BridgeInterceptor.intercept(BridgeInterceptor.kt:83) ~[okhttp-4.12.0.jar:na]
	at okhttp3.internal.http.RealInterceptorChain.proceed(RealInterceptorChain.kt:109) ~[okhttp-4.12.0.jar:na]
	at okhttp3.internal.http.RetryAndFollowUpInterceptor.intercept(RetryAndFollowUpInterceptor.kt:76) ~[okhttp-4.12.0.jar:na]
	at okhttp3.internal.http.RealInterceptorChain.proceed(RealInterceptorChain.kt:109) ~[okhttp-4.12.0.jar:na]
	at okhttp3.internal.connection.RealCall.getResponseWithInterceptorChain$okhttp(RealCall.kt:201) ~[okhttp-4.12.0.jar:na]
	... 4 common frames omitted
	Suppressed: java.net.ConnectException: Failed to connect to localhost/127.0.0.1:4319
		at okhttp3.internal.connection.RealConnection.connectSocket(RealConnection.kt:297) ~[okhttp-4.12.0.jar:na]
		at okhttp3.internal.connection.RealConnection.connect(RealConnection.kt:207) ~[okhttp-4.12.0.jar:na]
		at okhttp3.internal.connection.ExchangeFinder.findConnection(ExchangeFinder.kt:226) ~[okhttp-4.12.0.jar:na]
		at okhttp3.internal.connection.ExchangeFinder.findHealthyConnection(ExchangeFinder.kt:106) ~[okhttp-4.12.0.jar:na]
		at okhttp3.internal.connection.ExchangeFinder.find(ExchangeFinder.kt:74) ~[okhttp-4.12.0.jar:na]
		at okhttp3.internal.connection.RealCall.initExchange$okhttp(RealCall.kt:255) ~[okhttp-4.12.0.jar:na]
		at okhttp3.internal.connection.ConnectInterceptor.intercept(ConnectInterceptor.kt:32) ~[okhttp-4.12.0.jar:na]
		... 12 common frames omitted
	Caused by: java.net.ConnectException: Connection refused: no further information
		at java.base/sun.nio.ch.Net.pollConnect(Native Method)
		at java.base/sun.nio.ch.Net.pollConnectNow(Net.java:672)
		at java.base/sun.nio.ch.NioSocketImpl.timedFinishConnect(NioSocketImpl.java:547)
		at java.base/sun.nio.ch.NioSocketImpl.connect(NioSocketImpl.java:602)
		at java.base/java.net.SocksSocketImpl.connect(SocksSocketImpl.java:327)
		at java.base/java.net.Socket.connect(Socket.java:633)
		at okhttp3.internal.platform.Platform.connectSocket(Platform.kt:128)
		at okhttp3.internal.connection.RealConnection.connectSocket(RealConnection.kt:295)
		... 18 common frames omitted

2026-06-04T13:10:05.444+07:00 ERROR [group-service,,] 26524 --- [group-service] [OkHttp http://localhost:4319/...] [                                                 ] i.o.exporter.internal.http.HttpExporter  : Failed to export spans. The request could not be executed. Full error message: timeout

java.io.InterruptedIOException: timeout
	at okhttp3.internal.connection.RealCall.timeoutExit(RealCall.kt:398) ~[okhttp-4.12.0.jar:na]
	at okhttp3.internal.connection.RealCall.callDone(RealCall.kt:360) ~[okhttp-4.12.0.jar:na]
	at okhttp3.internal.connection.RealCall.noMoreExchanges$okhttp(RealCall.kt:325) ~[okhttp-4.12.0.jar:na]
	at okhttp3.internal.connection.RealCall.getResponseWithInterceptorChain$okhttp(RealCall.kt:209) ~[okhttp-4.12.0.jar:na]
	at okhttp3.internal.connection.RealCall$AsyncCall.run(RealCall.kt:517) ~[okhttp-4.12.0.jar:na]
	at java.base/java.util.concurrent.ThreadPoolExecutor.runWorker(ThreadPoolExecutor.java:1136) ~[na:na]
	at java.base/java.util.concurrent.ThreadPoolExecutor$Worker.run(ThreadPoolExecutor.java:635) ~[na:na]
	at java.base/java.lang.Thread.run(Thread.java:842) ~[na:na]
Caused by: java.net.SocketException: Socket closed
	at java.base/sun.nio.ch.NioSocketImpl.endRead(NioSocketImpl.java:253) ~[na:na]
	at java.base/sun.nio.ch.NioSocketImpl.implRead(NioSocketImpl.java:332) ~[na:na]
	at java.base/sun.nio.ch.NioSocketImpl.read(NioSocketImpl.java:355) ~[na:na]
	at java.base/sun.nio.ch.NioSocketImpl$1.read(NioSocketImpl.java:808) ~[na:na]
	at java.base/java.net.Socket$SocketInputStream.read(Socket.java:966) ~[na:na]
	at okio.InputStreamSource.read(JvmOkio.kt:93) ~[okio-jvm-3.6.0.jar:na]
	at okio.AsyncTimeout$source$1.read(AsyncTimeout.kt:128) ~[okio-jvm-3.6.0.jar:na]
	at okio.RealBufferedSource.indexOf(RealBufferedSource.kt:430) ~[okio-jvm-3.6.0.jar:na]
	at okio.RealBufferedSource.readUtf8LineStrict(RealBufferedSource.kt:323) ~[okio-jvm-3.6.0.jar:na]
	at okhttp3.internal.http1.HeadersReader.readLine(HeadersReader.kt:29) ~[okhttp-4.12.0.jar:na]
	at okhttp3.internal.http1.Http1ExchangeCodec.readResponseHeaders(Http1ExchangeCodec.kt:180) ~[okhttp-4.12.0.jar:na]
	at okhttp3.internal.connection.Exchange.readResponseHeaders(Exchange.kt:110) ~[okhttp-4.12.0.jar:na]
	at okhttp3.internal.http.CallServerInterceptor.intercept(CallServerInterceptor.kt:93) ~[okhttp-4.12.0.jar:na]
	at okhttp3.internal.http.RealInterceptorChain.proceed(RealInterceptorChain.kt:109) ~[okhttp-4.12.0.jar:na]
	at okhttp3.internal.connection.ConnectInterceptor.intercept(ConnectInterceptor.kt:34) ~[okhttp-4.12.0.jar:na]
	at okhttp3.internal.http.RealInterceptorChain.proceed(RealInterceptorChain.kt:109) ~[okhttp-4.12.0.jar:na]
	at okhttp3.internal.cache.CacheInterceptor.intercept(CacheInterceptor.kt:95) ~[okhttp-4.12.0.jar:na]
	at okhttp3.internal.http.RealInterceptorChain.proceed(RealInterceptorChain.kt:109) ~[okhttp-4.12.0.jar:na]
	at okhttp3.internal.http.BridgeInterceptor.intercept(BridgeInterceptor.kt:83) ~[okhttp-4.12.0.jar:na]
	at okhttp3.internal.http.RealInterceptorChain.proceed(RealInterceptorChain.kt:109) ~[okhttp-4.12.0.jar:na]
	at okhttp3.internal.http.RetryAndFollowUpInterceptor.intercept(RetryAndFollowUpInterceptor.kt:76) ~[okhttp-4.12.0.jar:na]
	at okhttp3.internal.http.RealInterceptorChain.proceed(RealInterceptorChain.kt:109) ~[okhttp-4.12.0.jar:na]
	at okhttp3.internal.connection.RealCall.getResponseWithInterceptorChain$okhttp(RealCall.kt:201) ~[okhttp-4.12.0.jar:na]
	... 4 common frames omitted
	Suppressed: java.net.ConnectException: Failed to connect to localhost/127.0.0.1:4319
		at okhttp3.internal.connection.RealConnection.connectSocket(RealConnection.kt:297) ~[okhttp-4.12.0.jar:na]
		at okhttp3.internal.connection.RealConnection.connect(RealConnection.kt:207) ~[okhttp-4.12.0.jar:na]
		at okhttp3.internal.connection.ExchangeFinder.findConnection(ExchangeFinder.kt:226) ~[okhttp-4.12.0.jar:na]
		at okhttp3.internal.connection.ExchangeFinder.findHealthyConnection(ExchangeFinder.kt:106) ~[okhttp-4.12.0.jar:na]
		at okhttp3.internal.connection.ExchangeFinder.find(ExchangeFinder.kt:74) ~[okhttp-4.12.0.jar:na]
		at okhttp3.internal.connection.RealCall.initExchange$okhttp(RealCall.kt:255) ~[okhttp-4.12.0.jar:na]
		at okhttp3.internal.connection.ConnectInterceptor.intercept(ConnectInterceptor.kt:32) ~[okhttp-4.12.0.jar:na]
		... 12 common frames omitted
	Caused by: java.net.ConnectException: Connection refused: no further information
		at java.base/sun.nio.ch.Net.pollConnect(Native Method)
		at java.base/sun.nio.ch.Net.pollConnectNow(Net.java:672)
		at java.base/sun.nio.ch.NioSocketImpl.timedFinishConnect(NioSocketImpl.java:547)
		at java.base/sun.nio.ch.NioSocketImpl.connect(NioSocketImpl.java:602)
		at java.base/java.net.SocksSocketImpl.connect(SocksSocketImpl.java:327)
		at java.base/java.net.Socket.connect(Socket.java:633)
		at okhttp3.internal.platform.Platform.connectSocket(Platform.kt:128)
		at okhttp3.internal.connection.RealConnection.connectSocket(RealConnection.kt:295)
		... 18 common frames omitted

2026-06-04T13:10:31.152+07:00 ERROR [group-service,,] 26524 --- [group-service] [OkHttp http://localhost:4319/...] [                                                 ] i.o.exporter.internal.http.HttpExporter  : Failed to export spans. The request could not be executed. Full error message: unexpected end of stream on http://localhost:4319/...

java.io.IOException: unexpected end of stream on http://localhost:4319/...
	at okhttp3.internal.http1.Http1ExchangeCodec.readResponseHeaders(Http1ExchangeCodec.kt:210) ~[okhttp-4.12.0.jar:na]
	at okhttp3.internal.connection.Exchange.readResponseHeaders(Exchange.kt:110) ~[okhttp-4.12.0.jar:na]
	at okhttp3.internal.http.CallServerInterceptor.intercept(CallServerInterceptor.kt:93) ~[okhttp-4.12.0.jar:na]
	at okhttp3.internal.http.RealInterceptorChain.proceed(RealInterceptorChain.kt:109) ~[okhttp-4.12.0.jar:na]
	at okhttp3.internal.connection.ConnectInterceptor.intercept(ConnectInterceptor.kt:34) ~[okhttp-4.12.0.jar:na]
	at okhttp3.internal.http.RealInterceptorChain.proceed(RealInterceptorChain.kt:109) ~[okhttp-4.12.0.jar:na]
	at okhttp3.internal.cache.CacheInterceptor.intercept(CacheInterceptor.kt:95) ~[okhttp-4.12.0.jar:na]
	at okhttp3.internal.http.RealInterceptorChain.proceed(RealInterceptorChain.kt:109) ~[okhttp-4.12.0.jar:na]
	at okhttp3.internal.http.BridgeInterceptor.intercept(BridgeInterceptor.kt:83) ~[okhttp-4.12.0.jar:na]
	at okhttp3.internal.http.RealInterceptorChain.proceed(RealInterceptorChain.kt:109) ~[okhttp-4.12.0.jar:na]
	at okhttp3.internal.http.RetryAndFollowUpInterceptor.intercept(RetryAndFollowUpInterceptor.kt:76) ~[okhttp-4.12.0.jar:na]
	at okhttp3.internal.http.RealInterceptorChain.proceed(RealInterceptorChain.kt:109) ~[okhttp-4.12.0.jar:na]
	at okhttp3.internal.connection.RealCall.getResponseWithInterceptorChain$okhttp(RealCall.kt:201) ~[okhttp-4.12.0.jar:na]
	at okhttp3.internal.connection.RealCall$AsyncCall.run(RealCall.kt:517) ~[okhttp-4.12.0.jar:na]
	at java.base/java.util.concurrent.ThreadPoolExecutor.runWorker(ThreadPoolExecutor.java:1136) ~[na:na]
	at java.base/java.util.concurrent.ThreadPoolExecutor$Worker.run(ThreadPoolExecutor.java:635) ~[na:na]
	at java.base/java.lang.Thread.run(Thread.java:842) ~[na:na]
	Suppressed: java.net.ConnectException: Failed to connect to localhost/127.0.0.1:4319
		at okhttp3.internal.connection.RealConnection.connectSocket(RealConnection.kt:297) ~[okhttp-4.12.0.jar:na]
		at okhttp3.internal.connection.RealConnection.connect(RealConnection.kt:207) ~[okhttp-4.12.0.jar:na]
		at okhttp3.internal.connection.ExchangeFinder.findConnection(ExchangeFinder.kt:226) ~[okhttp-4.12.0.jar:na]
		at okhttp3.internal.connection.ExchangeFinder.findHealthyConnection(ExchangeFinder.kt:106) ~[okhttp-4.12.0.jar:na]
		at okhttp3.internal.connection.ExchangeFinder.find(ExchangeFinder.kt:74) ~[okhttp-4.12.0.jar:na]
		at okhttp3.internal.connection.RealCall.initExchange$okhttp(RealCall.kt:255) ~[okhttp-4.12.0.jar:na]
		at okhttp3.internal.connection.ConnectInterceptor.intercept(ConnectInterceptor.kt:32) ~[okhttp-4.12.0.jar:na]
		... 12 common frames omitted
	Caused by: java.net.ConnectException: Connection refused: no further information
		at java.base/sun.nio.ch.Net.pollConnect(Native Method)
		at java.base/sun.nio.ch.Net.pollConnectNow(Net.java:672)
		at java.base/sun.nio.ch.NioSocketImpl.timedFinishConnect(NioSocketImpl.java:547)
		at java.base/sun.nio.ch.NioSocketImpl.connect(NioSocketImpl.java:602)
		at java.base/java.net.SocksSocketImpl.connect(SocksSocketImpl.java:327)
		at java.base/java.net.Socket.connect(Socket.java:633)
		at okhttp3.internal.platform.Platform.connectSocket(Platform.kt:128)
		at okhttp3.internal.connection.RealConnection.connectSocket(RealConnection.kt:295)
		... 18 common frames omitted
Caused by: java.io.EOFException: \n not found: limit=0 content=…
	at okio.RealBufferedSource.readUtf8LineStrict(RealBufferedSource.kt:335) ~[okio-jvm-3.6.0.jar:na]
	at okhttp3.internal.http1.HeadersReader.readLine(HeadersReader.kt:29) ~[okhttp-4.12.0.jar:na]
	at okhttp3.internal.http1.Http1ExchangeCodec.readResponseHeaders(Http1ExchangeCodec.kt:180) ~[okhttp-4.12.0.jar:na]
	... 16 common frames omitted

2026-06-04T13:10:56.239+07:00 ERROR [group-service,,] 26524 --- [group-service] [OkHttp http://localhost:4319/...] [                                                 ] i.o.exporter.internal.http.HttpExporter  : Failed to export spans. The request could not be executed. Full error message: Failed to connect to localhost/[0:0:0:0:0:0:0:1]:4319

java.net.ConnectException: Failed to connect to localhost/[0:0:0:0:0:0:0:1]:4319
	at okhttp3.internal.connection.RealConnection.connectSocket(RealConnection.kt:297) ~[okhttp-4.12.0.jar:na]
	at okhttp3.internal.connection.RealConnection.connect(RealConnection.kt:207) ~[okhttp-4.12.0.jar:na]
	at okhttp3.internal.connection.ExchangeFinder.findConnection(ExchangeFinder.kt:226) ~[okhttp-4.12.0.jar:na]
	at okhttp3.internal.connection.ExchangeFinder.findHealthyConnection(ExchangeFinder.kt:106) ~[okhttp-4.12.0.jar:na]
	at okhttp3.internal.connection.ExchangeFinder.find(ExchangeFinder.kt:74) ~[okhttp-4.12.0.jar:na]
	at okhttp3.internal.connection.RealCall.initExchange$okhttp(RealCall.kt:255) ~[okhttp-4.12.0.jar:na]
	at okhttp3.internal.connection.ConnectInterceptor.intercept(ConnectInterceptor.kt:32) ~[okhttp-4.12.0.jar:na]
	at okhttp3.internal.http.RealInterceptorChain.proceed(RealInterceptorChain.kt:109) ~[okhttp-4.12.0.jar:na]
	at okhttp3.internal.cache.CacheInterceptor.intercept(CacheInterceptor.kt:95) ~[okhttp-4.12.0.jar:na]
	at okhttp3.internal.http.RealInterceptorChain.proceed(RealInterceptorChain.kt:109) ~[okhttp-4.12.0.jar:na]
	at okhttp3.internal.http.BridgeInterceptor.intercept(BridgeInterceptor.kt:83) ~[okhttp-4.12.0.jar:na]
	at okhttp3.internal.http.RealInterceptorChain.proceed(RealInterceptorChain.kt:109) ~[okhttp-4.12.0.jar:na]
	at okhttp3.internal.http.RetryAndFollowUpInterceptor.intercept(RetryAndFollowUpInterceptor.kt:76) ~[okhttp-4.12.0.jar:na]
	at okhttp3.internal.http.RealInterceptorChain.proceed(RealInterceptorChain.kt:109) ~[okhttp-4.12.0.jar:na]
	at okhttp3.internal.connection.RealCall.getResponseWithInterceptorChain$okhttp(RealCall.kt:201) ~[okhttp-4.12.0.jar:na]
	at okhttp3.internal.connection.RealCall$AsyncCall.run(RealCall.kt:517) ~[okhttp-4.12.0.jar:na]
	at java.base/java.util.concurrent.ThreadPoolExecutor.runWorker(ThreadPoolExecutor.java:1136) ~[na:na]
	at java.base/java.util.concurrent.ThreadPoolExecutor$Worker.run(ThreadPoolExecutor.java:635) ~[na:na]
	at java.base/java.lang.Thread.run(Thread.java:842) ~[na:na]
	Suppressed: java.net.ConnectException: Failed to connect to localhost/127.0.0.1:4319
		... 19 common frames omitted
	Caused by: java.net.ConnectException: Connection refused: no further information
		at java.base/sun.nio.ch.Net.pollConnect(Native Method)
		at java.base/sun.nio.ch.Net.pollConnectNow(Net.java:672)
		at java.base/sun.nio.ch.NioSocketImpl.timedFinishConnect(NioSocketImpl.java:547)
		at java.base/sun.nio.ch.NioSocketImpl.connect(NioSocketImpl.java:602)
		at java.base/java.net.SocksSocketImpl.connect(SocksSocketImpl.java:327)
		at java.base/java.net.Socket.connect(Socket.java:633)
		at okhttp3.internal.platform.Platform.connectSocket(Platform.kt:128)
		at okhttp3.internal.connection.RealConnection.connectSocket(RealConnection.kt:295)
		... 18 common frames omitted
Caused by: java.net.ConnectException: Connection refused: no further information
	at java.base/sun.nio.ch.Net.pollConnect(Native Method) ~[na:na]
	at java.base/sun.nio.ch.Net.pollConnectNow(Net.java:672) ~[na:na]
	at java.base/sun.nio.ch.NioSocketImpl.timedFinishConnect(NioSocketImpl.java:547) ~[na:na]
	at java.base/sun.nio.ch.NioSocketImpl.connect(NioSocketImpl.java:602) ~[na:na]
	at java.base/java.net.SocksSocketImpl.connect(SocksSocketImpl.java:327) ~[na:na]
	at java.base/java.net.Socket.connect(Socket.java:633) ~[na:na]
	at okhttp3.internal.platform.Platform.connectSocket(Platform.kt:128) ~[okhttp-4.12.0.jar:na]
	at okhttp3.internal.connection.RealConnection.connectSocket(RealConnection.kt:295) ~[okhttp-4.12.0.jar:na]
	... 18 common frames omitted

2026-06-04T13:11:26.412+07:00 ERROR [group-service,,] 26524 --- [group-service] [OkHttp http://localhost:4319/...] [                                                 ] i.o.exporter.internal.http.HttpExporter  : Failed to export spans. The request could not be executed. Full error message: Failed to connect to localhost/[0:0:0:0:0:0:0:1]:4319

java.net.ConnectException: Failed to connect to localhost/[0:0:0:0:0:0:0:1]:4319
	at okhttp3.internal.connection.RealConnection.connectSocket(RealConnection.kt:297) ~[okhttp-4.12.0.jar:na]
	at okhttp3.internal.connection.RealConnection.connect(RealConnection.kt:207) ~[okhttp-4.12.0.jar:na]
	at okhttp3.internal.connection.ExchangeFinder.findConnection(ExchangeFinder.kt:226) ~[okhttp-4.12.0.jar:na]
	at okhttp3.internal.connection.ExchangeFinder.findHealthyConnection(ExchangeFinder.kt:106) ~[okhttp-4.12.0.jar:na]
	at okhttp3.internal.connection.ExchangeFinder.find(ExchangeFinder.kt:74) ~[okhttp-4.12.0.jar:na]
	at okhttp3.internal.connection.RealCall.initExchange$okhttp(RealCall.kt:255) ~[okhttp-4.12.0.jar:na]
	at okhttp3.internal.connection.ConnectInterceptor.intercept(ConnectInterceptor.kt:32) ~[okhttp-4.12.0.jar:na]
	at okhttp3.internal.http.RealInterceptorChain.proceed(RealInterceptorChain.kt:109) ~[okhttp-4.12.0.jar:na]
	at okhttp3.internal.cache.CacheInterceptor.intercept(CacheInterceptor.kt:95) ~[okhttp-4.12.0.jar:na]
	at okhttp3.internal.http.RealInterceptorChain.proceed(RealInterceptorChain.kt:109) ~[okhttp-4.12.0.jar:na]
	at okhttp3.internal.http.BridgeInterceptor.intercept(BridgeInterceptor.kt:83) ~[okhttp-4.12.0.jar:na]
	at okhttp3.internal.http.RealInterceptorChain.proceed(RealInterceptorChain.kt:109) ~[okhttp-4.12.0.jar:na]
	at okhttp3.internal.http.RetryAndFollowUpInterceptor.intercept(RetryAndFollowUpInterceptor.kt:76) ~[okhttp-4.12.0.jar:na]
	at okhttp3.internal.http.RealInterceptorChain.proceed(RealInterceptorChain.kt:109) ~[okhttp-4.12.0.jar:na]
	at okhttp3.internal.connection.RealCall.getResponseWithInterceptorChain$okhttp(RealCall.kt:201) ~[okhttp-4.12.0.jar:na]
	at okhttp3.internal.connection.RealCall$AsyncCall.run(RealCall.kt:517) ~[okhttp-4.12.0.jar:na]
	at java.base/java.util.concurrent.ThreadPoolExecutor.runWorker(ThreadPoolExecutor.java:1136) ~[na:na]
	at java.base/java.util.concurrent.ThreadPoolExecutor$Worker.run(ThreadPoolExecutor.java:635) ~[na:na]
	at java.base/java.lang.Thread.run(Thread.java:842) ~[na:na]
	Suppressed: java.net.ConnectException: Failed to connect to localhost/127.0.0.1:4319
		... 19 common frames omitted
	Caused by: java.net.ConnectException: Connection refused: no further information
		at java.base/sun.nio.ch.Net.pollConnect(Native Method)
		at java.base/sun.nio.ch.Net.pollConnectNow(Net.java:672)
		at java.base/sun.nio.ch.NioSocketImpl.timedFinishConnect(NioSocketImpl.java:547)
		at java.base/sun.nio.ch.NioSocketImpl.connect(NioSocketImpl.java:602)
		at java.base/java.net.SocksSocketImpl.connect(SocksSocketImpl.java:327)
		at java.base/java.net.Socket.connect(Socket.java:633)
		at okhttp3.internal.platform.Platform.connectSocket(Platform.kt:128)
		at okhttp3.internal.connection.RealConnection.connectSocket(RealConnection.kt:295)
		... 18 common frames omitted
Caused by: java.net.ConnectException: Connection refused: no further information
	at java.base/sun.nio.ch.Net.pollConnect(Native Method) ~[na:na]
	at java.base/sun.nio.ch.Net.pollConnectNow(Net.java:672) ~[na:na]
	at java.base/sun.nio.ch.NioSocketImpl.timedFinishConnect(NioSocketImpl.java:547) ~[na:na]
	at java.base/sun.nio.ch.NioSocketImpl.connect(NioSocketImpl.java:602) ~[na:na]
	at java.base/java.net.SocksSocketImpl.connect(SocksSocketImpl.java:327) ~[na:na]
	at java.base/java.net.Socket.connect(Socket.java:633) ~[na:na]
	at okhttp3.internal.platform.Platform.connectSocket(Platform.kt:128) ~[okhttp-4.12.0.jar:na]
	at okhttp3.internal.connection.RealConnection.connectSocket(RealConnection.kt:295) ~[okhttp-4.12.0.jar:na]
	... 18 common frames omitted

2026-06-04T13:11:57.312+07:00 ERROR [group-service,,] 26524 --- [group-service] [OkHttp http://localhost:4319/...] [                                                 ] i.o.exporter.internal.http.HttpExporter  : Failed to export spans. The request could not be executed. Full error message: Failed to connect to localhost/[0:0:0:0:0:0:0:1]:4319

java.net.ConnectException: Failed to connect to localhost/[0:0:0:0:0:0:0:1]:4319
	at okhttp3.internal.connection.RealConnection.connectSocket(RealConnection.kt:297) ~[okhttp-4.12.0.jar:na]
	at okhttp3.internal.connection.RealConnection.connect(RealConnection.kt:207) ~[okhttp-4.12.0.jar:na]
	at okhttp3.internal.connection.ExchangeFinder.findConnection(ExchangeFinder.kt:226) ~[okhttp-4.12.0.jar:na]
	at okhttp3.internal.connection.ExchangeFinder.findHealthyConnection(ExchangeFinder.kt:106) ~[okhttp-4.12.0.jar:na]
	at okhttp3.internal.connection.ExchangeFinder.find(ExchangeFinder.kt:74) ~[okhttp-4.12.0.jar:na]
	at okhttp3.internal.connection.RealCall.initExchange$okhttp(RealCall.kt:255) ~[okhttp-4.12.0.jar:na]
	at okhttp3.internal.connection.ConnectInterceptor.intercept(ConnectInterceptor.kt:32) ~[okhttp-4.12.0.jar:na]
	at okhttp3.internal.http.RealInterceptorChain.proceed(RealInterceptorChain.kt:109) ~[okhttp-4.12.0.jar:na]
	at okhttp3.internal.cache.CacheInterceptor.intercept(CacheInterceptor.kt:95) ~[okhttp-4.12.0.jar:na]
	at okhttp3.internal.http.RealInterceptorChain.proceed(RealInterceptorChain.kt:109) ~[okhttp-4.12.0.jar:na]
	at okhttp3.internal.http.BridgeInterceptor.intercept(BridgeInterceptor.kt:83) ~[okhttp-4.12.0.jar:na]
	at okhttp3.internal.http.RealInterceptorChain.proceed(RealInterceptorChain.kt:109) ~[okhttp-4.12.0.jar:na]
	at okhttp3.internal.http.RetryAndFollowUpInterceptor.intercept(RetryAndFollowUpInterceptor.kt:76) ~[okhttp-4.12.0.jar:na]
	at okhttp3.internal.http.RealInterceptorChain.proceed(RealInterceptorChain.kt:109) ~[okhttp-4.12.0.jar:na]
	at okhttp3.internal.connection.RealCall.getResponseWithInterceptorChain$okhttp(RealCall.kt:201) ~[okhttp-4.12.0.jar:na]
	at okhttp3.internal.connection.RealCall$AsyncCall.run(RealCall.kt:517) ~[okhttp-4.12.0.jar:na]
	at java.base/java.util.concurrent.ThreadPoolExecutor.runWorker(ThreadPoolExecutor.java:1136) ~[na:na]
	at java.base/java.util.concurrent.ThreadPoolExecutor$Worker.run(ThreadPoolExecutor.java:635) ~[na:na]
	at java.base/java.lang.Thread.run(Thread.java:842) ~[na:na]
	Suppressed: java.net.ConnectException: Failed to connect to localhost/127.0.0.1:4319
		... 19 common frames omitted
	Caused by: java.net.ConnectException: Connection refused: no further information
		at java.base/sun.nio.ch.Net.pollConnect(Native Method)
		at java.base/sun.nio.ch.Net.pollConnectNow(Net.java:672)
		at java.base/sun.nio.ch.NioSocketImpl.timedFinishConnect(NioSocketImpl.java:547)
		at java.base/sun.nio.ch.NioSocketImpl.connect(NioSocketImpl.java:602)
		at java.base/java.net.SocksSocketImpl.connect(SocksSocketImpl.java:327)
		at java.base/java.net.Socket.connect(Socket.java:633)
		at okhttp3.internal.platform.Platform.connectSocket(Platform.kt:128)
		at okhttp3.internal.connection.RealConnection.connectSocket(RealConnection.kt:295)
		... 18 common frames omitted
Caused by: java.net.ConnectException: Connection refused: no further information
	at java.base/sun.nio.ch.Net.pollConnect(Native Method) ~[na:na]
	at java.base/sun.nio.ch.Net.pollConnectNow(Net.java:672) ~[na:na]
	at java.base/sun.nio.ch.NioSocketImpl.timedFinishConnect(NioSocketImpl.java:547) ~[na:na]
	at java.base/sun.nio.ch.NioSocketImpl.connect(NioSocketImpl.java:602) ~[na:na]
	at java.base/java.net.SocksSocketImpl.connect(SocksSocketImpl.java:327) ~[na:na]
	at java.base/java.net.Socket.connect(Socket.java:633) ~[na:na]
	at okhttp3.internal.platform.Platform.connectSocket(Platform.kt:128) ~[okhttp-4.12.0.jar:na]
	at okhttp3.internal.connection.RealConnection.connectSocket(RealConnection.kt:295) ~[okhttp-4.12.0.jar:na]
	... 18 common frames omitted

2026-06-04T13:12:20.690+07:00  INFO [group-service,,] 26524 --- [group-service] [http-nio-8085-exec-1] [                                                 ] o.a.c.c.C.[Tomcat].[localhost].[/]       : Initializing Spring DispatcherServlet 'dispatcherServlet'
2026-06-04T13:12:20.694+07:00  INFO [group-service,,] 26524 --- [group-service] [http-nio-8085-exec-1] [                                                 ] o.s.web.servlet.DispatcherServlet        : Initializing Servlet 'dispatcherServlet'
2026-06-04T13:12:20.846+07:00  INFO [group-service,,] 26524 --- [group-service] [http-nio-8085-exec-1] [                                                 ] o.s.web.servlet.DispatcherServlet        : Completed initialization in 152 ms
2026-06-04T13:12:36.421+07:00  INFO [group-service,,] 26524 --- [group-service] [SpringApplicationShutdownHook] [                                                 ] o.s.c.n.e.s.EurekaServiceRegistry        : Unregistering application GROUP-SERVICE with eureka with status DOWN
2026-06-04T13:12:36.422+07:00  INFO [group-service,,] 26524 --- [group-service] [SpringApplicationShutdownHook] [                                                 ] com.netflix.discovery.DiscoveryClient    : Saw local status change event StatusChangeEvent [timestamp=1780553556422, current=DOWN, previous=UP]
2026-06-04T13:12:36.423+07:00  INFO [group-service,,] 26524 --- [group-service] [DiscoveryClient-InstanceInfoReplicator-%d] [                                                 ] com.netflix.discovery.DiscoveryClient    : DiscoveryClient_GROUP-SERVICE/localhost:group-service:8085: registering service...
2026-06-04T13:12:36.446+07:00  INFO [group-service,,] 26524 --- [group-service] [DiscoveryClient-InstanceInfoReplicator-%d] [                                                 ] com.netflix.discovery.DiscoveryClient    : DiscoveryClient_GROUP-SERVICE/localhost:group-service:8085 - registration status: 204
2026-06-04T13:12:40.012+07:00  INFO [group-service,,] 26524 --- [group-service] [SpringApplicationShutdownHook] [                                                 ] j.LocalContainerEntityManagerFactoryBean : Closing JPA EntityManagerFactory for persistence unit 'default'
2026-06-04T13:12:40.020+07:00  INFO [group-service,,] 26524 --- [group-service] [SpringApplicationShutdownHook] [                                                 ] com.zaxxer.hikari.HikariDataSource       : HikariPool-1 - Shutdown initiated...
2026-06-04T13:12:40.044+07:00  INFO [group-service,,] 26524 --- [group-service] [SpringApplicationShutdownHook] [                                                 ] com.zaxxer.hikari.HikariDataSource       : HikariPool-1 - Shutdown completed.
2026-06-04T13:12:40.142+07:00  INFO [group-service,,] 26524 --- [group-service] [SpringApplicationShutdownHook] [                                                 ] com.netflix.discovery.DiscoveryClient    : Shutting down DiscoveryClient ...
2026-06-04T13:12:43.155+07:00  INFO [group-service,,] 26524 --- [group-service] [SpringApplicationShutdownHook] [                                                 ] com.netflix.discovery.DiscoveryClient    : Unregistering ...
2026-06-04T13:12:43.323+07:00  INFO [group-service,,] 26524 --- [group-service] [SpringApplicationShutdownHook] [                                                 ] com.netflix.discovery.DiscoveryClient    : DiscoveryClient_GROUP-SERVICE/localhost:group-service:8085 - deregister  status: 200
2026-06-04T13:12:43.325+07:00  INFO [group-service,,] 26524 --- [group-service] [SpringApplicationShutdownHook] [                                                 ] com.netflix.discovery.DiscoveryClient    : Completed shut down of DiscoveryClient
2026-06-04T13:13:00.321+07:00  INFO [group-service,,] 15876 --- [group-service] [main] [                                                 ] c.n.S.GroupServiceApplication            : Starting GroupServiceApplication using Java 17.0.9 with PID 15876 (D:\Projects\Social-media\backend\group-service\target\classes started by BANG in D:\Projects\Social-media\backend)
2026-06-04T13:13:00.336+07:00  INFO [group-service,,] 15876 --- [group-service] [main] [                                                 ] c.n.S.GroupServiceApplication            : No active profile set, falling back to 1 default profile: "default"
2026-06-04T13:13:06.382+07:00  INFO [group-service,,] 15876 --- [group-service] [main] [                                                 ] .s.d.r.c.RepositoryConfigurationDelegate : Bootstrapping Spring Data JPA repositories in DEFAULT mode.
2026-06-04T13:13:07.261+07:00  INFO [group-service,,] 15876 --- [group-service] [main] [                                                 ] .s.d.r.c.RepositoryConfigurationDelegate : Finished Spring Data repository scanning in 833 ms. Found 2 JPA repository interfaces.
2026-06-04T13:13:08.771+07:00  INFO [group-service,,] 15876 --- [group-service] [main] [                                                 ] o.s.cloud.context.scope.GenericScope     : BeanFactory id=85325416-3a2b-3b54-867b-f06078df59f9
2026-06-04T13:13:10.395+07:00  INFO [group-service,,] 15876 --- [group-service] [main] [                                                 ] o.s.b.w.embedded.tomcat.TomcatWebServer  : Tomcat initialized with port 8085 (http)
2026-06-04T13:13:10.434+07:00  INFO [group-service,,] 15876 --- [group-service] [main] [                                                 ] o.apache.catalina.core.StandardService   : Starting service [Tomcat]
2026-06-04T13:13:10.435+07:00  INFO [group-service,,] 15876 --- [group-service] [main] [                                                 ] o.apache.catalina.core.StandardEngine    : Starting Servlet engine: [Apache Tomcat/10.1.42]
2026-06-04T13:13:10.747+07:00  INFO [group-service,,] 15876 --- [group-service] [main] [                                                 ] o.a.c.c.C.[Tomcat].[localhost].[/]       : Initializing Spring embedded WebApplicationContext
2026-06-04T13:13:10.749+07:00  INFO [group-service,,] 15876 --- [group-service] [main] [                                                 ] w.s.c.ServletWebServerApplicationContext : Root WebApplicationContext: initialization completed in 10203 ms
2026-06-04T13:13:12.764+07:00  INFO [group-service,,] 15876 --- [group-service] [main] [                                                 ] o.hibernate.jpa.internal.util.LogHelper  : HHH000204: Processing PersistenceUnitInfo [name: default]
2026-06-04T13:13:13.125+07:00  INFO [group-service,,] 15876 --- [group-service] [main] [                                                 ] org.hibernate.Version                    : HHH000412: Hibernate ORM core version 6.5.3.Final
2026-06-04T13:13:13.409+07:00  INFO [group-service,,] 15876 --- [group-service] [main] [                                                 ] o.h.c.internal.RegionFactoryInitiator    : HHH000026: Second-level cache disabled
2026-06-04T13:13:14.991+07:00  INFO [group-service,,] 15876 --- [group-service] [main] [                                                 ] o.s.o.j.p.SpringPersistenceUnitInfo      : No LoadTimeWeaver setup: ignoring JPA class transformer
2026-06-04T13:13:15.092+07:00  INFO [group-service,,] 15876 --- [group-service] [main] [                                                 ] com.zaxxer.hikari.HikariDataSource       : HikariPool-1 - Starting...
2026-06-04T13:13:15.878+07:00  INFO [group-service,,] 15876 --- [group-service] [main] [                                                 ] com.zaxxer.hikari.pool.HikariPool        : HikariPool-1 - Added connection org.postgresql.jdbc.PgConnection@4ba1f425
2026-06-04T13:13:15.885+07:00  INFO [group-service,,] 15876 --- [group-service] [main] [                                                 ] com.zaxxer.hikari.HikariDataSource       : HikariPool-1 - Start completed.
2026-06-04T13:13:16.045+07:00  WARN [group-service,,] 15876 --- [group-service] [main] [                                                 ] org.hibernate.orm.deprecation            : HHH90000025: PostgreSQLDialect does not need to be specified explicitly using 'hibernate.dialect' (remove the property setting and it will be selected by default)
2026-06-04T13:13:20.149+07:00  INFO [group-service,,] 15876 --- [group-service] [main] [                                                 ] o.h.e.t.j.p.i.JtaPlatformInitiator       : HHH000489: No JTA platform available (set 'hibernate.transaction.jta.platform' to enable JTA platform integration)
2026-06-04T13:13:20.373+07:00  INFO [group-service,,] 15876 --- [group-service] [main] [                                                 ] j.LocalContainerEntityManagerFactoryBean : Initialized JPA EntityManagerFactory for persistence unit 'default'
2026-06-04T13:13:21.270+07:00  INFO [group-service,,] 15876 --- [group-service] [main] [                                                 ] o.s.d.j.r.query.QueryEnhancerFactory     : Hibernate is in classpath; If applicable, HQL parser will be used.
2026-06-04T13:13:24.346+07:00  WARN [group-service,,] 15876 --- [group-service] [main] [                                                 ] JpaBaseConfiguration$JpaWebConfiguration : spring.jpa.open-in-view is enabled by default. Therefore, database queries may be performed during view rendering. Explicitly configure spring.jpa.open-in-view to disable this warning
2026-06-04T13:13:26.697+07:00  INFO [group-service,,] 15876 --- [group-service] [main] [                                                 ] o.s.cloud.commons.util.InetUtils         : Cannot determine local hostname
2026-06-04T13:13:26.796+07:00  INFO [group-service,,] 15876 --- [group-service] [main] [                                                 ] o.s.c.openfeign.FeignClientFactoryBean   : For 'user-service' URL not provided. Will try picking an instance via load-balancing.
2026-06-04T13:13:31.545+07:00  INFO [group-service,,] 15876 --- [group-service] [main] [                                                 ] o.s.cloud.commons.util.InetUtils         : Cannot determine local hostname
2026-06-04T13:13:31.590+07:00  INFO [group-service,,] 15876 --- [group-service] [main] [                                                 ] DiscoveryClientOptionalArgsConfiguration : Eureka HTTP Client uses RestTemplate.
2026-06-04T13:13:31.665+07:00  WARN [group-service,,] 15876 --- [group-service] [main] [                                                 ] iguration$LoadBalancerCaffeineWarnLogger : Spring Cloud LoadBalancer is currently working with the default cache. While this cache implementation is useful for development and tests, it's recommended to use Caffeine cache in production.You can switch to using Caffeine cache, by adding it and org.springframework.cache.caffeine.CaffeineCacheManager to the classpath.
2026-06-04T13:13:31.702+07:00  INFO [group-service,,] 15876 --- [group-service] [main] [                                                 ] o.s.b.a.e.web.EndpointLinksResolver      : Exposing 4 endpoints beneath base path '/actuator'
2026-06-04T13:13:32.018+07:00  INFO [group-service,,] 15876 --- [group-service] [main] [                                                 ] o.s.c.n.eureka.InstanceInfoFactory       : Setting initial instance status as: STARTING
2026-06-04T13:13:32.101+07:00  INFO [group-service,,] 15876 --- [group-service] [main] [                                                 ] com.netflix.discovery.DiscoveryClient    : Initializing Eureka in region us-east-1
2026-06-04T13:13:32.113+07:00  INFO [group-service,,] 15876 --- [group-service] [main] [                                                 ] c.n.d.s.r.aws.ConfigClusterResolver      : Resolving eureka endpoints via configuration
2026-06-04T13:13:32.139+07:00  INFO [group-service,,] 15876 --- [group-service] [main] [                                                 ] com.netflix.discovery.DiscoveryClient    : Disable delta property : false
2026-06-04T13:13:32.141+07:00  INFO [group-service,,] 15876 --- [group-service] [main] [                                                 ] com.netflix.discovery.DiscoveryClient    : Single vip registry refresh property : null
2026-06-04T13:13:32.143+07:00  INFO [group-service,,] 15876 --- [group-service] [main] [                                                 ] com.netflix.discovery.DiscoveryClient    : Force full registry fetch : false
2026-06-04T13:13:32.144+07:00  INFO [group-service,,] 15876 --- [group-service] [main] [                                                 ] com.netflix.discovery.DiscoveryClient    : Application is null : false
2026-06-04T13:13:32.145+07:00  INFO [group-service,,] 15876 --- [group-service] [main] [                                                 ] com.netflix.discovery.DiscoveryClient    : Registered Applications size is zero : true
2026-06-04T13:13:32.145+07:00  INFO [group-service,,] 15876 --- [group-service] [main] [                                                 ] com.netflix.discovery.DiscoveryClient    : Application version is -1: true
2026-06-04T13:13:32.146+07:00  INFO [group-service,,] 15876 --- [group-service] [main] [                                                 ] com.netflix.discovery.DiscoveryClient    : Getting all instance registry info from the eureka server
2026-06-04T13:13:33.997+07:00  INFO [group-service,,] 15876 --- [group-service] [main] [                                                 ] com.netflix.discovery.DiscoveryClient    : The response status is 200
2026-06-04T13:13:34.003+07:00  INFO [group-service,,] 15876 --- [group-service] [main] [                                                 ] com.netflix.discovery.DiscoveryClient    : Starting heartbeat executor: renew interval is: 30
2026-06-04T13:13:34.009+07:00  INFO [group-service,,] 15876 --- [group-service] [main] [                                                 ] c.n.discovery.InstanceInfoReplicator     : InstanceInfoReplicator onDemand update allowed rate per min is 4
2026-06-04T13:13:34.013+07:00  INFO [group-service,,] 15876 --- [group-service] [main] [                                                 ] com.netflix.discovery.DiscoveryClient    : Discovery Client initialized at timestamp 1780553614011 with initial instances count: 5
2026-06-04T13:13:34.025+07:00  INFO [group-service,,] 15876 --- [group-service] [main] [                                                 ] o.s.c.n.e.s.EurekaServiceRegistry        : Registering application GROUP-SERVICE with eureka with status UP
2026-06-04T13:13:34.027+07:00  INFO [group-service,,] 15876 --- [group-service] [main] [                                                 ] com.netflix.discovery.DiscoveryClient    : Saw local status change event StatusChangeEvent [timestamp=1780553614027, current=UP, previous=STARTING]
2026-06-04T13:13:34.035+07:00  INFO [group-service,,] 15876 --- [group-service] [DiscoveryClient-InstanceInfoReplicator-%d] [                                                 ] com.netflix.discovery.DiscoveryClient    : DiscoveryClient_GROUP-SERVICE/localhost:group-service:8085: registering service...
2026-06-04T13:13:34.119+07:00  INFO [group-service,,] 15876 --- [group-service] [main] [                                                 ] o.s.b.w.embedded.tomcat.TomcatWebServer  : Tomcat started on port 8085 (http) with context path '/'
2026-06-04T13:13:34.123+07:00  INFO [group-service,,] 15876 --- [group-service] [main] [                                                 ] .s.c.n.e.s.EurekaAutoServiceRegistration : Updating port to 8085
2026-06-04T13:13:34.189+07:00  INFO [group-service,,] 15876 --- [group-service] [DiscoveryClient-InstanceInfoReplicator-%d] [                                                 ] com.netflix.discovery.DiscoveryClient    : DiscoveryClient_GROUP-SERVICE/localhost:group-service:8085 - registration status: 204
2026-06-04T13:13:35.863+07:00  INFO [group-service,,] 15876 --- [group-service] [http-nio-8085-exec-1] [                                                 ] o.a.c.c.C.[Tomcat].[localhost].[/]       : Initializing Spring DispatcherServlet 'dispatcherServlet'
2026-06-04T13:13:35.864+07:00  INFO [group-service,,] 15876 --- [group-service] [http-nio-8085-exec-1] [                                                 ] o.s.web.servlet.DispatcherServlet        : Initializing Servlet 'dispatcherServlet'
2026-06-04T13:13:35.870+07:00  INFO [group-service,,] 15876 --- [group-service] [http-nio-8085-exec-1] [                                                 ] o.s.web.servlet.DispatcherServlet        : Completed initialization in 5 ms
2026-06-04T13:13:36.425+07:00  INFO [group-service,,] 15876 --- [group-service] [main] [                                                 ] o.s.cloud.commons.util.InetUtils         : Cannot determine local hostname
2026-06-04T13:13:36.480+07:00  INFO [group-service,,] 15876 --- [group-service] [main] [                                                 ] c.n.S.GroupServiceApplication            : Started GroupServiceApplication in 40.478 seconds (process running for 44.4)
2026-06-04T13:16:43.296+07:00  WARN [group-service,c61eadaa8df69ce78f1fbc1a72dd09a8,c6516b8080eed0d5] 15876 --- [group-service] [http-nio-8085-exec-9] [c61eadaa8df69ce78f1fbc1a72dd09a8-c6516b8080eed0d5] o.h.engine.jdbc.spi.SqlExceptionHelper   : SQL Warning Code: 0, SQLState: 01000
2026-06-04T13:16:43.308+07:00  WARN [group-service,c61eadaa8df69ce78f1fbc1a72dd09a8,c6516b8080eed0d5] 15876 --- [group-service] [http-nio-8085-exec-9] [c61eadaa8df69ce78f1fbc1a72dd09a8-c6516b8080eed0d5] o.h.engine.jdbc.spi.SqlExceptionHelper   : database "social_media_group" has a collation version mismatch
2026-06-04T13:16:43.367+07:00  WARN [group-service,1f93b8afc9b86fdc15e7812c3dc41bbb,9c0cf40ada97598f] 15876 --- [group-service] [http-nio-8085-exec-1] [1f93b8afc9b86fdc15e7812c3dc41bbb-9c0cf40ada97598f] o.h.engine.jdbc.spi.SqlExceptionHelper   : SQL Warning Code: 0, SQLState: 01000
2026-06-04T13:16:43.375+07:00  WARN [group-service,1f93b8afc9b86fdc15e7812c3dc41bbb,9c0cf40ada97598f] 15876 --- [group-service] [http-nio-8085-exec-1] [1f93b8afc9b86fdc15e7812c3dc41bbb-9c0cf40ada97598f] o.h.engine.jdbc.spi.SqlExceptionHelper   : database "social_media_group" has a collation version mismatch
2026-06-04T13:16:43.381+07:00  WARN [group-service,48b24bb1a5651ea606387e83a70a9402,3930967f94d5bbe0] 15876 --- [group-service] [http-nio-8085-exec-2] [48b24bb1a5651ea606387e83a70a9402-3930967f94d5bbe0] o.h.engine.jdbc.spi.SqlExceptionHelper   : SQL Warning Code: 0, SQLState: 01000
2026-06-04T13:16:43.382+07:00  WARN [group-service,48b24bb1a5651ea606387e83a70a9402,3930967f94d5bbe0] 15876 --- [group-service] [http-nio-8085-exec-2] [48b24bb1a5651ea606387e83a70a9402-3930967f94d5bbe0] o.h.engine.jdbc.spi.SqlExceptionHelper   : database "social_media_group" has a collation version mismatch
2026-06-04T13:16:43.406+07:00 ERROR [group-service,,] 15876 --- [group-service] [http-nio-8085-exec-10] [                                                 ] o.a.c.c.C.[.[.[/].[dispatcherServlet]    : Servlet.service() for servlet [dispatcherServlet] in context with path [] threw exception [Request processing failed: jakarta.persistence.EntityNotFoundException: Group member not found] with root cause

jakarta.persistence.EntityNotFoundException: Group member not found
	at com.nguyenthanhbang.Social_media.service.impl.GroupMemberServiceImpl.lambda$getMembershipStatus$13(GroupMemberServiceImpl.java:207) ~[classes/:na]
	at java.base/java.util.Optional.orElseThrow(Optional.java:403) ~[na:na]
	at com.nguyenthanhbang.Social_media.service.impl.GroupMemberServiceImpl.getMembershipStatus(GroupMemberServiceImpl.java:207) ~[classes/:na]
	at com.nguyenthanhbang.Social_media.controller.user.GroupMemberController.getStatus(GroupMemberController.java:96) ~[classes/:na]
	at java.base/jdk.internal.reflect.NativeMethodAccessorImpl.invoke0(Native Method) ~[na:na]
	at java.base/jdk.internal.reflect.NativeMethodAccessorImpl.invoke(NativeMethodAccessorImpl.java:77) ~[na:na]
	at java.base/jdk.internal.reflect.DelegatingMethodAccessorImpl.invoke(DelegatingMethodAccessorImpl.java:43) ~[na:na]
	at java.base/java.lang.reflect.Method.invoke(Method.java:568) ~[na:na]
	at org.springframework.web.method.support.InvocableHandlerMethod.doInvoke(InvocableHandlerMethod.java:255) ~[spring-web-6.1.21.jar:6.1.21]
	at org.springframework.web.method.support.InvocableHandlerMethod.invokeForRequest(InvocableHandlerMethod.java:188) ~[spring-web-6.1.21.jar:6.1.21]
	at org.springframework.web.servlet.mvc.method.annotation.ServletInvocableHandlerMethod.invokeAndHandle(ServletInvocableHandlerMethod.java:118) ~[spring-webmvc-6.1.21.jar:6.1.21]
	at org.springframework.web.servlet.mvc.method.annotation.RequestMappingHandlerAdapter.invokeHandlerMethod(RequestMappingHandlerAdapter.java:926) ~[spring-webmvc-6.1.21.jar:6.1.21]
	at org.springframework.web.servlet.mvc.method.annotation.RequestMappingHandlerAdapter.handleInternal(RequestMappingHandlerAdapter.java:831) ~[spring-webmvc-6.1.21.jar:6.1.21]
	at org.springframework.web.servlet.mvc.method.AbstractHandlerMethodAdapter.handle(AbstractHandlerMethodAdapter.java:87) ~[spring-webmvc-6.1.21.jar:6.1.21]
	at org.springframework.web.servlet.DispatcherServlet.doDispatch(DispatcherServlet.java:1089) ~[spring-webmvc-6.1.21.jar:6.1.21]
	at org.springframework.web.servlet.DispatcherServlet.doService(DispatcherServlet.java:979) ~[spring-webmvc-6.1.21.jar:6.1.21]
	at org.springframework.web.servlet.FrameworkServlet.processRequest(FrameworkServlet.java:1014) ~[spring-webmvc-6.1.21.jar:6.1.21]
	at org.springframework.web.servlet.FrameworkServlet.doGet(FrameworkServlet.java:903) ~[spring-webmvc-6.1.21.jar:6.1.21]
	at jakarta.servlet.http.HttpServlet.service(HttpServlet.java:564) ~[tomcat-embed-core-10.1.42.jar:6.0]
	at org.springframework.web.servlet.FrameworkServlet.service(FrameworkServlet.java:885) ~[spring-webmvc-6.1.21.jar:6.1.21]
	at jakarta.servlet.http.HttpServlet.service(HttpServlet.java:658) ~[tomcat-embed-core-10.1.42.jar:6.0]
	at org.apache.catalina.core.ApplicationFilterChain.internalDoFilter(ApplicationFilterChain.java:195) ~[tomcat-embed-core-10.1.42.jar:10.1.42]
	at org.apache.catalina.core.ApplicationFilterChain.doFilter(ApplicationFilterChain.java:140) ~[tomcat-embed-core-10.1.42.jar:10.1.42]
	at org.apache.tomcat.websocket.server.WsFilter.doFilter(WsFilter.java:51) ~[tomcat-embed-websocket-10.1.42.jar:10.1.42]
	at org.apache.catalina.core.ApplicationFilterChain.internalDoFilter(ApplicationFilterChain.java:164) ~[tomcat-embed-core-10.1.42.jar:10.1.42]
	at org.apache.catalina.core.ApplicationFilterChain.doFilter(ApplicationFilterChain.java:140) ~[tomcat-embed-core-10.1.42.jar:10.1.42]
	at org.springframework.web.filter.RequestContextFilter.doFilterInternal(RequestContextFilter.java:100) ~[spring-web-6.1.21.jar:6.1.21]
	at org.springframework.web.filter.OncePerRequestFilter.doFilter(OncePerRequestFilter.java:116) ~[spring-web-6.1.21.jar:6.1.21]
	at org.apache.catalina.core.ApplicationFilterChain.internalDoFilter(ApplicationFilterChain.java:164) ~[tomcat-embed-core-10.1.42.jar:10.1.42]
	at org.apache.catalina.core.ApplicationFilterChain.doFilter(ApplicationFilterChain.java:140) ~[tomcat-embed-core-10.1.42.jar:10.1.42]
	at org.springframework.web.filter.FormContentFilter.doFilterInternal(FormContentFilter.java:93) ~[spring-web-6.1.21.jar:6.1.21]
	at org.springframework.web.filter.OncePerRequestFilter.doFilter(OncePerRequestFilter.java:116) ~[spring-web-6.1.21.jar:6.1.21]
	at org.apache.catalina.core.ApplicationFilterChain.internalDoFilter(ApplicationFilterChain.java:164) ~[tomcat-embed-core-10.1.42.jar:10.1.42]
	at org.apache.catalina.core.ApplicationFilterChain.doFilter(ApplicationFilterChain.java:140) ~[tomcat-embed-core-10.1.42.jar:10.1.42]
	at org.springframework.web.filter.ServerHttpObservationFilter.doFilterInternal(ServerHttpObservationFilter.java:113) ~[spring-web-6.1.21.jar:6.1.21]
	at org.springframework.web.filter.OncePerRequestFilter.doFilter(OncePerRequestFilter.java:116) ~[spring-web-6.1.21.jar:6.1.21]
	at org.apache.catalina.core.ApplicationFilterChain.internalDoFilter(ApplicationFilterChain.java:164) ~[tomcat-embed-core-10.1.42.jar:10.1.42]
	at org.apache.catalina.core.ApplicationFilterChain.doFilter(ApplicationFilterChain.java:140) ~[tomcat-embed-core-10.1.42.jar:10.1.42]
	at org.springframework.web.filter.CharacterEncodingFilter.doFilterInternal(CharacterEncodingFilter.java:201) ~[spring-web-6.1.21.jar:6.1.21]
	at org.springframework.web.filter.OncePerRequestFilter.doFilter(OncePerRequestFilter.java:116) ~[spring-web-6.1.21.jar:6.1.21]
	at org.apache.catalina.core.ApplicationFilterChain.internalDoFilter(ApplicationFilterChain.java:164) ~[tomcat-embed-core-10.1.42.jar:10.1.42]
	at org.apache.catalina.core.ApplicationFilterChain.doFilter(ApplicationFilterChain.java:140) ~[tomcat-embed-core-10.1.42.jar:10.1.42]
	at org.apache.catalina.core.StandardWrapperValve.invoke(StandardWrapperValve.java:167) ~[tomcat-embed-core-10.1.42.jar:10.1.42]
	at org.apache.catalina.core.StandardContextValve.invoke(StandardContextValve.java:90) ~[tomcat-embed-core-10.1.42.jar:10.1.42]
	at org.apache.catalina.authenticator.AuthenticatorBase.invoke(AuthenticatorBase.java:483) ~[tomcat-embed-core-10.1.42.jar:10.1.42]
	at org.apache.catalina.core.StandardHostValve.invoke(StandardHostValve.java:116) ~[tomcat-embed-core-10.1.42.jar:10.1.42]
	at org.apache.catalina.valves.ErrorReportValve.invoke(ErrorReportValve.java:93) ~[tomcat-embed-core-10.1.42.jar:10.1.42]
	at org.apache.catalina.core.StandardEngineValve.invoke(StandardEngineValve.java:74) ~[tomcat-embed-core-10.1.42.jar:10.1.42]
	at org.apache.catalina.connector.CoyoteAdapter.service(CoyoteAdapter.java:344) ~[tomcat-embed-core-10.1.42.jar:10.1.42]
	at org.apache.coyote.http11.Http11Processor.service(Http11Processor.java:398) ~[tomcat-embed-core-10.1.42.jar:10.1.42]
	at org.apache.coyote.AbstractProcessorLight.process(AbstractProcessorLight.java:63) ~[tomcat-embed-core-10.1.42.jar:10.1.42]
	at org.apache.coyote.AbstractProtocol$ConnectionHandler.process(AbstractProtocol.java:903) ~[tomcat-embed-core-10.1.42.jar:10.1.42]
	at org.apache.tomcat.util.net.NioEndpoint$SocketProcessor.doRun(NioEndpoint.java:1769) ~[tomcat-embed-core-10.1.42.jar:10.1.42]
	at org.apache.tomcat.util.net.SocketProcessorBase.run(SocketProcessorBase.java:52) ~[tomcat-embed-core-10.1.42.jar:10.1.42]
	at org.apache.tomcat.util.threads.ThreadPoolExecutor.runWorker(ThreadPoolExecutor.java:1189) ~[tomcat-embed-core-10.1.42.jar:10.1.42]
	at org.apache.tomcat.util.threads.ThreadPoolExecutor$Worker.run(ThreadPoolExecutor.java:658) ~[tomcat-embed-core-10.1.42.jar:10.1.42]
	at org.apache.tomcat.util.threads.TaskThread$WrappingRunnable.run(TaskThread.java:63) ~[tomcat-embed-core-10.1.42.jar:10.1.42]
	at java.base/java.lang.Thread.run(Thread.java:842) ~[na:na]

2026-06-04T13:16:47.938+07:00 ERROR [group-service,,] 15876 --- [group-service] [http-nio-8085-exec-4] [                                                 ] o.a.c.c.C.[.[.[/].[dispatcherServlet]    : Servlet.service() for servlet [dispatcherServlet] in context with path [] threw exception [Request processing failed: feign.FeignException$Unauthorized: [401] during [GET] to [http://user-service/api/v1/internal/users/5] [UserClient#getUserById(Long)]: [Unauthorized]] with root cause

feign.FeignException$Unauthorized: [401] during [GET] to [http://user-service/api/v1/internal/users/5] [UserClient#getUserById(Long)]: [Unauthorized]
	at feign.FeignException.clientErrorStatus(FeignException.java:245) ~[feign-core-13.5.jar:na]
	at feign.FeignException.errorStatus(FeignException.java:223) ~[feign-core-13.5.jar:na]
	at feign.FeignException.errorStatus(FeignException.java:213) ~[feign-core-13.5.jar:na]
	at feign.codec.ErrorDecoder$Default.decode(ErrorDecoder.java:103) ~[feign-core-13.5.jar:na]
	at feign.InvocationContext.decodeError(InvocationContext.java:133) ~[feign-core-13.5.jar:na]
	at feign.InvocationContext.proceed(InvocationContext.java:80) ~[feign-core-13.5.jar:na]
	at feign.ResponseHandler.handleResponse(ResponseHandler.java:69) ~[feign-core-13.5.jar:na]
	at feign.SynchronousMethodHandler.executeAndDecode(SynchronousMethodHandler.java:109) ~[feign-core-13.5.jar:na]
	at feign.SynchronousMethodHandler.invoke(SynchronousMethodHandler.java:53) ~[feign-core-13.5.jar:na]
	at feign.ReflectiveFeign$FeignInvocationHandler.invoke(ReflectiveFeign.java:104) ~[feign-core-13.5.jar:na]
	at jdk.proxy2/jdk.proxy2.$Proxy177.getUserById(Unknown Source) ~[na:na]
	at com.nguyenthanhbang.Social_media.service.impl.GroupMemberServiceImpl.joinGroup(GroupMemberServiceImpl.java:38) ~[classes/:na]
	at com.nguyenthanhbang.Social_media.controller.user.GroupMemberController.joinGroup(GroupMemberController.java:26) ~[classes/:na]
	at java.base/jdk.internal.reflect.NativeMethodAccessorImpl.invoke0(Native Method) ~[na:na]
	at java.base/jdk.internal.reflect.NativeMethodAccessorImpl.invoke(NativeMethodAccessorImpl.java:77) ~[na:na]
	at java.base/jdk.internal.reflect.DelegatingMethodAccessorImpl.invoke(DelegatingMethodAccessorImpl.java:43) ~[na:na]
	at java.base/java.lang.reflect.Method.invoke(Method.java:568) ~[na:na]
	at org.springframework.web.method.support.InvocableHandlerMethod.doInvoke(InvocableHandlerMethod.java:255) ~[spring-web-6.1.21.jar:6.1.21]
	at org.springframework.web.method.support.InvocableHandlerMethod.invokeForRequest(InvocableHandlerMethod.java:188) ~[spring-web-6.1.21.jar:6.1.21]
	at org.springframework.web.servlet.mvc.method.annotation.ServletInvocableHandlerMethod.invokeAndHandle(ServletInvocableHandlerMethod.java:118) ~[spring-webmvc-6.1.21.jar:6.1.21]
	at org.springframework.web.servlet.mvc.method.annotation.RequestMappingHandlerAdapter.invokeHandlerMethod(RequestMappingHandlerAdapter.java:926) ~[spring-webmvc-6.1.21.jar:6.1.21]
	at org.springframework.web.servlet.mvc.method.annotation.RequestMappingHandlerAdapter.handleInternal(RequestMappingHandlerAdapter.java:831) ~[spring-webmvc-6.1.21.jar:6.1.21]
	at org.springframework.web.servlet.mvc.method.AbstractHandlerMethodAdapter.handle(AbstractHandlerMethodAdapter.java:87) ~[spring-webmvc-6.1.21.jar:6.1.21]
	at org.springframework.web.servlet.DispatcherServlet.doDispatch(DispatcherServlet.java:1089) ~[spring-webmvc-6.1.21.jar:6.1.21]
	at org.springframework.web.servlet.DispatcherServlet.doService(DispatcherServlet.java:979) ~[spring-webmvc-6.1.21.jar:6.1.21]
	at org.springframework.web.servlet.FrameworkServlet.processRequest(FrameworkServlet.java:1014) ~[spring-webmvc-6.1.21.jar:6.1.21]
	at org.springframework.web.servlet.FrameworkServlet.doPost(FrameworkServlet.java:914) ~[spring-webmvc-6.1.21.jar:6.1.21]
	at jakarta.servlet.http.HttpServlet.service(HttpServlet.java:590) ~[tomcat-embed-core-10.1.42.jar:6.0]
	at org.springframework.web.servlet.FrameworkServlet.service(FrameworkServlet.java:885) ~[spring-webmvc-6.1.21.jar:6.1.21]
	at jakarta.servlet.http.HttpServlet.service(HttpServlet.java:658) ~[tomcat-embed-core-10.1.42.jar:6.0]
	at org.apache.catalina.core.ApplicationFilterChain.internalDoFilter(ApplicationFilterChain.java:195) ~[tomcat-embed-core-10.1.42.jar:10.1.42]
	at org.apache.catalina.core.ApplicationFilterChain.doFilter(ApplicationFilterChain.java:140) ~[tomcat-embed-core-10.1.42.jar:10.1.42]
	at org.apache.tomcat.websocket.server.WsFilter.doFilter(WsFilter.java:51) ~[tomcat-embed-websocket-10.1.42.jar:10.1.42]
	at org.apache.catalina.core.ApplicationFilterChain.internalDoFilter(ApplicationFilterChain.java:164) ~[tomcat-embed-core-10.1.42.jar:10.1.42]
	at org.apache.catalina.core.ApplicationFilterChain.doFilter(ApplicationFilterChain.java:140) ~[tomcat-embed-core-10.1.42.jar:10.1.42]
	at org.springframework.web.filter.RequestContextFilter.doFilterInternal(RequestContextFilter.java:100) ~[spring-web-6.1.21.jar:6.1.21]
	at org.springframework.web.filter.OncePerRequestFilter.doFilter(OncePerRequestFilter.java:116) ~[spring-web-6.1.21.jar:6.1.21]
	at org.apache.catalina.core.ApplicationFilterChain.internalDoFilter(ApplicationFilterChain.java:164) ~[tomcat-embed-core-10.1.42.jar:10.1.42]
	at org.apache.catalina.core.ApplicationFilterChain.doFilter(ApplicationFilterChain.java:140) ~[tomcat-embed-core-10.1.42.jar:10.1.42]
	at org.springframework.web.filter.FormContentFilter.doFilterInternal(FormContentFilter.java:93) ~[spring-web-6.1.21.jar:6.1.21]
	at org.springframework.web.filter.OncePerRequestFilter.doFilter(OncePerRequestFilter.java:116) ~[spring-web-6.1.21.jar:6.1.21]
	at org.apache.catalina.core.ApplicationFilterChain.internalDoFilter(ApplicationFilterChain.java:164) ~[tomcat-embed-core-10.1.42.jar:10.1.42]
	at org.apache.catalina.core.ApplicationFilterChain.doFilter(ApplicationFilterChain.java:140) ~[tomcat-embed-core-10.1.42.jar:10.1.42]
	at org.springframework.web.filter.ServerHttpObservationFilter.doFilterInternal(ServerHttpObservationFilter.java:113) ~[spring-web-6.1.21.jar:6.1.21]
	at org.springframework.web.filter.OncePerRequestFilter.doFilter(OncePerRequestFilter.java:116) ~[spring-web-6.1.21.jar:6.1.21]
	at org.apache.catalina.core.ApplicationFilterChain.internalDoFilter(ApplicationFilterChain.java:164) ~[tomcat-embed-core-10.1.42.jar:10.1.42]
	at org.apache.catalina.core.ApplicationFilterChain.doFilter(ApplicationFilterChain.java:140) ~[tomcat-embed-core-10.1.42.jar:10.1.42]
	at org.springframework.web.filter.CharacterEncodingFilter.doFilterInternal(CharacterEncodingFilter.java:201) ~[spring-web-6.1.21.jar:6.1.21]
	at org.springframework.web.filter.OncePerRequestFilter.doFilter(OncePerRequestFilter.java:116) ~[spring-web-6.1.21.jar:6.1.21]
	at org.apache.catalina.core.ApplicationFilterChain.internalDoFilter(ApplicationFilterChain.java:164) ~[tomcat-embed-core-10.1.42.jar:10.1.42]
	at org.apache.catalina.core.ApplicationFilterChain.doFilter(ApplicationFilterChain.java:140) ~[tomcat-embed-core-10.1.42.jar:10.1.42]
	at org.apache.catalina.core.StandardWrapperValve.invoke(StandardWrapperValve.java:167) ~[tomcat-embed-core-10.1.42.jar:10.1.42]
	at org.apache.catalina.core.StandardContextValve.invoke(StandardContextValve.java:90) ~[tomcat-embed-core-10.1.42.jar:10.1.42]
	at org.apache.catalina.authenticator.AuthenticatorBase.invoke(AuthenticatorBase.java:483) ~[tomcat-embed-core-10.1.42.jar:10.1.42]
	at org.apache.catalina.core.StandardHostValve.invoke(StandardHostValve.java:116) ~[tomcat-embed-core-10.1.42.jar:10.1.42]
	at org.apache.catalina.valves.ErrorReportValve.invoke(ErrorReportValve.java:93) ~[tomcat-embed-core-10.1.42.jar:10.1.42]
	at org.apache.catalina.core.StandardEngineValve.invoke(StandardEngineValve.java:74) ~[tomcat-embed-core-10.1.42.jar:10.1.42]
	at org.apache.catalina.connector.CoyoteAdapter.service(CoyoteAdapter.java:344) ~[tomcat-embed-core-10.1.42.jar:10.1.42]
	at org.apache.coyote.http11.Http11Processor.service(Http11Processor.java:398) ~[tomcat-embed-core-10.1.42.jar:10.1.42]
	at org.apache.coyote.AbstractProcessorLight.process(AbstractProcessorLight.java:63) ~[tomcat-embed-core-10.1.42.jar:10.1.42]
	at org.apache.coyote.AbstractProtocol$ConnectionHandler.process(AbstractProtocol.java:903) ~[tomcat-embed-core-10.1.42.jar:10.1.42]
	at org.apache.tomcat.util.net.NioEndpoint$SocketProcessor.doRun(NioEndpoint.java:1769) ~[tomcat-embed-core-10.1.42.jar:10.1.42]
	at org.apache.tomcat.util.net.SocketProcessorBase.run(SocketProcessorBase.java:52) ~[tomcat-embed-core-10.1.42.jar:10.1.42]
	at org.apache.tomcat.util.threads.ThreadPoolExecutor.runWorker(ThreadPoolExecutor.java:1189) ~[tomcat-embed-core-10.1.42.jar:10.1.42]
	at org.apache.tomcat.util.threads.ThreadPoolExecutor$Worker.run(ThreadPoolExecutor.java:658) ~[tomcat-embed-core-10.1.42.jar:10.1.42]
	at org.apache.tomcat.util.threads.TaskThread$WrappingRunnable.run(TaskThread.java:63) ~[tomcat-embed-core-10.1.42.jar:10.1.42]
	at java.base/java.lang.Thread.run(Thread.java:842) ~[na:na]

2026-06-04T13:18:32.162+07:00  INFO [group-service,,] 15876 --- [group-service] [AsyncResolver-bootstrap-executor-%d] [                                                 ] c.n.d.s.r.aws.ConfigClusterResolver      : Resolving eureka endpoints via configuration
2026-06-04T13:23:32.177+07:00  INFO [group-service,,] 15876 --- [group-service] [AsyncResolver-bootstrap-executor-%d] [                                                 ] c.n.d.s.r.aws.ConfigClusterResolver      : Resolving eureka endpoints via configuration
2026-06-04T13:28:39.148+07:00  INFO [group-service,,] 15876 --- [group-service] [AsyncResolver-bootstrap-executor-%d] [                                                 ] c.n.d.s.r.aws.ConfigClusterResolver      : Resolving eureka endpoints via configuration
2026-06-04T13:33:39.167+07:00  INFO [group-service,,] 15876 --- [group-service] [AsyncResolver-bootstrap-executor-%d] [                                                 ] c.n.d.s.r.aws.ConfigClusterResolver      : Resolving eureka endpoints via configuration
2026-06-04T13:35:14.622+07:00 ERROR [group-service,,] 15876 --- [group-service] [OkHttp http://localhost:4319/...] [                                                 ] i.o.exporter.internal.http.HttpExporter  : Failed to export spans. The request could not be executed. Full error message: timeout

java.io.InterruptedIOException: timeout
	at okhttp3.internal.connection.RealCall.timeoutExit(RealCall.kt:398) ~[okhttp-4.12.0.jar:na]
	at okhttp3.internal.connection.RealCall.callDone(RealCall.kt:360) ~[okhttp-4.12.0.jar:na]
	at okhttp3.internal.connection.RealCall.noMoreExchanges$okhttp(RealCall.kt:325) ~[okhttp-4.12.0.jar:na]
	at okhttp3.internal.connection.RealCall.getResponseWithInterceptorChain$okhttp(RealCall.kt:209) ~[okhttp-4.12.0.jar:na]
	at okhttp3.internal.connection.RealCall$AsyncCall.run(RealCall.kt:517) ~[okhttp-4.12.0.jar:na]
	at java.base/java.util.concurrent.ThreadPoolExecutor.runWorker(ThreadPoolExecutor.java:1136) ~[na:na]
	at java.base/java.util.concurrent.ThreadPoolExecutor$Worker.run(ThreadPoolExecutor.java:635) ~[na:na]
	at java.base/java.lang.Thread.run(Thread.java:842) ~[na:na]
Caused by: java.io.IOException: Canceled
	at okhttp3.internal.connection.RealCall.getResponseWithInterceptorChain$okhttp(RealCall.kt:204) ~[okhttp-4.12.0.jar:na]
	... 4 common frames omitted

2026-06-04T13:38:53.091+07:00  INFO [group-service,,] 15876 --- [group-service] [AsyncResolver-bootstrap-executor-%d] [                                                 ] c.n.d.s.r.aws.ConfigClusterResolver      : Resolving eureka endpoints via configuration
2026-06-04T13:38:53.349+07:00  WARN [group-service,,] 15876 --- [group-service] [HikariPool-1 housekeeper] [                                                 ] com.zaxxer.hikari.pool.HikariPool        : HikariPool-1 - Thread starvation or clock leap detected (housekeeper delta=1m3s31ms541µs600ns).
2026-06-04T13:43:26.205+07:00  WARN [group-service,,] 15876 --- [group-service] [HikariPool-1 housekeeper] [                                                 ] com.zaxxer.hikari.pool.HikariPool        : HikariPool-1 - Thread starvation or clock leap detected (housekeeper delta=49s461ms344µs1ns).
2026-06-04T13:43:53.113+07:00  INFO [group-service,,] 15876 --- [group-service] [AsyncResolver-bootstrap-executor-%d] [                                                 ] c.n.d.s.r.aws.ConfigClusterResolver      : Resolving eureka endpoints via configuration
2026-06-04T13:45:50.961+07:00 ERROR [group-service,,] 15876 --- [group-service] [http-nio-8085-exec-20] [                                                 ] o.a.c.c.C.[.[.[/].[dispatcherServlet]    : Servlet.service() for servlet [dispatcherServlet] in context with path [] threw exception [Request processing failed: feign.FeignException$Unauthorized: [401] during [GET] to [http://user-service/api/v1/internal/users/5] [UserClient#getUserById(Long)]: [Unauthorized]] with root cause

feign.FeignException$Unauthorized: [401] during [GET] to [http://user-service/api/v1/internal/users/5] [UserClient#getUserById(Long)]: [Unauthorized]
	at feign.FeignException.clientErrorStatus(FeignException.java:245) ~[feign-core-13.5.jar:na]
	at feign.FeignException.errorStatus(FeignException.java:223) ~[feign-core-13.5.jar:na]
	at feign.FeignException.errorStatus(FeignException.java:213) ~[feign-core-13.5.jar:na]
	at feign.codec.ErrorDecoder$Default.decode(ErrorDecoder.java:103) ~[feign-core-13.5.jar:na]
	at feign.InvocationContext.decodeError(InvocationContext.java:133) ~[feign-core-13.5.jar:na]
	at feign.InvocationContext.proceed(InvocationContext.java:80) ~[feign-core-13.5.jar:na]
	at feign.ResponseHandler.handleResponse(ResponseHandler.java:69) ~[feign-core-13.5.jar:na]
	at feign.SynchronousMethodHandler.executeAndDecode(SynchronousMethodHandler.java:109) ~[feign-core-13.5.jar:na]
	at feign.SynchronousMethodHandler.invoke(SynchronousMethodHandler.java:53) ~[feign-core-13.5.jar:na]
	at feign.ReflectiveFeign$FeignInvocationHandler.invoke(ReflectiveFeign.java:104) ~[feign-core-13.5.jar:na]
	at jdk.proxy2/jdk.proxy2.$Proxy177.getUserById(Unknown Source) ~[na:na]
	at com.nguyenthanhbang.Social_media.service.impl.GroupMemberServiceImpl.joinGroup(GroupMemberServiceImpl.java:38) ~[classes/:na]
	at com.nguyenthanhbang.Social_media.controller.user.GroupMemberController.joinGroup(GroupMemberController.java:26) ~[classes/:na]
	at java.base/jdk.internal.reflect.NativeMethodAccessorImpl.invoke0(Native Method) ~[na:na]
	at java.base/jdk.internal.reflect.NativeMethodAccessorImpl.invoke(NativeMethodAccessorImpl.java:77) ~[na:na]
	at java.base/jdk.internal.reflect.DelegatingMethodAccessorImpl.invoke(DelegatingMethodAccessorImpl.java:43) ~[na:na]
	at java.base/java.lang.reflect.Method.invoke(Method.java:568) ~[na:na]
	at org.springframework.web.method.support.InvocableHandlerMethod.doInvoke(InvocableHandlerMethod.java:255) ~[spring-web-6.1.21.jar:6.1.21]
	at org.springframework.web.method.support.InvocableHandlerMethod.invokeForRequest(InvocableHandlerMethod.java:188) ~[spring-web-6.1.21.jar:6.1.21]
	at org.springframework.web.servlet.mvc.method.annotation.ServletInvocableHandlerMethod.invokeAndHandle(ServletInvocableHandlerMethod.java:118) ~[spring-webmvc-6.1.21.jar:6.1.21]
	at org.springframework.web.servlet.mvc.method.annotation.RequestMappingHandlerAdapter.invokeHandlerMethod(RequestMappingHandlerAdapter.java:926) ~[spring-webmvc-6.1.21.jar:6.1.21]
	at org.springframework.web.servlet.mvc.method.annotation.RequestMappingHandlerAdapter.handleInternal(RequestMappingHandlerAdapter.java:831) ~[spring-webmvc-6.1.21.jar:6.1.21]
	at org.springframework.web.servlet.mvc.method.AbstractHandlerMethodAdapter.handle(AbstractHandlerMethodAdapter.java:87) ~[spring-webmvc-6.1.21.jar:6.1.21]
	at org.springframework.web.servlet.DispatcherServlet.doDispatch(DispatcherServlet.java:1089) ~[spring-webmvc-6.1.21.jar:6.1.21]
	at org.springframework.web.servlet.DispatcherServlet.doService(DispatcherServlet.java:979) ~[spring-webmvc-6.1.21.jar:6.1.21]
	at org.springframework.web.servlet.FrameworkServlet.processRequest(FrameworkServlet.java:1014) ~[spring-webmvc-6.1.21.jar:6.1.21]
	at org.springframework.web.servlet.FrameworkServlet.doPost(FrameworkServlet.java:914) ~[spring-webmvc-6.1.21.jar:6.1.21]
	at jakarta.servlet.http.HttpServlet.service(HttpServlet.java:590) ~[tomcat-embed-core-10.1.42.jar:6.0]
	at org.springframework.web.servlet.FrameworkServlet.service(FrameworkServlet.java:885) ~[spring-webmvc-6.1.21.jar:6.1.21]
	at jakarta.servlet.http.HttpServlet.service(HttpServlet.java:658) ~[tomcat-embed-core-10.1.42.jar:6.0]
	at org.apache.catalina.core.ApplicationFilterChain.internalDoFilter(ApplicationFilterChain.java:195) ~[tomcat-embed-core-10.1.42.jar:10.1.42]
	at org.apache.catalina.core.ApplicationFilterChain.doFilter(ApplicationFilterChain.java:140) ~[tomcat-embed-core-10.1.42.jar:10.1.42]
	at org.apache.tomcat.websocket.server.WsFilter.doFilter(WsFilter.java:51) ~[tomcat-embed-websocket-10.1.42.jar:10.1.42]
	at org.apache.catalina.core.ApplicationFilterChain.internalDoFilter(ApplicationFilterChain.java:164) ~[tomcat-embed-core-10.1.42.jar:10.1.42]
	at org.apache.catalina.core.ApplicationFilterChain.doFilter(ApplicationFilterChain.java:140) ~[tomcat-embed-core-10.1.42.jar:10.1.42]
	at org.springframework.web.filter.RequestContextFilter.doFilterInternal(RequestContextFilter.java:100) ~[spring-web-6.1.21.jar:6.1.21]
	at org.springframework.web.filter.OncePerRequestFilter.doFilter(OncePerRequestFilter.java:116) ~[spring-web-6.1.21.jar:6.1.21]
	at org.apache.catalina.core.ApplicationFilterChain.internalDoFilter(ApplicationFilterChain.java:164) ~[tomcat-embed-core-10.1.42.jar:10.1.42]
	at org.apache.catalina.core.ApplicationFilterChain.doFilter(ApplicationFilterChain.java:140) ~[tomcat-embed-core-10.1.42.jar:10.1.42]
	at org.springframework.web.filter.FormContentFilter.doFilterInternal(FormContentFilter.java:93) ~[spring-web-6.1.21.jar:6.1.21]
	at org.springframework.web.filter.OncePerRequestFilter.doFilter(OncePerRequestFilter.java:116) ~[spring-web-6.1.21.jar:6.1.21]
	at org.apache.catalina.core.ApplicationFilterChain.internalDoFilter(ApplicationFilterChain.java:164) ~[tomcat-embed-core-10.1.42.jar:10.1.42]
	at org.apache.catalina.core.ApplicationFilterChain.doFilter(ApplicationFilterChain.java:140) ~[tomcat-embed-core-10.1.42.jar:10.1.42]
	at org.springframework.web.filter.ServerHttpObservationFilter.doFilterInternal(ServerHttpObservationFilter.java:113) ~[spring-web-6.1.21.jar:6.1.21]
	at org.springframework.web.filter.OncePerRequestFilter.doFilter(OncePerRequestFilter.java:116) ~[spring-web-6.1.21.jar:6.1.21]
	at org.apache.catalina.core.ApplicationFilterChain.internalDoFilter(ApplicationFilterChain.java:164) ~[tomcat-embed-core-10.1.42.jar:10.1.42]
	at org.apache.catalina.core.ApplicationFilterChain.doFilter(ApplicationFilterChain.java:140) ~[tomcat-embed-core-10.1.42.jar:10.1.42]
	at org.springframework.web.filter.CharacterEncodingFilter.doFilterInternal(CharacterEncodingFilter.java:201) ~[spring-web-6.1.21.jar:6.1.21]
	at org.springframework.web.filter.OncePerRequestFilter.doFilter(OncePerRequestFilter.java:116) ~[spring-web-6.1.21.jar:6.1.21]
	at org.apache.catalina.core.ApplicationFilterChain.internalDoFilter(ApplicationFilterChain.java:164) ~[tomcat-embed-core-10.1.42.jar:10.1.42]
	at org.apache.catalina.core.ApplicationFilterChain.doFilter(ApplicationFilterChain.java:140) ~[tomcat-embed-core-10.1.42.jar:10.1.42]
	at org.apache.catalina.core.StandardWrapperValve.invoke(StandardWrapperValve.java:167) ~[tomcat-embed-core-10.1.42.jar:10.1.42]
	at org.apache.catalina.core.StandardContextValve.invoke(StandardContextValve.java:90) ~[tomcat-embed-core-10.1.42.jar:10.1.42]
	at org.apache.catalina.authenticator.AuthenticatorBase.invoke(AuthenticatorBase.java:483) ~[tomcat-embed-core-10.1.42.jar:10.1.42]
	at org.apache.catalina.core.StandardHostValve.invoke(StandardHostValve.java:116) ~[tomcat-embed-core-10.1.42.jar:10.1.42]
	at org.apache.catalina.valves.ErrorReportValve.invoke(ErrorReportValve.java:93) ~[tomcat-embed-core-10.1.42.jar:10.1.42]
	at org.apache.catalina.core.StandardEngineValve.invoke(StandardEngineValve.java:74) ~[tomcat-embed-core-10.1.42.jar:10.1.42]
	at org.apache.catalina.connector.CoyoteAdapter.service(CoyoteAdapter.java:344) ~[tomcat-embed-core-10.1.42.jar:10.1.42]
	at org.apache.coyote.http11.Http11Processor.service(Http11Processor.java:398) ~[tomcat-embed-core-10.1.42.jar:10.1.42]
	at org.apache.coyote.AbstractProcessorLight.process(AbstractProcessorLight.java:63) ~[tomcat-embed-core-10.1.42.jar:10.1.42]
	at org.apache.coyote.AbstractProtocol$ConnectionHandler.process(AbstractProtocol.java:903) ~[tomcat-embed-core-10.1.42.jar:10.1.42]
	at org.apache.tomcat.util.net.NioEndpoint$SocketProcessor.doRun(NioEndpoint.java:1769) ~[tomcat-embed-core-10.1.42.jar:10.1.42]
	at org.apache.tomcat.util.net.SocketProcessorBase.run(SocketProcessorBase.java:52) ~[tomcat-embed-core-10.1.42.jar:10.1.42]
	at org.apache.tomcat.util.threads.ThreadPoolExecutor.runWorker(ThreadPoolExecutor.java:1189) ~[tomcat-embed-core-10.1.42.jar:10.1.42]
	at org.apache.tomcat.util.threads.ThreadPoolExecutor$Worker.run(ThreadPoolExecutor.java:658) ~[tomcat-embed-core-10.1.42.jar:10.1.42]
	at org.apache.tomcat.util.threads.TaskThread$WrappingRunnable.run(TaskThread.java:63) ~[tomcat-embed-core-10.1.42.jar:10.1.42]
	at java.base/java.lang.Thread.run(Thread.java:842) ~[na:na]

2026-06-04T13:48:53.122+07:00  INFO [group-service,,] 15876 --- [group-service] [AsyncResolver-bootstrap-executor-%d] [                                                 ] c.n.d.s.r.aws.ConfigClusterResolver      : Resolving eureka endpoints via configuration
2026-06-04T13:50:13.190+07:00  WARN [group-service,ace5f087e1bcfcd0fc42675defc0a9f8,a82d30e113d74526] 15876 --- [group-service] [http-nio-8085-exec-6] [ace5f087e1bcfcd0fc42675defc0a9f8-a82d30e113d74526] o.h.engine.jdbc.spi.SqlExceptionHelper   : SQL Warning Code: 0, SQLState: 01000
2026-06-04T13:50:13.198+07:00  WARN [group-service,ace5f087e1bcfcd0fc42675defc0a9f8,a82d30e113d74526] 15876 --- [group-service] [http-nio-8085-exec-6] [ace5f087e1bcfcd0fc42675defc0a9f8-a82d30e113d74526] o.h.engine.jdbc.spi.SqlExceptionHelper   : database "social_media_group" has a collation version mismatch
2026-06-04T13:50:13.235+07:00  WARN [group-service,c32c3ed2536168d01a8176463ed5c6fb,29250183bc5d3c0c] 15876 --- [group-service] [http-nio-8085-exec-3] [c32c3ed2536168d01a8176463ed5c6fb-29250183bc5d3c0c] o.h.engine.jdbc.spi.SqlExceptionHelper   : SQL Warning Code: 0, SQLState: 01000
2026-06-04T13:50:13.236+07:00  WARN [group-service,c32c3ed2536168d01a8176463ed5c6fb,29250183bc5d3c0c] 15876 --- [group-service] [http-nio-8085-exec-3] [c32c3ed2536168d01a8176463ed5c6fb-29250183bc5d3c0c] o.h.engine.jdbc.spi.SqlExceptionHelper   : database "social_media_group" has a collation version mismatch
2026-06-04T13:50:13.246+07:00 ERROR [group-service,,] 15876 --- [group-service] [http-nio-8085-exec-3] [                                                 ] o.a.c.c.C.[.[.[/].[dispatcherServlet]    : Servlet.service() for servlet [dispatcherServlet] in context with path [] threw exception [Request processing failed: jakarta.persistence.EntityNotFoundException: Group member not found] with root cause

jakarta.persistence.EntityNotFoundException: Group member not found
	at com.nguyenthanhbang.Social_media.service.impl.GroupMemberServiceImpl.lambda$getMembershipStatus$13(GroupMemberServiceImpl.java:207) ~[classes/:na]
	at java.base/java.util.Optional.orElseThrow(Optional.java:403) ~[na:na]
	at com.nguyenthanhbang.Social_media.service.impl.GroupMemberServiceImpl.getMembershipStatus(GroupMemberServiceImpl.java:207) ~[classes/:na]
	at com.nguyenthanhbang.Social_media.controller.user.GroupMemberController.getStatus(GroupMemberController.java:96) ~[classes/:na]
	at java.base/jdk.internal.reflect.NativeMethodAccessorImpl.invoke0(Native Method) ~[na:na]
	at java.base/jdk.internal.reflect.NativeMethodAccessorImpl.invoke(NativeMethodAccessorImpl.java:77) ~[na:na]
	at java.base/jdk.internal.reflect.DelegatingMethodAccessorImpl.invoke(DelegatingMethodAccessorImpl.java:43) ~[na:na]
	at java.base/java.lang.reflect.Method.invoke(Method.java:568) ~[na:na]
	at org.springframework.web.method.support.InvocableHandlerMethod.doInvoke(InvocableHandlerMethod.java:255) ~[spring-web-6.1.21.jar:6.1.21]
	at org.springframework.web.method.support.InvocableHandlerMethod.invokeForRequest(InvocableHandlerMethod.java:188) ~[spring-web-6.1.21.jar:6.1.21]
	at org.springframework.web.servlet.mvc.method.annotation.ServletInvocableHandlerMethod.invokeAndHandle(ServletInvocableHandlerMethod.java:118) ~[spring-webmvc-6.1.21.jar:6.1.21]
	at org.springframework.web.servlet.mvc.method.annotation.RequestMappingHandlerAdapter.invokeHandlerMethod(RequestMappingHandlerAdapter.java:926) ~[spring-webmvc-6.1.21.jar:6.1.21]
	at org.springframework.web.servlet.mvc.method.annotation.RequestMappingHandlerAdapter.handleInternal(RequestMappingHandlerAdapter.java:831) ~[spring-webmvc-6.1.21.jar:6.1.21]
	at org.springframework.web.servlet.mvc.method.AbstractHandlerMethodAdapter.handle(AbstractHandlerMethodAdapter.java:87) ~[spring-webmvc-6.1.21.jar:6.1.21]
	at org.springframework.web.servlet.DispatcherServlet.doDispatch(DispatcherServlet.java:1089) ~[spring-webmvc-6.1.21.jar:6.1.21]
	at org.springframework.web.servlet.DispatcherServlet.doService(DispatcherServlet.java:979) ~[spring-webmvc-6.1.21.jar:6.1.21]
	at org.springframework.web.servlet.FrameworkServlet.processRequest(FrameworkServlet.java:1014) ~[spring-webmvc-6.1.21.jar:6.1.21]
	at org.springframework.web.servlet.FrameworkServlet.doGet(FrameworkServlet.java:903) ~[spring-webmvc-6.1.21.jar:6.1.21]
	at jakarta.servlet.http.HttpServlet.service(HttpServlet.java:564) ~[tomcat-embed-core-10.1.42.jar:6.0]
	at org.springframework.web.servlet.FrameworkServlet.service(FrameworkServlet.java:885) ~[spring-webmvc-6.1.21.jar:6.1.21]
	at jakarta.servlet.http.HttpServlet.service(HttpServlet.java:658) ~[tomcat-embed-core-10.1.42.jar:6.0]
	at org.apache.catalina.core.ApplicationFilterChain.internalDoFilter(ApplicationFilterChain.java:195) ~[tomcat-embed-core-10.1.42.jar:10.1.42]
	at org.apache.catalina.core.ApplicationFilterChain.doFilter(ApplicationFilterChain.java:140) ~[tomcat-embed-core-10.1.42.jar:10.1.42]
	at org.apache.tomcat.websocket.server.WsFilter.doFilter(WsFilter.java:51) ~[tomcat-embed-websocket-10.1.42.jar:10.1.42]
	at org.apache.catalina.core.ApplicationFilterChain.internalDoFilter(ApplicationFilterChain.java:164) ~[tomcat-embed-core-10.1.42.jar:10.1.42]
	at org.apache.catalina.core.ApplicationFilterChain.doFilter(ApplicationFilterChain.java:140) ~[tomcat-embed-core-10.1.42.jar:10.1.42]
	at org.springframework.web.filter.RequestContextFilter.doFilterInternal(RequestContextFilter.java:100) ~[spring-web-6.1.21.jar:6.1.21]
	at org.springframework.web.filter.OncePerRequestFilter.doFilter(OncePerRequestFilter.java:116) ~[spring-web-6.1.21.jar:6.1.21]
	at org.apache.catalina.core.ApplicationFilterChain.internalDoFilter(ApplicationFilterChain.java:164) ~[tomcat-embed-core-10.1.42.jar:10.1.42]
	at org.apache.catalina.core.ApplicationFilterChain.doFilter(ApplicationFilterChain.java:140) ~[tomcat-embed-core-10.1.42.jar:10.1.42]
	at org.springframework.web.filter.FormContentFilter.doFilterInternal(FormContentFilter.java:93) ~[spring-web-6.1.21.jar:6.1.21]
	at org.springframework.web.filter.OncePerRequestFilter.doFilter(OncePerRequestFilter.java:116) ~[spring-web-6.1.21.jar:6.1.21]
	at org.apache.catalina.core.ApplicationFilterChain.internalDoFilter(ApplicationFilterChain.java:164) ~[tomcat-embed-core-10.1.42.jar:10.1.42]
	at org.apache.catalina.core.ApplicationFilterChain.doFilter(ApplicationFilterChain.java:140) ~[tomcat-embed-core-10.1.42.jar:10.1.42]
	at org.springframework.web.filter.ServerHttpObservationFilter.doFilterInternal(ServerHttpObservationFilter.java:113) ~[spring-web-6.1.21.jar:6.1.21]
	at org.springframework.web.filter.OncePerRequestFilter.doFilter(OncePerRequestFilter.java:116) ~[spring-web-6.1.21.jar:6.1.21]
	at org.apache.catalina.core.ApplicationFilterChain.internalDoFilter(ApplicationFilterChain.java:164) ~[tomcat-embed-core-10.1.42.jar:10.1.42]
	at org.apache.catalina.core.ApplicationFilterChain.doFilter(ApplicationFilterChain.java:140) ~[tomcat-embed-core-10.1.42.jar:10.1.42]
	at org.springframework.web.filter.CharacterEncodingFilter.doFilterInternal(CharacterEncodingFilter.java:201) ~[spring-web-6.1.21.jar:6.1.21]
	at org.springframework.web.filter.OncePerRequestFilter.doFilter(OncePerRequestFilter.java:116) ~[spring-web-6.1.21.jar:6.1.21]
	at org.apache.catalina.core.ApplicationFilterChain.internalDoFilter(ApplicationFilterChain.java:164) ~[tomcat-embed-core-10.1.42.jar:10.1.42]
	at org.apache.catalina.core.ApplicationFilterChain.doFilter(ApplicationFilterChain.java:140) ~[tomcat-embed-core-10.1.42.jar:10.1.42]
	at org.apache.catalina.core.StandardWrapperValve.invoke(StandardWrapperValve.java:167) ~[tomcat-embed-core-10.1.42.jar:10.1.42]
	at org.apache.catalina.core.StandardContextValve.invoke(StandardContextValve.java:90) ~[tomcat-embed-core-10.1.42.jar:10.1.42]
	at org.apache.catalina.authenticator.AuthenticatorBase.invoke(AuthenticatorBase.java:483) ~[tomcat-embed-core-10.1.42.jar:10.1.42]
	at org.apache.catalina.core.StandardHostValve.invoke(StandardHostValve.java:116) ~[tomcat-embed-core-10.1.42.jar:10.1.42]
	at org.apache.catalina.valves.ErrorReportValve.invoke(ErrorReportValve.java:93) ~[tomcat-embed-core-10.1.42.jar:10.1.42]
	at org.apache.catalina.core.StandardEngineValve.invoke(StandardEngineValve.java:74) ~[tomcat-embed-core-10.1.42.jar:10.1.42]
	at org.apache.catalina.connector.CoyoteAdapter.service(CoyoteAdapter.java:344) ~[tomcat-embed-core-10.1.42.jar:10.1.42]
	at org.apache.coyote.http11.Http11Processor.service(Http11Processor.java:398) ~[tomcat-embed-core-10.1.42.jar:10.1.42]
	at org.apache.coyote.AbstractProcessorLight.process(AbstractProcessorLight.java:63) ~[tomcat-embed-core-10.1.42.jar:10.1.42]
	at org.apache.coyote.AbstractProtocol$ConnectionHandler.process(AbstractProtocol.java:903) ~[tomcat-embed-core-10.1.42.jar:10.1.42]
	at org.apache.tomcat.util.net.NioEndpoint$SocketProcessor.doRun(NioEndpoint.java:1769) ~[tomcat-embed-core-10.1.42.jar:10.1.42]
	at org.apache.tomcat.util.net.SocketProcessorBase.run(SocketProcessorBase.java:52) ~[tomcat-embed-core-10.1.42.jar:10.1.42]
	at org.apache.tomcat.util.threads.ThreadPoolExecutor.runWorker(ThreadPoolExecutor.java:1189) ~[tomcat-embed-core-10.1.42.jar:10.1.42]
	at org.apache.tomcat.util.threads.ThreadPoolExecutor$Worker.run(ThreadPoolExecutor.java:658) ~[tomcat-embed-core-10.1.42.jar:10.1.42]
	at org.apache.tomcat.util.threads.TaskThread$WrappingRunnable.run(TaskThread.java:63) ~[tomcat-embed-core-10.1.42.jar:10.1.42]
	at java.base/java.lang.Thread.run(Thread.java:842) ~[na:na]

2026-06-04T13:50:13.266+07:00  WARN [group-service,3885547b11ced51da236c617ddb0ff4d,7f32371e4d5f092b] 15876 --- [group-service] [http-nio-8085-exec-14] [3885547b11ced51da236c617ddb0ff4d-7f32371e4d5f092b] o.h.engine.jdbc.spi.SqlExceptionHelper   : SQL Warning Code: 0, SQLState: 01000
2026-06-04T13:50:13.271+07:00  WARN [group-service,3885547b11ced51da236c617ddb0ff4d,7f32371e4d5f092b] 15876 --- [group-service] [http-nio-8085-exec-14] [3885547b11ced51da236c617ddb0ff4d-7f32371e4d5f092b] o.h.engine.jdbc.spi.SqlExceptionHelper   : database "social_media_group" has a collation version mismatch
2026-06-04T13:53:53.136+07:00  INFO [group-service,,] 15876 --- [group-service] [AsyncResolver-bootstrap-executor-%d] [                                                 ] c.n.d.s.r.aws.ConfigClusterResolver      : Resolving eureka endpoints via configuration
2026-06-04T13:58:53.153+07:00  INFO [group-service,,] 15876 --- [group-service] [AsyncResolver-bootstrap-executor-%d] [                                                 ] c.n.d.s.r.aws.ConfigClusterResolver      : Resolving eureka endpoints via configuration
2026-06-04T14:03:53.162+07:00  INFO [group-service,,] 15876 --- [group-service] [AsyncResolver-bootstrap-executor-%d] [                                                 ] c.n.d.s.r.aws.ConfigClusterResolver      : Resolving eureka endpoints via configuration
2026-06-04T14:08:53.221+07:00  INFO [group-service,,] 15876 --- [group-service] [AsyncResolver-bootstrap-executor-%d] [                                                 ] c.n.d.s.r.aws.ConfigClusterResolver      : Resolving eureka endpoints via configuration
2026-06-04T14:13:53.244+07:00  INFO [group-service,,] 15876 --- [group-service] [AsyncResolver-bootstrap-executor-%d] [                                                 ] c.n.d.s.r.aws.ConfigClusterResolver      : Resolving eureka endpoints via configuration
2026-06-04T14:16:56.459+07:00  WARN [group-service,4fc7293c23d1ec923e8d5fc4fd8c0367,76488b98748ffc31] 15876 --- [group-service] [http-nio-8085-exec-7] [4fc7293c23d1ec923e8d5fc4fd8c0367-76488b98748ffc31] o.h.engine.jdbc.spi.SqlExceptionHelper   : SQL Warning Code: 0, SQLState: 01000
2026-06-04T14:16:56.459+07:00  WARN [group-service,4fc7293c23d1ec923e8d5fc4fd8c0367,76488b98748ffc31] 15876 --- [group-service] [http-nio-8085-exec-7] [4fc7293c23d1ec923e8d5fc4fd8c0367-76488b98748ffc31] o.h.engine.jdbc.spi.SqlExceptionHelper   : database "social_media_group" has a collation version mismatch
2026-06-04T14:16:56.475+07:00  WARN [group-service,569014d7319fa2da365050974375284b,0456c5c5dbc8055f] 15876 --- [group-service] [http-nio-8085-exec-3] [569014d7319fa2da365050974375284b-0456c5c5dbc8055f] o.h.engine.jdbc.spi.SqlExceptionHelper   : SQL Warning Code: 0, SQLState: 01000
2026-06-04T14:16:56.475+07:00  WARN [group-service,569014d7319fa2da365050974375284b,0456c5c5dbc8055f] 15876 --- [group-service] [http-nio-8085-exec-3] [569014d7319fa2da365050974375284b-0456c5c5dbc8055f] o.h.engine.jdbc.spi.SqlExceptionHelper   : database "social_media_group" has a collation version mismatch
2026-06-04T14:17:16.039+07:00  WARN [group-service,e7f2bd8ca54bb4e255e8c4fe4bc45b9c,a6316a76836c1491] 15876 --- [group-service] [http-nio-8085-exec-18] [e7f2bd8ca54bb4e255e8c4fe4bc45b9c-a6316a76836c1491] o.h.engine.jdbc.spi.SqlExceptionHelper   : SQL Warning Code: 0, SQLState: 01000
2026-06-04T14:17:16.039+07:00  WARN [group-service,e7f2bd8ca54bb4e255e8c4fe4bc45b9c,a6316a76836c1491] 15876 --- [group-service] [http-nio-8085-exec-18] [e7f2bd8ca54bb4e255e8c4fe4bc45b9c-a6316a76836c1491] o.h.engine.jdbc.spi.SqlExceptionHelper   : database "social_media_group" has a collation version mismatch
2026-06-04T14:17:16.052+07:00  WARN [group-service,b4b1b5c0ea26404125058928dcb8c3b5,8167210a499ead72] 15876 --- [group-service] [http-nio-8085-exec-3] [b4b1b5c0ea26404125058928dcb8c3b5-8167210a499ead72] o.h.engine.jdbc.spi.SqlExceptionHelper   : SQL Warning Code: 0, SQLState: 01000
2026-06-04T14:17:16.054+07:00  WARN [group-service,b4b1b5c0ea26404125058928dcb8c3b5,8167210a499ead72] 15876 --- [group-service] [http-nio-8085-exec-3] [b4b1b5c0ea26404125058928dcb8c3b5-8167210a499ead72] o.h.engine.jdbc.spi.SqlExceptionHelper   : database "social_media_group" has a collation version mismatch
2026-06-04T14:17:16.066+07:00 ERROR [group-service,,] 15876 --- [group-service] [http-nio-8085-exec-3] [                                                 ] o.a.c.c.C.[.[.[/].[dispatcherServlet]    : Servlet.service() for servlet [dispatcherServlet] in context with path [] threw exception [Request processing failed: jakarta.persistence.EntityNotFoundException: Group member not found] with root cause

jakarta.persistence.EntityNotFoundException: Group member not found
	at com.nguyenthanhbang.Social_media.service.impl.GroupMemberServiceImpl.lambda$getMembershipStatus$13(GroupMemberServiceImpl.java:207) ~[classes/:na]
	at java.base/java.util.Optional.orElseThrow(Optional.java:403) ~[na:na]
	at com.nguyenthanhbang.Social_media.service.impl.GroupMemberServiceImpl.getMembershipStatus(GroupMemberServiceImpl.java:207) ~[classes/:na]
	at com.nguyenthanhbang.Social_media.controller.user.GroupMemberController.getStatus(GroupMemberController.java:96) ~[classes/:na]
	at java.base/jdk.internal.reflect.NativeMethodAccessorImpl.invoke0(Native Method) ~[na:na]
	at java.base/jdk.internal.reflect.NativeMethodAccessorImpl.invoke(NativeMethodAccessorImpl.java:77) ~[na:na]
	at java.base/jdk.internal.reflect.DelegatingMethodAccessorImpl.invoke(DelegatingMethodAccessorImpl.java:43) ~[na:na]
	at java.base/java.lang.reflect.Method.invoke(Method.java:568) ~[na:na]
	at org.springframework.web.method.support.InvocableHandlerMethod.doInvoke(InvocableHandlerMethod.java:255) ~[spring-web-6.1.21.jar:6.1.21]
	at org.springframework.web.method.support.InvocableHandlerMethod.invokeForRequest(InvocableHandlerMethod.java:188) ~[spring-web-6.1.21.jar:6.1.21]
	at org.springframework.web.servlet.mvc.method.annotation.ServletInvocableHandlerMethod.invokeAndHandle(ServletInvocableHandlerMethod.java:118) ~[spring-webmvc-6.1.21.jar:6.1.21]
	at org.springframework.web.servlet.mvc.method.annotation.RequestMappingHandlerAdapter.invokeHandlerMethod(RequestMappingHandlerAdapter.java:926) ~[spring-webmvc-6.1.21.jar:6.1.21]
	at org.springframework.web.servlet.mvc.method.annotation.RequestMappingHandlerAdapter.handleInternal(RequestMappingHandlerAdapter.java:831) ~[spring-webmvc-6.1.21.jar:6.1.21]
	at org.springframework.web.servlet.mvc.method.AbstractHandlerMethodAdapter.handle(AbstractHandlerMethodAdapter.java:87) ~[spring-webmvc-6.1.21.jar:6.1.21]
	at org.springframework.web.servlet.DispatcherServlet.doDispatch(DispatcherServlet.java:1089) ~[spring-webmvc-6.1.21.jar:6.1.21]
	at org.springframework.web.servlet.DispatcherServlet.doService(DispatcherServlet.java:979) ~[spring-webmvc-6.1.21.jar:6.1.21]
	at org.springframework.web.servlet.FrameworkServlet.processRequest(FrameworkServlet.java:1014) ~[spring-webmvc-6.1.21.jar:6.1.21]
	at org.springframework.web.servlet.FrameworkServlet.doGet(FrameworkServlet.java:903) ~[spring-webmvc-6.1.21.jar:6.1.21]
	at jakarta.servlet.http.HttpServlet.service(HttpServlet.java:564) ~[tomcat-embed-core-10.1.42.jar:6.0]
	at org.springframework.web.servlet.FrameworkServlet.service(FrameworkServlet.java:885) ~[spring-webmvc-6.1.21.jar:6.1.21]
	at jakarta.servlet.http.HttpServlet.service(HttpServlet.java:658) ~[tomcat-embed-core-10.1.42.jar:6.0]
	at org.apache.catalina.core.ApplicationFilterChain.internalDoFilter(ApplicationFilterChain.java:195) ~[tomcat-embed-core-10.1.42.jar:10.1.42]
	at org.apache.catalina.core.ApplicationFilterChain.doFilter(ApplicationFilterChain.java:140) ~[tomcat-embed-core-10.1.42.jar:10.1.42]
	at org.apache.tomcat.websocket.server.WsFilter.doFilter(WsFilter.java:51) ~[tomcat-embed-websocket-10.1.42.jar:10.1.42]
	at org.apache.catalina.core.ApplicationFilterChain.internalDoFilter(ApplicationFilterChain.java:164) ~[tomcat-embed-core-10.1.42.jar:10.1.42]
	at org.apache.catalina.core.ApplicationFilterChain.doFilter(ApplicationFilterChain.java:140) ~[tomcat-embed-core-10.1.42.jar:10.1.42]
	at org.springframework.web.filter.RequestContextFilter.doFilterInternal(RequestContextFilter.java:100) ~[spring-web-6.1.21.jar:6.1.21]
	at org.springframework.web.filter.OncePerRequestFilter.doFilter(OncePerRequestFilter.java:116) ~[spring-web-6.1.21.jar:6.1.21]
	at org.apache.catalina.core.ApplicationFilterChain.internalDoFilter(ApplicationFilterChain.java:164) ~[tomcat-embed-core-10.1.42.jar:10.1.42]
	at org.apache.catalina.core.ApplicationFilterChain.doFilter(ApplicationFilterChain.java:140) ~[tomcat-embed-core-10.1.42.jar:10.1.42]
	at org.springframework.web.filter.FormContentFilter.doFilterInternal(FormContentFilter.java:93) ~[spring-web-6.1.21.jar:6.1.21]
	at org.springframework.web.filter.OncePerRequestFilter.doFilter(OncePerRequestFilter.java:116) ~[spring-web-6.1.21.jar:6.1.21]
	at org.apache.catalina.core.ApplicationFilterChain.internalDoFilter(ApplicationFilterChain.java:164) ~[tomcat-embed-core-10.1.42.jar:10.1.42]
	at org.apache.catalina.core.ApplicationFilterChain.doFilter(ApplicationFilterChain.java:140) ~[tomcat-embed-core-10.1.42.jar:10.1.42]
	at org.springframework.web.filter.ServerHttpObservationFilter.doFilterInternal(ServerHttpObservationFilter.java:113) ~[spring-web-6.1.21.jar:6.1.21]
	at org.springframework.web.filter.OncePerRequestFilter.doFilter(OncePerRequestFilter.java:116) ~[spring-web-6.1.21.jar:6.1.21]
	at org.apache.catalina.core.ApplicationFilterChain.internalDoFilter(ApplicationFilterChain.java:164) ~[tomcat-embed-core-10.1.42.jar:10.1.42]
	at org.apache.catalina.core.ApplicationFilterChain.doFilter(ApplicationFilterChain.java:140) ~[tomcat-embed-core-10.1.42.jar:10.1.42]
	at org.springframework.web.filter.CharacterEncodingFilter.doFilterInternal(CharacterEncodingFilter.java:201) ~[spring-web-6.1.21.jar:6.1.21]
	at org.springframework.web.filter.OncePerRequestFilter.doFilter(OncePerRequestFilter.java:116) ~[spring-web-6.1.21.jar:6.1.21]
	at org.apache.catalina.core.ApplicationFilterChain.internalDoFilter(ApplicationFilterChain.java:164) ~[tomcat-embed-core-10.1.42.jar:10.1.42]
	at org.apache.catalina.core.ApplicationFilterChain.doFilter(ApplicationFilterChain.java:140) ~[tomcat-embed-core-10.1.42.jar:10.1.42]
	at org.apache.catalina.core.StandardWrapperValve.invoke(StandardWrapperValve.java:167) ~[tomcat-embed-core-10.1.42.jar:10.1.42]
	at org.apache.catalina.core.StandardContextValve.invoke(StandardContextValve.java:90) ~[tomcat-embed-core-10.1.42.jar:10.1.42]
	at org.apache.catalina.authenticator.AuthenticatorBase.invoke(AuthenticatorBase.java:483) ~[tomcat-embed-core-10.1.42.jar:10.1.42]
	at org.apache.catalina.core.StandardHostValve.invoke(StandardHostValve.java:116) ~[tomcat-embed-core-10.1.42.jar:10.1.42]
	at org.apache.catalina.valves.ErrorReportValve.invoke(ErrorReportValve.java:93) ~[tomcat-embed-core-10.1.42.jar:10.1.42]
	at org.apache.catalina.core.StandardEngineValve.invoke(StandardEngineValve.java:74) ~[tomcat-embed-core-10.1.42.jar:10.1.42]
	at org.apache.catalina.connector.CoyoteAdapter.service(CoyoteAdapter.java:344) ~[tomcat-embed-core-10.1.42.jar:10.1.42]
	at org.apache.coyote.http11.Http11Processor.service(Http11Processor.java:398) ~[tomcat-embed-core-10.1.42.jar:10.1.42]
	at org.apache.coyote.AbstractProcessorLight.process(AbstractProcessorLight.java:63) ~[tomcat-embed-core-10.1.42.jar:10.1.42]
	at org.apache.coyote.AbstractProtocol$ConnectionHandler.process(AbstractProtocol.java:903) ~[tomcat-embed-core-10.1.42.jar:10.1.42]
	at org.apache.tomcat.util.net.NioEndpoint$SocketProcessor.doRun(NioEndpoint.java:1769) ~[tomcat-embed-core-10.1.42.jar:10.1.42]
	at org.apache.tomcat.util.net.SocketProcessorBase.run(SocketProcessorBase.java:52) ~[tomcat-embed-core-10.1.42.jar:10.1.42]
	at org.apache.tomcat.util.threads.ThreadPoolExecutor.runWorker(ThreadPoolExecutor.java:1189) ~[tomcat-embed-core-10.1.42.jar:10.1.42]
	at org.apache.tomcat.util.threads.ThreadPoolExecutor$Worker.run(ThreadPoolExecutor.java:658) ~[tomcat-embed-core-10.1.42.jar:10.1.42]
	at org.apache.tomcat.util.threads.TaskThread$WrappingRunnable.run(TaskThread.java:63) ~[tomcat-embed-core-10.1.42.jar:10.1.42]
	at java.base/java.lang.Thread.run(Thread.java:842) ~[na:na]

2026-06-04T14:17:23.141+07:00 ERROR [group-service,,] 15876 --- [group-service] [http-nio-8085-exec-14] [                                                 ] o.a.c.c.C.[.[.[/].[dispatcherServlet]    : Servlet.service() for servlet [dispatcherServlet] in context with path [] threw exception [Request processing failed: feign.FeignException$Unauthorized: [401] during [GET] to [http://user-service/api/v1/internal/users/5] [UserClient#getUserById(Long)]: [Unauthorized]] with root cause

feign.FeignException$Unauthorized: [401] during [GET] to [http://user-service/api/v1/internal/users/5] [UserClient#getUserById(Long)]: [Unauthorized]
	at feign.FeignException.clientErrorStatus(FeignException.java:245) ~[feign-core-13.5.jar:na]
	at feign.FeignException.errorStatus(FeignException.java:223) ~[feign-core-13.5.jar:na]
	at feign.FeignException.errorStatus(FeignException.java:213) ~[feign-core-13.5.jar:na]
	at feign.codec.ErrorDecoder$Default.decode(ErrorDecoder.java:103) ~[feign-core-13.5.jar:na]
	at feign.InvocationContext.decodeError(InvocationContext.java:133) ~[feign-core-13.5.jar:na]
	at feign.InvocationContext.proceed(InvocationContext.java:80) ~[feign-core-13.5.jar:na]
	at feign.ResponseHandler.handleResponse(ResponseHandler.java:69) ~[feign-core-13.5.jar:na]
	at feign.SynchronousMethodHandler.executeAndDecode(SynchronousMethodHandler.java:109) ~[feign-core-13.5.jar:na]
	at feign.SynchronousMethodHandler.invoke(SynchronousMethodHandler.java:53) ~[feign-core-13.5.jar:na]
	at feign.ReflectiveFeign$FeignInvocationHandler.invoke(ReflectiveFeign.java:104) ~[feign-core-13.5.jar:na]
	at jdk.proxy2/jdk.proxy2.$Proxy177.getUserById(Unknown Source) ~[na:na]
	at com.nguyenthanhbang.Social_media.service.impl.GroupMemberServiceImpl.joinGroup(GroupMemberServiceImpl.java:38) ~[classes/:na]
	at com.nguyenthanhbang.Social_media.controller.user.GroupMemberController.joinGroup(GroupMemberController.java:26) ~[classes/:na]
	at java.base/jdk.internal.reflect.NativeMethodAccessorImpl.invoke0(Native Method) ~[na:na]
	at java.base/jdk.internal.reflect.NativeMethodAccessorImpl.invoke(NativeMethodAccessorImpl.java:77) ~[na:na]
	at java.base/jdk.internal.reflect.DelegatingMethodAccessorImpl.invoke(DelegatingMethodAccessorImpl.java:43) ~[na:na]
	at java.base/java.lang.reflect.Method.invoke(Method.java:568) ~[na:na]
	at org.springframework.web.method.support.InvocableHandlerMethod.doInvoke(InvocableHandlerMethod.java:255) ~[spring-web-6.1.21.jar:6.1.21]
	at org.springframework.web.method.support.InvocableHandlerMethod.invokeForRequest(InvocableHandlerMethod.java:188) ~[spring-web-6.1.21.jar:6.1.21]
	at org.springframework.web.servlet.mvc.method.annotation.ServletInvocableHandlerMethod.invokeAndHandle(ServletInvocableHandlerMethod.java:118) ~[spring-webmvc-6.1.21.jar:6.1.21]
	at org.springframework.web.servlet.mvc.method.annotation.RequestMappingHandlerAdapter.invokeHandlerMethod(RequestMappingHandlerAdapter.java:926) ~[spring-webmvc-6.1.21.jar:6.1.21]
	at org.springframework.web.servlet.mvc.method.annotation.RequestMappingHandlerAdapter.handleInternal(RequestMappingHandlerAdapter.java:831) ~[spring-webmvc-6.1.21.jar:6.1.21]
	at org.springframework.web.servlet.mvc.method.AbstractHandlerMethodAdapter.handle(AbstractHandlerMethodAdapter.java:87) ~[spring-webmvc-6.1.21.jar:6.1.21]
	at org.springframework.web.servlet.DispatcherServlet.doDispatch(DispatcherServlet.java:1089) ~[spring-webmvc-6.1.21.jar:6.1.21]
	at org.springframework.web.servlet.DispatcherServlet.doService(DispatcherServlet.java:979) ~[spring-webmvc-6.1.21.jar:6.1.21]
	at org.springframework.web.servlet.FrameworkServlet.processRequest(FrameworkServlet.java:1014) ~[spring-webmvc-6.1.21.jar:6.1.21]
	at org.springframework.web.servlet.FrameworkServlet.doPost(FrameworkServlet.java:914) ~[spring-webmvc-6.1.21.jar:6.1.21]
	at jakarta.servlet.http.HttpServlet.service(HttpServlet.java:590) ~[tomcat-embed-core-10.1.42.jar:6.0]
	at org.springframework.web.servlet.FrameworkServlet.service(FrameworkServlet.java:885) ~[spring-webmvc-6.1.21.jar:6.1.21]
	at jakarta.servlet.http.HttpServlet.service(HttpServlet.java:658) ~[tomcat-embed-core-10.1.42.jar:6.0]
	at org.apache.catalina.core.ApplicationFilterChain.internalDoFilter(ApplicationFilterChain.java:195) ~[tomcat-embed-core-10.1.42.jar:10.1.42]
	at org.apache.catalina.core.ApplicationFilterChain.doFilter(ApplicationFilterChain.java:140) ~[tomcat-embed-core-10.1.42.jar:10.1.42]
	at org.apache.tomcat.websocket.server.WsFilter.doFilter(WsFilter.java:51) ~[tomcat-embed-websocket-10.1.42.jar:10.1.42]
	at org.apache.catalina.core.ApplicationFilterChain.internalDoFilter(ApplicationFilterChain.java:164) ~[tomcat-embed-core-10.1.42.jar:10.1.42]
	at org.apache.catalina.core.ApplicationFilterChain.doFilter(ApplicationFilterChain.java:140) ~[tomcat-embed-core-10.1.42.jar:10.1.42]
	at org.springframework.web.filter.RequestContextFilter.doFilterInternal(RequestContextFilter.java:100) ~[spring-web-6.1.21.jar:6.1.21]
	at org.springframework.web.filter.OncePerRequestFilter.doFilter(OncePerRequestFilter.java:116) ~[spring-web-6.1.21.jar:6.1.21]
	at org.apache.catalina.core.ApplicationFilterChain.internalDoFilter(ApplicationFilterChain.java:164) ~[tomcat-embed-core-10.1.42.jar:10.1.42]
	at org.apache.catalina.core.ApplicationFilterChain.doFilter(ApplicationFilterChain.java:140) ~[tomcat-embed-core-10.1.42.jar:10.1.42]
	at org.springframework.web.filter.FormContentFilter.doFilterInternal(FormContentFilter.java:93) ~[spring-web-6.1.21.jar:6.1.21]
	at org.springframework.web.filter.OncePerRequestFilter.doFilter(OncePerRequestFilter.java:116) ~[spring-web-6.1.21.jar:6.1.21]
	at org.apache.catalina.core.ApplicationFilterChain.internalDoFilter(ApplicationFilterChain.java:164) ~[tomcat-embed-core-10.1.42.jar:10.1.42]
	at org.apache.catalina.core.ApplicationFilterChain.doFilter(ApplicationFilterChain.java:140) ~[tomcat-embed-core-10.1.42.jar:10.1.42]
	at org.springframework.web.filter.ServerHttpObservationFilter.doFilterInternal(ServerHttpObservationFilter.java:113) ~[spring-web-6.1.21.jar:6.1.21]
	at org.springframework.web.filter.OncePerRequestFilter.doFilter(OncePerRequestFilter.java:116) ~[spring-web-6.1.21.jar:6.1.21]
	at org.apache.catalina.core.ApplicationFilterChain.internalDoFilter(ApplicationFilterChain.java:164) ~[tomcat-embed-core-10.1.42.jar:10.1.42]
	at org.apache.catalina.core.ApplicationFilterChain.doFilter(ApplicationFilterChain.java:140) ~[tomcat-embed-core-10.1.42.jar:10.1.42]
	at org.springframework.web.filter.CharacterEncodingFilter.doFilterInternal(CharacterEncodingFilter.java:201) ~[spring-web-6.1.21.jar:6.1.21]
	at org.springframework.web.filter.OncePerRequestFilter.doFilter(OncePerRequestFilter.java:116) ~[spring-web-6.1.21.jar:6.1.21]
	at org.apache.catalina.core.ApplicationFilterChain.internalDoFilter(ApplicationFilterChain.java:164) ~[tomcat-embed-core-10.1.42.jar:10.1.42]
	at org.apache.catalina.core.ApplicationFilterChain.doFilter(ApplicationFilterChain.java:140) ~[tomcat-embed-core-10.1.42.jar:10.1.42]
	at org.apache.catalina.core.StandardWrapperValve.invoke(StandardWrapperValve.java:167) ~[tomcat-embed-core-10.1.42.jar:10.1.42]
	at org.apache.catalina.core.StandardContextValve.invoke(StandardContextValve.java:90) ~[tomcat-embed-core-10.1.42.jar:10.1.42]
	at org.apache.catalina.authenticator.AuthenticatorBase.invoke(AuthenticatorBase.java:483) ~[tomcat-embed-core-10.1.42.jar:10.1.42]
	at org.apache.catalina.core.StandardHostValve.invoke(StandardHostValve.java:116) ~[tomcat-embed-core-10.1.42.jar:10.1.42]
	at org.apache.catalina.valves.ErrorReportValve.invoke(ErrorReportValve.java:93) ~[tomcat-embed-core-10.1.42.jar:10.1.42]
	at org.apache.catalina.core.StandardEngineValve.invoke(StandardEngineValve.java:74) ~[tomcat-embed-core-10.1.42.jar:10.1.42]
	at org.apache.catalina.connector.CoyoteAdapter.service(CoyoteAdapter.java:344) ~[tomcat-embed-core-10.1.42.jar:10.1.42]
	at org.apache.coyote.http11.Http11Processor.service(Http11Processor.java:398) ~[tomcat-embed-core-10.1.42.jar:10.1.42]
	at org.apache.coyote.AbstractProcessorLight.process(AbstractProcessorLight.java:63) ~[tomcat-embed-core-10.1.42.jar:10.1.42]
	at org.apache.coyote.AbstractProtocol$ConnectionHandler.process(AbstractProtocol.java:903) ~[tomcat-embed-core-10.1.42.jar:10.1.42]
	at org.apache.tomcat.util.net.NioEndpoint$SocketProcessor.doRun(NioEndpoint.java:1769) ~[tomcat-embed-core-10.1.42.jar:10.1.42]
	at org.apache.tomcat.util.net.SocketProcessorBase.run(SocketProcessorBase.java:52) ~[tomcat-embed-core-10.1.42.jar:10.1.42]
	at org.apache.tomcat.util.threads.ThreadPoolExecutor.runWorker(ThreadPoolExecutor.java:1189) ~[tomcat-embed-core-10.1.42.jar:10.1.42]
	at org.apache.tomcat.util.threads.ThreadPoolExecutor$Worker.run(ThreadPoolExecutor.java:658) ~[tomcat-embed-core-10.1.42.jar:10.1.42]
	at org.apache.tomcat.util.threads.TaskThread$WrappingRunnable.run(TaskThread.java:63) ~[tomcat-embed-core-10.1.42.jar:10.1.42]
	at java.base/java.lang.Thread.run(Thread.java:842) ~[na:na]

2026-06-04T14:17:44.691+07:00  INFO [group-service,,] 15876 --- [group-service] [SpringApplicationShutdownHook] [                                                 ] o.s.c.n.e.s.EurekaServiceRegistry        : Unregistering application GROUP-SERVICE with eureka with status DOWN
2026-06-04T14:17:44.692+07:00  INFO [group-service,,] 15876 --- [group-service] [SpringApplicationShutdownHook] [                                                 ] com.netflix.discovery.DiscoveryClient    : Saw local status change event StatusChangeEvent [timestamp=1780557464692, current=DOWN, previous=UP]
2026-06-04T14:17:44.692+07:00  INFO [group-service,,] 15876 --- [group-service] [DiscoveryClient-InstanceInfoReplicator-%d] [                                                 ] com.netflix.discovery.DiscoveryClient    : DiscoveryClient_GROUP-SERVICE/localhost:group-service:8085: registering service...
2026-06-04T14:17:44.801+07:00  INFO [group-service,,] 15876 --- [group-service] [DiscoveryClient-InstanceInfoReplicator-%d] [                                                 ] com.netflix.discovery.DiscoveryClient    : DiscoveryClient_GROUP-SERVICE/localhost:group-service:8085 - registration status: 204
2026-06-04T14:17:45.240+07:00  INFO [group-service,,] 15876 --- [group-service] [SpringApplicationShutdownHook] [                                                 ] j.LocalContainerEntityManagerFactoryBean : Closing JPA EntityManagerFactory for persistence unit 'default'
2026-06-04T14:17:45.250+07:00  INFO [group-service,,] 15876 --- [group-service] [SpringApplicationShutdownHook] [                                                 ] com.zaxxer.hikari.HikariDataSource       : HikariPool-1 - Shutdown initiated...
2026-06-04T14:17:45.263+07:00  INFO [group-service,,] 15876 --- [group-service] [SpringApplicationShutdownHook] [                                                 ] com.zaxxer.hikari.HikariDataSource       : HikariPool-1 - Shutdown completed.
2026-06-04T14:17:45.272+07:00  INFO [group-service,,] 15876 --- [group-service] [SpringApplicationShutdownHook] [                                                 ] com.netflix.discovery.DiscoveryClient    : Shutting down DiscoveryClient ...
2026-06-04T14:17:48.293+07:00  INFO [group-service,,] 15876 --- [group-service] [SpringApplicationShutdownHook] [                                                 ] com.netflix.discovery.DiscoveryClient    : Unregistering ...
2026-06-04T14:17:48.321+07:00  INFO [group-service,,] 15876 --- [group-service] [SpringApplicationShutdownHook] [                                                 ] com.netflix.discovery.DiscoveryClient    : DiscoveryClient_GROUP-SERVICE/localhost:group-service:8085 - deregister  status: 200
2026-06-04T14:17:48.322+07:00  INFO [group-service,,] 15876 --- [group-service] [SpringApplicationShutdownHook] [                                                 ] com.netflix.discovery.DiscoveryClient    : Completed shut down of DiscoveryClient
2026-06-04T14:17:55.257+07:00  INFO [group-service,,] 13216 --- [group-service] [main] [                                                 ] c.n.S.GroupServiceApplication            : Starting GroupServiceApplication using Java 17.0.9 with PID 13216 (D:\Projects\Social-media\backend\group-service\target\classes started by BANG in D:\Projects\Social-media\backend)
2026-06-04T14:17:55.260+07:00  INFO [group-service,,] 13216 --- [group-service] [main] [                                                 ] c.n.S.GroupServiceApplication            : No active profile set, falling back to 1 default profile: "default"
2026-06-04T14:17:56.485+07:00  INFO [group-service,,] 13216 --- [group-service] [main] [                                                 ] .s.d.r.c.RepositoryConfigurationDelegate : Bootstrapping Spring Data JPA repositories in DEFAULT mode.
2026-06-04T14:17:56.663+07:00  INFO [group-service,,] 13216 --- [group-service] [main] [                                                 ] .s.d.r.c.RepositoryConfigurationDelegate : Finished Spring Data repository scanning in 168 ms. Found 2 JPA repository interfaces.
2026-06-04T14:17:56.906+07:00  INFO [group-service,,] 13216 --- [group-service] [main] [                                                 ] o.s.cloud.context.scope.GenericScope     : BeanFactory id=34585cb0-f944-3b4f-bdd0-6f0704afa550
2026-06-04T14:17:57.334+07:00  INFO [group-service,,] 13216 --- [group-service] [main] [                                                 ] o.s.b.w.embedded.tomcat.TomcatWebServer  : Tomcat initialized with port 8085 (http)
2026-06-04T14:17:57.344+07:00  INFO [group-service,,] 13216 --- [group-service] [main] [                                                 ] o.apache.catalina.core.StandardService   : Starting service [Tomcat]
2026-06-04T14:17:57.344+07:00  INFO [group-service,,] 13216 --- [group-service] [main] [                                                 ] o.apache.catalina.core.StandardEngine    : Starting Servlet engine: [Apache Tomcat/10.1.42]
2026-06-04T14:17:57.417+07:00  INFO [group-service,,] 13216 --- [group-service] [main] [                                                 ] o.a.c.c.C.[Tomcat].[localhost].[/]       : Initializing Spring embedded WebApplicationContext
2026-06-04T14:17:57.418+07:00  INFO [group-service,,] 13216 --- [group-service] [main] [                                                 ] w.s.c.ServletWebServerApplicationContext : Root WebApplicationContext: initialization completed in 2109 ms
2026-06-04T14:17:57.899+07:00  INFO [group-service,,] 13216 --- [group-service] [main] [                                                 ] o.hibernate.jpa.internal.util.LogHelper  : HHH000204: Processing PersistenceUnitInfo [name: default]
2026-06-04T14:17:57.960+07:00  INFO [group-service,,] 13216 --- [group-service] [main] [                                                 ] org.hibernate.Version                    : HHH000412: Hibernate ORM core version 6.5.3.Final
2026-06-04T14:17:57.994+07:00  INFO [group-service,,] 13216 --- [group-service] [main] [                                                 ] o.h.c.internal.RegionFactoryInitiator    : HHH000026: Second-level cache disabled
2026-06-04T14:17:58.357+07:00  INFO [group-service,,] 13216 --- [group-service] [main] [                                                 ] o.s.o.j.p.SpringPersistenceUnitInfo      : No LoadTimeWeaver setup: ignoring JPA class transformer
2026-06-04T14:17:58.385+07:00  INFO [group-service,,] 13216 --- [group-service] [main] [                                                 ] com.zaxxer.hikari.HikariDataSource       : HikariPool-1 - Starting...
2026-06-04T14:17:58.541+07:00  INFO [group-service,,] 13216 --- [group-service] [main] [                                                 ] com.zaxxer.hikari.pool.HikariPool        : HikariPool-1 - Added connection org.postgresql.jdbc.PgConnection@46290193
2026-06-04T14:17:58.543+07:00  INFO [group-service,,] 13216 --- [group-service] [main] [                                                 ] com.zaxxer.hikari.HikariDataSource       : HikariPool-1 - Start completed.
2026-06-04T14:17:58.597+07:00  WARN [group-service,,] 13216 --- [group-service] [main] [                                                 ] org.hibernate.orm.deprecation            : HHH90000025: PostgreSQLDialect does not need to be specified explicitly using 'hibernate.dialect' (remove the property setting and it will be selected by default)
2026-06-04T14:17:59.508+07:00  INFO [group-service,,] 13216 --- [group-service] [main] [                                                 ] o.h.e.t.j.p.i.JtaPlatformInitiator       : HHH000489: No JTA platform available (set 'hibernate.transaction.jta.platform' to enable JTA platform integration)
2026-06-04T14:17:59.623+07:00  INFO [group-service,,] 13216 --- [group-service] [main] [                                                 ] j.LocalContainerEntityManagerFactoryBean : Initialized JPA EntityManagerFactory for persistence unit 'default'
2026-06-04T14:17:59.859+07:00  INFO [group-service,,] 13216 --- [group-service] [main] [                                                 ] o.s.d.j.r.query.QueryEnhancerFactory     : Hibernate is in classpath; If applicable, HQL parser will be used.
2026-06-04T14:18:00.576+07:00  WARN [group-service,,] 13216 --- [group-service] [main] [                                                 ] JpaBaseConfiguration$JpaWebConfiguration : spring.jpa.open-in-view is enabled by default. Therefore, database queries may be performed during view rendering. Explicitly configure spring.jpa.open-in-view to disable this warning
2026-06-04T14:18:01.815+07:00  INFO [group-service,,] 13216 --- [group-service] [main] [                                                 ] o.s.cloud.commons.util.InetUtils         : Cannot determine local hostname
2026-06-04T14:18:01.854+07:00  INFO [group-service,,] 13216 --- [group-service] [main] [                                                 ] o.s.c.openfeign.FeignClientFactoryBean   : For 'user-service' URL not provided. Will try picking an instance via load-balancing.
2026-06-04T14:18:03.634+07:00  INFO [group-service,,] 13216 --- [group-service] [main] [                                                 ] o.s.cloud.commons.util.InetUtils         : Cannot determine local hostname
2026-06-04T14:18:03.651+07:00  INFO [group-service,,] 13216 --- [group-service] [main] [                                                 ] DiscoveryClientOptionalArgsConfiguration : Eureka HTTP Client uses RestTemplate.
2026-06-04T14:18:03.674+07:00  WARN [group-service,,] 13216 --- [group-service] [main] [                                                 ] iguration$LoadBalancerCaffeineWarnLogger : Spring Cloud LoadBalancer is currently working with the default cache. While this cache implementation is useful for development and tests, it's recommended to use Caffeine cache in production.You can switch to using Caffeine cache, by adding it and org.springframework.cache.caffeine.CaffeineCacheManager to the classpath.
2026-06-04T14:18:03.683+07:00  INFO [group-service,,] 13216 --- [group-service] [main] [                                                 ] o.s.b.a.e.web.EndpointLinksResolver      : Exposing 4 endpoints beneath base path '/actuator'
2026-06-04T14:18:03.769+07:00  INFO [group-service,,] 13216 --- [group-service] [main] [                                                 ] o.s.c.n.eureka.InstanceInfoFactory       : Setting initial instance status as: STARTING
2026-06-04T14:18:03.791+07:00  INFO [group-service,,] 13216 --- [group-service] [main] [                                                 ] com.netflix.discovery.DiscoveryClient    : Initializing Eureka in region us-east-1
2026-06-04T14:18:03.796+07:00  INFO [group-service,,] 13216 --- [group-service] [main] [                                                 ] c.n.d.s.r.aws.ConfigClusterResolver      : Resolving eureka endpoints via configuration
2026-06-04T14:18:03.803+07:00  INFO [group-service,,] 13216 --- [group-service] [main] [                                                 ] com.netflix.discovery.DiscoveryClient    : Disable delta property : false
2026-06-04T14:18:03.803+07:00  INFO [group-service,,] 13216 --- [group-service] [main] [                                                 ] com.netflix.discovery.DiscoveryClient    : Single vip registry refresh property : null
2026-06-04T14:18:03.803+07:00  INFO [group-service,,] 13216 --- [group-service] [main] [                                                 ] com.netflix.discovery.DiscoveryClient    : Force full registry fetch : false
2026-06-04T14:18:03.803+07:00  INFO [group-service,,] 13216 --- [group-service] [main] [                                                 ] com.netflix.discovery.DiscoveryClient    : Application is null : false
2026-06-04T14:18:03.803+07:00  INFO [group-service,,] 13216 --- [group-service] [main] [                                                 ] com.netflix.discovery.DiscoveryClient    : Registered Applications size is zero : true
2026-06-04T14:18:03.803+07:00  INFO [group-service,,] 13216 --- [group-service] [main] [                                                 ] com.netflix.discovery.DiscoveryClient    : Application version is -1: true
2026-06-04T14:18:03.804+07:00  INFO [group-service,,] 13216 --- [group-service] [main] [                                                 ] com.netflix.discovery.DiscoveryClient    : Getting all instance registry info from the eureka server
2026-06-04T14:18:04.163+07:00  INFO [group-service,,] 13216 --- [group-service] [main] [                                                 ] com.netflix.discovery.DiscoveryClient    : The response status is 200
2026-06-04T14:18:04.166+07:00  INFO [group-service,,] 13216 --- [group-service] [main] [                                                 ] com.netflix.discovery.DiscoveryClient    : Starting heartbeat executor: renew interval is: 30
2026-06-04T14:18:04.168+07:00  INFO [group-service,,] 13216 --- [group-service] [main] [                                                 ] c.n.discovery.InstanceInfoReplicator     : InstanceInfoReplicator onDemand update allowed rate per min is 4
2026-06-04T14:18:04.170+07:00  INFO [group-service,,] 13216 --- [group-service] [main] [                                                 ] com.netflix.discovery.DiscoveryClient    : Discovery Client initialized at timestamp 1780557484169 with initial instances count: 5
2026-06-04T14:18:04.173+07:00  INFO [group-service,,] 13216 --- [group-service] [main] [                                                 ] o.s.c.n.e.s.EurekaServiceRegistry        : Registering application GROUP-SERVICE with eureka with status UP
2026-06-04T14:18:04.174+07:00  INFO [group-service,,] 13216 --- [group-service] [main] [                                                 ] com.netflix.discovery.DiscoveryClient    : Saw local status change event StatusChangeEvent [timestamp=1780557484174, current=UP, previous=STARTING]
2026-06-04T14:18:04.175+07:00  INFO [group-service,,] 13216 --- [group-service] [DiscoveryClient-InstanceInfoReplicator-%d] [                                                 ] com.netflix.discovery.DiscoveryClient    : DiscoveryClient_GROUP-SERVICE/localhost:group-service:8085: registering service...
2026-06-04T14:18:04.199+07:00  INFO [group-service,,] 13216 --- [group-service] [main] [                                                 ] o.s.b.w.embedded.tomcat.TomcatWebServer  : Tomcat started on port 8085 (http) with context path '/'
2026-06-04T14:18:04.200+07:00  INFO [group-service,,] 13216 --- [group-service] [main] [                                                 ] .s.c.n.e.s.EurekaAutoServiceRegistration : Updating port to 8085
2026-06-04T14:18:04.216+07:00  INFO [group-service,,] 13216 --- [group-service] [DiscoveryClient-InstanceInfoReplicator-%d] [                                                 ] com.netflix.discovery.DiscoveryClient    : DiscoveryClient_GROUP-SERVICE/localhost:group-service:8085 - registration status: 204
2026-06-04T14:18:04.787+07:00  INFO [group-service,,] 13216 --- [group-service] [http-nio-8085-exec-1] [                                                 ] o.a.c.c.C.[Tomcat].[localhost].[/]       : Initializing Spring DispatcherServlet 'dispatcherServlet'
2026-06-04T14:18:04.788+07:00  INFO [group-service,,] 13216 --- [group-service] [http-nio-8085-exec-1] [                                                 ] o.s.web.servlet.DispatcherServlet        : Initializing Servlet 'dispatcherServlet'
2026-06-04T14:18:04.790+07:00  INFO [group-service,,] 13216 --- [group-service] [http-nio-8085-exec-1] [                                                 ] o.s.web.servlet.DispatcherServlet        : Completed initialization in 2 ms
2026-06-04T14:18:05.397+07:00  INFO [group-service,,] 13216 --- [group-service] [main] [                                                 ] o.s.cloud.commons.util.InetUtils         : Cannot determine local hostname
2026-06-04T14:18:05.412+07:00  INFO [group-service,,] 13216 --- [group-service] [main] [                                                 ] c.n.S.GroupServiceApplication            : Started GroupServiceApplication in 12.111 seconds (process running for 13.063)
2026-06-04T14:18:05.908+07:00  INFO [group-service,,] 13216 --- [group-service] [RMI TCP Connection(2)-192.168.4.15] [                                                 ] o.s.a.r.c.CachingConnectionFactory       : Attempting to connect to: [localhost:5672]
2026-06-04T14:18:05.928+07:00  WARN [group-service,,] 13216 --- [group-service] [RMI TCP Connection(2)-192.168.4.15] [                                                 ] o.s.b.a.amqp.RabbitHealthIndicator       : Rabbit health check failed

org.springframework.amqp.AmqpConnectException: java.net.ConnectException: Connection refused: no further information
	at org.springframework.amqp.rabbit.support.RabbitExceptionTranslator.convertRabbitAccessException(RabbitExceptionTranslator.java:61) ~[spring-rabbit-3.1.12.jar:3.1.12]
	at org.springframework.amqp.rabbit.connection.AbstractConnectionFactory.createBareConnection(AbstractConnectionFactory.java:623) ~[spring-rabbit-3.1.12.jar:3.1.12]
	at org.springframework.amqp.rabbit.connection.CachingConnectionFactory.createConnection(CachingConnectionFactory.java:726) ~[spring-rabbit-3.1.12.jar:3.1.12]
	at org.springframework.amqp.rabbit.connection.ConnectionFactoryUtils.createConnection(ConnectionFactoryUtils.java:257) ~[spring-rabbit-3.1.12.jar:3.1.12]
	at org.springframework.amqp.rabbit.core.RabbitTemplate.doExecute(RabbitTemplate.java:2249) ~[spring-rabbit-3.1.12.jar:3.1.12]
	at org.springframework.amqp.rabbit.core.RabbitTemplate.execute(RabbitTemplate.java:2222) ~[spring-rabbit-3.1.12.jar:3.1.12]
	at org.springframework.amqp.rabbit.core.RabbitTemplate.execute(RabbitTemplate.java:2202) ~[spring-rabbit-3.1.12.jar:3.1.12]
	at org.springframework.boot.actuate.amqp.RabbitHealthIndicator.getVersion(RabbitHealthIndicator.java:49) ~[spring-boot-actuator-3.3.13.jar:3.3.13]
	at org.springframework.boot.actuate.amqp.RabbitHealthIndicator.doHealthCheck(RabbitHealthIndicator.java:44) ~[spring-boot-actuator-3.3.13.jar:3.3.13]
	at org.springframework.boot.actuate.health.AbstractHealthIndicator.health(AbstractHealthIndicator.java:82) ~[spring-boot-actuator-3.3.13.jar:3.3.13]
	at org.springframework.boot.actuate.health.HealthIndicator.getHealth(HealthIndicator.java:37) ~[spring-boot-actuator-3.3.13.jar:3.3.13]
	at org.springframework.boot.actuate.health.HealthEndpoint.getHealth(HealthEndpoint.java:82) ~[spring-boot-actuator-3.3.13.jar:3.3.13]
	at org.springframework.boot.actuate.health.HealthEndpoint.getHealth(HealthEndpoint.java:41) ~[spring-boot-actuator-3.3.13.jar:3.3.13]
	at org.springframework.boot.actuate.health.HealthEndpointSupport.getLoggedHealth(HealthEndpointSupport.java:172) ~[spring-boot-actuator-3.3.13.jar:3.3.13]
	at org.springframework.boot.actuate.health.HealthEndpointSupport.getContribution(HealthEndpointSupport.java:145) ~[spring-boot-actuator-3.3.13.jar:3.3.13]
	at org.springframework.boot.actuate.health.HealthEndpointSupport.getAggregateContribution(HealthEndpointSupport.java:156) ~[spring-boot-actuator-3.3.13.jar:3.3.13]
	at org.springframework.boot.actuate.health.HealthEndpointSupport.getContribution(HealthEndpointSupport.java:141) ~[spring-boot-actuator-3.3.13.jar:3.3.13]
	at org.springframework.boot.actuate.health.HealthEndpointSupport.getHealth(HealthEndpointSupport.java:110) ~[spring-boot-actuator-3.3.13.jar:3.3.13]
	at org.springframework.boot.actuate.health.HealthEndpointSupport.getHealth(HealthEndpointSupport.java:81) ~[spring-boot-actuator-3.3.13.jar:3.3.13]
	at org.springframework.boot.actuate.health.HealthEndpoint.health(HealthEndpoint.java:76) ~[spring-boot-actuator-3.3.13.jar:3.3.13]
	at org.springframework.boot.actuate.health.HealthEndpoint.health(HealthEndpoint.java:66) ~[spring-boot-actuator-3.3.13.jar:3.3.13]
	at java.base/jdk.internal.reflect.NativeMethodAccessorImpl.invoke0(Native Method) ~[na:na]
	at java.base/jdk.internal.reflect.NativeMethodAccessorImpl.invoke(NativeMethodAccessorImpl.java:77) ~[na:na]
	at java.base/jdk.internal.reflect.DelegatingMethodAccessorImpl.invoke(DelegatingMethodAccessorImpl.java:43) ~[na:na]
	at java.base/java.lang.reflect.Method.invoke(Method.java:568) ~[na:na]
	at org.springframework.util.ReflectionUtils.invokeMethod(ReflectionUtils.java:281) ~[spring-core-6.1.21.jar:6.1.21]
	at org.springframework.boot.actuate.endpoint.invoke.reflect.ReflectiveOperationInvoker.invoke(ReflectiveOperationInvoker.java:74) ~[spring-boot-actuator-3.3.13.jar:3.3.13]
	at org.springframework.boot.actuate.endpoint.annotation.AbstractDiscoveredOperation.invoke(AbstractDiscoveredOperation.java:60) ~[spring-boot-actuator-3.3.13.jar:3.3.13]
	at org.springframework.boot.actuate.endpoint.jmx.EndpointMBean.invoke(EndpointMBean.java:124) ~[spring-boot-actuator-3.3.13.jar:3.3.13]
	at org.springframework.boot.actuate.endpoint.jmx.EndpointMBean.invoke(EndpointMBean.java:97) ~[spring-boot-actuator-3.3.13.jar:3.3.13]
	at java.management/com.sun.jmx.interceptor.DefaultMBeanServerInterceptor.invoke(DefaultMBeanServerInterceptor.java:814) ~[na:na]
	at java.management/com.sun.jmx.mbeanserver.JmxMBeanServer.invoke(JmxMBeanServer.java:802) ~[na:na]
	at java.management.rmi/javax.management.remote.rmi.RMIConnectionImpl.doOperation(RMIConnectionImpl.java:1472) ~[na:na]
	at java.management.rmi/javax.management.remote.rmi.RMIConnectionImpl$PrivilegedOperation.run(RMIConnectionImpl.java:1310) ~[na:na]
	at java.management.rmi/javax.management.remote.rmi.RMIConnectionImpl.doPrivilegedOperation(RMIConnectionImpl.java:1405) ~[na:na]
	at java.management.rmi/javax.management.remote.rmi.RMIConnectionImpl.invoke(RMIConnectionImpl.java:829) ~[na:na]
	at java.base/jdk.internal.reflect.GeneratedMethodAccessor52.invoke(Unknown Source) ~[na:na]
	at java.base/jdk.internal.reflect.DelegatingMethodAccessorImpl.invoke(DelegatingMethodAccessorImpl.java:43) ~[na:na]
	at java.base/java.lang.reflect.Method.invoke(Method.java:568) ~[na:na]
	at java.rmi/sun.rmi.server.UnicastServerRef.dispatch(UnicastServerRef.java:360) ~[na:na]
	at java.rmi/sun.rmi.transport.Transport$1.run(Transport.java:200) ~[na:na]
	at java.rmi/sun.rmi.transport.Transport$1.run(Transport.java:197) ~[na:na]
	at java.base/java.security.AccessController.doPrivileged(AccessController.java:712) ~[na:na]
	at java.rmi/sun.rmi.transport.Transport.serviceCall(Transport.java:196) ~[na:na]
	at java.rmi/sun.rmi.transport.tcp.TCPTransport.handleMessages(TCPTransport.java:587) ~[na:na]
	at java.rmi/sun.rmi.transport.tcp.TCPTransport$ConnectionHandler.run0(TCPTransport.java:828) ~[na:na]
	at java.rmi/sun.rmi.transport.tcp.TCPTransport$ConnectionHandler.lambda$run$0(TCPTransport.java:705) ~[na:na]
	at java.base/java.security.AccessController.doPrivileged(AccessController.java:399) ~[na:na]
	at java.rmi/sun.rmi.transport.tcp.TCPTransport$ConnectionHandler.run(TCPTransport.java:704) ~[na:na]
	at java.base/java.util.concurrent.ThreadPoolExecutor.runWorker(ThreadPoolExecutor.java:1136) ~[na:na]
	at java.base/java.util.concurrent.ThreadPoolExecutor$Worker.run(ThreadPoolExecutor.java:635) ~[na:na]
	at java.base/java.lang.Thread.run(Thread.java:842) ~[na:na]
Caused by: java.net.ConnectException: Connection refused: no further information
	at java.base/sun.nio.ch.Net.pollConnect(Native Method) ~[na:na]
	at java.base/sun.nio.ch.Net.pollConnectNow(Net.java:672) ~[na:na]
	at java.base/sun.nio.ch.NioSocketImpl.timedFinishConnect(NioSocketImpl.java:547) ~[na:na]
	at java.base/sun.nio.ch.NioSocketImpl.connect(NioSocketImpl.java:602) ~[na:na]
	at java.base/java.net.SocksSocketImpl.connect(SocksSocketImpl.java:327) ~[na:na]
	at java.base/java.net.Socket.connect(Socket.java:633) ~[na:na]
	at com.rabbitmq.client.impl.SocketFrameHandlerFactory.create(SocketFrameHandlerFactory.java:61) ~[amqp-client-5.21.0.jar:5.21.0]
	at com.rabbitmq.client.ConnectionFactory.newConnection(ConnectionFactory.java:1249) ~[amqp-client-5.21.0.jar:5.21.0]
	at com.rabbitmq.client.ConnectionFactory.newConnection(ConnectionFactory.java:1198) ~[amqp-client-5.21.0.jar:5.21.0]
	at org.springframework.amqp.rabbit.connection.AbstractConnectionFactory.connectAddresses(AbstractConnectionFactory.java:669) ~[spring-rabbit-3.1.12.jar:3.1.12]
	at org.springframework.amqp.rabbit.connection.AbstractConnectionFactory.connect(AbstractConnectionFactory.java:638) ~[spring-rabbit-3.1.12.jar:3.1.12]
	at org.springframework.amqp.rabbit.connection.AbstractConnectionFactory.createBareConnection(AbstractConnectionFactory.java:585) ~[spring-rabbit-3.1.12.jar:3.1.12]
	... 50 common frames omitted

2026-06-04T14:18:33.327+07:00  INFO [group-service,,] 13216 --- [group-service] [SpringApplicationShutdownHook] [                                                 ] o.s.c.n.e.s.EurekaServiceRegistry        : Unregistering application GROUP-SERVICE with eureka with status DOWN
2026-06-04T14:18:33.328+07:00  INFO [group-service,,] 13216 --- [group-service] [SpringApplicationShutdownHook] [                                                 ] com.netflix.discovery.DiscoveryClient    : Saw local status change event StatusChangeEvent [timestamp=1780557513328, current=DOWN, previous=UP]
2026-06-04T14:18:33.328+07:00  INFO [group-service,,] 13216 --- [group-service] [DiscoveryClient-InstanceInfoReplicator-%d] [                                                 ] com.netflix.discovery.DiscoveryClient    : DiscoveryClient_GROUP-SERVICE/localhost:group-service:8085: registering service...
2026-06-04T14:18:33.337+07:00  INFO [group-service,,] 13216 --- [group-service] [DiscoveryClient-InstanceInfoReplicator-%d] [                                                 ] com.netflix.discovery.DiscoveryClient    : DiscoveryClient_GROUP-SERVICE/localhost:group-service:8085 - registration status: 204
2026-06-04T14:18:33.739+07:00  INFO [group-service,,] 13216 --- [group-service] [SpringApplicationShutdownHook] [                                                 ] j.LocalContainerEntityManagerFactoryBean : Closing JPA EntityManagerFactory for persistence unit 'default'
2026-06-04T14:18:33.742+07:00  INFO [group-service,,] 13216 --- [group-service] [SpringApplicationShutdownHook] [                                                 ] com.zaxxer.hikari.HikariDataSource       : HikariPool-1 - Shutdown initiated...
2026-06-04T14:18:33.751+07:00  INFO [group-service,,] 13216 --- [group-service] [SpringApplicationShutdownHook] [                                                 ] com.zaxxer.hikari.HikariDataSource       : HikariPool-1 - Shutdown completed.
2026-06-04T14:18:33.757+07:00  INFO [group-service,,] 13216 --- [group-service] [SpringApplicationShutdownHook] [                                                 ] com.netflix.discovery.DiscoveryClient    : Shutting down DiscoveryClient ...
2026-06-04T14:18:36.766+07:00  WARN [group-service,,] 13216 --- [group-service] [DiscoveryClient-%d] [                                                 ] c.netflix.discovery.TimedSupervisorTask  : task supervisor shutting down, can't accept the task
2026-06-04T14:18:36.766+07:00  INFO [group-service,,] 13216 --- [group-service] [SpringApplicationShutdownHook] [                                                 ] com.netflix.discovery.DiscoveryClient    : Unregistering ...
2026-06-04T14:18:36.784+07:00  INFO [group-service,,] 13216 --- [group-service] [SpringApplicationShutdownHook] [                                                 ] com.netflix.discovery.DiscoveryClient    : DiscoveryClient_GROUP-SERVICE/localhost:group-service:8085 - deregister  status: 200
2026-06-04T14:18:36.785+07:00  INFO [group-service,,] 13216 --- [group-service] [SpringApplicationShutdownHook] [                                                 ] com.netflix.discovery.DiscoveryClient    : Completed shut down of DiscoveryClient
2026-06-04T14:18:40.664+07:00  INFO [group-service,,] 30776 --- [group-service] [main] [                                                 ] c.n.S.GroupServiceApplication            : Starting GroupServiceApplication using Java 17.0.9 with PID 30776 (D:\Projects\Social-media\backend\group-service\target\classes started by BANG in D:\Projects\Social-media\backend)
2026-06-04T14:18:40.668+07:00  INFO [group-service,,] 30776 --- [group-service] [main] [                                                 ] c.n.S.GroupServiceApplication            : No active profile set, falling back to 1 default profile: "default"
2026-06-04T14:18:41.670+07:00  INFO [group-service,,] 30776 --- [group-service] [main] [                                                 ] .s.d.r.c.RepositoryConfigurationDelegate : Bootstrapping Spring Data JPA repositories in DEFAULT mode.
2026-06-04T14:18:41.805+07:00  INFO [group-service,,] 30776 --- [group-service] [main] [                                                 ] .s.d.r.c.RepositoryConfigurationDelegate : Finished Spring Data repository scanning in 117 ms. Found 2 JPA repository interfaces.
2026-06-04T14:18:42.007+07:00  INFO [group-service,,] 30776 --- [group-service] [main] [                                                 ] o.s.cloud.context.scope.GenericScope     : BeanFactory id=34585cb0-f944-3b4f-bdd0-6f0704afa550
2026-06-04T14:18:42.356+07:00  INFO [group-service,,] 30776 --- [group-service] [main] [                                                 ] o.s.b.w.embedded.tomcat.TomcatWebServer  : Tomcat initialized with port 8085 (http)
2026-06-04T14:18:42.372+07:00  INFO [group-service,,] 30776 --- [group-service] [main] [                                                 ] o.apache.catalina.core.StandardService   : Starting service [Tomcat]
2026-06-04T14:18:42.374+07:00  INFO [group-service,,] 30776 --- [group-service] [main] [                                                 ] o.apache.catalina.core.StandardEngine    : Starting Servlet engine: [Apache Tomcat/10.1.42]
2026-06-04T14:18:42.439+07:00  INFO [group-service,,] 30776 --- [group-service] [main] [                                                 ] o.a.c.c.C.[Tomcat].[localhost].[/]       : Initializing Spring embedded WebApplicationContext
2026-06-04T14:18:42.441+07:00  INFO [group-service,,] 30776 --- [group-service] [main] [                                                 ] w.s.c.ServletWebServerApplicationContext : Root WebApplicationContext: initialization completed in 1729 ms
2026-06-04T14:18:42.876+07:00  INFO [group-service,,] 30776 --- [group-service] [main] [                                                 ] o.hibernate.jpa.internal.util.LogHelper  : HHH000204: Processing PersistenceUnitInfo [name: default]
2026-06-04T14:18:42.942+07:00  INFO [group-service,,] 30776 --- [group-service] [main] [                                                 ] org.hibernate.Version                    : HHH000412: Hibernate ORM core version 6.5.3.Final
2026-06-04T14:18:42.967+07:00  INFO [group-service,,] 30776 --- [group-service] [main] [                                                 ] o.h.c.internal.RegionFactoryInitiator    : HHH000026: Second-level cache disabled
2026-06-04T14:18:43.179+07:00  INFO [group-service,,] 30776 --- [group-service] [main] [                                                 ] o.s.o.j.p.SpringPersistenceUnitInfo      : No LoadTimeWeaver setup: ignoring JPA class transformer
2026-06-04T14:18:43.199+07:00  INFO [group-service,,] 30776 --- [group-service] [main] [                                                 ] com.zaxxer.hikari.HikariDataSource       : HikariPool-1 - Starting...
2026-06-04T14:18:43.336+07:00  INFO [group-service,,] 30776 --- [group-service] [main] [                                                 ] com.zaxxer.hikari.pool.HikariPool        : HikariPool-1 - Added connection org.postgresql.jdbc.PgConnection@2911db81
2026-06-04T14:18:43.337+07:00  INFO [group-service,,] 30776 --- [group-service] [main] [                                                 ] com.zaxxer.hikari.HikariDataSource       : HikariPool-1 - Start completed.
2026-06-04T14:18:43.363+07:00  WARN [group-service,,] 30776 --- [group-service] [main] [                                                 ] org.hibernate.orm.deprecation            : HHH90000025: PostgreSQLDialect does not need to be specified explicitly using 'hibernate.dialect' (remove the property setting and it will be selected by default)
2026-06-04T14:18:44.218+07:00  INFO [group-service,,] 30776 --- [group-service] [main] [                                                 ] o.h.e.t.j.p.i.JtaPlatformInitiator       : HHH000489: No JTA platform available (set 'hibernate.transaction.jta.platform' to enable JTA platform integration)
2026-06-04T14:18:44.270+07:00  INFO [group-service,,] 30776 --- [group-service] [main] [                                                 ] j.LocalContainerEntityManagerFactoryBean : Initialized JPA EntityManagerFactory for persistence unit 'default'
2026-06-04T14:18:44.471+07:00  INFO [group-service,,] 30776 --- [group-service] [main] [                                                 ] o.s.d.j.r.query.QueryEnhancerFactory     : Hibernate is in classpath; If applicable, HQL parser will be used.
2026-06-04T14:18:45.004+07:00  WARN [group-service,,] 30776 --- [group-service] [main] [                                                 ] JpaBaseConfiguration$JpaWebConfiguration : spring.jpa.open-in-view is enabled by default. Therefore, database queries may be performed during view rendering. Explicitly configure spring.jpa.open-in-view to disable this warning
2026-06-04T14:18:46.235+07:00  INFO [group-service,,] 30776 --- [group-service] [main] [                                                 ] o.s.cloud.commons.util.InetUtils         : Cannot determine local hostname
2026-06-04T14:18:46.267+07:00  INFO [group-service,,] 30776 --- [group-service] [main] [                                                 ] o.s.c.openfeign.FeignClientFactoryBean   : For 'user-service' URL not provided. Will try picking an instance via load-balancing.
2026-06-04T14:18:47.935+07:00  INFO [group-service,,] 30776 --- [group-service] [main] [                                                 ] o.s.cloud.commons.util.InetUtils         : Cannot determine local hostname
2026-06-04T14:18:47.952+07:00  INFO [group-service,,] 30776 --- [group-service] [main] [                                                 ] DiscoveryClientOptionalArgsConfiguration : Eureka HTTP Client uses RestTemplate.
2026-06-04T14:18:47.969+07:00  WARN [group-service,,] 30776 --- [group-service] [main] [                                                 ] iguration$LoadBalancerCaffeineWarnLogger : Spring Cloud LoadBalancer is currently working with the default cache. While this cache implementation is useful for development and tests, it's recommended to use Caffeine cache in production.You can switch to using Caffeine cache, by adding it and org.springframework.cache.caffeine.CaffeineCacheManager to the classpath.
2026-06-04T14:18:47.979+07:00  INFO [group-service,,] 30776 --- [group-service] [main] [                                                 ] o.s.b.a.e.web.EndpointLinksResolver      : Exposing 4 endpoints beneath base path '/actuator'
2026-06-04T14:18:48.062+07:00  INFO [group-service,,] 30776 --- [group-service] [main] [                                                 ] o.s.c.n.eureka.InstanceInfoFactory       : Setting initial instance status as: STARTING
2026-06-04T14:18:48.078+07:00  INFO [group-service,,] 30776 --- [group-service] [main] [                                                 ] com.netflix.discovery.DiscoveryClient    : Initializing Eureka in region us-east-1
2026-06-04T14:18:48.082+07:00  INFO [group-service,,] 30776 --- [group-service] [main] [                                                 ] c.n.d.s.r.aws.ConfigClusterResolver      : Resolving eureka endpoints via configuration
2026-06-04T14:18:48.089+07:00  INFO [group-service,,] 30776 --- [group-service] [main] [                                                 ] com.netflix.discovery.DiscoveryClient    : Disable delta property : false
2026-06-04T14:18:48.091+07:00  INFO [group-service,,] 30776 --- [group-service] [main] [                                                 ] com.netflix.discovery.DiscoveryClient    : Single vip registry refresh property : null
2026-06-04T14:18:48.091+07:00  INFO [group-service,,] 30776 --- [group-service] [main] [                                                 ] com.netflix.discovery.DiscoveryClient    : Force full registry fetch : false
2026-06-04T14:18:48.092+07:00  INFO [group-service,,] 30776 --- [group-service] [main] [                                                 ] com.netflix.discovery.DiscoveryClient    : Application is null : false
2026-06-04T14:18:48.092+07:00  INFO [group-service,,] 30776 --- [group-service] [main] [                                                 ] com.netflix.discovery.DiscoveryClient    : Registered Applications size is zero : true
2026-06-04T14:18:48.092+07:00  INFO [group-service,,] 30776 --- [group-service] [main] [                                                 ] com.netflix.discovery.DiscoveryClient    : Application version is -1: true
2026-06-04T14:18:48.092+07:00  INFO [group-service,,] 30776 --- [group-service] [main] [                                                 ] com.netflix.discovery.DiscoveryClient    : Getting all instance registry info from the eureka server
2026-06-04T14:18:48.342+07:00  INFO [group-service,,] 30776 --- [group-service] [main] [                                                 ] com.netflix.discovery.DiscoveryClient    : The response status is 200
2026-06-04T14:18:48.343+07:00  INFO [group-service,,] 30776 --- [group-service] [main] [                                                 ] com.netflix.discovery.DiscoveryClient    : Starting heartbeat executor: renew interval is: 30
2026-06-04T14:18:48.346+07:00  INFO [group-service,,] 30776 --- [group-service] [main] [                                                 ] c.n.discovery.InstanceInfoReplicator     : InstanceInfoReplicator onDemand update allowed rate per min is 4
2026-06-04T14:18:48.348+07:00  INFO [group-service,,] 30776 --- [group-service] [main] [                                                 ] com.netflix.discovery.DiscoveryClient    : Discovery Client initialized at timestamp 1780557528347 with initial instances count: 5
2026-06-04T14:18:48.351+07:00  INFO [group-service,,] 30776 --- [group-service] [main] [                                                 ] o.s.c.n.e.s.EurekaServiceRegistry        : Registering application GROUP-SERVICE with eureka with status UP
2026-06-04T14:18:48.351+07:00  INFO [group-service,,] 30776 --- [group-service] [main] [                                                 ] com.netflix.discovery.DiscoveryClient    : Saw local status change event StatusChangeEvent [timestamp=1780557528351, current=UP, previous=STARTING]
2026-06-04T14:18:48.352+07:00  INFO [group-service,,] 30776 --- [group-service] [DiscoveryClient-InstanceInfoReplicator-%d] [                                                 ] com.netflix.discovery.DiscoveryClient    : DiscoveryClient_GROUP-SERVICE/localhost:group-service:8085: registering service...
2026-06-04T14:18:48.371+07:00  INFO [group-service,,] 30776 --- [group-service] [main] [                                                 ] o.s.b.w.embedded.tomcat.TomcatWebServer  : Tomcat started on port 8085 (http) with context path '/'
2026-06-04T14:18:48.372+07:00  INFO [group-service,,] 30776 --- [group-service] [main] [                                                 ] .s.c.n.e.s.EurekaAutoServiceRegistration : Updating port to 8085
2026-06-04T14:18:48.397+07:00  INFO [group-service,,] 30776 --- [group-service] [DiscoveryClient-InstanceInfoReplicator-%d] [                                                 ] com.netflix.discovery.DiscoveryClient    : DiscoveryClient_GROUP-SERVICE/localhost:group-service:8085 - registration status: 204
2026-06-04T14:18:49.539+07:00  INFO [group-service,,] 30776 --- [group-service] [main] [                                                 ] o.s.cloud.commons.util.InetUtils         : Cannot determine local hostname
2026-06-04T14:18:49.555+07:00  INFO [group-service,,] 30776 --- [group-service] [main] [                                                 ] c.n.S.GroupServiceApplication            : Started GroupServiceApplication in 10.655 seconds (process running for 11.316)
2026-06-04T14:18:49.789+07:00  INFO [group-service,,] 30776 --- [group-service] [http-nio-8085-exec-1] [                                                 ] o.a.c.c.C.[Tomcat].[localhost].[/]       : Initializing Spring DispatcherServlet 'dispatcherServlet'
2026-06-04T14:18:49.789+07:00  INFO [group-service,,] 30776 --- [group-service] [http-nio-8085-exec-1] [                                                 ] o.s.web.servlet.DispatcherServlet        : Initializing Servlet 'dispatcherServlet'
2026-06-04T14:18:49.790+07:00  INFO [group-service,,] 30776 --- [group-service] [http-nio-8085-exec-1] [                                                 ] o.s.web.servlet.DispatcherServlet        : Completed initialization in 1 ms
2026-06-04T14:18:50.158+07:00  INFO [group-service,,] 30776 --- [group-service] [RMI TCP Connection(2)-192.168.4.15] [                                                 ] o.s.a.r.c.CachingConnectionFactory       : Attempting to connect to: [localhost:5672]
2026-06-04T14:18:50.239+07:00  INFO [group-service,,] 30776 --- [group-service] [RMI TCP Connection(2)-192.168.4.15] [                                                 ] o.s.a.r.c.CachingConnectionFactory       : Created new connection: rabbitConnectionFactory#56d3e4a9:0/SimpleConnection@657e1f15 [delegate=amqp://guest@127.0.0.1:5672/, localPort=53502]
2026-06-04T14:19:15.120+07:00  WARN [group-service,acd8364974566406e8e13c8e1ff52df4,28590e321b9a09d0] 30776 --- [group-service] [http-nio-8085-exec-10] [acd8364974566406e8e13c8e1ff52df4-28590e321b9a09d0] o.h.engine.jdbc.spi.SqlExceptionHelper   : SQL Warning Code: 0, SQLState: 01000
2026-06-04T14:19:15.121+07:00  WARN [group-service,acd8364974566406e8e13c8e1ff52df4,28590e321b9a09d0] 30776 --- [group-service] [http-nio-8085-exec-10] [acd8364974566406e8e13c8e1ff52df4-28590e321b9a09d0] o.h.engine.jdbc.spi.SqlExceptionHelper   : database "social_media_group" has a collation version mismatch
2026-06-04T14:19:15.130+07:00  WARN [group-service,2cafc24ee938b9b7d10426c80c244408,8d0d996727dcd9f8] 30776 --- [group-service] [http-nio-8085-exec-9] [2cafc24ee938b9b7d10426c80c244408-8d0d996727dcd9f8] o.h.engine.jdbc.spi.SqlExceptionHelper   : SQL Warning Code: 0, SQLState: 01000
2026-06-04T14:19:15.131+07:00  WARN [group-service,2cafc24ee938b9b7d10426c80c244408,8d0d996727dcd9f8] 30776 --- [group-service] [http-nio-8085-exec-9] [2cafc24ee938b9b7d10426c80c244408-8d0d996727dcd9f8] o.h.engine.jdbc.spi.SqlExceptionHelper   : database "social_media_group" has a collation version mismatch
2026-06-04T14:19:15.138+07:00  WARN [group-service,cfb0a553a87c830e6f84612ee49b0dcc,ce793271178a9eac] 30776 --- [group-service] [http-nio-8085-exec-5] [cfb0a553a87c830e6f84612ee49b0dcc-ce793271178a9eac] o.h.engine.jdbc.spi.SqlExceptionHelper   : SQL Warning Code: 0, SQLState: 01000
2026-06-04T14:19:15.139+07:00  WARN [group-service,cfb0a553a87c830e6f84612ee49b0dcc,ce793271178a9eac] 30776 --- [group-service] [http-nio-8085-exec-5] [cfb0a553a87c830e6f84612ee49b0dcc-ce793271178a9eac] o.h.engine.jdbc.spi.SqlExceptionHelper   : database "social_media_group" has a collation version mismatch
2026-06-04T14:19:15.143+07:00 ERROR [group-service,,] 30776 --- [group-service] [http-nio-8085-exec-5] [                                                 ] o.a.c.c.C.[.[.[/].[dispatcherServlet]    : Servlet.service() for servlet [dispatcherServlet] in context with path [] threw exception [Request processing failed: jakarta.persistence.EntityNotFoundException: Group member not found] with root cause

jakarta.persistence.EntityNotFoundException: Group member not found
	at com.nguyenthanhbang.Social_media.service.impl.GroupMemberServiceImpl.lambda$getMembershipStatus$13(GroupMemberServiceImpl.java:207) ~[classes/:na]
	at java.base/java.util.Optional.orElseThrow(Optional.java:403) ~[na:na]
	at com.nguyenthanhbang.Social_media.service.impl.GroupMemberServiceImpl.getMembershipStatus(GroupMemberServiceImpl.java:207) ~[classes/:na]
	at com.nguyenthanhbang.Social_media.controller.user.GroupMemberController.getStatus(GroupMemberController.java:96) ~[classes/:na]
	at java.base/jdk.internal.reflect.NativeMethodAccessorImpl.invoke0(Native Method) ~[na:na]
	at java.base/jdk.internal.reflect.NativeMethodAccessorImpl.invoke(NativeMethodAccessorImpl.java:77) ~[na:na]
	at java.base/jdk.internal.reflect.DelegatingMethodAccessorImpl.invoke(DelegatingMethodAccessorImpl.java:43) ~[na:na]
	at java.base/java.lang.reflect.Method.invoke(Method.java:568) ~[na:na]
	at org.springframework.web.method.support.InvocableHandlerMethod.doInvoke(InvocableHandlerMethod.java:255) ~[spring-web-6.1.21.jar:6.1.21]
	at org.springframework.web.method.support.InvocableHandlerMethod.invokeForRequest(InvocableHandlerMethod.java:188) ~[spring-web-6.1.21.jar:6.1.21]
	at org.springframework.web.servlet.mvc.method.annotation.ServletInvocableHandlerMethod.invokeAndHandle(ServletInvocableHandlerMethod.java:118) ~[spring-webmvc-6.1.21.jar:6.1.21]
	at org.springframework.web.servlet.mvc.method.annotation.RequestMappingHandlerAdapter.invokeHandlerMethod(RequestMappingHandlerAdapter.java:926) ~[spring-webmvc-6.1.21.jar:6.1.21]
	at org.springframework.web.servlet.mvc.method.annotation.RequestMappingHandlerAdapter.handleInternal(RequestMappingHandlerAdapter.java:831) ~[spring-webmvc-6.1.21.jar:6.1.21]
	at org.springframework.web.servlet.mvc.method.AbstractHandlerMethodAdapter.handle(AbstractHandlerMethodAdapter.java:87) ~[spring-webmvc-6.1.21.jar:6.1.21]
	at org.springframework.web.servlet.DispatcherServlet.doDispatch(DispatcherServlet.java:1089) ~[spring-webmvc-6.1.21.jar:6.1.21]
	at org.springframework.web.servlet.DispatcherServlet.doService(DispatcherServlet.java:979) ~[spring-webmvc-6.1.21.jar:6.1.21]
	at org.springframework.web.servlet.FrameworkServlet.processRequest(FrameworkServlet.java:1014) ~[spring-webmvc-6.1.21.jar:6.1.21]
	at org.springframework.web.servlet.FrameworkServlet.doGet(FrameworkServlet.java:903) ~[spring-webmvc-6.1.21.jar:6.1.21]
	at jakarta.servlet.http.HttpServlet.service(HttpServlet.java:564) ~[tomcat-embed-core-10.1.42.jar:6.0]
	at org.springframework.web.servlet.FrameworkServlet.service(FrameworkServlet.java:885) ~[spring-webmvc-6.1.21.jar:6.1.21]
	at jakarta.servlet.http.HttpServlet.service(HttpServlet.java:658) ~[tomcat-embed-core-10.1.42.jar:6.0]
	at org.apache.catalina.core.ApplicationFilterChain.internalDoFilter(ApplicationFilterChain.java:195) ~[tomcat-embed-core-10.1.42.jar:10.1.42]
	at org.apache.catalina.core.ApplicationFilterChain.doFilter(ApplicationFilterChain.java:140) ~[tomcat-embed-core-10.1.42.jar:10.1.42]
	at org.apache.tomcat.websocket.server.WsFilter.doFilter(WsFilter.java:51) ~[tomcat-embed-websocket-10.1.42.jar:10.1.42]
	at org.apache.catalina.core.ApplicationFilterChain.internalDoFilter(ApplicationFilterChain.java:164) ~[tomcat-embed-core-10.1.42.jar:10.1.42]
	at org.apache.catalina.core.ApplicationFilterChain.doFilter(ApplicationFilterChain.java:140) ~[tomcat-embed-core-10.1.42.jar:10.1.42]
	at org.springframework.web.filter.RequestContextFilter.doFilterInternal(RequestContextFilter.java:100) ~[spring-web-6.1.21.jar:6.1.21]
	at org.springframework.web.filter.OncePerRequestFilter.doFilter(OncePerRequestFilter.java:116) ~[spring-web-6.1.21.jar:6.1.21]
	at org.apache.catalina.core.ApplicationFilterChain.internalDoFilter(ApplicationFilterChain.java:164) ~[tomcat-embed-core-10.1.42.jar:10.1.42]
	at org.apache.catalina.core.ApplicationFilterChain.doFilter(ApplicationFilterChain.java:140) ~[tomcat-embed-core-10.1.42.jar:10.1.42]
	at org.springframework.web.filter.FormContentFilter.doFilterInternal(FormContentFilter.java:93) ~[spring-web-6.1.21.jar:6.1.21]
	at org.springframework.web.filter.OncePerRequestFilter.doFilter(OncePerRequestFilter.java:116) ~[spring-web-6.1.21.jar:6.1.21]
	at org.apache.catalina.core.ApplicationFilterChain.internalDoFilter(ApplicationFilterChain.java:164) ~[tomcat-embed-core-10.1.42.jar:10.1.42]
	at org.apache.catalina.core.ApplicationFilterChain.doFilter(ApplicationFilterChain.java:140) ~[tomcat-embed-core-10.1.42.jar:10.1.42]
	at org.springframework.web.filter.ServerHttpObservationFilter.doFilterInternal(ServerHttpObservationFilter.java:113) ~[spring-web-6.1.21.jar:6.1.21]
	at org.springframework.web.filter.OncePerRequestFilter.doFilter(OncePerRequestFilter.java:116) ~[spring-web-6.1.21.jar:6.1.21]
	at org.apache.catalina.core.ApplicationFilterChain.internalDoFilter(ApplicationFilterChain.java:164) ~[tomcat-embed-core-10.1.42.jar:10.1.42]
	at org.apache.catalina.core.ApplicationFilterChain.doFilter(ApplicationFilterChain.java:140) ~[tomcat-embed-core-10.1.42.jar:10.1.42]
	at org.springframework.web.filter.CharacterEncodingFilter.doFilterInternal(CharacterEncodingFilter.java:201) ~[spring-web-6.1.21.jar:6.1.21]
	at org.springframework.web.filter.OncePerRequestFilter.doFilter(OncePerRequestFilter.java:116) ~[spring-web-6.1.21.jar:6.1.21]
	at org.apache.catalina.core.ApplicationFilterChain.internalDoFilter(ApplicationFilterChain.java:164) ~[tomcat-embed-core-10.1.42.jar:10.1.42]
	at org.apache.catalina.core.ApplicationFilterChain.doFilter(ApplicationFilterChain.java:140) ~[tomcat-embed-core-10.1.42.jar:10.1.42]
	at org.apache.catalina.core.StandardWrapperValve.invoke(StandardWrapperValve.java:167) ~[tomcat-embed-core-10.1.42.jar:10.1.42]
	at org.apache.catalina.core.StandardContextValve.invoke(StandardContextValve.java:90) ~[tomcat-embed-core-10.1.42.jar:10.1.42]
	at org.apache.catalina.authenticator.AuthenticatorBase.invoke(AuthenticatorBase.java:483) ~[tomcat-embed-core-10.1.42.jar:10.1.42]
	at org.apache.catalina.core.StandardHostValve.invoke(StandardHostValve.java:116) ~[tomcat-embed-core-10.1.42.jar:10.1.42]
	at org.apache.catalina.valves.ErrorReportValve.invoke(ErrorReportValve.java:93) ~[tomcat-embed-core-10.1.42.jar:10.1.42]
	at org.apache.catalina.core.StandardEngineValve.invoke(StandardEngineValve.java:74) ~[tomcat-embed-core-10.1.42.jar:10.1.42]
	at org.apache.catalina.connector.CoyoteAdapter.service(CoyoteAdapter.java:344) ~[tomcat-embed-core-10.1.42.jar:10.1.42]
	at org.apache.coyote.http11.Http11Processor.service(Http11Processor.java:398) ~[tomcat-embed-core-10.1.42.jar:10.1.42]
	at org.apache.coyote.AbstractProcessorLight.process(AbstractProcessorLight.java:63) ~[tomcat-embed-core-10.1.42.jar:10.1.42]
	at org.apache.coyote.AbstractProtocol$ConnectionHandler.process(AbstractProtocol.java:903) ~[tomcat-embed-core-10.1.42.jar:10.1.42]
	at org.apache.tomcat.util.net.NioEndpoint$SocketProcessor.doRun(NioEndpoint.java:1769) ~[tomcat-embed-core-10.1.42.jar:10.1.42]
	at org.apache.tomcat.util.net.SocketProcessorBase.run(SocketProcessorBase.java:52) ~[tomcat-embed-core-10.1.42.jar:10.1.42]
	at org.apache.tomcat.util.threads.ThreadPoolExecutor.runWorker(ThreadPoolExecutor.java:1189) ~[tomcat-embed-core-10.1.42.jar:10.1.42]
	at org.apache.tomcat.util.threads.ThreadPoolExecutor$Worker.run(ThreadPoolExecutor.java:658) ~[tomcat-embed-core-10.1.42.jar:10.1.42]
	at org.apache.tomcat.util.threads.TaskThread$WrappingRunnable.run(TaskThread.java:63) ~[tomcat-embed-core-10.1.42.jar:10.1.42]
	at java.base/java.lang.Thread.run(Thread.java:842) ~[na:na]

2026-06-04T14:19:18.321+07:00 ERROR [group-service,,] 30776 --- [group-service] [http-nio-8085-exec-1] [                                                 ] o.a.c.c.C.[.[.[/].[dispatcherServlet]    : Servlet.service() for servlet [dispatcherServlet] in context with path [] threw exception [Request processing failed: feign.FeignException$Unauthorized: [401] during [GET] to [http://user-service/api/v1/internal/users/5] [UserClient#getUserById(Long)]: [Unauthorized]] with root cause

feign.FeignException$Unauthorized: [401] during [GET] to [http://user-service/api/v1/internal/users/5] [UserClient#getUserById(Long)]: [Unauthorized]
	at feign.FeignException.clientErrorStatus(FeignException.java:245) ~[feign-core-13.5.jar:na]
	at feign.FeignException.errorStatus(FeignException.java:223) ~[feign-core-13.5.jar:na]
	at feign.FeignException.errorStatus(FeignException.java:213) ~[feign-core-13.5.jar:na]
	at feign.codec.ErrorDecoder$Default.decode(ErrorDecoder.java:103) ~[feign-core-13.5.jar:na]
	at feign.InvocationContext.decodeError(InvocationContext.java:133) ~[feign-core-13.5.jar:na]
	at feign.InvocationContext.proceed(InvocationContext.java:80) ~[feign-core-13.5.jar:na]
	at feign.ResponseHandler.handleResponse(ResponseHandler.java:69) ~[feign-core-13.5.jar:na]
	at feign.SynchronousMethodHandler.executeAndDecode(SynchronousMethodHandler.java:109) ~[feign-core-13.5.jar:na]
	at feign.SynchronousMethodHandler.invoke(SynchronousMethodHandler.java:53) ~[feign-core-13.5.jar:na]
	at feign.ReflectiveFeign$FeignInvocationHandler.invoke(ReflectiveFeign.java:104) ~[feign-core-13.5.jar:na]
	at jdk.proxy2/jdk.proxy2.$Proxy177.getUserById(Unknown Source) ~[na:na]
	at com.nguyenthanhbang.Social_media.service.impl.GroupMemberServiceImpl.joinGroup(GroupMemberServiceImpl.java:38) ~[classes/:na]
	at com.nguyenthanhbang.Social_media.controller.user.GroupMemberController.joinGroup(GroupMemberController.java:26) ~[classes/:na]
	at java.base/jdk.internal.reflect.NativeMethodAccessorImpl.invoke0(Native Method) ~[na:na]
	at java.base/jdk.internal.reflect.NativeMethodAccessorImpl.invoke(NativeMethodAccessorImpl.java:77) ~[na:na]
	at java.base/jdk.internal.reflect.DelegatingMethodAccessorImpl.invoke(DelegatingMethodAccessorImpl.java:43) ~[na:na]
	at java.base/java.lang.reflect.Method.invoke(Method.java:568) ~[na:na]
	at org.springframework.web.method.support.InvocableHandlerMethod.doInvoke(InvocableHandlerMethod.java:255) ~[spring-web-6.1.21.jar:6.1.21]
	at org.springframework.web.method.support.InvocableHandlerMethod.invokeForRequest(InvocableHandlerMethod.java:188) ~[spring-web-6.1.21.jar:6.1.21]
	at org.springframework.web.servlet.mvc.method.annotation.ServletInvocableHandlerMethod.invokeAndHandle(ServletInvocableHandlerMethod.java:118) ~[spring-webmvc-6.1.21.jar:6.1.21]
	at org.springframework.web.servlet.mvc.method.annotation.RequestMappingHandlerAdapter.invokeHandlerMethod(RequestMappingHandlerAdapter.java:926) ~[spring-webmvc-6.1.21.jar:6.1.21]
	at org.springframework.web.servlet.mvc.method.annotation.RequestMappingHandlerAdapter.handleInternal(RequestMappingHandlerAdapter.java:831) ~[spring-webmvc-6.1.21.jar:6.1.21]
	at org.springframework.web.servlet.mvc.method.AbstractHandlerMethodAdapter.handle(AbstractHandlerMethodAdapter.java:87) ~[spring-webmvc-6.1.21.jar:6.1.21]
	at org.springframework.web.servlet.DispatcherServlet.doDispatch(DispatcherServlet.java:1089) ~[spring-webmvc-6.1.21.jar:6.1.21]
	at org.springframework.web.servlet.DispatcherServlet.doService(DispatcherServlet.java:979) ~[spring-webmvc-6.1.21.jar:6.1.21]
	at org.springframework.web.servlet.FrameworkServlet.processRequest(FrameworkServlet.java:1014) ~[spring-webmvc-6.1.21.jar:6.1.21]
	at org.springframework.web.servlet.FrameworkServlet.doPost(FrameworkServlet.java:914) ~[spring-webmvc-6.1.21.jar:6.1.21]
	at jakarta.servlet.http.HttpServlet.service(HttpServlet.java:590) ~[tomcat-embed-core-10.1.42.jar:6.0]
	at org.springframework.web.servlet.FrameworkServlet.service(FrameworkServlet.java:885) ~[spring-webmvc-6.1.21.jar:6.1.21]
	at jakarta.servlet.http.HttpServlet.service(HttpServlet.java:658) ~[tomcat-embed-core-10.1.42.jar:6.0]
	at org.apache.catalina.core.ApplicationFilterChain.internalDoFilter(ApplicationFilterChain.java:195) ~[tomcat-embed-core-10.1.42.jar:10.1.42]
	at org.apache.catalina.core.ApplicationFilterChain.doFilter(ApplicationFilterChain.java:140) ~[tomcat-embed-core-10.1.42.jar:10.1.42]
	at org.apache.tomcat.websocket.server.WsFilter.doFilter(WsFilter.java:51) ~[tomcat-embed-websocket-10.1.42.jar:10.1.42]
	at org.apache.catalina.core.ApplicationFilterChain.internalDoFilter(ApplicationFilterChain.java:164) ~[tomcat-embed-core-10.1.42.jar:10.1.42]
	at org.apache.catalina.core.ApplicationFilterChain.doFilter(ApplicationFilterChain.java:140) ~[tomcat-embed-core-10.1.42.jar:10.1.42]
	at org.springframework.web.filter.RequestContextFilter.doFilterInternal(RequestContextFilter.java:100) ~[spring-web-6.1.21.jar:6.1.21]
	at org.springframework.web.filter.OncePerRequestFilter.doFilter(OncePerRequestFilter.java:116) ~[spring-web-6.1.21.jar:6.1.21]
	at org.apache.catalina.core.ApplicationFilterChain.internalDoFilter(ApplicationFilterChain.java:164) ~[tomcat-embed-core-10.1.42.jar:10.1.42]
	at org.apache.catalina.core.ApplicationFilterChain.doFilter(ApplicationFilterChain.java:140) ~[tomcat-embed-core-10.1.42.jar:10.1.42]
	at org.springframework.web.filter.FormContentFilter.doFilterInternal(FormContentFilter.java:93) ~[spring-web-6.1.21.jar:6.1.21]
	at org.springframework.web.filter.OncePerRequestFilter.doFilter(OncePerRequestFilter.java:116) ~[spring-web-6.1.21.jar:6.1.21]
	at org.apache.catalina.core.ApplicationFilterChain.internalDoFilter(ApplicationFilterChain.java:164) ~[tomcat-embed-core-10.1.42.jar:10.1.42]
	at org.apache.catalina.core.ApplicationFilterChain.doFilter(ApplicationFilterChain.java:140) ~[tomcat-embed-core-10.1.42.jar:10.1.42]
	at org.springframework.web.filter.ServerHttpObservationFilter.doFilterInternal(ServerHttpObservationFilter.java:113) ~[spring-web-6.1.21.jar:6.1.21]
	at org.springframework.web.filter.OncePerRequestFilter.doFilter(OncePerRequestFilter.java:116) ~[spring-web-6.1.21.jar:6.1.21]
	at org.apache.catalina.core.ApplicationFilterChain.internalDoFilter(ApplicationFilterChain.java:164) ~[tomcat-embed-core-10.1.42.jar:10.1.42]
	at org.apache.catalina.core.ApplicationFilterChain.doFilter(ApplicationFilterChain.java:140) ~[tomcat-embed-core-10.1.42.jar:10.1.42]
	at org.springframework.web.filter.CharacterEncodingFilter.doFilterInternal(CharacterEncodingFilter.java:201) ~[spring-web-6.1.21.jar:6.1.21]
	at org.springframework.web.filter.OncePerRequestFilter.doFilter(OncePerRequestFilter.java:116) ~[spring-web-6.1.21.jar:6.1.21]
	at org.apache.catalina.core.ApplicationFilterChain.internalDoFilter(ApplicationFilterChain.java:164) ~[tomcat-embed-core-10.1.42.jar:10.1.42]
	at org.apache.catalina.core.ApplicationFilterChain.doFilter(ApplicationFilterChain.java:140) ~[tomcat-embed-core-10.1.42.jar:10.1.42]
	at org.apache.catalina.core.StandardWrapperValve.invoke(StandardWrapperValve.java:167) ~[tomcat-embed-core-10.1.42.jar:10.1.42]
	at org.apache.catalina.core.StandardContextValve.invoke(StandardContextValve.java:90) ~[tomcat-embed-core-10.1.42.jar:10.1.42]
	at org.apache.catalina.authenticator.AuthenticatorBase.invoke(AuthenticatorBase.java:483) ~[tomcat-embed-core-10.1.42.jar:10.1.42]
	at org.apache.catalina.core.StandardHostValve.invoke(StandardHostValve.java:116) ~[tomcat-embed-core-10.1.42.jar:10.1.42]
	at org.apache.catalina.valves.ErrorReportValve.invoke(ErrorReportValve.java:93) ~[tomcat-embed-core-10.1.42.jar:10.1.42]
	at org.apache.catalina.core.StandardEngineValve.invoke(StandardEngineValve.java:74) ~[tomcat-embed-core-10.1.42.jar:10.1.42]
	at org.apache.catalina.connector.CoyoteAdapter.service(CoyoteAdapter.java:344) ~[tomcat-embed-core-10.1.42.jar:10.1.42]
	at org.apache.coyote.http11.Http11Processor.service(Http11Processor.java:398) ~[tomcat-embed-core-10.1.42.jar:10.1.42]
	at org.apache.coyote.AbstractProcessorLight.process(AbstractProcessorLight.java:63) ~[tomcat-embed-core-10.1.42.jar:10.1.42]
	at org.apache.coyote.AbstractProtocol$ConnectionHandler.process(AbstractProtocol.java:903) ~[tomcat-embed-core-10.1.42.jar:10.1.42]
	at org.apache.tomcat.util.net.NioEndpoint$SocketProcessor.doRun(NioEndpoint.java:1769) ~[tomcat-embed-core-10.1.42.jar:10.1.42]
	at org.apache.tomcat.util.net.SocketProcessorBase.run(SocketProcessorBase.java:52) ~[tomcat-embed-core-10.1.42.jar:10.1.42]
	at org.apache.tomcat.util.threads.ThreadPoolExecutor.runWorker(ThreadPoolExecutor.java:1189) ~[tomcat-embed-core-10.1.42.jar:10.1.42]
	at org.apache.tomcat.util.threads.ThreadPoolExecutor$Worker.run(ThreadPoolExecutor.java:658) ~[tomcat-embed-core-10.1.42.jar:10.1.42]
	at org.apache.tomcat.util.threads.TaskThread$WrappingRunnable.run(TaskThread.java:63) ~[tomcat-embed-core-10.1.42.jar:10.1.42]
	at java.base/java.lang.Thread.run(Thread.java:842) ~[na:na]

2026-06-04T14:19:48.408+07:00  INFO [group-service,,] 30776 --- [group-service] [DiscoveryClient-CacheRefreshExecutor-%d] [                                                 ] c.n.d.s.t.d.RedirectingEurekaHttpClient  : Request execution error. endpoint=DefaultEndpoint{ serviceUrl='http://localhost:8761/eureka/} exception=I/O error on GET request for "http://localhost:8761/eureka/apps/delta": Connect to http://localhost:8761 [localhost/127.0.0.1, localhost/0:0:0:0:0:0:0:1] failed: Connection refused: no further information stacktrace=org.springframework.web.client.ResourceAccessException: I/O error on GET request for "http://localhost:8761/eureka/apps/delta": Connect to http://localhost:8761 [localhost/127.0.0.1, localhost/0:0:0:0:0:0:0:1] failed: Connection refused: no further information
	at org.springframework.web.client.RestTemplate.createResourceAccessException(RestTemplate.java:915)
	at org.springframework.web.client.RestTemplate.doExecute(RestTemplate.java:895)
	at org.springframework.web.client.RestTemplate.execute(RestTemplate.java:830)
	at org.springframework.web.client.RestTemplate.exchange(RestTemplate.java:691)
	at org.springframework.cloud.netflix.eureka.http.RestTemplateEurekaHttpClient.getApplicationsInternal(RestTemplateEurekaHttpClient.java:170)
	at org.springframework.cloud.netflix.eureka.http.RestTemplateEurekaHttpClient.getDelta(RestTemplateEurekaHttpClient.java:182)
	at com.netflix.discovery.shared.transport.decorator.EurekaHttpClientDecorator$7.execute(EurekaHttpClientDecorator.java:152)
	at com.netflix.discovery.shared.transport.decorator.RedirectingEurekaHttpClient.execute(RedirectingEurekaHttpClient.java:91)
	at com.netflix.discovery.shared.transport.decorator.EurekaHttpClientDecorator.getDelta(EurekaHttpClientDecorator.java:149)
	at com.netflix.discovery.shared.transport.decorator.EurekaHttpClientDecorator$7.execute(EurekaHttpClientDecorator.java:152)
	at com.netflix.discovery.shared.transport.decorator.RetryableEurekaHttpClient.execute(RetryableEurekaHttpClient.java:120)
	at com.netflix.discovery.shared.transport.decorator.EurekaHttpClientDecorator.getDelta(EurekaHttpClientDecorator.java:149)
	at com.netflix.discovery.shared.transport.decorator.EurekaHttpClientDecorator$7.execute(EurekaHttpClientDecorator.java:152)
	at com.netflix.discovery.shared.transport.decorator.SessionedEurekaHttpClient.execute(SessionedEurekaHttpClient.java:76)
	at com.netflix.discovery.shared.transport.decorator.EurekaHttpClientDecorator.getDelta(EurekaHttpClientDecorator.java:149)
	at com.netflix.discovery.DiscoveryClient.getAndUpdateDelta(DiscoveryClient.java:1080)
	at com.netflix.discovery.DiscoveryClient.fetchRegistry(DiscoveryClient.java:963)
	at com.netflix.discovery.DiscoveryClient.refreshRegistry(DiscoveryClient.java:1473)
	at com.netflix.discovery.DiscoveryClient$CacheRefreshThread.run(DiscoveryClient.java:1441)
	at java.base/java.util.concurrent.Executors$RunnableAdapter.call(Executors.java:539)
	at java.base/java.util.concurrent.FutureTask.run(FutureTask.java:264)
	at java.base/java.util.concurrent.ThreadPoolExecutor.runWorker(ThreadPoolExecutor.java:1136)
	at java.base/java.util.concurrent.ThreadPoolExecutor$Worker.run(ThreadPoolExecutor.java:635)
	at java.base/java.lang.Thread.run(Thread.java:842)
Caused by: org.apache.hc.client5.http.HttpHostConnectException: Connect to http://localhost:8761 [localhost/127.0.0.1, localhost/0:0:0:0:0:0:0:1] failed: Connection refused: no further information
	at java.base/sun.nio.ch.Net.pollConnect(Native Method)
	at java.base/sun.nio.ch.Net.pollConnectNow(Net.java:672)
	at java.base/sun.nio.ch.NioSocketImpl.timedFinishConnect(NioSocketImpl.java:547)
	at java.base/sun.nio.ch.NioSocketImpl.connect(NioSocketImpl.java:602)
	at java.base/java.net.SocksSocketImpl.connect(SocksSocketImpl.java:327)
	at java.base/java.net.Socket.connect(Socket.java:633)
	at org.apache.hc.client5.http.socket.PlainConnectionSocketFactory.lambda$connectSocket$0(PlainConnectionSocketFactory.java:91)
	at java.base/java.security.AccessController.doPrivileged(AccessController.java:569)
	at org.apache.hc.client5.http.socket.PlainConnectionSocketFactory.connectSocket(PlainConnectionSocketFactory.java:90)
	at org.apache.hc.client5.http.socket.ConnectionSocketFactory.connectSocket(ConnectionSocketFactory.java:123)
	at org.apache.hc.client5.http.impl.io.DefaultHttpClientConnectionOperator.connect(DefaultHttpClientConnectionOperator.java:189)
	at org.apache.hc.client5.http.impl.io.PoolingHttpClientConnectionManager.connect(PoolingHttpClientConnectionManager.java:450)
	at org.apache.hc.client5.http.impl.classic.InternalExecRuntime.connectEndpoint(InternalExecRuntime.java:162)
	at org.apache.hc.client5.http.impl.classic.InternalExecRuntime.connectEndpoint(InternalExecRuntime.java:172)
	at org.apache.hc.client5.http.impl.classic.ConnectExec.execute(ConnectExec.java:142)
	at org.apache.hc.client5.http.impl.classic.ExecChainElement.execute(ExecChainElement.java:51)
	at org.apache.hc.client5.http.impl.classic.ProtocolExec.execute(ProtocolExec.java:192)
	at org.apache.hc.client5.http.impl.classic.ExecChainElement.execute(ExecChainElement.java:51)
	at org.apache.hc.client5.http.impl.classic.HttpRequestRetryExec.execute(HttpRequestRetryExec.java:113)
	at org.apache.hc.client5.http.impl.classic.ExecChainElement.execute(ExecChainElement.java:51)
	at org.apache.hc.client5.http.impl.classic.ContentCompressionExec.execute(ContentCompressionExec.java:152)
	at org.apache.hc.client5.http.impl.classic.ExecChainElement.execute(ExecChainElement.java:51)
	at org.apache.hc.client5.http.impl.classic.RedirectExec.execute(RedirectExec.java:116)
	at org.apache.hc.client5.http.impl.classic.ExecChainElement.execute(ExecChainElement.java:51)
	at org.apache.hc.client5.http.impl.classic.InternalHttpClient.doExecute(InternalHttpClient.java:170)
	at org.apache.hc.client5.http.impl.classic.CloseableHttpClient.execute(CloseableHttpClient.java:87)
	at org.apache.hc.client5.http.impl.classic.CloseableHttpClient.execute(CloseableHttpClient.java:55)
	at org.apache.hc.client5.http.classic.HttpClient.executeOpen(HttpClient.java:183)
	at org.springframework.http.client.HttpComponentsClientHttpRequest.executeInternal(HttpComponentsClientHttpRequest.java:99)
	at org.springframework.http.client.AbstractStreamingClientHttpRequest.executeInternal(AbstractStreamingClientHttpRequest.java:70)
	at org.springframework.http.client.AbstractClientHttpRequest.execute(AbstractClientHttpRequest.java:66)
	at org.springframework.http.client.InterceptingClientHttpRequest$InterceptingRequestExecution.execute(InterceptingClientHttpRequest.java:112)
	at org.springframework.cloud.netflix.eureka.http.RestTemplateTransportClientFactory.lambda$restTemplate$3(RestTemplateTransportClientFactory.java:170)
	at org.springframework.http.client.InterceptingClientHttpRequest$InterceptingRequestExecution.execute(InterceptingClientHttpRequest.java:88)
	at org.springframework.http.client.InterceptingClientHttpRequest.executeInternal(InterceptingClientHttpRequest.java:72)
	at org.springframework.http.client.AbstractBufferingClientHttpRequest.executeInternal(AbstractBufferingClientHttpRequest.java:48)
	at org.springframework.http.client.AbstractClientHttpRequest.execute(AbstractClientHttpRequest.java:66)
	at org.springframework.web.client.RestTemplate.doExecute(RestTemplate.java:889)
	... 22 more

2026-06-04T14:19:48.408+07:00  WARN [group-service,,] 30776 --- [group-service] [DiscoveryClient-CacheRefreshExecutor-%d] [                                                 ] c.n.d.s.t.d.RetryableEurekaHttpClient    : Request execution failed with message: I/O error on GET request for "http://localhost:8761/eureka/apps/delta": Connect to http://localhost:8761 [localhost/127.0.0.1, localhost/0:0:0:0:0:0:0:1] failed: Connection refused: no further information
2026-06-04T14:19:48.418+07:00  INFO [group-service,,] 30776 --- [group-service] [DiscoveryClient-HeartbeatExecutor-%d] [                                                 ] c.n.d.s.t.d.RedirectingEurekaHttpClient  : Request execution error. endpoint=DefaultEndpoint{ serviceUrl='http://localhost:8761/eureka/} exception=I/O error on PUT request for "http://localhost:8761/eureka/apps/GROUP-SERVICE/localhost:group-service:8085": Connect to http://localhost:8761 [localhost/127.0.0.1, localhost/0:0:0:0:0:0:0:1] failed: Connection refused: no further information stacktrace=org.springframework.web.client.ResourceAccessException: I/O error on PUT request for "http://localhost:8761/eureka/apps/GROUP-SERVICE/localhost:group-service:8085": Connect to http://localhost:8761 [localhost/127.0.0.1, localhost/0:0:0:0:0:0:0:1] failed: Connection refused: no further information
	at org.springframework.web.client.RestTemplate.createResourceAccessException(RestTemplate.java:915)
	at org.springframework.web.client.RestTemplate.doExecute(RestTemplate.java:895)
	at org.springframework.web.client.RestTemplate.execute(RestTemplate.java:830)
	at org.springframework.web.client.RestTemplate.exchange(RestTemplate.java:691)
	at org.springframework.cloud.netflix.eureka.http.RestTemplateEurekaHttpClient.sendHeartBeat(RestTemplateEurekaHttpClient.java:115)
	at com.netflix.discovery.shared.transport.decorator.EurekaHttpClientDecorator$3.execute(EurekaHttpClientDecorator.java:92)
	at com.netflix.discovery.shared.transport.decorator.RedirectingEurekaHttpClient.execute(RedirectingEurekaHttpClient.java:91)
	at com.netflix.discovery.shared.transport.decorator.EurekaHttpClientDecorator.sendHeartBeat(EurekaHttpClientDecorator.java:89)
	at com.netflix.discovery.shared.transport.decorator.EurekaHttpClientDecorator$3.execute(EurekaHttpClientDecorator.java:92)
	at com.netflix.discovery.shared.transport.decorator.RetryableEurekaHttpClient.execute(RetryableEurekaHttpClient.java:120)
	at com.netflix.discovery.shared.transport.decorator.EurekaHttpClientDecorator.sendHeartBeat(EurekaHttpClientDecorator.java:89)
	at com.netflix.discovery.shared.transport.decorator.EurekaHttpClientDecorator$3.execute(EurekaHttpClientDecorator.java:92)
	at com.netflix.discovery.shared.transport.decorator.SessionedEurekaHttpClient.execute(SessionedEurekaHttpClient.java:76)
	at com.netflix.discovery.shared.transport.decorator.EurekaHttpClientDecorator.sendHeartBeat(EurekaHttpClientDecorator.java:89)
	at com.netflix.discovery.DiscoveryClient.renew(DiscoveryClient.java:845)
	at com.netflix.discovery.DiscoveryClient$HeartbeatThread.run(DiscoveryClient.java:1402)
	at java.base/java.util.concurrent.Executors$RunnableAdapter.call(Executors.java:539)
	at java.base/java.util.concurrent.FutureTask.run(FutureTask.java:264)
	at java.base/java.util.concurrent.ThreadPoolExecutor.runWorker(ThreadPoolExecutor.java:1136)
	at java.base/java.util.concurrent.ThreadPoolExecutor$Worker.run(ThreadPoolExecutor.java:635)
	at java.base/java.lang.Thread.run(Thread.java:842)
Caused by: org.apache.hc.client5.http.HttpHostConnectException: Connect to http://localhost:8761 [localhost/127.0.0.1, localhost/0:0:0:0:0:0:0:1] failed: Connection refused: no further information
	at java.base/sun.nio.ch.Net.pollConnect(Native Method)
	at java.base/sun.nio.ch.Net.pollConnectNow(Net.java:672)
	at java.base/sun.nio.ch.NioSocketImpl.timedFinishConnect(NioSocketImpl.java:547)
	at java.base/sun.nio.ch.NioSocketImpl.connect(NioSocketImpl.java:602)
	at java.base/java.net.SocksSocketImpl.connect(SocksSocketImpl.java:327)
	at java.base/java.net.Socket.connect(Socket.java:633)
	at org.apache.hc.client5.http.socket.PlainConnectionSocketFactory.lambda$connectSocket$0(PlainConnectionSocketFactory.java:91)
	at java.base/java.security.AccessController.doPrivileged(AccessController.java:569)
	at org.apache.hc.client5.http.socket.PlainConnectionSocketFactory.connectSocket(PlainConnectionSocketFactory.java:90)
	at org.apache.hc.client5.http.socket.ConnectionSocketFactory.connectSocket(ConnectionSocketFactory.java:123)
	at org.apache.hc.client5.http.impl.io.DefaultHttpClientConnectionOperator.connect(DefaultHttpClientConnectionOperator.java:189)
	at org.apache.hc.client5.http.impl.io.PoolingHttpClientConnectionManager.connect(PoolingHttpClientConnectionManager.java:450)
	at org.apache.hc.client5.http.impl.classic.InternalExecRuntime.connectEndpoint(InternalExecRuntime.java:162)
	at org.apache.hc.client5.http.impl.classic.InternalExecRuntime.connectEndpoint(InternalExecRuntime.java:172)
	at org.apache.hc.client5.http.impl.classic.ConnectExec.execute(ConnectExec.java:142)
	at org.apache.hc.client5.http.impl.classic.ExecChainElement.execute(ExecChainElement.java:51)
	at org.apache.hc.client5.http.impl.classic.ProtocolExec.execute(ProtocolExec.java:192)
	at org.apache.hc.client5.http.impl.classic.ExecChainElement.execute(ExecChainElement.java:51)
	at org.apache.hc.client5.http.impl.classic.HttpRequestRetryExec.execute(HttpRequestRetryExec.java:113)
	at org.apache.hc.client5.http.impl.classic.ExecChainElement.execute(ExecChainElement.java:51)
	at org.apache.hc.client5.http.impl.classic.ContentCompressionExec.execute(ContentCompressionExec.java:152)
	at org.apache.hc.client5.http.impl.classic.ExecChainElement.execute(ExecChainElement.java:51)
	at org.apache.hc.client5.http.impl.classic.RedirectExec.execute(RedirectExec.java:116)
	at org.apache.hc.client5.http.impl.classic.ExecChainElement.execute(ExecChainElement.java:51)
	at org.apache.hc.client5.http.impl.classic.InternalHttpClient.doExecute(InternalHttpClient.java:170)
	at org.apache.hc.client5.http.impl.classic.CloseableHttpClient.execute(CloseableHttpClient.java:87)
	at org.apache.hc.client5.http.impl.classic.CloseableHttpClient.execute(CloseableHttpClient.java:55)
	at org.apache.hc.client5.http.classic.HttpClient.executeOpen(HttpClient.java:183)
	at org.springframework.http.client.HttpComponentsClientHttpRequest.executeInternal(HttpComponentsClientHttpRequest.java:99)
	at org.springframework.http.client.AbstractStreamingClientHttpRequest.executeInternal(AbstractStreamingClientHttpRequest.java:70)
	at org.springframework.http.client.AbstractClientHttpRequest.execute(AbstractClientHttpRequest.java:66)
	at org.springframework.http.client.InterceptingClientHttpRequest$InterceptingRequestExecution.execute(InterceptingClientHttpRequest.java:112)
	at org.springframework.cloud.netflix.eureka.http.RestTemplateTransportClientFactory.lambda$restTemplate$3(RestTemplateTransportClientFactory.java:170)
	at org.springframework.http.client.InterceptingClientHttpRequest$InterceptingRequestExecution.execute(InterceptingClientHttpRequest.java:88)
	at org.springframework.http.client.InterceptingClientHttpRequest.executeInternal(InterceptingClientHttpRequest.java:72)
	at org.springframework.http.client.AbstractBufferingClientHttpRequest.executeInternal(AbstractBufferingClientHttpRequest.java:48)
	at org.springframework.http.client.AbstractClientHttpRequest.execute(AbstractClientHttpRequest.java:66)
	at org.springframework.web.client.RestTemplate.doExecute(RestTemplate.java:889)
	... 19 more

2026-06-04T14:19:48.419+07:00  WARN [group-service,,] 30776 --- [group-service] [DiscoveryClient-HeartbeatExecutor-%d] [                                                 ] c.n.d.s.t.d.RetryableEurekaHttpClient    : Request execution failed with message: I/O error on PUT request for "http://localhost:8761/eureka/apps/GROUP-SERVICE/localhost:group-service:8085": Connect to http://localhost:8761 [localhost/127.0.0.1, localhost/0:0:0:0:0:0:0:1] failed: Connection refused: no further information
2026-06-04T14:19:48.429+07:00  INFO [group-service,,] 30776 --- [group-service] [DiscoveryClient-HeartbeatExecutor-%d] [                                                 ] c.n.d.s.t.d.RedirectingEurekaHttpClient  : Request execution error. endpoint=DefaultEndpoint{ serviceUrl='http://localhost:8761/eureka/}, exception=I/O error on PUT request for "http://localhost:8761/eureka/apps/GROUP-SERVICE/localhost:group-service:8085": Connect to http://localhost:8761 [localhost/127.0.0.1, localhost/0:0:0:0:0:0:0:1] failed: Connection refused: no further information stacktrace=org.springframework.web.client.ResourceAccessException: I/O error on PUT request for "http://localhost:8761/eureka/apps/GROUP-SERVICE/localhost:group-service:8085": Connect to http://localhost:8761 [localhost/127.0.0.1, localhost/0:0:0:0:0:0:0:1] failed: Connection refused: no further information
	at org.springframework.web.client.RestTemplate.createResourceAccessException(RestTemplate.java:915)
	at org.springframework.web.client.RestTemplate.doExecute(RestTemplate.java:895)
	at org.springframework.web.client.RestTemplate.execute(RestTemplate.java:830)
	at org.springframework.web.client.RestTemplate.exchange(RestTemplate.java:691)
	at org.springframework.cloud.netflix.eureka.http.RestTemplateEurekaHttpClient.sendHeartBeat(RestTemplateEurekaHttpClient.java:115)
	at com.netflix.discovery.shared.transport.decorator.EurekaHttpClientDecorator$3.execute(EurekaHttpClientDecorator.java:92)
	at com.netflix.discovery.shared.transport.decorator.RedirectingEurekaHttpClient.executeOnNewServer(RedirectingEurekaHttpClient.java:121)
	at com.netflix.discovery.shared.transport.decorator.RedirectingEurekaHttpClient.execute(RedirectingEurekaHttpClient.java:80)
	at com.netflix.discovery.shared.transport.decorator.EurekaHttpClientDecorator.sendHeartBeat(EurekaHttpClientDecorator.java:89)
	at com.netflix.discovery.shared.transport.decorator.EurekaHttpClientDecorator$3.execute(EurekaHttpClientDecorator.java:92)
	at com.netflix.discovery.shared.transport.decorator.RetryableEurekaHttpClient.execute(RetryableEurekaHttpClient.java:120)
	at com.netflix.discovery.shared.transport.decorator.EurekaHttpClientDecorator.sendHeartBeat(EurekaHttpClientDecorator.java:89)
	at com.netflix.discovery.shared.transport.decorator.EurekaHttpClientDecorator$3.execute(EurekaHttpClientDecorator.java:92)
	at com.netflix.discovery.shared.transport.decorator.SessionedEurekaHttpClient.execute(SessionedEurekaHttpClient.java:76)
	at com.netflix.discovery.shared.transport.decorator.EurekaHttpClientDecorator.sendHeartBeat(EurekaHttpClientDecorator.java:89)
	at com.netflix.discovery.DiscoveryClient.renew(DiscoveryClient.java:845)
	at com.netflix.discovery.DiscoveryClient$HeartbeatThread.run(DiscoveryClient.java:1402)
	at java.base/java.util.concurrent.Executors$RunnableAdapter.call(Executors.java:539)
	at java.base/java.util.concurrent.FutureTask.run(FutureTask.java:264)
	at java.base/java.util.concurrent.ThreadPoolExecutor.runWorker(ThreadPoolExecutor.java:1136)
	at java.base/java.util.concurrent.ThreadPoolExecutor$Worker.run(ThreadPoolExecutor.java:635)
	at java.base/java.lang.Thread.run(Thread.java:842)
Caused by: org.apache.hc.client5.http.HttpHostConnectException: Connect to http://localhost:8761 [localhost/127.0.0.1, localhost/0:0:0:0:0:0:0:1] failed: Connection refused: no further information
	at java.base/sun.nio.ch.Net.pollConnect(Native Method)
	at java.base/sun.nio.ch.Net.pollConnectNow(Net.java:672)
	at java.base/sun.nio.ch.NioSocketImpl.timedFinishConnect(NioSocketImpl.java:547)
	at java.base/sun.nio.ch.NioSocketImpl.connect(NioSocketImpl.java:602)
	at java.base/java.net.SocksSocketImpl.connect(SocksSocketImpl.java:327)
	at java.base/java.net.Socket.connect(Socket.java:633)
	at org.apache.hc.client5.http.socket.PlainConnectionSocketFactory.lambda$connectSocket$0(PlainConnectionSocketFactory.java:91)
	at java.base/java.security.AccessController.doPrivileged(AccessController.java:569)
	at org.apache.hc.client5.http.socket.PlainConnectionSocketFactory.connectSocket(PlainConnectionSocketFactory.java:90)
	at org.apache.hc.client5.http.socket.ConnectionSocketFactory.connectSocket(ConnectionSocketFactory.java:123)
	at org.apache.hc.client5.http.impl.io.DefaultHttpClientConnectionOperator.connect(DefaultHttpClientConnectionOperator.java:189)
	at org.apache.hc.client5.http.impl.io.PoolingHttpClientConnectionManager.connect(PoolingHttpClientConnectionManager.java:450)
	at org.apache.hc.client5.http.impl.classic.InternalExecRuntime.connectEndpoint(InternalExecRuntime.java:162)
	at org.apache.hc.client5.http.impl.classic.InternalExecRuntime.connectEndpoint(InternalExecRuntime.java:172)
	at org.apache.hc.client5.http.impl.classic.ConnectExec.execute(ConnectExec.java:142)
	at org.apache.hc.client5.http.impl.classic.ExecChainElement.execute(ExecChainElement.java:51)
	at org.apache.hc.client5.http.impl.classic.ProtocolExec.execute(ProtocolExec.java:192)
	at org.apache.hc.client5.http.impl.classic.ExecChainElement.execute(ExecChainElement.java:51)
	at org.apache.hc.client5.http.impl.classic.HttpRequestRetryExec.execute(HttpRequestRetryExec.java:113)
	at org.apache.hc.client5.http.impl.classic.ExecChainElement.execute(ExecChainElement.java:51)
	at org.apache.hc.client5.http.impl.classic.ContentCompressionExec.execute(ContentCompressionExec.java:152)
	at org.apache.hc.client5.http.impl.classic.ExecChainElement.execute(ExecChainElement.java:51)
	at org.apache.hc.client5.http.impl.classic.RedirectExec.execute(RedirectExec.java:116)
	at org.apache.hc.client5.http.impl.classic.ExecChainElement.execute(ExecChainElement.java:51)
	at org.apache.hc.client5.http.impl.classic.InternalHttpClient.doExecute(InternalHttpClient.java:170)
	at org.apache.hc.client5.http.impl.classic.CloseableHttpClient.execute(CloseableHttpClient.java:87)
	at org.apache.hc.client5.http.impl.classic.CloseableHttpClient.execute(CloseableHttpClient.java:55)
	at org.apache.hc.client5.http.classic.HttpClient.executeOpen(HttpClient.java:183)
	at org.springframework.http.client.HttpComponentsClientHttpRequest.executeInternal(HttpComponentsClientHttpRequest.java:99)
	at org.springframework.http.client.AbstractStreamingClientHttpRequest.executeInternal(AbstractStreamingClientHttpRequest.java:70)
	at org.springframework.http.client.AbstractClientHttpRequest.execute(AbstractClientHttpRequest.java:66)
	at org.springframework.http.client.InterceptingClientHttpRequest$InterceptingRequestExecution.execute(InterceptingClientHttpRequest.java:112)
	at org.springframework.cloud.netflix.eureka.http.RestTemplateTransportClientFactory.lambda$restTemplate$3(RestTemplateTransportClientFactory.java:170)
	at org.springframework.http.client.InterceptingClientHttpRequest$InterceptingRequestExecution.execute(InterceptingClientHttpRequest.java:88)
	at org.springframework.http.client.InterceptingClientHttpRequest.executeInternal(InterceptingClientHttpRequest.java:72)
	at org.springframework.http.client.AbstractBufferingClientHttpRequest.executeInternal(AbstractBufferingClientHttpRequest.java:48)
	at org.springframework.http.client.AbstractClientHttpRequest.execute(AbstractClientHttpRequest.java:66)
	at org.springframework.web.client.RestTemplate.doExecute(RestTemplate.java:889)
	... 20 more

2026-06-04T14:19:48.429+07:00  WARN [group-service,,] 30776 --- [group-service] [DiscoveryClient-HeartbeatExecutor-%d] [                                                 ] c.n.d.s.t.d.RetryableEurekaHttpClient    : Request execution failed with message: I/O error on PUT request for "http://localhost:8761/eureka/apps/GROUP-SERVICE/localhost:group-service:8085": Connect to http://localhost:8761 [localhost/127.0.0.1, localhost/0:0:0:0:0:0:0:1] failed: Connection refused: no further information
2026-06-04T14:19:48.429+07:00 ERROR [group-service,,] 30776 --- [group-service] [DiscoveryClient-HeartbeatExecutor-%d] [                                                 ] com.netflix.discovery.DiscoveryClient    : DiscoveryClient_GROUP-SERVICE/localhost:group-service:8085 - was unable to send heartbeat!

com.netflix.discovery.shared.transport.TransportException: Cannot execute request on any known server
	at com.netflix.discovery.shared.transport.decorator.RetryableEurekaHttpClient.execute(RetryableEurekaHttpClient.java:112) ~[eureka-client-2.0.4.jar:2.0.4]
	at com.netflix.discovery.shared.transport.decorator.EurekaHttpClientDecorator.sendHeartBeat(EurekaHttpClientDecorator.java:89) ~[eureka-client-2.0.4.jar:2.0.4]
	at com.netflix.discovery.shared.transport.decorator.EurekaHttpClientDecorator$3.execute(EurekaHttpClientDecorator.java:92) ~[eureka-client-2.0.4.jar:2.0.4]
	at com.netflix.discovery.shared.transport.decorator.SessionedEurekaHttpClient.execute(SessionedEurekaHttpClient.java:76) ~[eureka-client-2.0.4.jar:2.0.4]
	at com.netflix.discovery.shared.transport.decorator.EurekaHttpClientDecorator.sendHeartBeat(EurekaHttpClientDecorator.java:89) ~[eureka-client-2.0.4.jar:2.0.4]
	at com.netflix.discovery.DiscoveryClient.renew(DiscoveryClient.java:845) ~[eureka-client-2.0.4.jar:2.0.4]
	at com.netflix.discovery.DiscoveryClient$HeartbeatThread.run(DiscoveryClient.java:1402) ~[eureka-client-2.0.4.jar:2.0.4]
	at java.base/java.util.concurrent.Executors$RunnableAdapter.call(Executors.java:539) ~[na:na]
	at java.base/java.util.concurrent.FutureTask.run(FutureTask.java:264) ~[na:na]
	at java.base/java.util.concurrent.ThreadPoolExecutor.runWorker(ThreadPoolExecutor.java:1136) ~[na:na]
	at java.base/java.util.concurrent.ThreadPoolExecutor$Worker.run(ThreadPoolExecutor.java:635) ~[na:na]
	at java.base/java.lang.Thread.run(Thread.java:842) ~[na:na]

2026-06-04T14:19:48.449+07:00  INFO [group-service,,] 30776 --- [group-service] [DiscoveryClient-CacheRefreshExecutor-%d] [                                                 ] c.n.d.s.t.d.RedirectingEurekaHttpClient  : Request execution error. endpoint=DefaultEndpoint{ serviceUrl='http://localhost:8761/eureka/}, exception=I/O error on GET request for "http://localhost:8761/eureka/apps/delta": Connect to http://localhost:8761 [localhost/127.0.0.1, localhost/0:0:0:0:0:0:0:1] failed: Connection refused: no further information stacktrace=org.springframework.web.client.ResourceAccessException: I/O error on GET request for "http://localhost:8761/eureka/apps/delta": Connect to http://localhost:8761 [localhost/127.0.0.1, localhost/0:0:0:0:0:0:0:1] failed: Connection refused: no further information
	at org.springframework.web.client.RestTemplate.createResourceAccessException(RestTemplate.java:915)
	at org.springframework.web.client.RestTemplate.doExecute(RestTemplate.java:895)
	at org.springframework.web.client.RestTemplate.execute(RestTemplate.java:830)
	at org.springframework.web.client.RestTemplate.exchange(RestTemplate.java:691)
	at org.springframework.cloud.netflix.eureka.http.RestTemplateEurekaHttpClient.getApplicationsInternal(RestTemplateEurekaHttpClient.java:170)
	at org.springframework.cloud.netflix.eureka.http.RestTemplateEurekaHttpClient.getDelta(RestTemplateEurekaHttpClient.java:182)
	at com.netflix.discovery.shared.transport.decorator.EurekaHttpClientDecorator$7.execute(EurekaHttpClientDecorator.java:152)
	at com.netflix.discovery.shared.transport.decorator.RedirectingEurekaHttpClient.executeOnNewServer(RedirectingEurekaHttpClient.java:121)
	at com.netflix.discovery.shared.transport.decorator.RedirectingEurekaHttpClient.execute(RedirectingEurekaHttpClient.java:80)
	at com.netflix.discovery.shared.transport.decorator.EurekaHttpClientDecorator.getDelta(EurekaHttpClientDecorator.java:149)
	at com.netflix.discovery.shared.transport.decorator.EurekaHttpClientDecorator$7.execute(EurekaHttpClientDecorator.java:152)
	at com.netflix.discovery.shared.transport.decorator.RetryableEurekaHttpClient.execute(RetryableEurekaHttpClient.java:120)
	at com.netflix.discovery.shared.transport.decorator.EurekaHttpClientDecorator.getDelta(EurekaHttpClientDecorator.java:149)
	at com.netflix.discovery.shared.transport.decorator.EurekaHttpClientDecorator$7.execute(EurekaHttpClientDecorator.java:152)
	at com.netflix.discovery.shared.transport.decorator.SessionedEurekaHttpClient.execute(SessionedEurekaHttpClient.java:76)
	at com.netflix.discovery.shared.transport.decorator.EurekaHttpClientDecorator.getDelta(EurekaHttpClientDecorator.java:149)
	at com.netflix.discovery.DiscoveryClient.getAndUpdateDelta(DiscoveryClient.java:1080)
	at com.netflix.discovery.DiscoveryClient.fetchRegistry(DiscoveryClient.java:963)
	at com.netflix.discovery.DiscoveryClient.refreshRegistry(DiscoveryClient.java:1473)
	at com.netflix.discovery.DiscoveryClient$CacheRefreshThread.run(DiscoveryClient.java:1441)
	at java.base/java.util.concurrent.Executors$RunnableAdapter.call(Executors.java:539)
	at java.base/java.util.concurrent.FutureTask.run(FutureTask.java:264)
	at java.base/java.util.concurrent.ThreadPoolExecutor.runWorker(ThreadPoolExecutor.java:1136)
	at java.base/java.util.concurrent.ThreadPoolExecutor$Worker.run(ThreadPoolExecutor.java:635)
	at java.base/java.lang.Thread.run(Thread.java:842)
Caused by: org.apache.hc.client5.http.HttpHostConnectException: Connect to http://localhost:8761 [localhost/127.0.0.1, localhost/0:0:0:0:0:0:0:1] failed: Connection refused: no further information
	at java.base/sun.nio.ch.Net.pollConnect(Native Method)
	at java.base/sun.nio.ch.Net.pollConnectNow(Net.java:672)
	at java.base/sun.nio.ch.NioSocketImpl.timedFinishConnect(NioSocketImpl.java:547)
	at java.base/sun.nio.ch.NioSocketImpl.connect(NioSocketImpl.java:602)
	at java.base/java.net.SocksSocketImpl.connect(SocksSocketImpl.java:327)
	at java.base/java.net.Socket.connect(Socket.java:633)
	at org.apache.hc.client5.http.socket.PlainConnectionSocketFactory.lambda$connectSocket$0(PlainConnectionSocketFactory.java:91)
	at java.base/java.security.AccessController.doPrivileged(AccessController.java:569)
	at org.apache.hc.client5.http.socket.PlainConnectionSocketFactory.connectSocket(PlainConnectionSocketFactory.java:90)
	at org.apache.hc.client5.http.socket.ConnectionSocketFactory.connectSocket(ConnectionSocketFactory.java:123)
	at org.apache.hc.client5.http.impl.io.DefaultHttpClientConnectionOperator.connect(DefaultHttpClientConnectionOperator.java:189)
	at org.apache.hc.client5.http.impl.io.PoolingHttpClientConnectionManager.connect(PoolingHttpClientConnectionManager.java:450)
	at org.apache.hc.client5.http.impl.classic.InternalExecRuntime.connectEndpoint(InternalExecRuntime.java:162)
	at org.apache.hc.client5.http.impl.classic.InternalExecRuntime.connectEndpoint(InternalExecRuntime.java:172)
	at org.apache.hc.client5.http.impl.classic.ConnectExec.execute(ConnectExec.java:142)
	at org.apache.hc.client5.http.impl.classic.ExecChainElement.execute(ExecChainElement.java:51)
	at org.apache.hc.client5.http.impl.classic.ProtocolExec.execute(ProtocolExec.java:192)
	at org.apache.hc.client5.http.impl.classic.ExecChainElement.execute(ExecChainElement.java:51)
	at org.apache.hc.client5.http.impl.classic.HttpRequestRetryExec.execute(HttpRequestRetryExec.java:113)
	at org.apache.hc.client5.http.impl.classic.ExecChainElement.execute(ExecChainElement.java:51)
	at org.apache.hc.client5.http.impl.classic.ContentCompressionExec.execute(ContentCompressionExec.java:152)
	at org.apache.hc.client5.http.impl.classic.ExecChainElement.execute(ExecChainElement.java:51)
	at org.apache.hc.client5.http.impl.classic.RedirectExec.execute(RedirectExec.java:116)
	at org.apache.hc.client5.http.impl.classic.ExecChainElement.execute(ExecChainElement.java:51)
	at org.apache.hc.client5.http.impl.classic.InternalHttpClient.doExecute(InternalHttpClient.java:170)
	at org.apache.hc.client5.http.impl.classic.CloseableHttpClient.execute(CloseableHttpClient.java:87)
	at org.apache.hc.client5.http.impl.classic.CloseableHttpClient.execute(CloseableHttpClient.java:55)
	at org.apache.hc.client5.http.classic.HttpClient.executeOpen(HttpClient.java:183)
	at org.springframework.http.client.HttpComponentsClientHttpRequest.executeInternal(HttpComponentsClientHttpRequest.java:99)
	at org.springframework.http.client.AbstractStreamingClientHttpRequest.executeInternal(AbstractStreamingClientHttpRequest.java:70)
	at org.springframework.http.client.AbstractClientHttpRequest.execute(AbstractClientHttpRequest.java:66)
	at org.springframework.http.client.InterceptingClientHttpRequest$InterceptingRequestExecution.execute(InterceptingClientHttpRequest.java:112)
	at org.springframework.cloud.netflix.eureka.http.RestTemplateTransportClientFactory.lambda$restTemplate$3(RestTemplateTransportClientFactory.java:170)
	at org.springframework.http.client.InterceptingClientHttpRequest$InterceptingRequestExecution.execute(InterceptingClientHttpRequest.java:88)
	at org.springframework.http.client.InterceptingClientHttpRequest.executeInternal(InterceptingClientHttpRequest.java:72)
	at org.springframework.http.client.AbstractBufferingClientHttpRequest.executeInternal(AbstractBufferingClientHttpRequest.java:48)
	at org.springframework.http.client.AbstractClientHttpRequest.execute(AbstractClientHttpRequest.java:66)
	at org.springframework.web.client.RestTemplate.doExecute(RestTemplate.java:889)
	... 23 more

2026-06-04T14:19:48.450+07:00  WARN [group-service,,] 30776 --- [group-service] [DiscoveryClient-CacheRefreshExecutor-%d] [                                                 ] c.n.d.s.t.d.RetryableEurekaHttpClient    : Request execution failed with message: I/O error on GET request for "http://localhost:8761/eureka/apps/delta": Connect to http://localhost:8761 [localhost/127.0.0.1, localhost/0:0:0:0:0:0:0:1] failed: Connection refused: no further information
2026-06-04T14:19:48.450+07:00  INFO [group-service,,] 30776 --- [group-service] [DiscoveryClient-CacheRefreshExecutor-%d] [                                                 ] com.netflix.discovery.DiscoveryClient    : DiscoveryClient_GROUP-SERVICE/localhost:group-service:8085 - was unable to refresh its cache! This periodic background refresh will be retried in 30 seconds. status = Cannot execute request on any known server stacktrace = com.netflix.discovery.shared.transport.TransportException: Cannot execute request on any known server
	at com.netflix.discovery.shared.transport.decorator.RetryableEurekaHttpClient.execute(RetryableEurekaHttpClient.java:112)
	at com.netflix.discovery.shared.transport.decorator.EurekaHttpClientDecorator.getDelta(EurekaHttpClientDecorator.java:149)
	at com.netflix.discovery.shared.transport.decorator.EurekaHttpClientDecorator$7.execute(EurekaHttpClientDecorator.java:152)
	at com.netflix.discovery.shared.transport.decorator.SessionedEurekaHttpClient.execute(SessionedEurekaHttpClient.java:76)
	at com.netflix.discovery.shared.transport.decorator.EurekaHttpClientDecorator.getDelta(EurekaHttpClientDecorator.java:149)
	at com.netflix.discovery.DiscoveryClient.getAndUpdateDelta(DiscoveryClient.java:1080)
	at com.netflix.discovery.DiscoveryClient.fetchRegistry(DiscoveryClient.java:963)
	at com.netflix.discovery.DiscoveryClient.refreshRegistry(DiscoveryClient.java:1473)
	at com.netflix.discovery.DiscoveryClient$CacheRefreshThread.run(DiscoveryClient.java:1441)
	at java.base/java.util.concurrent.Executors$RunnableAdapter.call(Executors.java:539)
	at java.base/java.util.concurrent.FutureTask.run(FutureTask.java:264)
	at java.base/java.util.concurrent.ThreadPoolExecutor.runWorker(ThreadPoolExecutor.java:1136)
	at java.base/java.util.concurrent.ThreadPoolExecutor$Worker.run(ThreadPoolExecutor.java:635)
	at java.base/java.lang.Thread.run(Thread.java:842)

2026-06-04T14:19:49.453+07:00  INFO [group-service,,] 30776 --- [group-service] [SpringApplicationShutdownHook] [                                                 ] o.s.c.n.e.s.EurekaServiceRegistry        : Unregistering application GROUP-SERVICE with eureka with status DOWN
2026-06-04T14:19:49.453+07:00  INFO [group-service,,] 30776 --- [group-service] [SpringApplicationShutdownHook] [                                                 ] com.netflix.discovery.DiscoveryClient    : Saw local status change event StatusChangeEvent [timestamp=1780557589453, current=DOWN, previous=UP]
2026-06-04T14:19:49.454+07:00  INFO [group-service,,] 30776 --- [group-service] [DiscoveryClient-InstanceInfoReplicator-%d] [                                                 ] com.netflix.discovery.DiscoveryClient    : DiscoveryClient_GROUP-SERVICE/localhost:group-service:8085: registering service...
2026-06-04T14:19:49.486+07:00  INFO [group-service,,] 30776 --- [group-service] [DiscoveryClient-InstanceInfoReplicator-%d] [                                                 ] c.n.d.s.t.d.RedirectingEurekaHttpClient  : Request execution error. endpoint=DefaultEndpoint{ serviceUrl='http://localhost:8761/eureka/}, exception=I/O error on POST request for "http://localhost:8761/eureka/apps/GROUP-SERVICE": Connect to http://localhost:8761 [localhost/127.0.0.1, localhost/0:0:0:0:0:0:0:1] failed: Connection refused: no further information stacktrace=org.springframework.web.client.ResourceAccessException: I/O error on POST request for "http://localhost:8761/eureka/apps/GROUP-SERVICE": Connect to http://localhost:8761 [localhost/127.0.0.1, localhost/0:0:0:0:0:0:0:1] failed: Connection refused: no further information
	at org.springframework.web.client.RestTemplate.createResourceAccessException(RestTemplate.java:915)
	at org.springframework.web.client.RestTemplate.doExecute(RestTemplate.java:895)
	at org.springframework.web.client.RestTemplate.execute(RestTemplate.java:830)
	at org.springframework.web.client.RestTemplate.exchange(RestTemplate.java:691)
	at org.springframework.cloud.netflix.eureka.http.RestTemplateEurekaHttpClient.register(RestTemplateEurekaHttpClient.java:83)
	at com.netflix.discovery.shared.transport.decorator.EurekaHttpClientDecorator$1.execute(EurekaHttpClientDecorator.java:59)
	at com.netflix.discovery.shared.transport.decorator.RedirectingEurekaHttpClient.executeOnNewServer(RedirectingEurekaHttpClient.java:121)
	at com.netflix.discovery.shared.transport.decorator.RedirectingEurekaHttpClient.execute(RedirectingEurekaHttpClient.java:80)
	at com.netflix.discovery.shared.transport.decorator.EurekaHttpClientDecorator.register(EurekaHttpClientDecorator.java:56)
	at com.netflix.discovery.shared.transport.decorator.EurekaHttpClientDecorator$1.execute(EurekaHttpClientDecorator.java:59)
	at com.netflix.discovery.shared.transport.decorator.RetryableEurekaHttpClient.execute(RetryableEurekaHttpClient.java:120)
	at com.netflix.discovery.shared.transport.decorator.EurekaHttpClientDecorator.register(EurekaHttpClientDecorator.java:56)
	at com.netflix.discovery.shared.transport.decorator.EurekaHttpClientDecorator$1.execute(EurekaHttpClientDecorator.java:59)
	at com.netflix.discovery.shared.transport.decorator.SessionedEurekaHttpClient.execute(SessionedEurekaHttpClient.java:76)
	at com.netflix.discovery.shared.transport.decorator.EurekaHttpClientDecorator.register(EurekaHttpClientDecorator.java:56)
	at com.netflix.discovery.DiscoveryClient.register(DiscoveryClient.java:828)
	at com.netflix.discovery.InstanceInfoReplicator.run(InstanceInfoReplicator.java:125)
	at com.netflix.discovery.InstanceInfoReplicator$2.run(InstanceInfoReplicator.java:105)
	at java.base/java.util.concurrent.Executors$RunnableAdapter.call(Executors.java:539)
	at java.base/java.util.concurrent.FutureTask.run(FutureTask.java:264)
	at java.base/java.util.concurrent.ScheduledThreadPoolExecutor$ScheduledFutureTask.run(ScheduledThreadPoolExecutor.java:304)
	at java.base/java.util.concurrent.ThreadPoolExecutor.runWorker(ThreadPoolExecutor.java:1136)
	at java.base/java.util.concurrent.ThreadPoolExecutor$Worker.run(ThreadPoolExecutor.java:635)
	at java.base/java.lang.Thread.run(Thread.java:842)
Caused by: org.apache.hc.client5.http.HttpHostConnectException: Connect to http://localhost:8761 [localhost/127.0.0.1, localhost/0:0:0:0:0:0:0:1] failed: Connection refused: no further information
	at java.base/sun.nio.ch.Net.pollConnect(Native Method)
	at java.base/sun.nio.ch.Net.pollConnectNow(Net.java:672)
	at java.base/sun.nio.ch.NioSocketImpl.timedFinishConnect(NioSocketImpl.java:547)
	at java.base/sun.nio.ch.NioSocketImpl.connect(NioSocketImpl.java:602)
	at java.base/java.net.SocksSocketImpl.connect(SocksSocketImpl.java:327)
	at java.base/java.net.Socket.connect(Socket.java:633)
	at org.apache.hc.client5.http.socket.PlainConnectionSocketFactory.lambda$connectSocket$0(PlainConnectionSocketFactory.java:91)
	at java.base/java.security.AccessController.doPrivileged(AccessController.java:569)
	at org.apache.hc.client5.http.socket.PlainConnectionSocketFactory.connectSocket(PlainConnectionSocketFactory.java:90)
	at org.apache.hc.client5.http.socket.ConnectionSocketFactory.connectSocket(ConnectionSocketFactory.java:123)
	at org.apache.hc.client5.http.impl.io.DefaultHttpClientConnectionOperator.connect(DefaultHttpClientConnectionOperator.java:189)
	at org.apache.hc.client5.http.impl.io.PoolingHttpClientConnectionManager.connect(PoolingHttpClientConnectionManager.java:450)
	at org.apache.hc.client5.http.impl.classic.InternalExecRuntime.connectEndpoint(InternalExecRuntime.java:162)
	at org.apache.hc.client5.http.impl.classic.InternalExecRuntime.connectEndpoint(InternalExecRuntime.java:172)
	at org.apache.hc.client5.http.impl.classic.ConnectExec.execute(ConnectExec.java:142)
	at org.apache.hc.client5.http.impl.classic.ExecChainElement.execute(ExecChainElement.java:51)
	at org.apache.hc.client5.http.impl.classic.ProtocolExec.execute(ProtocolExec.java:192)
	at org.apache.hc.client5.http.impl.classic.ExecChainElement.execute(ExecChainElement.java:51)
	at org.apache.hc.client5.http.impl.classic.HttpRequestRetryExec.execute(HttpRequestRetryExec.java:113)
	at org.apache.hc.client5.http.impl.classic.ExecChainElement.execute(ExecChainElement.java:51)
	at org.apache.hc.client5.http.impl.classic.ContentCompressionExec.execute(ContentCompressionExec.java:152)
	at org.apache.hc.client5.http.impl.classic.ExecChainElement.execute(ExecChainElement.java:51)
	at org.apache.hc.client5.http.impl.classic.RedirectExec.execute(RedirectExec.java:116)
	at org.apache.hc.client5.http.impl.classic.ExecChainElement.execute(ExecChainElement.java:51)
	at org.apache.hc.client5.http.impl.classic.InternalHttpClient.doExecute(InternalHttpClient.java:170)
	at org.apache.hc.client5.http.impl.classic.CloseableHttpClient.execute(CloseableHttpClient.java:87)
	at org.apache.hc.client5.http.impl.classic.CloseableHttpClient.execute(CloseableHttpClient.java:55)
	at org.apache.hc.client5.http.classic.HttpClient.executeOpen(HttpClient.java:183)
	at org.springframework.http.client.HttpComponentsClientHttpRequest.executeInternal(HttpComponentsClientHttpRequest.java:99)
	at org.springframework.http.client.AbstractStreamingClientHttpRequest.executeInternal(AbstractStreamingClientHttpRequest.java:70)
	at org.springframework.http.client.AbstractClientHttpRequest.execute(AbstractClientHttpRequest.java:66)
	at org.springframework.http.client.InterceptingClientHttpRequest$InterceptingRequestExecution.execute(InterceptingClientHttpRequest.java:112)
	at org.springframework.cloud.netflix.eureka.http.RestTemplateTransportClientFactory.lambda$restTemplate$3(RestTemplateTransportClientFactory.java:170)
	at org.springframework.http.client.InterceptingClientHttpRequest$InterceptingRequestExecution.execute(InterceptingClientHttpRequest.java:88)
	at org.springframework.http.client.InterceptingClientHttpRequest.executeInternal(InterceptingClientHttpRequest.java:72)
	at org.springframework.http.client.AbstractBufferingClientHttpRequest.executeInternal(AbstractBufferingClientHttpRequest.java:48)
	at org.springframework.http.client.AbstractClientHttpRequest.execute(AbstractClientHttpRequest.java:66)
	at org.springframework.web.client.RestTemplate.doExecute(RestTemplate.java:889)
	... 22 more

2026-06-04T14:19:49.487+07:00  WARN [group-service,,] 30776 --- [group-service] [DiscoveryClient-InstanceInfoReplicator-%d] [                                                 ] c.n.d.s.t.d.RetryableEurekaHttpClient    : Request execution failed with message: I/O error on POST request for "http://localhost:8761/eureka/apps/GROUP-SERVICE": Connect to http://localhost:8761 [localhost/127.0.0.1, localhost/0:0:0:0:0:0:0:1] failed: Connection refused: no further information
2026-06-04T14:19:49.488+07:00  WARN [group-service,,] 30776 --- [group-service] [DiscoveryClient-InstanceInfoReplicator-%d] [                                                 ] com.netflix.discovery.DiscoveryClient    : DiscoveryClient_GROUP-SERVICE/localhost:group-service:8085 - registration failed Cannot execute request on any known server

com.netflix.discovery.shared.transport.TransportException: Cannot execute request on any known server
	at com.netflix.discovery.shared.transport.decorator.RetryableEurekaHttpClient.execute(RetryableEurekaHttpClient.java:112) ~[eureka-client-2.0.4.jar:2.0.4]
	at com.netflix.discovery.shared.transport.decorator.EurekaHttpClientDecorator.register(EurekaHttpClientDecorator.java:56) ~[eureka-client-2.0.4.jar:2.0.4]
	at com.netflix.discovery.shared.transport.decorator.EurekaHttpClientDecorator$1.execute(EurekaHttpClientDecorator.java:59) ~[eureka-client-2.0.4.jar:2.0.4]
	at com.netflix.discovery.shared.transport.decorator.SessionedEurekaHttpClient.execute(SessionedEurekaHttpClient.java:76) ~[eureka-client-2.0.4.jar:2.0.4]
	at com.netflix.discovery.shared.transport.decorator.EurekaHttpClientDecorator.register(EurekaHttpClientDecorator.java:56) ~[eureka-client-2.0.4.jar:2.0.4]
	at com.netflix.discovery.DiscoveryClient.register(DiscoveryClient.java:828) ~[eureka-client-2.0.4.jar:2.0.4]
	at com.netflix.discovery.InstanceInfoReplicator.run(InstanceInfoReplicator.java:125) ~[eureka-client-2.0.4.jar:2.0.4]
	at com.netflix.discovery.InstanceInfoReplicator$2.run(InstanceInfoReplicator.java:105) ~[eureka-client-2.0.4.jar:2.0.4]
	at java.base/java.util.concurrent.Executors$RunnableAdapter.call(Executors.java:539) ~[na:na]
	at java.base/java.util.concurrent.FutureTask.run(FutureTask.java:264) ~[na:na]
	at java.base/java.util.concurrent.ScheduledThreadPoolExecutor$ScheduledFutureTask.run(ScheduledThreadPoolExecutor.java:304) ~[na:na]
	at java.base/java.util.concurrent.ThreadPoolExecutor.runWorker(ThreadPoolExecutor.java:1136) ~[na:na]
	at java.base/java.util.concurrent.ThreadPoolExecutor$Worker.run(ThreadPoolExecutor.java:635) ~[na:na]
	at java.base/java.lang.Thread.run(Thread.java:842) ~[na:na]

2026-06-04T14:19:49.488+07:00  WARN [group-service,,] 30776 --- [group-service] [DiscoveryClient-InstanceInfoReplicator-%d] [                                                 ] c.n.discovery.InstanceInfoReplicator     : There was a problem with the instance info replicator

com.netflix.discovery.shared.transport.TransportException: Cannot execute request on any known server
	at com.netflix.discovery.shared.transport.decorator.RetryableEurekaHttpClient.execute(RetryableEurekaHttpClient.java:112) ~[eureka-client-2.0.4.jar:2.0.4]
	at com.netflix.discovery.shared.transport.decorator.EurekaHttpClientDecorator.register(EurekaHttpClientDecorator.java:56) ~[eureka-client-2.0.4.jar:2.0.4]
	at com.netflix.discovery.shared.transport.decorator.EurekaHttpClientDecorator$1.execute(EurekaHttpClientDecorator.java:59) ~[eureka-client-2.0.4.jar:2.0.4]
	at com.netflix.discovery.shared.transport.decorator.SessionedEurekaHttpClient.execute(SessionedEurekaHttpClient.java:76) ~[eureka-client-2.0.4.jar:2.0.4]
	at com.netflix.discovery.shared.transport.decorator.EurekaHttpClientDecorator.register(EurekaHttpClientDecorator.java:56) ~[eureka-client-2.0.4.jar:2.0.4]
	at com.netflix.discovery.DiscoveryClient.register(DiscoveryClient.java:828) ~[eureka-client-2.0.4.jar:2.0.4]
	at com.netflix.discovery.InstanceInfoReplicator.run(InstanceInfoReplicator.java:125) ~[eureka-client-2.0.4.jar:2.0.4]
	at com.netflix.discovery.InstanceInfoReplicator$2.run(InstanceInfoReplicator.java:105) ~[eureka-client-2.0.4.jar:2.0.4]
	at java.base/java.util.concurrent.Executors$RunnableAdapter.call(Executors.java:539) ~[na:na]
	at java.base/java.util.concurrent.FutureTask.run(FutureTask.java:264) ~[na:na]
	at java.base/java.util.concurrent.ScheduledThreadPoolExecutor$ScheduledFutureTask.run(ScheduledThreadPoolExecutor.java:304) ~[na:na]
	at java.base/java.util.concurrent.ThreadPoolExecutor.runWorker(ThreadPoolExecutor.java:1136) ~[na:na]
	at java.base/java.util.concurrent.ThreadPoolExecutor$Worker.run(ThreadPoolExecutor.java:635) ~[na:na]
	at java.base/java.lang.Thread.run(Thread.java:842) ~[na:na]

2026-06-04T14:19:49.990+07:00  INFO [group-service,,] 30776 --- [group-service] [SpringApplicationShutdownHook] [                                                 ] j.LocalContainerEntityManagerFactoryBean : Closing JPA EntityManagerFactory for persistence unit 'default'
2026-06-04T14:19:49.993+07:00  INFO [group-service,,] 30776 --- [group-service] [SpringApplicationShutdownHook] [                                                 ] com.zaxxer.hikari.HikariDataSource       : HikariPool-1 - Shutdown initiated...
2026-06-04T14:19:49.999+07:00  INFO [group-service,,] 30776 --- [group-service] [SpringApplicationShutdownHook] [                                                 ] com.zaxxer.hikari.HikariDataSource       : HikariPool-1 - Shutdown completed.
2026-06-04T14:19:50.009+07:00  INFO [group-service,,] 30776 --- [group-service] [SpringApplicationShutdownHook] [                                                 ] com.netflix.discovery.DiscoveryClient    : Shutting down DiscoveryClient ...
2026-06-04T14:19:53.017+07:00  INFO [group-service,,] 30776 --- [group-service] [SpringApplicationShutdownHook] [                                                 ] com.netflix.discovery.DiscoveryClient    : Unregistering ...
2026-06-04T14:19:53.049+07:00  INFO [group-service,,] 30776 --- [group-service] [SpringApplicationShutdownHook] [                                                 ] c.n.d.s.t.d.RedirectingEurekaHttpClient  : Request execution error. endpoint=DefaultEndpoint{ serviceUrl='http://localhost:8761/eureka/}, exception=I/O error on DELETE request for "http://localhost:8761/eureka/apps/GROUP-SERVICE/localhost:group-service:8085": Connect to http://localhost:8761 [localhost/127.0.0.1, localhost/0:0:0:0:0:0:0:1] failed: Connection refused: no further information stacktrace=org.springframework.web.client.ResourceAccessException: I/O error on DELETE request for "http://localhost:8761/eureka/apps/GROUP-SERVICE/localhost:group-service:8085": Connect to http://localhost:8761 [localhost/127.0.0.1, localhost/0:0:0:0:0:0:0:1] failed: Connection refused: no further information
	at org.springframework.web.client.RestTemplate.createResourceAccessException(RestTemplate.java:915)
	at org.springframework.web.client.RestTemplate.doExecute(RestTemplate.java:895)
	at org.springframework.web.client.RestTemplate.execute(RestTemplate.java:830)
	at org.springframework.web.client.RestTemplate.exchange(RestTemplate.java:691)
	at org.springframework.cloud.netflix.eureka.http.RestTemplateEurekaHttpClient.cancel(RestTemplateEurekaHttpClient.java:96)
	at com.netflix.discovery.shared.transport.decorator.EurekaHttpClientDecorator$2.execute(EurekaHttpClientDecorator.java:74)
	at com.netflix.discovery.shared.transport.decorator.RedirectingEurekaHttpClient.executeOnNewServer(RedirectingEurekaHttpClient.java:121)
	at com.netflix.discovery.shared.transport.decorator.RedirectingEurekaHttpClient.execute(RedirectingEurekaHttpClient.java:80)
	at com.netflix.discovery.shared.transport.decorator.EurekaHttpClientDecorator.cancel(EurekaHttpClientDecorator.java:71)
	at com.netflix.discovery.shared.transport.decorator.EurekaHttpClientDecorator$2.execute(EurekaHttpClientDecorator.java:74)
	at com.netflix.discovery.shared.transport.decorator.RetryableEurekaHttpClient.execute(RetryableEurekaHttpClient.java:120)
	at com.netflix.discovery.shared.transport.decorator.EurekaHttpClientDecorator.cancel(EurekaHttpClientDecorator.java:71)
	at com.netflix.discovery.shared.transport.decorator.EurekaHttpClientDecorator$2.execute(EurekaHttpClientDecorator.java:74)
	at com.netflix.discovery.shared.transport.decorator.SessionedEurekaHttpClient.execute(SessionedEurekaHttpClient.java:76)
	at com.netflix.discovery.shared.transport.decorator.EurekaHttpClientDecorator.cancel(EurekaHttpClientDecorator.java:71)
	at com.netflix.discovery.DiscoveryClient.unregister(DiscoveryClient.java:919)
	at com.netflix.discovery.DiscoveryClient.shutdown(DiscoveryClient.java:900)
	at java.base/jdk.internal.reflect.NativeMethodAccessorImpl.invoke0(Native Method)
	at java.base/jdk.internal.reflect.NativeMethodAccessorImpl.invoke(NativeMethodAccessorImpl.java:77)
	at java.base/jdk.internal.reflect.DelegatingMethodAccessorImpl.invoke(DelegatingMethodAccessorImpl.java:43)
	at java.base/java.lang.reflect.Method.invoke(Method.java:568)
	at org.springframework.beans.factory.annotation.InitDestroyAnnotationBeanPostProcessor$LifecycleMethod.invoke(InitDestroyAnnotationBeanPostProcessor.java:457)
	at org.springframework.beans.factory.annotation.InitDestroyAnnotationBeanPostProcessor$LifecycleMetadata.invokeDestroyMethods(InitDestroyAnnotationBeanPostProcessor.java:415)
	at org.springframework.beans.factory.annotation.InitDestroyAnnotationBeanPostProcessor.postProcessBeforeDestruction(InitDestroyAnnotationBeanPostProcessor.java:239)
	at org.springframework.beans.factory.support.DisposableBeanAdapter.destroy(DisposableBeanAdapter.java:202)
	at org.springframework.beans.factory.support.DisposableBeanAdapter.run(DisposableBeanAdapter.java:195)
	at org.springframework.cloud.context.scope.GenericScope$BeanLifecycleWrapper.destroy(GenericScope.java:389)
	at org.springframework.cloud.context.scope.GenericScope.destroy(GenericScope.java:136)
	at org.springframework.beans.factory.support.DisposableBeanAdapter.destroy(DisposableBeanAdapter.java:211)
	at org.springframework.beans.factory.support.DefaultSingletonBeanRegistry.destroyBean(DefaultSingletonBeanRegistry.java:587)
	at org.springframework.beans.factory.support.DefaultSingletonBeanRegistry.destroySingleton(DefaultSingletonBeanRegistry.java:559)
	at org.springframework.beans.factory.support.DefaultListableBeanFactory.destroySingleton(DefaultListableBeanFactory.java:1207)
	at org.springframework.beans.factory.support.DefaultSingletonBeanRegistry.destroySingletons(DefaultSingletonBeanRegistry.java:520)
	at org.springframework.beans.factory.support.DefaultListableBeanFactory.destroySingletons(DefaultListableBeanFactory.java:1200)
	at org.springframework.context.support.AbstractApplicationContext.destroyBeans(AbstractApplicationContext.java:1195)
	at org.springframework.context.support.AbstractApplicationContext.doClose(AbstractApplicationContext.java:1156)
	at org.springframework.boot.web.servlet.context.ServletWebServerApplicationContext.doClose(ServletWebServerApplicationContext.java:179)
	at org.springframework.context.support.AbstractApplicationContext.close(AbstractApplicationContext.java:1102)
	at org.springframework.boot.SpringApplicationShutdownHook.closeAndWait(SpringApplicationShutdownHook.java:147)
	at java.base/java.lang.Iterable.forEach(Iterable.java:75)
	at org.springframework.boot.SpringApplicationShutdownHook.run(SpringApplicationShutdownHook.java:116)
	at java.base/java.lang.Thread.run(Thread.java:842)
Caused by: org.apache.hc.client5.http.HttpHostConnectException: Connect to http://localhost:8761 [localhost/127.0.0.1, localhost/0:0:0:0:0:0:0:1] failed: Connection refused: no further information
	at java.base/sun.nio.ch.Net.pollConnect(Native Method)
	at java.base/sun.nio.ch.Net.pollConnectNow(Net.java:672)
	at java.base/sun.nio.ch.NioSocketImpl.timedFinishConnect(NioSocketImpl.java:547)
	at java.base/sun.nio.ch.NioSocketImpl.connect(NioSocketImpl.java:602)
	at java.base/java.net.SocksSocketImpl.connect(SocksSocketImpl.java:327)
	at java.base/java.net.Socket.connect(Socket.java:633)
	at org.apache.hc.client5.http.socket.PlainConnectionSocketFactory.lambda$connectSocket$0(PlainConnectionSocketFactory.java:91)
	at java.base/java.security.AccessController.doPrivileged(AccessController.java:569)
	at org.apache.hc.client5.http.socket.PlainConnectionSocketFactory.connectSocket(PlainConnectionSocketFactory.java:90)
	at org.apache.hc.client5.http.socket.ConnectionSocketFactory.connectSocket(ConnectionSocketFactory.java:123)
	at org.apache.hc.client5.http.impl.io.DefaultHttpClientConnectionOperator.connect(DefaultHttpClientConnectionOperator.java:189)
	at org.apache.hc.client5.http.impl.io.PoolingHttpClientConnectionManager.connect(PoolingHttpClientConnectionManager.java:450)
	at org.apache.hc.client5.http.impl.classic.InternalExecRuntime.connectEndpoint(InternalExecRuntime.java:162)
	at org.apache.hc.client5.http.impl.classic.InternalExecRuntime.connectEndpoint(InternalExecRuntime.java:172)
	at org.apache.hc.client5.http.impl.classic.ConnectExec.execute(ConnectExec.java:142)
	at org.apache.hc.client5.http.impl.classic.ExecChainElement.execute(ExecChainElement.java:51)
	at org.apache.hc.client5.http.impl.classic.ProtocolExec.execute(ProtocolExec.java:192)
	at org.apache.hc.client5.http.impl.classic.ExecChainElement.execute(ExecChainElement.java:51)
	at org.apache.hc.client5.http.impl.classic.HttpRequestRetryExec.execute(HttpRequestRetryExec.java:113)
	at org.apache.hc.client5.http.impl.classic.ExecChainElement.execute(ExecChainElement.java:51)
	at org.apache.hc.client5.http.impl.classic.ContentCompressionExec.execute(ContentCompressionExec.java:152)
	at org.apache.hc.client5.http.impl.classic.ExecChainElement.execute(ExecChainElement.java:51)
	at org.apache.hc.client5.http.impl.classic.RedirectExec.execute(RedirectExec.java:116)
	at org.apache.hc.client5.http.impl.classic.ExecChainElement.execute(ExecChainElement.java:51)
	at org.apache.hc.client5.http.impl.classic.InternalHttpClient.doExecute(InternalHttpClient.java:170)
	at org.apache.hc.client5.http.impl.classic.CloseableHttpClient.execute(CloseableHttpClient.java:87)
	at org.apache.hc.client5.http.impl.classic.CloseableHttpClient.execute(CloseableHttpClient.java:55)
	at org.apache.hc.client5.http.classic.HttpClient.executeOpen(HttpClient.java:183)
	at org.springframework.http.client.HttpComponentsClientHttpRequest.executeInternal(HttpComponentsClientHttpRequest.java:99)
	at org.springframework.http.client.AbstractStreamingClientHttpRequest.executeInternal(AbstractStreamingClientHttpRequest.java:70)
	at org.springframework.http.client.AbstractClientHttpRequest.execute(AbstractClientHttpRequest.java:66)
	at org.springframework.http.client.InterceptingClientHttpRequest$InterceptingRequestExecution.execute(InterceptingClientHttpRequest.java:112)
	at org.springframework.cloud.netflix.eureka.http.RestTemplateTransportClientFactory.lambda$restTemplate$3(RestTemplateTransportClientFactory.java:170)
	at org.springframework.http.client.InterceptingClientHttpRequest$InterceptingRequestExecution.execute(InterceptingClientHttpRequest.java:88)
	at org.springframework.http.client.InterceptingClientHttpRequest.executeInternal(InterceptingClientHttpRequest.java:72)
	at org.springframework.http.client.AbstractBufferingClientHttpRequest.executeInternal(AbstractBufferingClientHttpRequest.java:48)
	at org.springframework.http.client.AbstractClientHttpRequest.execute(AbstractClientHttpRequest.java:66)
	at org.springframework.web.client.RestTemplate.doExecute(RestTemplate.java:889)
	... 40 more

2026-06-04T14:19:53.050+07:00  WARN [group-service,,] 30776 --- [group-service] [SpringApplicationShutdownHook] [                                                 ] c.n.d.s.t.d.RetryableEurekaHttpClient    : Request execution failed with message: I/O error on DELETE request for "http://localhost:8761/eureka/apps/GROUP-SERVICE/localhost:group-service:8085": Connect to http://localhost:8761 [localhost/127.0.0.1, localhost/0:0:0:0:0:0:0:1] failed: Connection refused: no further information
2026-06-04T14:19:53.050+07:00 ERROR [group-service,,] 30776 --- [group-service] [SpringApplicationShutdownHook] [                                                 ] com.netflix.discovery.DiscoveryClient    : DiscoveryClient_GROUP-SERVICE/localhost:group-service:8085 - de-registration failedCannot execute request on any known server

com.netflix.discovery.shared.transport.TransportException: Cannot execute request on any known server
	at com.netflix.discovery.shared.transport.decorator.RetryableEurekaHttpClient.execute(RetryableEurekaHttpClient.java:112) ~[eureka-client-2.0.4.jar:2.0.4]
	at com.netflix.discovery.shared.transport.decorator.EurekaHttpClientDecorator.cancel(EurekaHttpClientDecorator.java:71) ~[eureka-client-2.0.4.jar:2.0.4]
	at com.netflix.discovery.shared.transport.decorator.EurekaHttpClientDecorator$2.execute(EurekaHttpClientDecorator.java:74) ~[eureka-client-2.0.4.jar:2.0.4]
	at com.netflix.discovery.shared.transport.decorator.SessionedEurekaHttpClient.execute(SessionedEurekaHttpClient.java:76) ~[eureka-client-2.0.4.jar:2.0.4]
	at com.netflix.discovery.shared.transport.decorator.EurekaHttpClientDecorator.cancel(EurekaHttpClientDecorator.java:71) ~[eureka-client-2.0.4.jar:2.0.4]
	at com.netflix.discovery.DiscoveryClient.unregister(DiscoveryClient.java:919) ~[eureka-client-2.0.4.jar:2.0.4]
	at com.netflix.discovery.DiscoveryClient.shutdown(DiscoveryClient.java:900) ~[eureka-client-2.0.4.jar:2.0.4]
	at java.base/jdk.internal.reflect.NativeMethodAccessorImpl.invoke0(Native Method) ~[na:na]
	at java.base/jdk.internal.reflect.NativeMethodAccessorImpl.invoke(NativeMethodAccessorImpl.java:77) ~[na:na]
	at java.base/jdk.internal.reflect.DelegatingMethodAccessorImpl.invoke(DelegatingMethodAccessorImpl.java:43) ~[na:na]
	at java.base/java.lang.reflect.Method.invoke(Method.java:568) ~[na:na]
	at org.springframework.beans.factory.annotation.InitDestroyAnnotationBeanPostProcessor$LifecycleMethod.invoke(InitDestroyAnnotationBeanPostProcessor.java:457) ~[spring-beans-6.1.21.jar:6.1.21]
	at org.springframework.beans.factory.annotation.InitDestroyAnnotationBeanPostProcessor$LifecycleMetadata.invokeDestroyMethods(InitDestroyAnnotationBeanPostProcessor.java:415) ~[spring-beans-6.1.21.jar:6.1.21]
	at org.springframework.beans.factory.annotation.InitDestroyAnnotationBeanPostProcessor.postProcessBeforeDestruction(InitDestroyAnnotationBeanPostProcessor.java:239) ~[spring-beans-6.1.21.jar:6.1.21]
	at org.springframework.beans.factory.support.DisposableBeanAdapter.destroy(DisposableBeanAdapter.java:202) ~[spring-beans-6.1.21.jar:6.1.21]
	at org.springframework.beans.factory.support.DisposableBeanAdapter.run(DisposableBeanAdapter.java:195) ~[spring-beans-6.1.21.jar:6.1.21]
	at org.springframework.cloud.context.scope.GenericScope$BeanLifecycleWrapper.destroy(GenericScope.java:389) ~[spring-cloud-context-4.1.5.jar:4.1.5]
	at org.springframework.cloud.context.scope.GenericScope.destroy(GenericScope.java:136) ~[spring-cloud-context-4.1.5.jar:4.1.5]
	at org.springframework.beans.factory.support.DisposableBeanAdapter.destroy(DisposableBeanAdapter.java:211) ~[spring-beans-6.1.21.jar:6.1.21]
	at org.springframework.beans.factory.support.DefaultSingletonBeanRegistry.destroyBean(DefaultSingletonBeanRegistry.java:587) ~[spring-beans-6.1.21.jar:6.1.21]
	at org.springframework.beans.factory.support.DefaultSingletonBeanRegistry.destroySingleton(DefaultSingletonBeanRegistry.java:559) ~[spring-beans-6.1.21.jar:6.1.21]
	at org.springframework.beans.factory.support.DefaultListableBeanFactory.destroySingleton(DefaultListableBeanFactory.java:1207) ~[spring-beans-6.1.21.jar:6.1.21]
	at org.springframework.beans.factory.support.DefaultSingletonBeanRegistry.destroySingletons(DefaultSingletonBeanRegistry.java:520) ~[spring-beans-6.1.21.jar:6.1.21]
	at org.springframework.beans.factory.support.DefaultListableBeanFactory.destroySingletons(DefaultListableBeanFactory.java:1200) ~[spring-beans-6.1.21.jar:6.1.21]
	at org.springframework.context.support.AbstractApplicationContext.destroyBeans(AbstractApplicationContext.java:1195) ~[spring-context-6.1.21.jar:6.1.21]
	at org.springframework.context.support.AbstractApplicationContext.doClose(AbstractApplicationContext.java:1156) ~[spring-context-6.1.21.jar:6.1.21]
	at org.springframework.boot.web.servlet.context.ServletWebServerApplicationContext.doClose(ServletWebServerApplicationContext.java:179) ~[spring-boot-3.3.13.jar:3.3.13]
	at org.springframework.context.support.AbstractApplicationContext.close(AbstractApplicationContext.java:1102) ~[spring-context-6.1.21.jar:6.1.21]
	at org.springframework.boot.SpringApplicationShutdownHook.closeAndWait(SpringApplicationShutdownHook.java:147) ~[spring-boot-3.3.13.jar:3.3.13]
	at java.base/java.lang.Iterable.forEach(Iterable.java:75) ~[na:na]
	at org.springframework.boot.SpringApplicationShutdownHook.run(SpringApplicationShutdownHook.java:116) ~[spring-boot-3.3.13.jar:3.3.13]
	at java.base/java.lang.Thread.run(Thread.java:842) ~[na:na]

2026-06-04T14:19:53.051+07:00  INFO [group-service,,] 30776 --- [group-service] [SpringApplicationShutdownHook] [                                                 ] com.netflix.discovery.DiscoveryClient    : Completed shut down of DiscoveryClient
2026-06-04T14:19:57.059+07:00  INFO [group-service,,] 33824 --- [group-service] [main] [                                                 ] c.n.S.GroupServiceApplication            : Starting GroupServiceApplication using Java 17.0.9 with PID 33824 (D:\Projects\Social-media\backend\group-service\target\classes started by BANG in D:\Projects\Social-media\backend)
2026-06-04T14:19:57.063+07:00  INFO [group-service,,] 33824 --- [group-service] [main] [                                                 ] c.n.S.GroupServiceApplication            : No active profile set, falling back to 1 default profile: "default"
2026-06-04T14:19:58.400+07:00  INFO [group-service,,] 33824 --- [group-service] [main] [                                                 ] .s.d.r.c.RepositoryConfigurationDelegate : Bootstrapping Spring Data JPA repositories in DEFAULT mode.
2026-06-04T14:19:58.568+07:00  INFO [group-service,,] 33824 --- [group-service] [main] [                                                 ] .s.d.r.c.RepositoryConfigurationDelegate : Finished Spring Data repository scanning in 159 ms. Found 2 JPA repository interfaces.
2026-06-04T14:19:58.893+07:00  INFO [group-service,,] 33824 --- [group-service] [main] [                                                 ] o.s.cloud.context.scope.GenericScope     : BeanFactory id=34585cb0-f944-3b4f-bdd0-6f0704afa550
2026-06-04T14:19:59.277+07:00  INFO [group-service,,] 33824 --- [group-service] [main] [                                                 ] o.s.b.w.embedded.tomcat.TomcatWebServer  : Tomcat initialized with port 8085 (http)
2026-06-04T14:19:59.290+07:00  INFO [group-service,,] 33824 --- [group-service] [main] [                                                 ] o.apache.catalina.core.StandardService   : Starting service [Tomcat]
2026-06-04T14:19:59.291+07:00  INFO [group-service,,] 33824 --- [group-service] [main] [                                                 ] o.apache.catalina.core.StandardEngine    : Starting Servlet engine: [Apache Tomcat/10.1.42]
2026-06-04T14:19:59.364+07:00  INFO [group-service,,] 33824 --- [group-service] [main] [                                                 ] o.a.c.c.C.[Tomcat].[localhost].[/]       : Initializing Spring embedded WebApplicationContext
2026-06-04T14:19:59.364+07:00  INFO [group-service,,] 33824 --- [group-service] [main] [                                                 ] w.s.c.ServletWebServerApplicationContext : Root WebApplicationContext: initialization completed in 2236 ms
2026-06-04T14:19:59.939+07:00  INFO [group-service,,] 33824 --- [group-service] [main] [                                                 ] o.hibernate.jpa.internal.util.LogHelper  : HHH000204: Processing PersistenceUnitInfo [name: default]
2026-06-04T14:20:00.019+07:00  INFO [group-service,,] 33824 --- [group-service] [main] [                                                 ] org.hibernate.Version                    : HHH000412: Hibernate ORM core version 6.5.3.Final
2026-06-04T14:20:00.066+07:00  INFO [group-service,,] 33824 --- [group-service] [main] [                                                 ] o.h.c.internal.RegionFactoryInitiator    : HHH000026: Second-level cache disabled
2026-06-04T14:20:00.485+07:00  INFO [group-service,,] 33824 --- [group-service] [main] [                                                 ] o.s.o.j.p.SpringPersistenceUnitInfo      : No LoadTimeWeaver setup: ignoring JPA class transformer
2026-06-04T14:20:00.526+07:00  INFO [group-service,,] 33824 --- [group-service] [main] [                                                 ] com.zaxxer.hikari.HikariDataSource       : HikariPool-1 - Starting...
2026-06-04T14:20:00.734+07:00  INFO [group-service,,] 33824 --- [group-service] [main] [                                                 ] com.zaxxer.hikari.pool.HikariPool        : HikariPool-1 - Added connection org.postgresql.jdbc.PgConnection@7fce1069
2026-06-04T14:20:00.737+07:00  INFO [group-service,,] 33824 --- [group-service] [main] [                                                 ] com.zaxxer.hikari.HikariDataSource       : HikariPool-1 - Start completed.
2026-06-04T14:20:00.780+07:00  WARN [group-service,,] 33824 --- [group-service] [main] [                                                 ] org.hibernate.orm.deprecation            : HHH90000025: PostgreSQLDialect does not need to be specified explicitly using 'hibernate.dialect' (remove the property setting and it will be selected by default)
2026-06-04T14:20:01.991+07:00  INFO [group-service,,] 33824 --- [group-service] [main] [                                                 ] o.h.e.t.j.p.i.JtaPlatformInitiator       : HHH000489: No JTA platform available (set 'hibernate.transaction.jta.platform' to enable JTA platform integration)
2026-06-04T14:20:02.045+07:00  INFO [group-service,,] 33824 --- [group-service] [main] [                                                 ] j.LocalContainerEntityManagerFactoryBean : Initialized JPA EntityManagerFactory for persistence unit 'default'
2026-06-04T14:20:02.240+07:00  INFO [group-service,,] 33824 --- [group-service] [main] [                                                 ] o.s.d.j.r.query.QueryEnhancerFactory     : Hibernate is in classpath; If applicable, HQL parser will be used.
2026-06-04T14:20:02.835+07:00  WARN [group-service,,] 33824 --- [group-service] [main] [                                                 ] JpaBaseConfiguration$JpaWebConfiguration : spring.jpa.open-in-view is enabled by default. Therefore, database queries may be performed during view rendering. Explicitly configure spring.jpa.open-in-view to disable this warning
2026-06-04T14:20:04.204+07:00  INFO [group-service,,] 33824 --- [group-service] [main] [                                                 ] o.s.cloud.commons.util.InetUtils         : Cannot determine local hostname
2026-06-04T14:20:04.239+07:00  INFO [group-service,,] 33824 --- [group-service] [main] [                                                 ] o.s.c.openfeign.FeignClientFactoryBean   : For 'user-service' URL not provided. Will try picking an instance via load-balancing.
2026-06-04T14:20:06.098+07:00  INFO [group-service,,] 33824 --- [group-service] [main] [                                                 ] o.s.cloud.commons.util.InetUtils         : Cannot determine local hostname
2026-06-04T14:20:06.112+07:00  INFO [group-service,,] 33824 --- [group-service] [main] [                                                 ] DiscoveryClientOptionalArgsConfiguration : Eureka HTTP Client uses RestTemplate.
2026-06-04T14:20:06.149+07:00  WARN [group-service,,] 33824 --- [group-service] [main] [                                                 ] iguration$LoadBalancerCaffeineWarnLogger : Spring Cloud LoadBalancer is currently working with the default cache. While this cache implementation is useful for development and tests, it's recommended to use Caffeine cache in production.You can switch to using Caffeine cache, by adding it and org.springframework.cache.caffeine.CaffeineCacheManager to the classpath.
2026-06-04T14:20:06.161+07:00  INFO [group-service,,] 33824 --- [group-service] [main] [                                                 ] o.s.b.a.e.web.EndpointLinksResolver      : Exposing 4 endpoints beneath base path '/actuator'
2026-06-04T14:20:06.286+07:00  INFO [group-service,,] 33824 --- [group-service] [main] [                                                 ] o.s.c.n.eureka.InstanceInfoFactory       : Setting initial instance status as: STARTING
2026-06-04T14:20:06.310+07:00  INFO [group-service,,] 33824 --- [group-service] [main] [                                                 ] com.netflix.discovery.DiscoveryClient    : Initializing Eureka in region us-east-1
2026-06-04T14:20:06.313+07:00  INFO [group-service,,] 33824 --- [group-service] [main] [                                                 ] c.n.d.s.r.aws.ConfigClusterResolver      : Resolving eureka endpoints via configuration
2026-06-04T14:20:06.323+07:00  INFO [group-service,,] 33824 --- [group-service] [main] [                                                 ] com.netflix.discovery.DiscoveryClient    : Disable delta property : false
2026-06-04T14:20:06.323+07:00  INFO [group-service,,] 33824 --- [group-service] [main] [                                                 ] com.netflix.discovery.DiscoveryClient    : Single vip registry refresh property : null
2026-06-04T14:20:06.323+07:00  INFO [group-service,,] 33824 --- [group-service] [main] [                                                 ] com.netflix.discovery.DiscoveryClient    : Force full registry fetch : false
2026-06-04T14:20:06.323+07:00  INFO [group-service,,] 33824 --- [group-service] [main] [                                                 ] com.netflix.discovery.DiscoveryClient    : Application is null : false
2026-06-04T14:20:06.323+07:00  INFO [group-service,,] 33824 --- [group-service] [main] [                                                 ] com.netflix.discovery.DiscoveryClient    : Registered Applications size is zero : true
2026-06-04T14:20:06.323+07:00  INFO [group-service,,] 33824 --- [group-service] [main] [                                                 ] com.netflix.discovery.DiscoveryClient    : Application version is -1: true
2026-06-04T14:20:06.323+07:00  INFO [group-service,,] 33824 --- [group-service] [main] [                                                 ] com.netflix.discovery.DiscoveryClient    : Getting all instance registry info from the eureka server
2026-06-04T14:20:06.651+07:00  INFO [group-service,,] 33824 --- [group-service] [main] [                                                 ] com.netflix.discovery.DiscoveryClient    : The response status is 200
2026-06-04T14:20:06.654+07:00  INFO [group-service,,] 33824 --- [group-service] [main] [                                                 ] com.netflix.discovery.DiscoveryClient    : Starting heartbeat executor: renew interval is: 30
2026-06-04T14:20:06.656+07:00  INFO [group-service,,] 33824 --- [group-service] [main] [                                                 ] c.n.discovery.InstanceInfoReplicator     : InstanceInfoReplicator onDemand update allowed rate per min is 4
2026-06-04T14:20:06.658+07:00  INFO [group-service,,] 33824 --- [group-service] [main] [                                                 ] com.netflix.discovery.DiscoveryClient    : Discovery Client initialized at timestamp 1780557606657 with initial instances count: 0
2026-06-04T14:20:06.662+07:00  INFO [group-service,,] 33824 --- [group-service] [main] [                                                 ] o.s.c.n.e.s.EurekaServiceRegistry        : Registering application GROUP-SERVICE with eureka with status UP
2026-06-04T14:20:06.663+07:00  INFO [group-service,,] 33824 --- [group-service] [main] [                                                 ] com.netflix.discovery.DiscoveryClient    : Saw local status change event StatusChangeEvent [timestamp=1780557606663, current=UP, previous=STARTING]
2026-06-04T14:20:06.666+07:00  INFO [group-service,,] 33824 --- [group-service] [DiscoveryClient-InstanceInfoReplicator-%d] [                                                 ] com.netflix.discovery.DiscoveryClient    : DiscoveryClient_GROUP-SERVICE/localhost:group-service:8085: registering service...
2026-06-04T14:20:06.690+07:00  INFO [group-service,,] 33824 --- [group-service] [main] [                                                 ] o.s.b.w.embedded.tomcat.TomcatWebServer  : Tomcat started on port 8085 (http) with context path '/'
2026-06-04T14:20:06.691+07:00  INFO [group-service,,] 33824 --- [group-service] [main] [                                                 ] .s.c.n.e.s.EurekaAutoServiceRegistration : Updating port to 8085
2026-06-04T14:20:06.716+07:00  INFO [group-service,,] 33824 --- [group-service] [DiscoveryClient-InstanceInfoReplicator-%d] [                                                 ] com.netflix.discovery.DiscoveryClient    : DiscoveryClient_GROUP-SERVICE/localhost:group-service:8085 - registration status: 204
2026-06-04T14:20:07.974+07:00  INFO [group-service,,] 33824 --- [group-service] [main] [                                                 ] o.s.cloud.commons.util.InetUtils         : Cannot determine local hostname
2026-06-04T14:20:07.988+07:00  INFO [group-service,,] 33824 --- [group-service] [main] [                                                 ] c.n.S.GroupServiceApplication            : Started GroupServiceApplication in 12.764 seconds (process running for 13.55)
2026-06-04T14:20:08.525+07:00  INFO [group-service,,] 33824 --- [group-service] [RMI TCP Connection(2)-192.168.4.15] [                                                 ] o.s.a.r.c.CachingConnectionFactory       : Attempting to connect to: [localhost:5672]
2026-06-04T14:20:08.525+07:00  INFO [group-service,,] 33824 --- [group-service] [RMI TCP Connection(3)-192.168.4.15] [                                                 ] o.a.c.c.C.[Tomcat].[localhost].[/]       : Initializing Spring DispatcherServlet 'dispatcherServlet'
2026-06-04T14:20:08.525+07:00  INFO [group-service,,] 33824 --- [group-service] [RMI TCP Connection(3)-192.168.4.15] [                                                 ] o.s.web.servlet.DispatcherServlet        : Initializing Servlet 'dispatcherServlet'
2026-06-04T14:20:08.528+07:00  INFO [group-service,,] 33824 --- [group-service] [RMI TCP Connection(3)-192.168.4.15] [                                                 ] o.s.web.servlet.DispatcherServlet        : Completed initialization in 2 ms
2026-06-04T14:20:08.598+07:00  INFO [group-service,,] 33824 --- [group-service] [RMI TCP Connection(2)-192.168.4.15] [                                                 ] o.s.a.r.c.CachingConnectionFactory       : Created new connection: rabbitConnectionFactory#36f329e7:0/SimpleConnection@2bfe59e9 [delegate=amqp://guest@127.0.0.1:5672/, localPort=61239]
2026-06-04T14:20:38.364+07:00  INFO [group-service,,] 33824 --- [group-service] [DiscoveryClient-CacheRefreshExecutor-%d] [                                                 ] com.netflix.discovery.DiscoveryClient    : Disable delta property : false
2026-06-04T14:20:38.365+07:00  INFO [group-service,,] 33824 --- [group-service] [DiscoveryClient-CacheRefreshExecutor-%d] [                                                 ] com.netflix.discovery.DiscoveryClient    : Single vip registry refresh property : null
2026-06-04T14:20:38.367+07:00  INFO [group-service,,] 33824 --- [group-service] [DiscoveryClient-CacheRefreshExecutor-%d] [                                                 ] com.netflix.discovery.DiscoveryClient    : Force full registry fetch : false
2026-06-04T14:20:38.368+07:00  INFO [group-service,,] 33824 --- [group-service] [DiscoveryClient-CacheRefreshExecutor-%d] [                                                 ] com.netflix.discovery.DiscoveryClient    : Application is null : false
2026-06-04T14:20:38.368+07:00  INFO [group-service,,] 33824 --- [group-service] [DiscoveryClient-CacheRefreshExecutor-%d] [                                                 ] com.netflix.discovery.DiscoveryClient    : Registered Applications size is zero : true
2026-06-04T14:20:38.368+07:00  INFO [group-service,,] 33824 --- [group-service] [DiscoveryClient-CacheRefreshExecutor-%d] [                                                 ] com.netflix.discovery.DiscoveryClient    : Application version is -1: false
2026-06-04T14:20:38.369+07:00  INFO [group-service,,] 33824 --- [group-service] [DiscoveryClient-CacheRefreshExecutor-%d] [                                                 ] com.netflix.discovery.DiscoveryClient    : Getting all instance registry info from the eureka server
2026-06-04T14:20:38.413+07:00  INFO [group-service,,] 33824 --- [group-service] [DiscoveryClient-CacheRefreshExecutor-%d] [                                                 ] com.netflix.discovery.DiscoveryClient    : The response status is 200
2026-06-04T14:21:05.206+07:00  WARN [group-service,1560762efda8c1477a120e8e4280a19c,1b7a449d5c718afb] 33824 --- [group-service] [http-nio-8085-exec-4] [1560762efda8c1477a120e8e4280a19c-1b7a449d5c718afb] o.h.engine.jdbc.spi.SqlExceptionHelper   : SQL Warning Code: 0, SQLState: 01000
2026-06-04T14:21:05.207+07:00  WARN [group-service,1560762efda8c1477a120e8e4280a19c,1b7a449d5c718afb] 33824 --- [group-service] [http-nio-8085-exec-4] [1560762efda8c1477a120e8e4280a19c-1b7a449d5c718afb] o.h.engine.jdbc.spi.SqlExceptionHelper   : database "social_media_group" has a collation version mismatch
2026-06-04T14:21:05.229+07:00  WARN [group-service,d6a7f2362a8db369a5ddde90e081ccbf,c4c94c5666fd4bbe] 33824 --- [group-service] [http-nio-8085-exec-6] [d6a7f2362a8db369a5ddde90e081ccbf-c4c94c5666fd4bbe] o.h.engine.jdbc.spi.SqlExceptionHelper   : SQL Warning Code: 0, SQLState: 01000
2026-06-04T14:21:05.229+07:00  WARN [group-service,d6a7f2362a8db369a5ddde90e081ccbf,c4c94c5666fd4bbe] 33824 --- [group-service] [http-nio-8085-exec-6] [d6a7f2362a8db369a5ddde90e081ccbf-c4c94c5666fd4bbe] o.h.engine.jdbc.spi.SqlExceptionHelper   : database "social_media_group" has a collation version mismatch
2026-06-04T14:21:05.237+07:00  WARN [group-service,bc1ebb1de13223bbdf72bb777a8ca809,49ad940e7297781e] 33824 --- [group-service] [http-nio-8085-exec-5] [bc1ebb1de13223bbdf72bb777a8ca809-49ad940e7297781e] o.h.engine.jdbc.spi.SqlExceptionHelper   : SQL Warning Code: 0, SQLState: 01000
2026-06-04T14:21:05.238+07:00  WARN [group-service,bc1ebb1de13223bbdf72bb777a8ca809,49ad940e7297781e] 33824 --- [group-service] [http-nio-8085-exec-5] [bc1ebb1de13223bbdf72bb777a8ca809-49ad940e7297781e] o.h.engine.jdbc.spi.SqlExceptionHelper   : database "social_media_group" has a collation version mismatch
2026-06-04T14:21:05.246+07:00 ERROR [group-service,,] 33824 --- [group-service] [http-nio-8085-exec-3] [                                                 ] o.a.c.c.C.[.[.[/].[dispatcherServlet]    : Servlet.service() for servlet [dispatcherServlet] in context with path [] threw exception [Request processing failed: jakarta.persistence.EntityNotFoundException: Group member not found] with root cause

jakarta.persistence.EntityNotFoundException: Group member not found
	at com.nguyenthanhbang.Social_media.service.impl.GroupMemberServiceImpl.lambda$getMembershipStatus$13(GroupMemberServiceImpl.java:207) ~[classes/:na]
	at java.base/java.util.Optional.orElseThrow(Optional.java:403) ~[na:na]
	at com.nguyenthanhbang.Social_media.service.impl.GroupMemberServiceImpl.getMembershipStatus(GroupMemberServiceImpl.java:207) ~[classes/:na]
	at com.nguyenthanhbang.Social_media.controller.user.GroupMemberController.getStatus(GroupMemberController.java:96) ~[classes/:na]
	at java.base/jdk.internal.reflect.NativeMethodAccessorImpl.invoke0(Native Method) ~[na:na]
	at java.base/jdk.internal.reflect.NativeMethodAccessorImpl.invoke(NativeMethodAccessorImpl.java:77) ~[na:na]
	at java.base/jdk.internal.reflect.DelegatingMethodAccessorImpl.invoke(DelegatingMethodAccessorImpl.java:43) ~[na:na]
	at java.base/java.lang.reflect.Method.invoke(Method.java:568) ~[na:na]
	at org.springframework.web.method.support.InvocableHandlerMethod.doInvoke(InvocableHandlerMethod.java:255) ~[spring-web-6.1.21.jar:6.1.21]
	at org.springframework.web.method.support.InvocableHandlerMethod.invokeForRequest(InvocableHandlerMethod.java:188) ~[spring-web-6.1.21.jar:6.1.21]
	at org.springframework.web.servlet.mvc.method.annotation.ServletInvocableHandlerMethod.invokeAndHandle(ServletInvocableHandlerMethod.java:118) ~[spring-webmvc-6.1.21.jar:6.1.21]
	at org.springframework.web.servlet.mvc.method.annotation.RequestMappingHandlerAdapter.invokeHandlerMethod(RequestMappingHandlerAdapter.java:926) ~[spring-webmvc-6.1.21.jar:6.1.21]
	at org.springframework.web.servlet.mvc.method.annotation.RequestMappingHandlerAdapter.handleInternal(RequestMappingHandlerAdapter.java:831) ~[spring-webmvc-6.1.21.jar:6.1.21]
	at org.springframework.web.servlet.mvc.method.AbstractHandlerMethodAdapter.handle(AbstractHandlerMethodAdapter.java:87) ~[spring-webmvc-6.1.21.jar:6.1.21]
	at org.springframework.web.servlet.DispatcherServlet.doDispatch(DispatcherServlet.java:1089) ~[spring-webmvc-6.1.21.jar:6.1.21]
	at org.springframework.web.servlet.DispatcherServlet.doService(DispatcherServlet.java:979) ~[spring-webmvc-6.1.21.jar:6.1.21]
	at org.springframework.web.servlet.FrameworkServlet.processRequest(FrameworkServlet.java:1014) ~[spring-webmvc-6.1.21.jar:6.1.21]
	at org.springframework.web.servlet.FrameworkServlet.doGet(FrameworkServlet.java:903) ~[spring-webmvc-6.1.21.jar:6.1.21]
	at jakarta.servlet.http.HttpServlet.service(HttpServlet.java:564) ~[tomcat-embed-core-10.1.42.jar:6.0]
	at org.springframework.web.servlet.FrameworkServlet.service(FrameworkServlet.java:885) ~[spring-webmvc-6.1.21.jar:6.1.21]
	at jakarta.servlet.http.HttpServlet.service(HttpServlet.java:658) ~[tomcat-embed-core-10.1.42.jar:6.0]
	at org.apache.catalina.core.ApplicationFilterChain.internalDoFilter(ApplicationFilterChain.java:195) ~[tomcat-embed-core-10.1.42.jar:10.1.42]
	at org.apache.catalina.core.ApplicationFilterChain.doFilter(ApplicationFilterChain.java:140) ~[tomcat-embed-core-10.1.42.jar:10.1.42]
	at org.apache.tomcat.websocket.server.WsFilter.doFilter(WsFilter.java:51) ~[tomcat-embed-websocket-10.1.42.jar:10.1.42]
	at org.apache.catalina.core.ApplicationFilterChain.internalDoFilter(ApplicationFilterChain.java:164) ~[tomcat-embed-core-10.1.42.jar:10.1.42]
	at org.apache.catalina.core.ApplicationFilterChain.doFilter(ApplicationFilterChain.java:140) ~[tomcat-embed-core-10.1.42.jar:10.1.42]
	at org.springframework.web.filter.RequestContextFilter.doFilterInternal(RequestContextFilter.java:100) ~[spring-web-6.1.21.jar:6.1.21]
	at org.springframework.web.filter.OncePerRequestFilter.doFilter(OncePerRequestFilter.java:116) ~[spring-web-6.1.21.jar:6.1.21]
	at org.apache.catalina.core.ApplicationFilterChain.internalDoFilter(ApplicationFilterChain.java:164) ~[tomcat-embed-core-10.1.42.jar:10.1.42]
	at org.apache.catalina.core.ApplicationFilterChain.doFilter(ApplicationFilterChain.java:140) ~[tomcat-embed-core-10.1.42.jar:10.1.42]
	at org.springframework.web.filter.FormContentFilter.doFilterInternal(FormContentFilter.java:93) ~[spring-web-6.1.21.jar:6.1.21]
	at org.springframework.web.filter.OncePerRequestFilter.doFilter(OncePerRequestFilter.java:116) ~[spring-web-6.1.21.jar:6.1.21]
	at org.apache.catalina.core.ApplicationFilterChain.internalDoFilter(ApplicationFilterChain.java:164) ~[tomcat-embed-core-10.1.42.jar:10.1.42]
	at org.apache.catalina.core.ApplicationFilterChain.doFilter(ApplicationFilterChain.java:140) ~[tomcat-embed-core-10.1.42.jar:10.1.42]
	at org.springframework.web.filter.ServerHttpObservationFilter.doFilterInternal(ServerHttpObservationFilter.java:113) ~[spring-web-6.1.21.jar:6.1.21]
	at org.springframework.web.filter.OncePerRequestFilter.doFilter(OncePerRequestFilter.java:116) ~[spring-web-6.1.21.jar:6.1.21]
	at org.apache.catalina.core.ApplicationFilterChain.internalDoFilter(ApplicationFilterChain.java:164) ~[tomcat-embed-core-10.1.42.jar:10.1.42]
	at org.apache.catalina.core.ApplicationFilterChain.doFilter(ApplicationFilterChain.java:140) ~[tomcat-embed-core-10.1.42.jar:10.1.42]
	at org.springframework.web.filter.CharacterEncodingFilter.doFilterInternal(CharacterEncodingFilter.java:201) ~[spring-web-6.1.21.jar:6.1.21]
	at org.springframework.web.filter.OncePerRequestFilter.doFilter(OncePerRequestFilter.java:116) ~[spring-web-6.1.21.jar:6.1.21]
	at org.apache.catalina.core.ApplicationFilterChain.internalDoFilter(ApplicationFilterChain.java:164) ~[tomcat-embed-core-10.1.42.jar:10.1.42]
	at org.apache.catalina.core.ApplicationFilterChain.doFilter(ApplicationFilterChain.java:140) ~[tomcat-embed-core-10.1.42.jar:10.1.42]
	at org.apache.catalina.core.StandardWrapperValve.invoke(StandardWrapperValve.java:167) ~[tomcat-embed-core-10.1.42.jar:10.1.42]
	at org.apache.catalina.core.StandardContextValve.invoke(StandardContextValve.java:90) ~[tomcat-embed-core-10.1.42.jar:10.1.42]
	at org.apache.catalina.authenticator.AuthenticatorBase.invoke(AuthenticatorBase.java:483) ~[tomcat-embed-core-10.1.42.jar:10.1.42]
	at org.apache.catalina.core.StandardHostValve.invoke(StandardHostValve.java:116) ~[tomcat-embed-core-10.1.42.jar:10.1.42]
	at org.apache.catalina.valves.ErrorReportValve.invoke(ErrorReportValve.java:93) ~[tomcat-embed-core-10.1.42.jar:10.1.42]
	at org.apache.catalina.core.StandardEngineValve.invoke(StandardEngineValve.java:74) ~[tomcat-embed-core-10.1.42.jar:10.1.42]
	at org.apache.catalina.connector.CoyoteAdapter.service(CoyoteAdapter.java:344) ~[tomcat-embed-core-10.1.42.jar:10.1.42]
	at org.apache.coyote.http11.Http11Processor.service(Http11Processor.java:398) ~[tomcat-embed-core-10.1.42.jar:10.1.42]
	at org.apache.coyote.AbstractProcessorLight.process(AbstractProcessorLight.java:63) ~[tomcat-embed-core-10.1.42.jar:10.1.42]
	at org.apache.coyote.AbstractProtocol$ConnectionHandler.process(AbstractProtocol.java:903) ~[tomcat-embed-core-10.1.42.jar:10.1.42]
	at org.apache.tomcat.util.net.NioEndpoint$SocketProcessor.doRun(NioEndpoint.java:1769) ~[tomcat-embed-core-10.1.42.jar:10.1.42]
	at org.apache.tomcat.util.net.SocketProcessorBase.run(SocketProcessorBase.java:52) ~[tomcat-embed-core-10.1.42.jar:10.1.42]
	at org.apache.tomcat.util.threads.ThreadPoolExecutor.runWorker(ThreadPoolExecutor.java:1189) ~[tomcat-embed-core-10.1.42.jar:10.1.42]
	at org.apache.tomcat.util.threads.ThreadPoolExecutor$Worker.run(ThreadPoolExecutor.java:658) ~[tomcat-embed-core-10.1.42.jar:10.1.42]
	at org.apache.tomcat.util.threads.TaskThread$WrappingRunnable.run(TaskThread.java:63) ~[tomcat-embed-core-10.1.42.jar:10.1.42]
	at java.base/java.lang.Thread.run(Thread.java:842) ~[na:na]

2026-06-04T14:21:22.783+07:00  INFO [group-service,,] 33824 --- [group-service] [SpringApplicationShutdownHook] [                                                 ] o.s.c.n.e.s.EurekaServiceRegistry        : Unregistering application GROUP-SERVICE with eureka with status DOWN
2026-06-04T14:21:22.783+07:00  INFO [group-service,,] 33824 --- [group-service] [SpringApplicationShutdownHook] [                                                 ] com.netflix.discovery.DiscoveryClient    : Saw local status change event StatusChangeEvent [timestamp=1780557682783, current=DOWN, previous=UP]
2026-06-04T14:21:22.783+07:00  INFO [group-service,,] 33824 --- [group-service] [DiscoveryClient-InstanceInfoReplicator-%d] [                                                 ] com.netflix.discovery.DiscoveryClient    : DiscoveryClient_GROUP-SERVICE/localhost:group-service:8085: registering service...
2026-06-04T14:21:22.792+07:00  INFO [group-service,,] 33824 --- [group-service] [DiscoveryClient-InstanceInfoReplicator-%d] [                                                 ] com.netflix.discovery.DiscoveryClient    : DiscoveryClient_GROUP-SERVICE/localhost:group-service:8085 - registration status: 204
2026-06-04T14:21:23.290+07:00  INFO [group-service,,] 33824 --- [group-service] [SpringApplicationShutdownHook] [                                                 ] j.LocalContainerEntityManagerFactoryBean : Closing JPA EntityManagerFactory for persistence unit 'default'
2026-06-04T14:21:23.292+07:00  INFO [group-service,,] 33824 --- [group-service] [SpringApplicationShutdownHook] [                                                 ] com.zaxxer.hikari.HikariDataSource       : HikariPool-1 - Shutdown initiated...
2026-06-04T14:21:23.301+07:00  INFO [group-service,,] 33824 --- [group-service] [SpringApplicationShutdownHook] [                                                 ] com.zaxxer.hikari.HikariDataSource       : HikariPool-1 - Shutdown completed.
2026-06-04T14:21:23.309+07:00  INFO [group-service,,] 33824 --- [group-service] [SpringApplicationShutdownHook] [                                                 ] com.netflix.discovery.DiscoveryClient    : Shutting down DiscoveryClient ...
2026-06-04T14:21:26.325+07:00  INFO [group-service,,] 33824 --- [group-service] [SpringApplicationShutdownHook] [                                                 ] com.netflix.discovery.DiscoveryClient    : Unregistering ...
2026-06-04T14:21:26.360+07:00  INFO [group-service,,] 33824 --- [group-service] [SpringApplicationShutdownHook] [                                                 ] com.netflix.discovery.DiscoveryClient    : DiscoveryClient_GROUP-SERVICE/localhost:group-service:8085 - deregister  status: 200
2026-06-04T14:21:26.360+07:00  INFO [group-service,,] 33824 --- [group-service] [SpringApplicationShutdownHook] [                                                 ] com.netflix.discovery.DiscoveryClient    : Completed shut down of DiscoveryClient
2026-06-04T14:21:30.150+07:00  INFO [group-service,,] 9576 --- [group-service] [main] [                                                 ] c.n.S.GroupServiceApplication            : Starting GroupServiceApplication using Java 17.0.9 with PID 9576 (D:\Projects\Social-media\backend\group-service\target\classes started by BANG in D:\Projects\Social-media\backend)
2026-06-04T14:21:30.153+07:00  INFO [group-service,,] 9576 --- [group-service] [main] [                                                 ] c.n.S.GroupServiceApplication            : No active profile set, falling back to 1 default profile: "default"
2026-06-04T14:21:31.318+07:00  INFO [group-service,,] 9576 --- [group-service] [main] [                                                 ] .s.d.r.c.RepositoryConfigurationDelegate : Bootstrapping Spring Data JPA repositories in DEFAULT mode.
2026-06-04T14:21:31.452+07:00  INFO [group-service,,] 9576 --- [group-service] [main] [                                                 ] .s.d.r.c.RepositoryConfigurationDelegate : Finished Spring Data repository scanning in 129 ms. Found 2 JPA repository interfaces.
2026-06-04T14:21:31.806+07:00  INFO [group-service,,] 9576 --- [group-service] [main] [                                                 ] o.s.cloud.context.scope.GenericScope     : BeanFactory id=34585cb0-f944-3b4f-bdd0-6f0704afa550
2026-06-04T14:21:32.286+07:00  INFO [group-service,,] 9576 --- [group-service] [main] [                                                 ] o.s.b.w.embedded.tomcat.TomcatWebServer  : Tomcat initialized with port 8085 (http)
2026-06-04T14:21:32.305+07:00  INFO [group-service,,] 9576 --- [group-service] [main] [                                                 ] o.apache.catalina.core.StandardService   : Starting service [Tomcat]
2026-06-04T14:21:32.306+07:00  INFO [group-service,,] 9576 --- [group-service] [main] [                                                 ] o.apache.catalina.core.StandardEngine    : Starting Servlet engine: [Apache Tomcat/10.1.42]
2026-06-04T14:21:32.392+07:00  INFO [group-service,,] 9576 --- [group-service] [main] [                                                 ] o.a.c.c.C.[Tomcat].[localhost].[/]       : Initializing Spring embedded WebApplicationContext
2026-06-04T14:21:32.393+07:00  INFO [group-service,,] 9576 --- [group-service] [main] [                                                 ] w.s.c.ServletWebServerApplicationContext : Root WebApplicationContext: initialization completed in 2192 ms
2026-06-04T14:21:33.045+07:00  INFO [group-service,,] 9576 --- [group-service] [main] [                                                 ] o.hibernate.jpa.internal.util.LogHelper  : HHH000204: Processing PersistenceUnitInfo [name: default]
2026-06-04T14:21:33.120+07:00  INFO [group-service,,] 9576 --- [group-service] [main] [                                                 ] org.hibernate.Version                    : HHH000412: Hibernate ORM core version 6.5.3.Final
2026-06-04T14:21:33.156+07:00  INFO [group-service,,] 9576 --- [group-service] [main] [                                                 ] o.h.c.internal.RegionFactoryInitiator    : HHH000026: Second-level cache disabled
2026-06-04T14:21:33.404+07:00  INFO [group-service,,] 9576 --- [group-service] [main] [                                                 ] o.s.o.j.p.SpringPersistenceUnitInfo      : No LoadTimeWeaver setup: ignoring JPA class transformer
2026-06-04T14:21:33.425+07:00  INFO [group-service,,] 9576 --- [group-service] [main] [                                                 ] com.zaxxer.hikari.HikariDataSource       : HikariPool-1 - Starting...
2026-06-04T14:21:33.587+07:00  INFO [group-service,,] 9576 --- [group-service] [main] [                                                 ] com.zaxxer.hikari.pool.HikariPool        : HikariPool-1 - Added connection org.postgresql.jdbc.PgConnection@70cac22a
2026-06-04T14:21:33.590+07:00  INFO [group-service,,] 9576 --- [group-service] [main] [                                                 ] com.zaxxer.hikari.HikariDataSource       : HikariPool-1 - Start completed.
2026-06-04T14:21:33.621+07:00  WARN [group-service,,] 9576 --- [group-service] [main] [                                                 ] org.hibernate.orm.deprecation            : HHH90000025: PostgreSQLDialect does not need to be specified explicitly using 'hibernate.dialect' (remove the property setting and it will be selected by default)
2026-06-04T14:21:34.763+07:00  INFO [group-service,,] 9576 --- [group-service] [main] [                                                 ] o.h.e.t.j.p.i.JtaPlatformInitiator       : HHH000489: No JTA platform available (set 'hibernate.transaction.jta.platform' to enable JTA platform integration)
2026-06-04T14:21:34.838+07:00  INFO [group-service,,] 9576 --- [group-service] [main] [                                                 ] j.LocalContainerEntityManagerFactoryBean : Initialized JPA EntityManagerFactory for persistence unit 'default'
2026-06-04T14:21:35.188+07:00  INFO [group-service,,] 9576 --- [group-service] [main] [                                                 ] o.s.d.j.r.query.QueryEnhancerFactory     : Hibernate is in classpath; If applicable, HQL parser will be used.
2026-06-04T14:21:35.747+07:00  WARN [group-service,,] 9576 --- [group-service] [main] [                                                 ] JpaBaseConfiguration$JpaWebConfiguration : spring.jpa.open-in-view is enabled by default. Therefore, database queries may be performed during view rendering. Explicitly configure spring.jpa.open-in-view to disable this warning
2026-06-04T14:21:36.957+07:00  INFO [group-service,,] 9576 --- [group-service] [main] [                                                 ] o.s.cloud.commons.util.InetUtils         : Cannot determine local hostname
2026-06-04T14:21:36.996+07:00  INFO [group-service,,] 9576 --- [group-service] [main] [                                                 ] o.s.c.openfeign.FeignClientFactoryBean   : For 'user-service' URL not provided. Will try picking an instance via load-balancing.
2026-06-04T14:21:38.980+07:00  INFO [group-service,,] 9576 --- [group-service] [main] [                                                 ] o.s.cloud.commons.util.InetUtils         : Cannot determine local hostname
2026-06-04T14:21:38.999+07:00  INFO [group-service,,] 9576 --- [group-service] [main] [                                                 ] DiscoveryClientOptionalArgsConfiguration : Eureka HTTP Client uses RestTemplate.
2026-06-04T14:21:39.032+07:00  WARN [group-service,,] 9576 --- [group-service] [main] [                                                 ] iguration$LoadBalancerCaffeineWarnLogger : Spring Cloud LoadBalancer is currently working with the default cache. While this cache implementation is useful for development and tests, it's recommended to use Caffeine cache in production.You can switch to using Caffeine cache, by adding it and org.springframework.cache.caffeine.CaffeineCacheManager to the classpath.
2026-06-04T14:21:39.046+07:00  INFO [group-service,,] 9576 --- [group-service] [main] [                                                 ] o.s.b.a.e.web.EndpointLinksResolver      : Exposing 4 endpoints beneath base path '/actuator'
2026-06-04T14:21:39.156+07:00  INFO [group-service,,] 9576 --- [group-service] [main] [                                                 ] o.s.c.n.eureka.InstanceInfoFactory       : Setting initial instance status as: STARTING
2026-06-04T14:21:39.174+07:00  INFO [group-service,,] 9576 --- [group-service] [main] [                                                 ] com.netflix.discovery.DiscoveryClient    : Initializing Eureka in region us-east-1
2026-06-04T14:21:39.178+07:00  INFO [group-service,,] 9576 --- [group-service] [main] [                                                 ] c.n.d.s.r.aws.ConfigClusterResolver      : Resolving eureka endpoints via configuration
2026-06-04T14:21:39.186+07:00  INFO [group-service,,] 9576 --- [group-service] [main] [                                                 ] com.netflix.discovery.DiscoveryClient    : Disable delta property : false
2026-06-04T14:21:39.186+07:00  INFO [group-service,,] 9576 --- [group-service] [main] [                                                 ] com.netflix.discovery.DiscoveryClient    : Single vip registry refresh property : null
2026-06-04T14:21:39.187+07:00  INFO [group-service,,] 9576 --- [group-service] [main] [                                                 ] com.netflix.discovery.DiscoveryClient    : Force full registry fetch : false
2026-06-04T14:21:39.187+07:00  INFO [group-service,,] 9576 --- [group-service] [main] [                                                 ] com.netflix.discovery.DiscoveryClient    : Application is null : false
2026-06-04T14:21:39.187+07:00  INFO [group-service,,] 9576 --- [group-service] [main] [                                                 ] com.netflix.discovery.DiscoveryClient    : Registered Applications size is zero : true
2026-06-04T14:21:39.187+07:00  INFO [group-service,,] 9576 --- [group-service] [main] [                                                 ] com.netflix.discovery.DiscoveryClient    : Application version is -1: true
2026-06-04T14:21:39.187+07:00  INFO [group-service,,] 9576 --- [group-service] [main] [                                                 ] com.netflix.discovery.DiscoveryClient    : Getting all instance registry info from the eureka server
2026-06-04T14:21:39.490+07:00  INFO [group-service,,] 9576 --- [group-service] [main] [                                                 ] com.netflix.discovery.DiscoveryClient    : The response status is 200
2026-06-04T14:21:39.492+07:00  INFO [group-service,,] 9576 --- [group-service] [main] [                                                 ] com.netflix.discovery.DiscoveryClient    : Starting heartbeat executor: renew interval is: 30
2026-06-04T14:21:39.494+07:00  INFO [group-service,,] 9576 --- [group-service] [main] [                                                 ] c.n.discovery.InstanceInfoReplicator     : InstanceInfoReplicator onDemand update allowed rate per min is 4
2026-06-04T14:21:39.495+07:00  INFO [group-service,,] 9576 --- [group-service] [main] [                                                 ] com.netflix.discovery.DiscoveryClient    : Discovery Client initialized at timestamp 1780557699495 with initial instances count: 5
2026-06-04T14:21:39.499+07:00  INFO [group-service,,] 9576 --- [group-service] [main] [                                                 ] o.s.c.n.e.s.EurekaServiceRegistry        : Registering application GROUP-SERVICE with eureka with status UP
2026-06-04T14:21:39.500+07:00  INFO [group-service,,] 9576 --- [group-service] [main] [                                                 ] com.netflix.discovery.DiscoveryClient    : Saw local status change event StatusChangeEvent [timestamp=1780557699500, current=UP, previous=STARTING]
2026-06-04T14:21:39.502+07:00  INFO [group-service,,] 9576 --- [group-service] [DiscoveryClient-InstanceInfoReplicator-%d] [                                                 ] com.netflix.discovery.DiscoveryClient    : DiscoveryClient_GROUP-SERVICE/localhost:group-service:8085: registering service...
2026-06-04T14:21:39.531+07:00  INFO [group-service,,] 9576 --- [group-service] [main] [                                                 ] o.s.b.w.embedded.tomcat.TomcatWebServer  : Tomcat started on port 8085 (http) with context path '/'
2026-06-04T14:21:39.532+07:00  INFO [group-service,,] 9576 --- [group-service] [main] [                                                 ] .s.c.n.e.s.EurekaAutoServiceRegistration : Updating port to 8085
2026-06-04T14:21:39.549+07:00  INFO [group-service,,] 9576 --- [group-service] [DiscoveryClient-InstanceInfoReplicator-%d] [                                                 ] com.netflix.discovery.DiscoveryClient    : DiscoveryClient_GROUP-SERVICE/localhost:group-service:8085 - registration status: 204
2026-06-04T14:21:39.876+07:00  INFO [group-service,,] 9576 --- [group-service] [http-nio-8085-exec-1] [                                                 ] o.a.c.c.C.[Tomcat].[localhost].[/]       : Initializing Spring DispatcherServlet 'dispatcherServlet'
2026-06-04T14:21:39.877+07:00  INFO [group-service,,] 9576 --- [group-service] [http-nio-8085-exec-1] [                                                 ] o.s.web.servlet.DispatcherServlet        : Initializing Servlet 'dispatcherServlet'
2026-06-04T14:21:39.886+07:00  INFO [group-service,,] 9576 --- [group-service] [http-nio-8085-exec-1] [                                                 ] o.s.web.servlet.DispatcherServlet        : Completed initialization in 8 ms
2026-06-04T14:21:40.857+07:00  INFO [group-service,,] 9576 --- [group-service] [main] [                                                 ] o.s.cloud.commons.util.InetUtils         : Cannot determine local hostname
2026-06-04T14:21:40.881+07:00  INFO [group-service,,] 9576 --- [group-service] [main] [                                                 ] c.n.S.GroupServiceApplication            : Started GroupServiceApplication in 12.406 seconds (process running for 13.021)
2026-06-04T14:21:41.284+07:00  INFO [group-service,,] 9576 --- [group-service] [RMI TCP Connection(2)-192.168.4.15] [                                                 ] o.s.a.r.c.CachingConnectionFactory       : Attempting to connect to: [localhost:5672]
2026-06-04T14:21:41.344+07:00  INFO [group-service,,] 9576 --- [group-service] [RMI TCP Connection(2)-192.168.4.15] [                                                 ] o.s.a.r.c.CachingConnectionFactory       : Created new connection: rabbitConnectionFactory#6870f52a:0/SimpleConnection@19dc1fb7 [delegate=amqp://guest@127.0.0.1:5672/, localPort=58617]
2026-06-04T14:22:22.893+07:00  WARN [group-service,0c70978bc51576a9d809ebe789c8a1a5,4bdeca68dd535f99] 9576 --- [group-service] [http-nio-8085-exec-6] [0c70978bc51576a9d809ebe789c8a1a5-4bdeca68dd535f99] o.h.engine.jdbc.spi.SqlExceptionHelper   : SQL Warning Code: 0, SQLState: 01000
2026-06-04T14:22:22.894+07:00  WARN [group-service,0c70978bc51576a9d809ebe789c8a1a5,4bdeca68dd535f99] 9576 --- [group-service] [http-nio-8085-exec-6] [0c70978bc51576a9d809ebe789c8a1a5-4bdeca68dd535f99] o.h.engine.jdbc.spi.SqlExceptionHelper   : database "social_media_group" has a collation version mismatch
2026-06-04T14:22:22.899+07:00  WARN [group-service,8da3da2e305c2eb3e419bf539d088fdf,56d87025dc8076f7] 9576 --- [group-service] [http-nio-8085-exec-1] [8da3da2e305c2eb3e419bf539d088fdf-56d87025dc8076f7] o.h.engine.jdbc.spi.SqlExceptionHelper   : SQL Warning Code: 0, SQLState: 01000
2026-06-04T14:22:22.900+07:00  WARN [group-service,8da3da2e305c2eb3e419bf539d088fdf,56d87025dc8076f7] 9576 --- [group-service] [http-nio-8085-exec-1] [8da3da2e305c2eb3e419bf539d088fdf-56d87025dc8076f7] o.h.engine.jdbc.spi.SqlExceptionHelper   : database "social_media_group" has a collation version mismatch
2026-06-04T14:22:22.900+07:00  WARN [group-service,42489789434d5c38db26dcb6203b9fb4,2d5bfaa51b021129] 9576 --- [group-service] [http-nio-8085-exec-2] [42489789434d5c38db26dcb6203b9fb4-2d5bfaa51b021129] o.h.engine.jdbc.spi.SqlExceptionHelper   : SQL Warning Code: 0, SQLState: 01000
2026-06-04T14:22:22.900+07:00  WARN [group-service,42489789434d5c38db26dcb6203b9fb4,2d5bfaa51b021129] 9576 --- [group-service] [http-nio-8085-exec-2] [42489789434d5c38db26dcb6203b9fb4-2d5bfaa51b021129] o.h.engine.jdbc.spi.SqlExceptionHelper   : database "social_media_group" has a collation version mismatch
2026-06-04T14:22:22.908+07:00 ERROR [group-service,,] 9576 --- [group-service] [http-nio-8085-exec-3] [                                                 ] o.a.c.c.C.[.[.[/].[dispatcherServlet]    : Servlet.service() for servlet [dispatcherServlet] in context with path [] threw exception [Request processing failed: jakarta.persistence.EntityNotFoundException: Group member not found] with root cause

jakarta.persistence.EntityNotFoundException: Group member not found
	at com.nguyenthanhbang.Social_media.service.impl.GroupMemberServiceImpl.lambda$getMembershipStatus$13(GroupMemberServiceImpl.java:207) ~[classes/:na]
	at java.base/java.util.Optional.orElseThrow(Optional.java:403) ~[na:na]
	at com.nguyenthanhbang.Social_media.service.impl.GroupMemberServiceImpl.getMembershipStatus(GroupMemberServiceImpl.java:207) ~[classes/:na]
	at com.nguyenthanhbang.Social_media.controller.user.GroupMemberController.getStatus(GroupMemberController.java:96) ~[classes/:na]
	at java.base/jdk.internal.reflect.NativeMethodAccessorImpl.invoke0(Native Method) ~[na:na]
	at java.base/jdk.internal.reflect.NativeMethodAccessorImpl.invoke(NativeMethodAccessorImpl.java:77) ~[na:na]
	at java.base/jdk.internal.reflect.DelegatingMethodAccessorImpl.invoke(DelegatingMethodAccessorImpl.java:43) ~[na:na]
	at java.base/java.lang.reflect.Method.invoke(Method.java:568) ~[na:na]
	at org.springframework.web.method.support.InvocableHandlerMethod.doInvoke(InvocableHandlerMethod.java:255) ~[spring-web-6.1.21.jar:6.1.21]
	at org.springframework.web.method.support.InvocableHandlerMethod.invokeForRequest(InvocableHandlerMethod.java:188) ~[spring-web-6.1.21.jar:6.1.21]
	at org.springframework.web.servlet.mvc.method.annotation.ServletInvocableHandlerMethod.invokeAndHandle(ServletInvocableHandlerMethod.java:118) ~[spring-webmvc-6.1.21.jar:6.1.21]
	at org.springframework.web.servlet.mvc.method.annotation.RequestMappingHandlerAdapter.invokeHandlerMethod(RequestMappingHandlerAdapter.java:926) ~[spring-webmvc-6.1.21.jar:6.1.21]
	at org.springframework.web.servlet.mvc.method.annotation.RequestMappingHandlerAdapter.handleInternal(RequestMappingHandlerAdapter.java:831) ~[spring-webmvc-6.1.21.jar:6.1.21]
	at org.springframework.web.servlet.mvc.method.AbstractHandlerMethodAdapter.handle(AbstractHandlerMethodAdapter.java:87) ~[spring-webmvc-6.1.21.jar:6.1.21]
	at org.springframework.web.servlet.DispatcherServlet.doDispatch(DispatcherServlet.java:1089) ~[spring-webmvc-6.1.21.jar:6.1.21]
	at org.springframework.web.servlet.DispatcherServlet.doService(DispatcherServlet.java:979) ~[spring-webmvc-6.1.21.jar:6.1.21]
	at org.springframework.web.servlet.FrameworkServlet.processRequest(FrameworkServlet.java:1014) ~[spring-webmvc-6.1.21.jar:6.1.21]
	at org.springframework.web.servlet.FrameworkServlet.doGet(FrameworkServlet.java:903) ~[spring-webmvc-6.1.21.jar:6.1.21]
	at jakarta.servlet.http.HttpServlet.service(HttpServlet.java:564) ~[tomcat-embed-core-10.1.42.jar:6.0]
	at org.springframework.web.servlet.FrameworkServlet.service(FrameworkServlet.java:885) ~[spring-webmvc-6.1.21.jar:6.1.21]
	at jakarta.servlet.http.HttpServlet.service(HttpServlet.java:658) ~[tomcat-embed-core-10.1.42.jar:6.0]
	at org.apache.catalina.core.ApplicationFilterChain.internalDoFilter(ApplicationFilterChain.java:195) ~[tomcat-embed-core-10.1.42.jar:10.1.42]
	at org.apache.catalina.core.ApplicationFilterChain.doFilter(ApplicationFilterChain.java:140) ~[tomcat-embed-core-10.1.42.jar:10.1.42]
	at org.apache.tomcat.websocket.server.WsFilter.doFilter(WsFilter.java:51) ~[tomcat-embed-websocket-10.1.42.jar:10.1.42]
	at org.apache.catalina.core.ApplicationFilterChain.internalDoFilter(ApplicationFilterChain.java:164) ~[tomcat-embed-core-10.1.42.jar:10.1.42]
	at org.apache.catalina.core.ApplicationFilterChain.doFilter(ApplicationFilterChain.java:140) ~[tomcat-embed-core-10.1.42.jar:10.1.42]
	at org.springframework.web.filter.RequestContextFilter.doFilterInternal(RequestContextFilter.java:100) ~[spring-web-6.1.21.jar:6.1.21]
	at org.springframework.web.filter.OncePerRequestFilter.doFilter(OncePerRequestFilter.java:116) ~[spring-web-6.1.21.jar:6.1.21]
	at org.apache.catalina.core.ApplicationFilterChain.internalDoFilter(ApplicationFilterChain.java:164) ~[tomcat-embed-core-10.1.42.jar:10.1.42]
	at org.apache.catalina.core.ApplicationFilterChain.doFilter(ApplicationFilterChain.java:140) ~[tomcat-embed-core-10.1.42.jar:10.1.42]
	at org.springframework.web.filter.FormContentFilter.doFilterInternal(FormContentFilter.java:93) ~[spring-web-6.1.21.jar:6.1.21]
	at org.springframework.web.filter.OncePerRequestFilter.doFilter(OncePerRequestFilter.java:116) ~[spring-web-6.1.21.jar:6.1.21]
	at org.apache.catalina.core.ApplicationFilterChain.internalDoFilter(ApplicationFilterChain.java:164) ~[tomcat-embed-core-10.1.42.jar:10.1.42]
	at org.apache.catalina.core.ApplicationFilterChain.doFilter(ApplicationFilterChain.java:140) ~[tomcat-embed-core-10.1.42.jar:10.1.42]
	at org.springframework.web.filter.ServerHttpObservationFilter.doFilterInternal(ServerHttpObservationFilter.java:113) ~[spring-web-6.1.21.jar:6.1.21]
	at org.springframework.web.filter.OncePerRequestFilter.doFilter(OncePerRequestFilter.java:116) ~[spring-web-6.1.21.jar:6.1.21]
	at org.apache.catalina.core.ApplicationFilterChain.internalDoFilter(ApplicationFilterChain.java:164) ~[tomcat-embed-core-10.1.42.jar:10.1.42]
	at org.apache.catalina.core.ApplicationFilterChain.doFilter(ApplicationFilterChain.java:140) ~[tomcat-embed-core-10.1.42.jar:10.1.42]
	at org.springframework.web.filter.CharacterEncodingFilter.doFilterInternal(CharacterEncodingFilter.java:201) ~[spring-web-6.1.21.jar:6.1.21]
	at org.springframework.web.filter.OncePerRequestFilter.doFilter(OncePerRequestFilter.java:116) ~[spring-web-6.1.21.jar:6.1.21]
	at org.apache.catalina.core.ApplicationFilterChain.internalDoFilter(ApplicationFilterChain.java:164) ~[tomcat-embed-core-10.1.42.jar:10.1.42]
	at org.apache.catalina.core.ApplicationFilterChain.doFilter(ApplicationFilterChain.java:140) ~[tomcat-embed-core-10.1.42.jar:10.1.42]
	at org.apache.catalina.core.StandardWrapperValve.invoke(StandardWrapperValve.java:167) ~[tomcat-embed-core-10.1.42.jar:10.1.42]
	at org.apache.catalina.core.StandardContextValve.invoke(StandardContextValve.java:90) ~[tomcat-embed-core-10.1.42.jar:10.1.42]
	at org.apache.catalina.authenticator.AuthenticatorBase.invoke(AuthenticatorBase.java:483) ~[tomcat-embed-core-10.1.42.jar:10.1.42]
	at org.apache.catalina.core.StandardHostValve.invoke(StandardHostValve.java:116) ~[tomcat-embed-core-10.1.42.jar:10.1.42]
	at org.apache.catalina.valves.ErrorReportValve.invoke(ErrorReportValve.java:93) ~[tomcat-embed-core-10.1.42.jar:10.1.42]
	at org.apache.catalina.core.StandardEngineValve.invoke(StandardEngineValve.java:74) ~[tomcat-embed-core-10.1.42.jar:10.1.42]
	at org.apache.catalina.connector.CoyoteAdapter.service(CoyoteAdapter.java:344) ~[tomcat-embed-core-10.1.42.jar:10.1.42]
	at org.apache.coyote.http11.Http11Processor.service(Http11Processor.java:398) ~[tomcat-embed-core-10.1.42.jar:10.1.42]
	at org.apache.coyote.AbstractProcessorLight.process(AbstractProcessorLight.java:63) ~[tomcat-embed-core-10.1.42.jar:10.1.42]
	at org.apache.coyote.AbstractProtocol$ConnectionHandler.process(AbstractProtocol.java:903) ~[tomcat-embed-core-10.1.42.jar:10.1.42]
	at org.apache.tomcat.util.net.NioEndpoint$SocketProcessor.doRun(NioEndpoint.java:1769) ~[tomcat-embed-core-10.1.42.jar:10.1.42]
	at org.apache.tomcat.util.net.SocketProcessorBase.run(SocketProcessorBase.java:52) ~[tomcat-embed-core-10.1.42.jar:10.1.42]
	at org.apache.tomcat.util.threads.ThreadPoolExecutor.runWorker(ThreadPoolExecutor.java:1189) ~[tomcat-embed-core-10.1.42.jar:10.1.42]
	at org.apache.tomcat.util.threads.ThreadPoolExecutor$Worker.run(ThreadPoolExecutor.java:658) ~[tomcat-embed-core-10.1.42.jar:10.1.42]
	at org.apache.tomcat.util.threads.TaskThread$WrappingRunnable.run(TaskThread.java:63) ~[tomcat-embed-core-10.1.42.jar:10.1.42]
	at java.base/java.lang.Thread.run(Thread.java:842) ~[na:na]

2026-06-04T14:22:34.023+07:00 ERROR [group-service,,] 9576 --- [group-service] [http-nio-8085-exec-8] [                                                 ] o.a.c.c.C.[.[.[/].[dispatcherServlet]    : Servlet.service() for servlet [dispatcherServlet] in context with path [] threw exception [Request processing failed: feign.FeignException$Unauthorized: [401] during [GET] to [http://user-service/api/v1/internal/users/5] [UserClient#getUserById(Long)]: [Unauthorized]] with root cause

feign.FeignException$Unauthorized: [401] during [GET] to [http://user-service/api/v1/internal/users/5] [UserClient#getUserById(Long)]: [Unauthorized]
	at feign.FeignException.clientErrorStatus(FeignException.java:245) ~[feign-core-13.5.jar:na]
	at feign.FeignException.errorStatus(FeignException.java:223) ~[feign-core-13.5.jar:na]
	at feign.FeignException.errorStatus(FeignException.java:213) ~[feign-core-13.5.jar:na]
	at feign.codec.ErrorDecoder$Default.decode(ErrorDecoder.java:103) ~[feign-core-13.5.jar:na]
	at feign.InvocationContext.decodeError(InvocationContext.java:133) ~[feign-core-13.5.jar:na]
	at feign.InvocationContext.proceed(InvocationContext.java:80) ~[feign-core-13.5.jar:na]
	at feign.ResponseHandler.handleResponse(ResponseHandler.java:69) ~[feign-core-13.5.jar:na]
	at feign.SynchronousMethodHandler.executeAndDecode(SynchronousMethodHandler.java:109) ~[feign-core-13.5.jar:na]
	at feign.SynchronousMethodHandler.invoke(SynchronousMethodHandler.java:53) ~[feign-core-13.5.jar:na]
	at feign.ReflectiveFeign$FeignInvocationHandler.invoke(ReflectiveFeign.java:104) ~[feign-core-13.5.jar:na]
	at jdk.proxy2/jdk.proxy2.$Proxy177.getUserById(Unknown Source) ~[na:na]
	at com.nguyenthanhbang.Social_media.service.impl.GroupMemberServiceImpl.joinGroup(GroupMemberServiceImpl.java:38) ~[classes/:na]
	at com.nguyenthanhbang.Social_media.controller.user.GroupMemberController.joinGroup(GroupMemberController.java:26) ~[classes/:na]
	at java.base/jdk.internal.reflect.NativeMethodAccessorImpl.invoke0(Native Method) ~[na:na]
	at java.base/jdk.internal.reflect.NativeMethodAccessorImpl.invoke(NativeMethodAccessorImpl.java:77) ~[na:na]
	at java.base/jdk.internal.reflect.DelegatingMethodAccessorImpl.invoke(DelegatingMethodAccessorImpl.java:43) ~[na:na]
	at java.base/java.lang.reflect.Method.invoke(Method.java:568) ~[na:na]
	at org.springframework.web.method.support.InvocableHandlerMethod.doInvoke(InvocableHandlerMethod.java:255) ~[spring-web-6.1.21.jar:6.1.21]
	at org.springframework.web.method.support.InvocableHandlerMethod.invokeForRequest(InvocableHandlerMethod.java:188) ~[spring-web-6.1.21.jar:6.1.21]
	at org.springframework.web.servlet.mvc.method.annotation.ServletInvocableHandlerMethod.invokeAndHandle(ServletInvocableHandlerMethod.java:118) ~[spring-webmvc-6.1.21.jar:6.1.21]
	at org.springframework.web.servlet.mvc.method.annotation.RequestMappingHandlerAdapter.invokeHandlerMethod(RequestMappingHandlerAdapter.java:926) ~[spring-webmvc-6.1.21.jar:6.1.21]
	at org.springframework.web.servlet.mvc.method.annotation.RequestMappingHandlerAdapter.handleInternal(RequestMappingHandlerAdapter.java:831) ~[spring-webmvc-6.1.21.jar:6.1.21]
	at org.springframework.web.servlet.mvc.method.AbstractHandlerMethodAdapter.handle(AbstractHandlerMethodAdapter.java:87) ~[spring-webmvc-6.1.21.jar:6.1.21]
	at org.springframework.web.servlet.DispatcherServlet.doDispatch(DispatcherServlet.java:1089) ~[spring-webmvc-6.1.21.jar:6.1.21]
	at org.springframework.web.servlet.DispatcherServlet.doService(DispatcherServlet.java:979) ~[spring-webmvc-6.1.21.jar:6.1.21]
	at org.springframework.web.servlet.FrameworkServlet.processRequest(FrameworkServlet.java:1014) ~[spring-webmvc-6.1.21.jar:6.1.21]
	at org.springframework.web.servlet.FrameworkServlet.doPost(FrameworkServlet.java:914) ~[spring-webmvc-6.1.21.jar:6.1.21]
	at jakarta.servlet.http.HttpServlet.service(HttpServlet.java:590) ~[tomcat-embed-core-10.1.42.jar:6.0]
	at org.springframework.web.servlet.FrameworkServlet.service(FrameworkServlet.java:885) ~[spring-webmvc-6.1.21.jar:6.1.21]
	at jakarta.servlet.http.HttpServlet.service(HttpServlet.java:658) ~[tomcat-embed-core-10.1.42.jar:6.0]
	at org.apache.catalina.core.ApplicationFilterChain.internalDoFilter(ApplicationFilterChain.java:195) ~[tomcat-embed-core-10.1.42.jar:10.1.42]
	at org.apache.catalina.core.ApplicationFilterChain.doFilter(ApplicationFilterChain.java:140) ~[tomcat-embed-core-10.1.42.jar:10.1.42]
	at org.apache.tomcat.websocket.server.WsFilter.doFilter(WsFilter.java:51) ~[tomcat-embed-websocket-10.1.42.jar:10.1.42]
	at org.apache.catalina.core.ApplicationFilterChain.internalDoFilter(ApplicationFilterChain.java:164) ~[tomcat-embed-core-10.1.42.jar:10.1.42]
	at org.apache.catalina.core.ApplicationFilterChain.doFilter(ApplicationFilterChain.java:140) ~[tomcat-embed-core-10.1.42.jar:10.1.42]
	at org.springframework.web.filter.RequestContextFilter.doFilterInternal(RequestContextFilter.java:100) ~[spring-web-6.1.21.jar:6.1.21]
	at org.springframework.web.filter.OncePerRequestFilter.doFilter(OncePerRequestFilter.java:116) ~[spring-web-6.1.21.jar:6.1.21]
	at org.apache.catalina.core.ApplicationFilterChain.internalDoFilter(ApplicationFilterChain.java:164) ~[tomcat-embed-core-10.1.42.jar:10.1.42]
	at org.apache.catalina.core.ApplicationFilterChain.doFilter(ApplicationFilterChain.java:140) ~[tomcat-embed-core-10.1.42.jar:10.1.42]
	at org.springframework.web.filter.FormContentFilter.doFilterInternal(FormContentFilter.java:93) ~[spring-web-6.1.21.jar:6.1.21]
	at org.springframework.web.filter.OncePerRequestFilter.doFilter(OncePerRequestFilter.java:116) ~[spring-web-6.1.21.jar:6.1.21]
	at org.apache.catalina.core.ApplicationFilterChain.internalDoFilter(ApplicationFilterChain.java:164) ~[tomcat-embed-core-10.1.42.jar:10.1.42]
	at org.apache.catalina.core.ApplicationFilterChain.doFilter(ApplicationFilterChain.java:140) ~[tomcat-embed-core-10.1.42.jar:10.1.42]
	at org.springframework.web.filter.ServerHttpObservationFilter.doFilterInternal(ServerHttpObservationFilter.java:113) ~[spring-web-6.1.21.jar:6.1.21]
	at org.springframework.web.filter.OncePerRequestFilter.doFilter(OncePerRequestFilter.java:116) ~[spring-web-6.1.21.jar:6.1.21]
	at org.apache.catalina.core.ApplicationFilterChain.internalDoFilter(ApplicationFilterChain.java:164) ~[tomcat-embed-core-10.1.42.jar:10.1.42]
	at org.apache.catalina.core.ApplicationFilterChain.doFilter(ApplicationFilterChain.java:140) ~[tomcat-embed-core-10.1.42.jar:10.1.42]
	at org.springframework.web.filter.CharacterEncodingFilter.doFilterInternal(CharacterEncodingFilter.java:201) ~[spring-web-6.1.21.jar:6.1.21]
	at org.springframework.web.filter.OncePerRequestFilter.doFilter(OncePerRequestFilter.java:116) ~[spring-web-6.1.21.jar:6.1.21]
	at org.apache.catalina.core.ApplicationFilterChain.internalDoFilter(ApplicationFilterChain.java:164) ~[tomcat-embed-core-10.1.42.jar:10.1.42]
	at org.apache.catalina.core.ApplicationFilterChain.doFilter(ApplicationFilterChain.java:140) ~[tomcat-embed-core-10.1.42.jar:10.1.42]
	at org.apache.catalina.core.StandardWrapperValve.invoke(StandardWrapperValve.java:167) ~[tomcat-embed-core-10.1.42.jar:10.1.42]
	at org.apache.catalina.core.StandardContextValve.invoke(StandardContextValve.java:90) ~[tomcat-embed-core-10.1.42.jar:10.1.42]
	at org.apache.catalina.authenticator.AuthenticatorBase.invoke(AuthenticatorBase.java:483) ~[tomcat-embed-core-10.1.42.jar:10.1.42]
	at org.apache.catalina.core.StandardHostValve.invoke(StandardHostValve.java:116) ~[tomcat-embed-core-10.1.42.jar:10.1.42]
	at org.apache.catalina.valves.ErrorReportValve.invoke(ErrorReportValve.java:93) ~[tomcat-embed-core-10.1.42.jar:10.1.42]
	at org.apache.catalina.core.StandardEngineValve.invoke(StandardEngineValve.java:74) ~[tomcat-embed-core-10.1.42.jar:10.1.42]
	at org.apache.catalina.connector.CoyoteAdapter.service(CoyoteAdapter.java:344) ~[tomcat-embed-core-10.1.42.jar:10.1.42]
	at org.apache.coyote.http11.Http11Processor.service(Http11Processor.java:398) ~[tomcat-embed-core-10.1.42.jar:10.1.42]
	at org.apache.coyote.AbstractProcessorLight.process(AbstractProcessorLight.java:63) ~[tomcat-embed-core-10.1.42.jar:10.1.42]
	at org.apache.coyote.AbstractProtocol$ConnectionHandler.process(AbstractProtocol.java:903) ~[tomcat-embed-core-10.1.42.jar:10.1.42]
	at org.apache.tomcat.util.net.NioEndpoint$SocketProcessor.doRun(NioEndpoint.java:1769) ~[tomcat-embed-core-10.1.42.jar:10.1.42]
	at org.apache.tomcat.util.net.SocketProcessorBase.run(SocketProcessorBase.java:52) ~[tomcat-embed-core-10.1.42.jar:10.1.42]
	at org.apache.tomcat.util.threads.ThreadPoolExecutor.runWorker(ThreadPoolExecutor.java:1189) ~[tomcat-embed-core-10.1.42.jar:10.1.42]
	at org.apache.tomcat.util.threads.ThreadPoolExecutor$Worker.run(ThreadPoolExecutor.java:658) ~[tomcat-embed-core-10.1.42.jar:10.1.42]
	at org.apache.tomcat.util.threads.TaskThread$WrappingRunnable.run(TaskThread.java:63) ~[tomcat-embed-core-10.1.42.jar:10.1.42]
	at java.base/java.lang.Thread.run(Thread.java:842) ~[na:na]

2026-06-04T14:24:53.005+07:00  INFO [group-service,,] 9576 --- [group-service] [SpringApplicationShutdownHook] [                                                 ] o.s.c.n.e.s.EurekaServiceRegistry        : Unregistering application GROUP-SERVICE with eureka with status DOWN
2026-06-04T14:24:53.005+07:00  INFO [group-service,,] 9576 --- [group-service] [SpringApplicationShutdownHook] [                                                 ] com.netflix.discovery.DiscoveryClient    : Saw local status change event StatusChangeEvent [timestamp=1780557893005, current=DOWN, previous=UP]
2026-06-04T14:24:53.005+07:00  INFO [group-service,,] 9576 --- [group-service] [DiscoveryClient-InstanceInfoReplicator-%d] [                                                 ] com.netflix.discovery.DiscoveryClient    : DiscoveryClient_GROUP-SERVICE/localhost:group-service:8085: registering service...
2026-06-04T14:24:53.018+07:00  INFO [group-service,,] 9576 --- [group-service] [DiscoveryClient-InstanceInfoReplicator-%d] [                                                 ] com.netflix.discovery.DiscoveryClient    : DiscoveryClient_GROUP-SERVICE/localhost:group-service:8085 - registration status: 204
2026-06-04T14:24:53.675+07:00  INFO [group-service,,] 9576 --- [group-service] [SpringApplicationShutdownHook] [                                                 ] j.LocalContainerEntityManagerFactoryBean : Closing JPA EntityManagerFactory for persistence unit 'default'
2026-06-04T14:24:53.678+07:00  INFO [group-service,,] 9576 --- [group-service] [SpringApplicationShutdownHook] [                                                 ] com.zaxxer.hikari.HikariDataSource       : HikariPool-1 - Shutdown initiated...
2026-06-04T14:24:53.683+07:00  INFO [group-service,,] 9576 --- [group-service] [SpringApplicationShutdownHook] [                                                 ] com.zaxxer.hikari.HikariDataSource       : HikariPool-1 - Shutdown completed.
2026-06-04T14:24:53.690+07:00  INFO [group-service,,] 9576 --- [group-service] [SpringApplicationShutdownHook] [                                                 ] com.netflix.discovery.DiscoveryClient    : Shutting down DiscoveryClient ...
2026-06-04T14:24:56.700+07:00  INFO [group-service,,] 9576 --- [group-service] [SpringApplicationShutdownHook] [                                                 ] com.netflix.discovery.DiscoveryClient    : Unregistering ...
2026-06-04T14:24:56.728+07:00  INFO [group-service,,] 9576 --- [group-service] [SpringApplicationShutdownHook] [                                                 ] com.netflix.discovery.DiscoveryClient    : DiscoveryClient_GROUP-SERVICE/localhost:group-service:8085 - deregister  status: 200
2026-06-04T14:24:56.729+07:00  INFO [group-service,,] 9576 --- [group-service] [SpringApplicationShutdownHook] [                                                 ] com.netflix.discovery.DiscoveryClient    : Completed shut down of DiscoveryClient
2026-06-04T14:25:00.886+07:00  INFO [group-service,,] 12180 --- [group-service] [main] [                                                 ] c.n.S.GroupServiceApplication            : Starting GroupServiceApplication using Java 17.0.9 with PID 12180 (D:\Projects\Social-media\backend\group-service\target\classes started by BANG in D:\Projects\Social-media\backend)
2026-06-04T14:25:00.889+07:00  INFO [group-service,,] 12180 --- [group-service] [main] [                                                 ] c.n.S.GroupServiceApplication            : No active profile set, falling back to 1 default profile: "default"
2026-06-04T14:25:01.961+07:00  INFO [group-service,,] 12180 --- [group-service] [main] [                                                 ] .s.d.r.c.RepositoryConfigurationDelegate : Bootstrapping Spring Data JPA repositories in DEFAULT mode.
2026-06-04T14:25:02.082+07:00  INFO [group-service,,] 12180 --- [group-service] [main] [                                                 ] .s.d.r.c.RepositoryConfigurationDelegate : Finished Spring Data repository scanning in 115 ms. Found 2 JPA repository interfaces.
2026-06-04T14:25:02.288+07:00  INFO [group-service,,] 12180 --- [group-service] [main] [                                                 ] o.s.cloud.context.scope.GenericScope     : BeanFactory id=34585cb0-f944-3b4f-bdd0-6f0704afa550
2026-06-04T14:25:02.658+07:00  INFO [group-service,,] 12180 --- [group-service] [main] [                                                 ] o.s.b.w.embedded.tomcat.TomcatWebServer  : Tomcat initialized with port 8085 (http)
2026-06-04T14:25:02.667+07:00  INFO [group-service,,] 12180 --- [group-service] [main] [                                                 ] o.apache.catalina.core.StandardService   : Starting service [Tomcat]
2026-06-04T14:25:02.668+07:00  INFO [group-service,,] 12180 --- [group-service] [main] [                                                 ] o.apache.catalina.core.StandardEngine    : Starting Servlet engine: [Apache Tomcat/10.1.42]
2026-06-04T14:25:02.732+07:00  INFO [group-service,,] 12180 --- [group-service] [main] [                                                 ] o.a.c.c.C.[Tomcat].[localhost].[/]       : Initializing Spring embedded WebApplicationContext
2026-06-04T14:25:02.733+07:00  INFO [group-service,,] 12180 --- [group-service] [main] [                                                 ] w.s.c.ServletWebServerApplicationContext : Root WebApplicationContext: initialization completed in 1799 ms
2026-06-04T14:25:03.178+07:00  INFO [group-service,,] 12180 --- [group-service] [main] [                                                 ] o.hibernate.jpa.internal.util.LogHelper  : HHH000204: Processing PersistenceUnitInfo [name: default]
2026-06-04T14:25:03.264+07:00  INFO [group-service,,] 12180 --- [group-service] [main] [                                                 ] org.hibernate.Version                    : HHH000412: Hibernate ORM core version 6.5.3.Final
2026-06-04T14:25:03.303+07:00  INFO [group-service,,] 12180 --- [group-service] [main] [                                                 ] o.h.c.internal.RegionFactoryInitiator    : HHH000026: Second-level cache disabled
2026-06-04T14:25:03.592+07:00  INFO [group-service,,] 12180 --- [group-service] [main] [                                                 ] o.s.o.j.p.SpringPersistenceUnitInfo      : No LoadTimeWeaver setup: ignoring JPA class transformer
2026-06-04T14:25:03.634+07:00  INFO [group-service,,] 12180 --- [group-service] [main] [                                                 ] com.zaxxer.hikari.HikariDataSource       : HikariPool-1 - Starting...
2026-06-04T14:25:03.781+07:00  INFO [group-service,,] 12180 --- [group-service] [main] [                                                 ] com.zaxxer.hikari.pool.HikariPool        : HikariPool-1 - Added connection org.postgresql.jdbc.PgConnection@2fc435e9
2026-06-04T14:25:03.783+07:00  INFO [group-service,,] 12180 --- [group-service] [main] [                                                 ] com.zaxxer.hikari.HikariDataSource       : HikariPool-1 - Start completed.
2026-06-04T14:25:03.828+07:00  WARN [group-service,,] 12180 --- [group-service] [main] [                                                 ] org.hibernate.orm.deprecation            : HHH90000025: PostgreSQLDialect does not need to be specified explicitly using 'hibernate.dialect' (remove the property setting and it will be selected by default)
2026-06-04T14:25:04.730+07:00  INFO [group-service,,] 12180 --- [group-service] [main] [                                                 ] o.h.e.t.j.p.i.JtaPlatformInitiator       : HHH000489: No JTA platform available (set 'hibernate.transaction.jta.platform' to enable JTA platform integration)
2026-06-04T14:25:04.793+07:00  INFO [group-service,,] 12180 --- [group-service] [main] [                                                 ] j.LocalContainerEntityManagerFactoryBean : Initialized JPA EntityManagerFactory for persistence unit 'default'
2026-06-04T14:25:04.979+07:00  INFO [group-service,,] 12180 --- [group-service] [main] [                                                 ] o.s.d.j.r.query.QueryEnhancerFactory     : Hibernate is in classpath; If applicable, HQL parser will be used.
2026-06-04T14:25:05.548+07:00  WARN [group-service,,] 12180 --- [group-service] [main] [                                                 ] JpaBaseConfiguration$JpaWebConfiguration : spring.jpa.open-in-view is enabled by default. Therefore, database queries may be performed during view rendering. Explicitly configure spring.jpa.open-in-view to disable this warning
2026-06-04T14:25:06.800+07:00  INFO [group-service,,] 12180 --- [group-service] [main] [                                                 ] o.s.cloud.commons.util.InetUtils         : Cannot determine local hostname
2026-06-04T14:25:06.848+07:00  INFO [group-service,,] 12180 --- [group-service] [main] [                                                 ] o.s.c.openfeign.FeignClientFactoryBean   : For 'user-service' URL not provided. Will try picking an instance via load-balancing.
2026-06-04T14:25:08.541+07:00  INFO [group-service,,] 12180 --- [group-service] [main] [                                                 ] o.s.cloud.commons.util.InetUtils         : Cannot determine local hostname
2026-06-04T14:25:08.554+07:00  INFO [group-service,,] 12180 --- [group-service] [main] [                                                 ] DiscoveryClientOptionalArgsConfiguration : Eureka HTTP Client uses RestTemplate.
2026-06-04T14:25:08.578+07:00  WARN [group-service,,] 12180 --- [group-service] [main] [                                                 ] iguration$LoadBalancerCaffeineWarnLogger : Spring Cloud LoadBalancer is currently working with the default cache. While this cache implementation is useful for development and tests, it's recommended to use Caffeine cache in production.You can switch to using Caffeine cache, by adding it and org.springframework.cache.caffeine.CaffeineCacheManager to the classpath.
2026-06-04T14:25:08.588+07:00  INFO [group-service,,] 12180 --- [group-service] [main] [                                                 ] o.s.b.a.e.web.EndpointLinksResolver      : Exposing 4 endpoints beneath base path '/actuator'
2026-06-04T14:25:08.675+07:00  INFO [group-service,,] 12180 --- [group-service] [main] [                                                 ] o.s.c.n.eureka.InstanceInfoFactory       : Setting initial instance status as: STARTING
2026-06-04T14:25:08.692+07:00  INFO [group-service,,] 12180 --- [group-service] [main] [                                                 ] com.netflix.discovery.DiscoveryClient    : Initializing Eureka in region us-east-1
2026-06-04T14:25:08.695+07:00  INFO [group-service,,] 12180 --- [group-service] [main] [                                                 ] c.n.d.s.r.aws.ConfigClusterResolver      : Resolving eureka endpoints via configuration
2026-06-04T14:25:08.702+07:00  INFO [group-service,,] 12180 --- [group-service] [main] [                                                 ] com.netflix.discovery.DiscoveryClient    : Disable delta property : false
2026-06-04T14:25:08.702+07:00  INFO [group-service,,] 12180 --- [group-service] [main] [                                                 ] com.netflix.discovery.DiscoveryClient    : Single vip registry refresh property : null
2026-06-04T14:25:08.702+07:00  INFO [group-service,,] 12180 --- [group-service] [main] [                                                 ] com.netflix.discovery.DiscoveryClient    : Force full registry fetch : false
2026-06-04T14:25:08.702+07:00  INFO [group-service,,] 12180 --- [group-service] [main] [                                                 ] com.netflix.discovery.DiscoveryClient    : Application is null : false
2026-06-04T14:25:08.702+07:00  INFO [group-service,,] 12180 --- [group-service] [main] [                                                 ] com.netflix.discovery.DiscoveryClient    : Registered Applications size is zero : true
2026-06-04T14:25:08.703+07:00  INFO [group-service,,] 12180 --- [group-service] [main] [                                                 ] com.netflix.discovery.DiscoveryClient    : Application version is -1: true
2026-06-04T14:25:08.703+07:00  INFO [group-service,,] 12180 --- [group-service] [main] [                                                 ] com.netflix.discovery.DiscoveryClient    : Getting all instance registry info from the eureka server
2026-06-04T14:25:08.966+07:00  INFO [group-service,,] 12180 --- [group-service] [main] [                                                 ] com.netflix.discovery.DiscoveryClient    : The response status is 200
2026-06-04T14:25:08.969+07:00  INFO [group-service,,] 12180 --- [group-service] [main] [                                                 ] com.netflix.discovery.DiscoveryClient    : Starting heartbeat executor: renew interval is: 30
2026-06-04T14:25:08.970+07:00  INFO [group-service,,] 12180 --- [group-service] [main] [                                                 ] c.n.discovery.InstanceInfoReplicator     : InstanceInfoReplicator onDemand update allowed rate per min is 4
2026-06-04T14:25:08.972+07:00  INFO [group-service,,] 12180 --- [group-service] [main] [                                                 ] com.netflix.discovery.DiscoveryClient    : Discovery Client initialized at timestamp 1780557908971 with initial instances count: 5
2026-06-04T14:25:08.975+07:00  INFO [group-service,,] 12180 --- [group-service] [main] [                                                 ] o.s.c.n.e.s.EurekaServiceRegistry        : Registering application GROUP-SERVICE with eureka with status UP
2026-06-04T14:25:08.975+07:00  INFO [group-service,,] 12180 --- [group-service] [main] [                                                 ] com.netflix.discovery.DiscoveryClient    : Saw local status change event StatusChangeEvent [timestamp=1780557908975, current=UP, previous=STARTING]
2026-06-04T14:25:08.976+07:00  INFO [group-service,,] 12180 --- [group-service] [DiscoveryClient-InstanceInfoReplicator-%d] [                                                 ] com.netflix.discovery.DiscoveryClient    : DiscoveryClient_GROUP-SERVICE/localhost:group-service:8085: registering service...
2026-06-04T14:25:08.998+07:00  INFO [group-service,,] 12180 --- [group-service] [main] [                                                 ] o.s.b.w.embedded.tomcat.TomcatWebServer  : Tomcat started on port 8085 (http) with context path '/'
2026-06-04T14:25:08.999+07:00  INFO [group-service,,] 12180 --- [group-service] [main] [                                                 ] .s.c.n.e.s.EurekaAutoServiceRegistration : Updating port to 8085
2026-06-04T14:25:09.014+07:00  INFO [group-service,,] 12180 --- [group-service] [DiscoveryClient-InstanceInfoReplicator-%d] [                                                 ] com.netflix.discovery.DiscoveryClient    : DiscoveryClient_GROUP-SERVICE/localhost:group-service:8085 - registration status: 204
2026-06-04T14:25:09.797+07:00  INFO [group-service,,] 12180 --- [group-service] [http-nio-8085-exec-1] [                                                 ] o.a.c.c.C.[Tomcat].[localhost].[/]       : Initializing Spring DispatcherServlet 'dispatcherServlet'
2026-06-04T14:25:09.798+07:00  INFO [group-service,,] 12180 --- [group-service] [http-nio-8085-exec-1] [                                                 ] o.s.web.servlet.DispatcherServlet        : Initializing Servlet 'dispatcherServlet'
2026-06-04T14:25:09.801+07:00  INFO [group-service,,] 12180 --- [group-service] [http-nio-8085-exec-1] [                                                 ] o.s.web.servlet.DispatcherServlet        : Completed initialization in 3 ms
2026-06-04T14:25:10.175+07:00  INFO [group-service,,] 12180 --- [group-service] [main] [                                                 ] o.s.cloud.commons.util.InetUtils         : Cannot determine local hostname
2026-06-04T14:25:10.193+07:00  INFO [group-service,,] 12180 --- [group-service] [main] [                                                 ] c.n.S.GroupServiceApplication            : Started GroupServiceApplication in 11.111 seconds (process running for 11.823)
2026-06-04T14:25:10.850+07:00  INFO [group-service,,] 12180 --- [group-service] [RMI TCP Connection(2)-192.168.4.15] [                                                 ] o.s.a.r.c.CachingConnectionFactory       : Attempting to connect to: [localhost:5672]
2026-06-04T14:25:10.962+07:00  INFO [group-service,,] 12180 --- [group-service] [RMI TCP Connection(2)-192.168.4.15] [                                                 ] o.s.a.r.c.CachingConnectionFactory       : Created new connection: rabbitConnectionFactory#68603829:0/SimpleConnection@7e8422bb [delegate=amqp://guest@127.0.0.1:5672/, localPort=55302]
2026-06-04T14:25:39.878+07:00  WARN [group-service,05c62acb431f605325c2bf7f8a4e712c,d0f5ce7a94122ccb] 12180 --- [group-service] [http-nio-8085-exec-5] [05c62acb431f605325c2bf7f8a4e712c-d0f5ce7a94122ccb] o.h.engine.jdbc.spi.SqlExceptionHelper   : SQL Warning Code: 0, SQLState: 01000
2026-06-04T14:25:39.881+07:00  WARN [group-service,05c62acb431f605325c2bf7f8a4e712c,d0f5ce7a94122ccb] 12180 --- [group-service] [http-nio-8085-exec-5] [05c62acb431f605325c2bf7f8a4e712c-d0f5ce7a94122ccb] o.h.engine.jdbc.spi.SqlExceptionHelper   : database "social_media_group" has a collation version mismatch
2026-06-04T14:25:39.900+07:00  WARN [group-service,015ba56b9a7e77bdf2a9acc5a2ad80a7,37a4fe4ebccd8637] 12180 --- [group-service] [http-nio-8085-exec-8] [015ba56b9a7e77bdf2a9acc5a2ad80a7-37a4fe4ebccd8637] o.h.engine.jdbc.spi.SqlExceptionHelper   : SQL Warning Code: 0, SQLState: 01000
2026-06-04T14:25:39.901+07:00  WARN [group-service,015ba56b9a7e77bdf2a9acc5a2ad80a7,37a4fe4ebccd8637] 12180 --- [group-service] [http-nio-8085-exec-8] [015ba56b9a7e77bdf2a9acc5a2ad80a7-37a4fe4ebccd8637] o.h.engine.jdbc.spi.SqlExceptionHelper   : database "social_media_group" has a collation version mismatch
2026-06-04T14:25:39.907+07:00  WARN [group-service,c429ccc2d0ecd0e1fee486b6a1ea354e,ae78a24c5a480289] 12180 --- [group-service] [http-nio-8085-exec-9] [c429ccc2d0ecd0e1fee486b6a1ea354e-ae78a24c5a480289] o.h.engine.jdbc.spi.SqlExceptionHelper   : SQL Warning Code: 0, SQLState: 01000
2026-06-04T14:25:39.907+07:00  WARN [group-service,c429ccc2d0ecd0e1fee486b6a1ea354e,ae78a24c5a480289] 12180 --- [group-service] [http-nio-8085-exec-9] [c429ccc2d0ecd0e1fee486b6a1ea354e-ae78a24c5a480289] o.h.engine.jdbc.spi.SqlExceptionHelper   : database "social_media_group" has a collation version mismatch
2026-06-04T14:25:39.919+07:00 ERROR [group-service,,] 12180 --- [group-service] [http-nio-8085-exec-8] [                                                 ] o.a.c.c.C.[.[.[/].[dispatcherServlet]    : Servlet.service() for servlet [dispatcherServlet] in context with path [] threw exception [Request processing failed: jakarta.persistence.EntityNotFoundException: Group member not found] with root cause

jakarta.persistence.EntityNotFoundException: Group member not found
	at com.nguyenthanhbang.Social_media.service.impl.GroupMemberServiceImpl.lambda$getMembershipStatus$13(GroupMemberServiceImpl.java:207) ~[classes/:na]
	at java.base/java.util.Optional.orElseThrow(Optional.java:403) ~[na:na]
	at com.nguyenthanhbang.Social_media.service.impl.GroupMemberServiceImpl.getMembershipStatus(GroupMemberServiceImpl.java:207) ~[classes/:na]
	at com.nguyenthanhbang.Social_media.controller.user.GroupMemberController.getStatus(GroupMemberController.java:96) ~[classes/:na]
	at java.base/jdk.internal.reflect.NativeMethodAccessorImpl.invoke0(Native Method) ~[na:na]
	at java.base/jdk.internal.reflect.NativeMethodAccessorImpl.invoke(NativeMethodAccessorImpl.java:77) ~[na:na]
	at java.base/jdk.internal.reflect.DelegatingMethodAccessorImpl.invoke(DelegatingMethodAccessorImpl.java:43) ~[na:na]
	at java.base/java.lang.reflect.Method.invoke(Method.java:568) ~[na:na]
	at org.springframework.web.method.support.InvocableHandlerMethod.doInvoke(InvocableHandlerMethod.java:255) ~[spring-web-6.1.21.jar:6.1.21]
	at org.springframework.web.method.support.InvocableHandlerMethod.invokeForRequest(InvocableHandlerMethod.java:188) ~[spring-web-6.1.21.jar:6.1.21]
	at org.springframework.web.servlet.mvc.method.annotation.ServletInvocableHandlerMethod.invokeAndHandle(ServletInvocableHandlerMethod.java:118) ~[spring-webmvc-6.1.21.jar:6.1.21]
	at org.springframework.web.servlet.mvc.method.annotation.RequestMappingHandlerAdapter.invokeHandlerMethod(RequestMappingHandlerAdapter.java:926) ~[spring-webmvc-6.1.21.jar:6.1.21]
	at org.springframework.web.servlet.mvc.method.annotation.RequestMappingHandlerAdapter.handleInternal(RequestMappingHandlerAdapter.java:831) ~[spring-webmvc-6.1.21.jar:6.1.21]
	at org.springframework.web.servlet.mvc.method.AbstractHandlerMethodAdapter.handle(AbstractHandlerMethodAdapter.java:87) ~[spring-webmvc-6.1.21.jar:6.1.21]
	at org.springframework.web.servlet.DispatcherServlet.doDispatch(DispatcherServlet.java:1089) ~[spring-webmvc-6.1.21.jar:6.1.21]
	at org.springframework.web.servlet.DispatcherServlet.doService(DispatcherServlet.java:979) ~[spring-webmvc-6.1.21.jar:6.1.21]
	at org.springframework.web.servlet.FrameworkServlet.processRequest(FrameworkServlet.java:1014) ~[spring-webmvc-6.1.21.jar:6.1.21]
	at org.springframework.web.servlet.FrameworkServlet.doGet(FrameworkServlet.java:903) ~[spring-webmvc-6.1.21.jar:6.1.21]
	at jakarta.servlet.http.HttpServlet.service(HttpServlet.java:564) ~[tomcat-embed-core-10.1.42.jar:6.0]
	at org.springframework.web.servlet.FrameworkServlet.service(FrameworkServlet.java:885) ~[spring-webmvc-6.1.21.jar:6.1.21]
	at jakarta.servlet.http.HttpServlet.service(HttpServlet.java:658) ~[tomcat-embed-core-10.1.42.jar:6.0]
	at org.apache.catalina.core.ApplicationFilterChain.internalDoFilter(ApplicationFilterChain.java:195) ~[tomcat-embed-core-10.1.42.jar:10.1.42]
	at org.apache.catalina.core.ApplicationFilterChain.doFilter(ApplicationFilterChain.java:140) ~[tomcat-embed-core-10.1.42.jar:10.1.42]
	at org.apache.tomcat.websocket.server.WsFilter.doFilter(WsFilter.java:51) ~[tomcat-embed-websocket-10.1.42.jar:10.1.42]
	at org.apache.catalina.core.ApplicationFilterChain.internalDoFilter(ApplicationFilterChain.java:164) ~[tomcat-embed-core-10.1.42.jar:10.1.42]
	at org.apache.catalina.core.ApplicationFilterChain.doFilter(ApplicationFilterChain.java:140) ~[tomcat-embed-core-10.1.42.jar:10.1.42]
	at org.springframework.web.filter.RequestContextFilter.doFilterInternal(RequestContextFilter.java:100) ~[spring-web-6.1.21.jar:6.1.21]
	at org.springframework.web.filter.OncePerRequestFilter.doFilter(OncePerRequestFilter.java:116) ~[spring-web-6.1.21.jar:6.1.21]
	at org.apache.catalina.core.ApplicationFilterChain.internalDoFilter(ApplicationFilterChain.java:164) ~[tomcat-embed-core-10.1.42.jar:10.1.42]
	at org.apache.catalina.core.ApplicationFilterChain.doFilter(ApplicationFilterChain.java:140) ~[tomcat-embed-core-10.1.42.jar:10.1.42]
	at org.springframework.web.filter.FormContentFilter.doFilterInternal(FormContentFilter.java:93) ~[spring-web-6.1.21.jar:6.1.21]
	at org.springframework.web.filter.OncePerRequestFilter.doFilter(OncePerRequestFilter.java:116) ~[spring-web-6.1.21.jar:6.1.21]
	at org.apache.catalina.core.ApplicationFilterChain.internalDoFilter(ApplicationFilterChain.java:164) ~[tomcat-embed-core-10.1.42.jar:10.1.42]
	at org.apache.catalina.core.ApplicationFilterChain.doFilter(ApplicationFilterChain.java:140) ~[tomcat-embed-core-10.1.42.jar:10.1.42]
	at org.springframework.web.filter.ServerHttpObservationFilter.doFilterInternal(ServerHttpObservationFilter.java:113) ~[spring-web-6.1.21.jar:6.1.21]
	at org.springframework.web.filter.OncePerRequestFilter.doFilter(OncePerRequestFilter.java:116) ~[spring-web-6.1.21.jar:6.1.21]
	at org.apache.catalina.core.ApplicationFilterChain.internalDoFilter(ApplicationFilterChain.java:164) ~[tomcat-embed-core-10.1.42.jar:10.1.42]
	at org.apache.catalina.core.ApplicationFilterChain.doFilter(ApplicationFilterChain.java:140) ~[tomcat-embed-core-10.1.42.jar:10.1.42]
	at org.springframework.web.filter.CharacterEncodingFilter.doFilterInternal(CharacterEncodingFilter.java:201) ~[spring-web-6.1.21.jar:6.1.21]
	at org.springframework.web.filter.OncePerRequestFilter.doFilter(OncePerRequestFilter.java:116) ~[spring-web-6.1.21.jar:6.1.21]
	at org.apache.catalina.core.ApplicationFilterChain.internalDoFilter(ApplicationFilterChain.java:164) ~[tomcat-embed-core-10.1.42.jar:10.1.42]
	at org.apache.catalina.core.ApplicationFilterChain.doFilter(ApplicationFilterChain.java:140) ~[tomcat-embed-core-10.1.42.jar:10.1.42]
	at org.apache.catalina.core.StandardWrapperValve.invoke(StandardWrapperValve.java:167) ~[tomcat-embed-core-10.1.42.jar:10.1.42]
	at org.apache.catalina.core.StandardContextValve.invoke(StandardContextValve.java:90) ~[tomcat-embed-core-10.1.42.jar:10.1.42]
	at org.apache.catalina.authenticator.AuthenticatorBase.invoke(AuthenticatorBase.java:483) ~[tomcat-embed-core-10.1.42.jar:10.1.42]
	at org.apache.catalina.core.StandardHostValve.invoke(StandardHostValve.java:116) ~[tomcat-embed-core-10.1.42.jar:10.1.42]
	at org.apache.catalina.valves.ErrorReportValve.invoke(ErrorReportValve.java:93) ~[tomcat-embed-core-10.1.42.jar:10.1.42]
	at org.apache.catalina.core.StandardEngineValve.invoke(StandardEngineValve.java:74) ~[tomcat-embed-core-10.1.42.jar:10.1.42]
	at org.apache.catalina.connector.CoyoteAdapter.service(CoyoteAdapter.java:344) ~[tomcat-embed-core-10.1.42.jar:10.1.42]
	at org.apache.coyote.http11.Http11Processor.service(Http11Processor.java:398) ~[tomcat-embed-core-10.1.42.jar:10.1.42]
	at org.apache.coyote.AbstractProcessorLight.process(AbstractProcessorLight.java:63) ~[tomcat-embed-core-10.1.42.jar:10.1.42]
	at org.apache.coyote.AbstractProtocol$ConnectionHandler.process(AbstractProtocol.java:903) ~[tomcat-embed-core-10.1.42.jar:10.1.42]
	at org.apache.tomcat.util.net.NioEndpoint$SocketProcessor.doRun(NioEndpoint.java:1769) ~[tomcat-embed-core-10.1.42.jar:10.1.42]
	at org.apache.tomcat.util.net.SocketProcessorBase.run(SocketProcessorBase.java:52) ~[tomcat-embed-core-10.1.42.jar:10.1.42]
	at org.apache.tomcat.util.threads.ThreadPoolExecutor.runWorker(ThreadPoolExecutor.java:1189) ~[tomcat-embed-core-10.1.42.jar:10.1.42]
	at org.apache.tomcat.util.threads.ThreadPoolExecutor$Worker.run(ThreadPoolExecutor.java:658) ~[tomcat-embed-core-10.1.42.jar:10.1.42]
	at org.apache.tomcat.util.threads.TaskThread$WrappingRunnable.run(TaskThread.java:63) ~[tomcat-embed-core-10.1.42.jar:10.1.42]
	at java.base/java.lang.Thread.run(Thread.java:842) ~[na:na]

2026-06-04T14:27:38.934+07:00 ERROR [group-service,,] 12180 --- [group-service] [http-nio-8085-exec-9] [                                                 ] o.a.c.c.C.[.[.[/].[dispatcherServlet]    : Servlet.service() for servlet [dispatcherServlet] in context with path [] threw exception [Request processing failed: jakarta.persistence.EntityNotFoundException: Group member not found] with root cause

jakarta.persistence.EntityNotFoundException: Group member not found
	at com.nguyenthanhbang.Social_media.service.impl.GroupMemberServiceImpl.lambda$getMembershipStatus$13(GroupMemberServiceImpl.java:207) ~[classes/:na]
	at java.base/java.util.Optional.orElseThrow(Optional.java:403) ~[na:na]
	at com.nguyenthanhbang.Social_media.service.impl.GroupMemberServiceImpl.getMembershipStatus(GroupMemberServiceImpl.java:207) ~[classes/:na]
	at com.nguyenthanhbang.Social_media.controller.user.GroupMemberController.getStatus(GroupMemberController.java:96) ~[classes/:na]
	at java.base/jdk.internal.reflect.NativeMethodAccessorImpl.invoke0(Native Method) ~[na:na]
	at java.base/jdk.internal.reflect.NativeMethodAccessorImpl.invoke(NativeMethodAccessorImpl.java:77) ~[na:na]
	at java.base/jdk.internal.reflect.DelegatingMethodAccessorImpl.invoke(DelegatingMethodAccessorImpl.java:43) ~[na:na]
	at java.base/java.lang.reflect.Method.invoke(Method.java:568) ~[na:na]
	at org.springframework.web.method.support.InvocableHandlerMethod.doInvoke(InvocableHandlerMethod.java:255) ~[spring-web-6.1.21.jar:6.1.21]
	at org.springframework.web.method.support.InvocableHandlerMethod.invokeForRequest(InvocableHandlerMethod.java:188) ~[spring-web-6.1.21.jar:6.1.21]
	at org.springframework.web.servlet.mvc.method.annotation.ServletInvocableHandlerMethod.invokeAndHandle(ServletInvocableHandlerMethod.java:118) ~[spring-webmvc-6.1.21.jar:6.1.21]
	at org.springframework.web.servlet.mvc.method.annotation.RequestMappingHandlerAdapter.invokeHandlerMethod(RequestMappingHandlerAdapter.java:926) ~[spring-webmvc-6.1.21.jar:6.1.21]
	at org.springframework.web.servlet.mvc.method.annotation.RequestMappingHandlerAdapter.handleInternal(RequestMappingHandlerAdapter.java:831) ~[spring-webmvc-6.1.21.jar:6.1.21]
	at org.springframework.web.servlet.mvc.method.AbstractHandlerMethodAdapter.handle(AbstractHandlerMethodAdapter.java:87) ~[spring-webmvc-6.1.21.jar:6.1.21]
	at org.springframework.web.servlet.DispatcherServlet.doDispatch(DispatcherServlet.java:1089) ~[spring-webmvc-6.1.21.jar:6.1.21]
	at org.springframework.web.servlet.DispatcherServlet.doService(DispatcherServlet.java:979) ~[spring-webmvc-6.1.21.jar:6.1.21]
	at org.springframework.web.servlet.FrameworkServlet.processRequest(FrameworkServlet.java:1014) ~[spring-webmvc-6.1.21.jar:6.1.21]
	at org.springframework.web.servlet.FrameworkServlet.doGet(FrameworkServlet.java:903) ~[spring-webmvc-6.1.21.jar:6.1.21]
	at jakarta.servlet.http.HttpServlet.service(HttpServlet.java:564) ~[tomcat-embed-core-10.1.42.jar:6.0]
	at org.springframework.web.servlet.FrameworkServlet.service(FrameworkServlet.java:885) ~[spring-webmvc-6.1.21.jar:6.1.21]
	at jakarta.servlet.http.HttpServlet.service(HttpServlet.java:658) ~[tomcat-embed-core-10.1.42.jar:6.0]
	at org.apache.catalina.core.ApplicationFilterChain.internalDoFilter(ApplicationFilterChain.java:195) ~[tomcat-embed-core-10.1.42.jar:10.1.42]
	at org.apache.catalina.core.ApplicationFilterChain.doFilter(ApplicationFilterChain.java:140) ~[tomcat-embed-core-10.1.42.jar:10.1.42]
	at org.apache.tomcat.websocket.server.WsFilter.doFilter(WsFilter.java:51) ~[tomcat-embed-websocket-10.1.42.jar:10.1.42]
	at org.apache.catalina.core.ApplicationFilterChain.internalDoFilter(ApplicationFilterChain.java:164) ~[tomcat-embed-core-10.1.42.jar:10.1.42]
	at org.apache.catalina.core.ApplicationFilterChain.doFilter(ApplicationFilterChain.java:140) ~[tomcat-embed-core-10.1.42.jar:10.1.42]
	at org.springframework.web.filter.RequestContextFilter.doFilterInternal(RequestContextFilter.java:100) ~[spring-web-6.1.21.jar:6.1.21]
	at org.springframework.web.filter.OncePerRequestFilter.doFilter(OncePerRequestFilter.java:116) ~[spring-web-6.1.21.jar:6.1.21]
	at org.apache.catalina.core.ApplicationFilterChain.internalDoFilter(ApplicationFilterChain.java:164) ~[tomcat-embed-core-10.1.42.jar:10.1.42]
	at org.apache.catalina.core.ApplicationFilterChain.doFilter(ApplicationFilterChain.java:140) ~[tomcat-embed-core-10.1.42.jar:10.1.42]
	at org.springframework.web.filter.FormContentFilter.doFilterInternal(FormContentFilter.java:93) ~[spring-web-6.1.21.jar:6.1.21]
	at org.springframework.web.filter.OncePerRequestFilter.doFilter(OncePerRequestFilter.java:116) ~[spring-web-6.1.21.jar:6.1.21]
	at org.apache.catalina.core.ApplicationFilterChain.internalDoFilter(ApplicationFilterChain.java:164) ~[tomcat-embed-core-10.1.42.jar:10.1.42]
	at org.apache.catalina.core.ApplicationFilterChain.doFilter(ApplicationFilterChain.java:140) ~[tomcat-embed-core-10.1.42.jar:10.1.42]
	at org.springframework.web.filter.ServerHttpObservationFilter.doFilterInternal(ServerHttpObservationFilter.java:113) ~[spring-web-6.1.21.jar:6.1.21]
	at org.springframework.web.filter.OncePerRequestFilter.doFilter(OncePerRequestFilter.java:116) ~[spring-web-6.1.21.jar:6.1.21]
	at org.apache.catalina.core.ApplicationFilterChain.internalDoFilter(ApplicationFilterChain.java:164) ~[tomcat-embed-core-10.1.42.jar:10.1.42]
	at org.apache.catalina.core.ApplicationFilterChain.doFilter(ApplicationFilterChain.java:140) ~[tomcat-embed-core-10.1.42.jar:10.1.42]
	at org.springframework.web.filter.CharacterEncodingFilter.doFilterInternal(CharacterEncodingFilter.java:201) ~[spring-web-6.1.21.jar:6.1.21]
	at org.springframework.web.filter.OncePerRequestFilter.doFilter(OncePerRequestFilter.java:116) ~[spring-web-6.1.21.jar:6.1.21]
	at org.apache.catalina.core.ApplicationFilterChain.internalDoFilter(ApplicationFilterChain.java:164) ~[tomcat-embed-core-10.1.42.jar:10.1.42]
	at org.apache.catalina.core.ApplicationFilterChain.doFilter(ApplicationFilterChain.java:140) ~[tomcat-embed-core-10.1.42.jar:10.1.42]
	at org.apache.catalina.core.StandardWrapperValve.invoke(StandardWrapperValve.java:167) ~[tomcat-embed-core-10.1.42.jar:10.1.42]
	at org.apache.catalina.core.StandardContextValve.invoke(StandardContextValve.java:90) ~[tomcat-embed-core-10.1.42.jar:10.1.42]
	at org.apache.catalina.authenticator.AuthenticatorBase.invoke(AuthenticatorBase.java:483) ~[tomcat-embed-core-10.1.42.jar:10.1.42]
	at org.apache.catalina.core.StandardHostValve.invoke(StandardHostValve.java:116) ~[tomcat-embed-core-10.1.42.jar:10.1.42]
	at org.apache.catalina.valves.ErrorReportValve.invoke(ErrorReportValve.java:93) ~[tomcat-embed-core-10.1.42.jar:10.1.42]
	at org.apache.catalina.core.StandardEngineValve.invoke(StandardEngineValve.java:74) ~[tomcat-embed-core-10.1.42.jar:10.1.42]
	at org.apache.catalina.connector.CoyoteAdapter.service(CoyoteAdapter.java:344) ~[tomcat-embed-core-10.1.42.jar:10.1.42]
	at org.apache.coyote.http11.Http11Processor.service(Http11Processor.java:398) ~[tomcat-embed-core-10.1.42.jar:10.1.42]
	at org.apache.coyote.AbstractProcessorLight.process(AbstractProcessorLight.java:63) ~[tomcat-embed-core-10.1.42.jar:10.1.42]
	at org.apache.coyote.AbstractProtocol$ConnectionHandler.process(AbstractProtocol.java:903) ~[tomcat-embed-core-10.1.42.jar:10.1.42]
	at org.apache.tomcat.util.net.NioEndpoint$SocketProcessor.doRun(NioEndpoint.java:1769) ~[tomcat-embed-core-10.1.42.jar:10.1.42]
	at org.apache.tomcat.util.net.SocketProcessorBase.run(SocketProcessorBase.java:52) ~[tomcat-embed-core-10.1.42.jar:10.1.42]
	at org.apache.tomcat.util.threads.ThreadPoolExecutor.runWorker(ThreadPoolExecutor.java:1189) ~[tomcat-embed-core-10.1.42.jar:10.1.42]
	at org.apache.tomcat.util.threads.ThreadPoolExecutor$Worker.run(ThreadPoolExecutor.java:658) ~[tomcat-embed-core-10.1.42.jar:10.1.42]
	at org.apache.tomcat.util.threads.TaskThread$WrappingRunnable.run(TaskThread.java:63) ~[tomcat-embed-core-10.1.42.jar:10.1.42]
	at java.base/java.lang.Thread.run(Thread.java:842) ~[na:na]

2026-06-04T14:27:41.960+07:00  INFO [group-service,01a172d0d1ab42cbe2abe9e866c58636,ed5496794304c8a5] 12180 --- [group-service] [http-nio-8085-exec-8] [01a172d0d1ab42cbe2abe9e866c58636-ed5496794304c8a5] c.n.S.s.impl.GroupMemberServiceImpl      : -----------------publish group event , type = REQUESTED ,---------
2026-06-04T14:30:08.711+07:00  INFO [group-service,,] 12180 --- [group-service] [AsyncResolver-bootstrap-executor-%d] [                                                 ] c.n.d.s.r.aws.ConfigClusterResolver      : Resolving eureka endpoints via configuration
2026-06-04T14:35:08.718+07:00  INFO [group-service,,] 12180 --- [group-service] [AsyncResolver-bootstrap-executor-%d] [                                                 ] c.n.d.s.r.aws.ConfigClusterResolver      : Resolving eureka endpoints via configuration
2026-06-04T14:36:52.258+07:00  INFO [group-service,,] 12180 --- [group-service] [SpringApplicationShutdownHook] [                                                 ] o.s.c.n.e.s.EurekaServiceRegistry        : Unregistering application GROUP-SERVICE with eureka with status DOWN
2026-06-04T14:36:52.259+07:00  INFO [group-service,,] 12180 --- [group-service] [SpringApplicationShutdownHook] [                                                 ] com.netflix.discovery.DiscoveryClient    : Saw local status change event StatusChangeEvent [timestamp=1780558612259, current=DOWN, previous=UP]
2026-06-04T14:36:52.259+07:00  INFO [group-service,,] 12180 --- [group-service] [DiscoveryClient-InstanceInfoReplicator-%d] [                                                 ] com.netflix.discovery.DiscoveryClient    : DiscoveryClient_GROUP-SERVICE/localhost:group-service:8085: registering service...
2026-06-04T14:36:52.279+07:00  INFO [group-service,,] 12180 --- [group-service] [DiscoveryClient-InstanceInfoReplicator-%d] [                                                 ] com.netflix.discovery.DiscoveryClient    : DiscoveryClient_GROUP-SERVICE/localhost:group-service:8085 - registration status: 204
2026-06-04T14:36:52.869+07:00  INFO [group-service,,] 12180 --- [group-service] [SpringApplicationShutdownHook] [                                                 ] j.LocalContainerEntityManagerFactoryBean : Closing JPA EntityManagerFactory for persistence unit 'default'
2026-06-04T14:36:52.874+07:00  INFO [group-service,,] 12180 --- [group-service] [SpringApplicationShutdownHook] [                                                 ] com.zaxxer.hikari.HikariDataSource       : HikariPool-1 - Shutdown initiated...
2026-06-04T14:36:52.885+07:00  INFO [group-service,,] 12180 --- [group-service] [SpringApplicationShutdownHook] [                                                 ] com.zaxxer.hikari.HikariDataSource       : HikariPool-1 - Shutdown completed.
2026-06-04T14:36:52.894+07:00  INFO [group-service,,] 12180 --- [group-service] [SpringApplicationShutdownHook] [                                                 ] com.netflix.discovery.DiscoveryClient    : Shutting down DiscoveryClient ...
2026-06-04T14:36:55.908+07:00  INFO [group-service,,] 12180 --- [group-service] [SpringApplicationShutdownHook] [                                                 ] com.netflix.discovery.DiscoveryClient    : Unregistering ...
2026-06-04T14:36:55.925+07:00  INFO [group-service,,] 12180 --- [group-service] [SpringApplicationShutdownHook] [                                                 ] com.netflix.discovery.DiscoveryClient    : DiscoveryClient_GROUP-SERVICE/localhost:group-service:8085 - deregister  status: 200
2026-06-04T14:36:55.926+07:00  INFO [group-service,,] 12180 --- [group-service] [SpringApplicationShutdownHook] [                                                 ] com.netflix.discovery.DiscoveryClient    : Completed shut down of DiscoveryClient
2026-06-04T14:37:05.626+07:00  INFO [group-service,,] 13808 --- [group-service] [main] [                                                 ] c.n.S.GroupServiceApplication            : Starting GroupServiceApplication using Java 17.0.9 with PID 13808 (D:\Projects\Social-media\backend\group-service\target\classes started by BANG in D:\Projects\Social-media\backend)
2026-06-04T14:37:05.631+07:00  INFO [group-service,,] 13808 --- [group-service] [main] [                                                 ] c.n.S.GroupServiceApplication            : No active profile set, falling back to 1 default profile: "default"
2026-06-04T14:37:06.756+07:00  INFO [group-service,,] 13808 --- [group-service] [main] [                                                 ] .s.d.r.c.RepositoryConfigurationDelegate : Bootstrapping Spring Data JPA repositories in DEFAULT mode.
2026-06-04T14:37:06.889+07:00  INFO [group-service,,] 13808 --- [group-service] [main] [                                                 ] .s.d.r.c.RepositoryConfigurationDelegate : Finished Spring Data repository scanning in 126 ms. Found 2 JPA repository interfaces.
2026-06-04T14:37:07.134+07:00  INFO [group-service,,] 13808 --- [group-service] [main] [                                                 ] o.s.cloud.context.scope.GenericScope     : BeanFactory id=34585cb0-f944-3b4f-bdd0-6f0704afa550
2026-06-04T14:37:07.501+07:00  INFO [group-service,,] 13808 --- [group-service] [main] [                                                 ] o.s.b.w.embedded.tomcat.TomcatWebServer  : Tomcat initialized with port 8085 (http)
2026-06-04T14:37:07.511+07:00  INFO [group-service,,] 13808 --- [group-service] [main] [                                                 ] o.apache.catalina.core.StandardService   : Starting service [Tomcat]
2026-06-04T14:37:07.512+07:00  INFO [group-service,,] 13808 --- [group-service] [main] [                                                 ] o.apache.catalina.core.StandardEngine    : Starting Servlet engine: [Apache Tomcat/10.1.42]
2026-06-04T14:37:07.573+07:00  INFO [group-service,,] 13808 --- [group-service] [main] [                                                 ] o.a.c.c.C.[Tomcat].[localhost].[/]       : Initializing Spring embedded WebApplicationContext
2026-06-04T14:37:07.573+07:00  INFO [group-service,,] 13808 --- [group-service] [main] [                                                 ] w.s.c.ServletWebServerApplicationContext : Root WebApplicationContext: initialization completed in 1891 ms
2026-06-04T14:37:07.959+07:00  INFO [group-service,,] 13808 --- [group-service] [main] [                                                 ] o.hibernate.jpa.internal.util.LogHelper  : HHH000204: Processing PersistenceUnitInfo [name: default]
2026-06-04T14:37:08.006+07:00  INFO [group-service,,] 13808 --- [group-service] [main] [                                                 ] org.hibernate.Version                    : HHH000412: Hibernate ORM core version 6.5.3.Final
2026-06-04T14:37:08.029+07:00  INFO [group-service,,] 13808 --- [group-service] [main] [                                                 ] o.h.c.internal.RegionFactoryInitiator    : HHH000026: Second-level cache disabled
2026-06-04T14:37:08.229+07:00  INFO [group-service,,] 13808 --- [group-service] [main] [                                                 ] o.s.o.j.p.SpringPersistenceUnitInfo      : No LoadTimeWeaver setup: ignoring JPA class transformer
2026-06-04T14:37:08.248+07:00  INFO [group-service,,] 13808 --- [group-service] [main] [                                                 ] com.zaxxer.hikari.HikariDataSource       : HikariPool-1 - Starting...
2026-06-04T14:37:08.397+07:00  INFO [group-service,,] 13808 --- [group-service] [main] [                                                 ] com.zaxxer.hikari.pool.HikariPool        : HikariPool-1 - Added connection org.postgresql.jdbc.PgConnection@6ad7a305
2026-06-04T14:37:08.404+07:00  INFO [group-service,,] 13808 --- [group-service] [main] [                                                 ] com.zaxxer.hikari.HikariDataSource       : HikariPool-1 - Start completed.
2026-06-04T14:37:08.434+07:00  WARN [group-service,,] 13808 --- [group-service] [main] [                                                 ] org.hibernate.orm.deprecation            : HHH90000025: PostgreSQLDialect does not need to be specified explicitly using 'hibernate.dialect' (remove the property setting and it will be selected by default)
2026-06-04T14:37:09.275+07:00  INFO [group-service,,] 13808 --- [group-service] [main] [                                                 ] o.h.e.t.j.p.i.JtaPlatformInitiator       : HHH000489: No JTA platform available (set 'hibernate.transaction.jta.platform' to enable JTA platform integration)
2026-06-04T14:37:09.357+07:00  INFO [group-service,,] 13808 --- [group-service] [main] [                                                 ] j.LocalContainerEntityManagerFactoryBean : Initialized JPA EntityManagerFactory for persistence unit 'default'
2026-06-04T14:37:09.580+07:00  INFO [group-service,,] 13808 --- [group-service] [main] [                                                 ] o.s.d.j.r.query.QueryEnhancerFactory     : Hibernate is in classpath; If applicable, HQL parser will be used.
2026-06-04T14:37:10.132+07:00  WARN [group-service,,] 13808 --- [group-service] [main] [                                                 ] JpaBaseConfiguration$JpaWebConfiguration : spring.jpa.open-in-view is enabled by default. Therefore, database queries may be performed during view rendering. Explicitly configure spring.jpa.open-in-view to disable this warning
2026-06-04T14:37:11.346+07:00  INFO [group-service,,] 13808 --- [group-service] [main] [                                                 ] o.s.cloud.commons.util.InetUtils         : Cannot determine local hostname
2026-06-04T14:37:11.389+07:00  INFO [group-service,,] 13808 --- [group-service] [main] [                                                 ] o.s.c.openfeign.FeignClientFactoryBean   : For 'user-service' URL not provided. Will try picking an instance via load-balancing.
2026-06-04T14:37:13.162+07:00  INFO [group-service,,] 13808 --- [group-service] [main] [                                                 ] o.s.cloud.commons.util.InetUtils         : Cannot determine local hostname
2026-06-04T14:37:13.175+07:00  INFO [group-service,,] 13808 --- [group-service] [main] [                                                 ] DiscoveryClientOptionalArgsConfiguration : Eureka HTTP Client uses RestTemplate.
2026-06-04T14:37:13.205+07:00  WARN [group-service,,] 13808 --- [group-service] [main] [                                                 ] iguration$LoadBalancerCaffeineWarnLogger : Spring Cloud LoadBalancer is currently working with the default cache. While this cache implementation is useful for development and tests, it's recommended to use Caffeine cache in production.You can switch to using Caffeine cache, by adding it and org.springframework.cache.caffeine.CaffeineCacheManager to the classpath.
2026-06-04T14:37:13.216+07:00  INFO [group-service,,] 13808 --- [group-service] [main] [                                                 ] o.s.b.a.e.web.EndpointLinksResolver      : Exposing 4 endpoints beneath base path '/actuator'
2026-06-04T14:37:13.308+07:00  INFO [group-service,,] 13808 --- [group-service] [main] [                                                 ] o.s.c.n.eureka.InstanceInfoFactory       : Setting initial instance status as: STARTING
2026-06-04T14:37:13.327+07:00  INFO [group-service,,] 13808 --- [group-service] [main] [                                                 ] com.netflix.discovery.DiscoveryClient    : Initializing Eureka in region us-east-1
2026-06-04T14:37:13.330+07:00  INFO [group-service,,] 13808 --- [group-service] [main] [                                                 ] c.n.d.s.r.aws.ConfigClusterResolver      : Resolving eureka endpoints via configuration
2026-06-04T14:37:13.338+07:00  INFO [group-service,,] 13808 --- [group-service] [main] [                                                 ] com.netflix.discovery.DiscoveryClient    : Disable delta property : false
2026-06-04T14:37:13.338+07:00  INFO [group-service,,] 13808 --- [group-service] [main] [                                                 ] com.netflix.discovery.DiscoveryClient    : Single vip registry refresh property : null
2026-06-04T14:37:13.338+07:00  INFO [group-service,,] 13808 --- [group-service] [main] [                                                 ] com.netflix.discovery.DiscoveryClient    : Force full registry fetch : false
2026-06-04T14:37:13.338+07:00  INFO [group-service,,] 13808 --- [group-service] [main] [                                                 ] com.netflix.discovery.DiscoveryClient    : Application is null : false
2026-06-04T14:37:13.338+07:00  INFO [group-service,,] 13808 --- [group-service] [main] [                                                 ] com.netflix.discovery.DiscoveryClient    : Registered Applications size is zero : true
2026-06-04T14:37:13.338+07:00  INFO [group-service,,] 13808 --- [group-service] [main] [                                                 ] com.netflix.discovery.DiscoveryClient    : Application version is -1: true
2026-06-04T14:37:13.339+07:00  INFO [group-service,,] 13808 --- [group-service] [main] [                                                 ] com.netflix.discovery.DiscoveryClient    : Getting all instance registry info from the eureka server
2026-06-04T14:37:13.579+07:00  INFO [group-service,,] 13808 --- [group-service] [main] [                                                 ] com.netflix.discovery.DiscoveryClient    : The response status is 200
2026-06-04T14:37:13.580+07:00  INFO [group-service,,] 13808 --- [group-service] [main] [                                                 ] com.netflix.discovery.DiscoveryClient    : Starting heartbeat executor: renew interval is: 30
2026-06-04T14:37:13.582+07:00  INFO [group-service,,] 13808 --- [group-service] [main] [                                                 ] c.n.discovery.InstanceInfoReplicator     : InstanceInfoReplicator onDemand update allowed rate per min is 4
2026-06-04T14:37:13.584+07:00  INFO [group-service,,] 13808 --- [group-service] [main] [                                                 ] com.netflix.discovery.DiscoveryClient    : Discovery Client initialized at timestamp 1780558633583 with initial instances count: 5
2026-06-04T14:37:13.588+07:00  INFO [group-service,,] 13808 --- [group-service] [main] [                                                 ] o.s.c.n.e.s.EurekaServiceRegistry        : Registering application GROUP-SERVICE with eureka with status UP
2026-06-04T14:37:13.589+07:00  INFO [group-service,,] 13808 --- [group-service] [main] [                                                 ] com.netflix.discovery.DiscoveryClient    : Saw local status change event StatusChangeEvent [timestamp=1780558633589, current=UP, previous=STARTING]
2026-06-04T14:37:13.590+07:00  INFO [group-service,,] 13808 --- [group-service] [DiscoveryClient-InstanceInfoReplicator-%d] [                                                 ] com.netflix.discovery.DiscoveryClient    : DiscoveryClient_GROUP-SERVICE/localhost:group-service:8085: registering service...
2026-06-04T14:37:13.617+07:00  INFO [group-service,,] 13808 --- [group-service] [main] [                                                 ] o.s.b.w.embedded.tomcat.TomcatWebServer  : Tomcat started on port 8085 (http) with context path '/'
2026-06-04T14:37:13.618+07:00  INFO [group-service,,] 13808 --- [group-service] [main] [                                                 ] .s.c.n.e.s.EurekaAutoServiceRegistration : Updating port to 8085
2026-06-04T14:37:13.633+07:00  INFO [group-service,,] 13808 --- [group-service] [DiscoveryClient-InstanceInfoReplicator-%d] [                                                 ] com.netflix.discovery.DiscoveryClient    : DiscoveryClient_GROUP-SERVICE/localhost:group-service:8085 - registration status: 204
2026-06-04T14:37:14.673+07:00  INFO [group-service,,] 13808 --- [group-service] [http-nio-8085-exec-1] [                                                 ] o.a.c.c.C.[Tomcat].[localhost].[/]       : Initializing Spring DispatcherServlet 'dispatcherServlet'
2026-06-04T14:37:14.673+07:00  INFO [group-service,,] 13808 --- [group-service] [http-nio-8085-exec-1] [                                                 ] o.s.web.servlet.DispatcherServlet        : Initializing Servlet 'dispatcherServlet'
2026-06-04T14:37:14.675+07:00  INFO [group-service,,] 13808 --- [group-service] [http-nio-8085-exec-1] [                                                 ] o.s.web.servlet.DispatcherServlet        : Completed initialization in 2 ms
2026-06-04T14:37:14.900+07:00  INFO [group-service,,] 13808 --- [group-service] [main] [                                                 ] o.s.cloud.commons.util.InetUtils         : Cannot determine local hostname
2026-06-04T14:37:14.915+07:00  INFO [group-service,,] 13808 --- [group-service] [main] [                                                 ] c.n.S.GroupServiceApplication            : Started GroupServiceApplication in 11.185 seconds (process running for 11.957)
2026-06-04T14:37:15.479+07:00  INFO [group-service,,] 13808 --- [group-service] [RMI TCP Connection(3)-192.168.4.15] [                                                 ] o.s.a.r.c.CachingConnectionFactory       : Attempting to connect to: [localhost:5672]
2026-06-04T14:37:15.592+07:00  INFO [group-service,,] 13808 --- [group-service] [RMI TCP Connection(3)-192.168.4.15] [                                                 ] o.s.a.r.c.CachingConnectionFactory       : Created new connection: rabbitConnectionFactory#68603829:0/SimpleConnection@93895a7 [delegate=amqp://guest@127.0.0.1:5672/, localPort=62120]
2026-06-04T14:37:41.164+07:00  WARN [group-service,5850907b635e9acc0fc7bc55a1ddb81b,86e6d8eee1db9964] 13808 --- [group-service] [http-nio-8085-exec-9] [5850907b635e9acc0fc7bc55a1ddb81b-86e6d8eee1db9964] o.h.engine.jdbc.spi.SqlExceptionHelper   : SQL Warning Code: 0, SQLState: 01000
2026-06-04T14:37:41.171+07:00  WARN [group-service,72d754028addf39aed59ad4947ff52ad,228186753aaf4ebd] 13808 --- [group-service] [http-nio-8085-exec-3] [72d754028addf39aed59ad4947ff52ad-228186753aaf4ebd] o.h.engine.jdbc.spi.SqlExceptionHelper   : SQL Warning Code: 0, SQLState: 01000
2026-06-04T14:37:41.165+07:00  WARN [group-service,5850907b635e9acc0fc7bc55a1ddb81b,86e6d8eee1db9964] 13808 --- [group-service] [http-nio-8085-exec-9] [5850907b635e9acc0fc7bc55a1ddb81b-86e6d8eee1db9964] o.h.engine.jdbc.spi.SqlExceptionHelper   : database "social_media_group" has a collation version mismatch
2026-06-04T14:37:41.172+07:00  WARN [group-service,72d754028addf39aed59ad4947ff52ad,228186753aaf4ebd] 13808 --- [group-service] [http-nio-8085-exec-3] [72d754028addf39aed59ad4947ff52ad-228186753aaf4ebd] o.h.engine.jdbc.spi.SqlExceptionHelper   : database "social_media_group" has a collation version mismatch
2026-06-04T14:37:41.178+07:00  WARN [group-service,4f7e55942e5401ed1d657ecec9c16a2c,7bfc549faa1d4648] 13808 --- [group-service] [http-nio-8085-exec-10] [4f7e55942e5401ed1d657ecec9c16a2c-7bfc549faa1d4648] o.h.engine.jdbc.spi.SqlExceptionHelper   : SQL Warning Code: 0, SQLState: 01000
2026-06-04T14:37:41.180+07:00  WARN [group-service,4f7e55942e5401ed1d657ecec9c16a2c,7bfc549faa1d4648] 13808 --- [group-service] [http-nio-8085-exec-10] [4f7e55942e5401ed1d657ecec9c16a2c-7bfc549faa1d4648] o.h.engine.jdbc.spi.SqlExceptionHelper   : database "social_media_group" has a collation version mismatch
2026-06-04T14:38:21.525+07:00 ERROR [group-service,,] 13808 --- [group-service] [http-nio-8085-exec-9] [                                                 ] o.a.c.c.C.[.[.[/].[dispatcherServlet]    : Servlet.service() for servlet [dispatcherServlet] in context with path [] threw exception [Request processing failed: jakarta.persistence.EntityNotFoundException: Group member not found] with root cause

jakarta.persistence.EntityNotFoundException: Group member not found
	at com.nguyenthanhbang.Social_media.service.impl.GroupMemberServiceImpl.lambda$getMembershipStatus$13(GroupMemberServiceImpl.java:209) ~[classes/:na]
	at java.base/java.util.Optional.orElseThrow(Optional.java:403) ~[na:na]
	at com.nguyenthanhbang.Social_media.service.impl.GroupMemberServiceImpl.getMembershipStatus(GroupMemberServiceImpl.java:209) ~[classes/:na]
	at com.nguyenthanhbang.Social_media.controller.user.GroupMemberController.getStatus(GroupMemberController.java:96) ~[classes/:na]
	at java.base/jdk.internal.reflect.NativeMethodAccessorImpl.invoke0(Native Method) ~[na:na]
	at java.base/jdk.internal.reflect.NativeMethodAccessorImpl.invoke(NativeMethodAccessorImpl.java:77) ~[na:na]
	at java.base/jdk.internal.reflect.DelegatingMethodAccessorImpl.invoke(DelegatingMethodAccessorImpl.java:43) ~[na:na]
	at java.base/java.lang.reflect.Method.invoke(Method.java:568) ~[na:na]
	at org.springframework.web.method.support.InvocableHandlerMethod.doInvoke(InvocableHandlerMethod.java:255) ~[spring-web-6.1.21.jar:6.1.21]
	at org.springframework.web.method.support.InvocableHandlerMethod.invokeForRequest(InvocableHandlerMethod.java:188) ~[spring-web-6.1.21.jar:6.1.21]
	at org.springframework.web.servlet.mvc.method.annotation.ServletInvocableHandlerMethod.invokeAndHandle(ServletInvocableHandlerMethod.java:118) ~[spring-webmvc-6.1.21.jar:6.1.21]
	at org.springframework.web.servlet.mvc.method.annotation.RequestMappingHandlerAdapter.invokeHandlerMethod(RequestMappingHandlerAdapter.java:926) ~[spring-webmvc-6.1.21.jar:6.1.21]
	at org.springframework.web.servlet.mvc.method.annotation.RequestMappingHandlerAdapter.handleInternal(RequestMappingHandlerAdapter.java:831) ~[spring-webmvc-6.1.21.jar:6.1.21]
	at org.springframework.web.servlet.mvc.method.AbstractHandlerMethodAdapter.handle(AbstractHandlerMethodAdapter.java:87) ~[spring-webmvc-6.1.21.jar:6.1.21]
	at org.springframework.web.servlet.DispatcherServlet.doDispatch(DispatcherServlet.java:1089) ~[spring-webmvc-6.1.21.jar:6.1.21]
	at org.springframework.web.servlet.DispatcherServlet.doService(DispatcherServlet.java:979) ~[spring-webmvc-6.1.21.jar:6.1.21]
	at org.springframework.web.servlet.FrameworkServlet.processRequest(FrameworkServlet.java:1014) ~[spring-webmvc-6.1.21.jar:6.1.21]
	at org.springframework.web.servlet.FrameworkServlet.doGet(FrameworkServlet.java:903) ~[spring-webmvc-6.1.21.jar:6.1.21]
	at jakarta.servlet.http.HttpServlet.service(HttpServlet.java:564) ~[tomcat-embed-core-10.1.42.jar:6.0]
	at org.springframework.web.servlet.FrameworkServlet.service(FrameworkServlet.java:885) ~[spring-webmvc-6.1.21.jar:6.1.21]
	at jakarta.servlet.http.HttpServlet.service(HttpServlet.java:658) ~[tomcat-embed-core-10.1.42.jar:6.0]
	at org.apache.catalina.core.ApplicationFilterChain.internalDoFilter(ApplicationFilterChain.java:195) ~[tomcat-embed-core-10.1.42.jar:10.1.42]
	at org.apache.catalina.core.ApplicationFilterChain.doFilter(ApplicationFilterChain.java:140) ~[tomcat-embed-core-10.1.42.jar:10.1.42]
	at org.apache.tomcat.websocket.server.WsFilter.doFilter(WsFilter.java:51) ~[tomcat-embed-websocket-10.1.42.jar:10.1.42]
	at org.apache.catalina.core.ApplicationFilterChain.internalDoFilter(ApplicationFilterChain.java:164) ~[tomcat-embed-core-10.1.42.jar:10.1.42]
	at org.apache.catalina.core.ApplicationFilterChain.doFilter(ApplicationFilterChain.java:140) ~[tomcat-embed-core-10.1.42.jar:10.1.42]
	at org.springframework.web.filter.RequestContextFilter.doFilterInternal(RequestContextFilter.java:100) ~[spring-web-6.1.21.jar:6.1.21]
	at org.springframework.web.filter.OncePerRequestFilter.doFilter(OncePerRequestFilter.java:116) ~[spring-web-6.1.21.jar:6.1.21]
	at org.apache.catalina.core.ApplicationFilterChain.internalDoFilter(ApplicationFilterChain.java:164) ~[tomcat-embed-core-10.1.42.jar:10.1.42]
	at org.apache.catalina.core.ApplicationFilterChain.doFilter(ApplicationFilterChain.java:140) ~[tomcat-embed-core-10.1.42.jar:10.1.42]
	at org.springframework.web.filter.FormContentFilter.doFilterInternal(FormContentFilter.java:93) ~[spring-web-6.1.21.jar:6.1.21]
	at org.springframework.web.filter.OncePerRequestFilter.doFilter(OncePerRequestFilter.java:116) ~[spring-web-6.1.21.jar:6.1.21]
	at org.apache.catalina.core.ApplicationFilterChain.internalDoFilter(ApplicationFilterChain.java:164) ~[tomcat-embed-core-10.1.42.jar:10.1.42]
	at org.apache.catalina.core.ApplicationFilterChain.doFilter(ApplicationFilterChain.java:140) ~[tomcat-embed-core-10.1.42.jar:10.1.42]
	at org.springframework.web.filter.ServerHttpObservationFilter.doFilterInternal(ServerHttpObservationFilter.java:113) ~[spring-web-6.1.21.jar:6.1.21]
	at org.springframework.web.filter.OncePerRequestFilter.doFilter(OncePerRequestFilter.java:116) ~[spring-web-6.1.21.jar:6.1.21]
	at org.apache.catalina.core.ApplicationFilterChain.internalDoFilter(ApplicationFilterChain.java:164) ~[tomcat-embed-core-10.1.42.jar:10.1.42]
	at org.apache.catalina.core.ApplicationFilterChain.doFilter(ApplicationFilterChain.java:140) ~[tomcat-embed-core-10.1.42.jar:10.1.42]
	at org.springframework.web.filter.CharacterEncodingFilter.doFilterInternal(CharacterEncodingFilter.java:201) ~[spring-web-6.1.21.jar:6.1.21]
	at org.springframework.web.filter.OncePerRequestFilter.doFilter(OncePerRequestFilter.java:116) ~[spring-web-6.1.21.jar:6.1.21]
	at org.apache.catalina.core.ApplicationFilterChain.internalDoFilter(ApplicationFilterChain.java:164) ~[tomcat-embed-core-10.1.42.jar:10.1.42]
	at org.apache.catalina.core.ApplicationFilterChain.doFilter(ApplicationFilterChain.java:140) ~[tomcat-embed-core-10.1.42.jar:10.1.42]
	at org.apache.catalina.core.StandardWrapperValve.invoke(StandardWrapperValve.java:167) ~[tomcat-embed-core-10.1.42.jar:10.1.42]
	at org.apache.catalina.core.StandardContextValve.invoke(StandardContextValve.java:90) ~[tomcat-embed-core-10.1.42.jar:10.1.42]
	at org.apache.catalina.authenticator.AuthenticatorBase.invoke(AuthenticatorBase.java:483) ~[tomcat-embed-core-10.1.42.jar:10.1.42]
	at org.apache.catalina.core.StandardHostValve.invoke(StandardHostValve.java:116) ~[tomcat-embed-core-10.1.42.jar:10.1.42]
	at org.apache.catalina.valves.ErrorReportValve.invoke(ErrorReportValve.java:93) ~[tomcat-embed-core-10.1.42.jar:10.1.42]
	at org.apache.catalina.core.StandardEngineValve.invoke(StandardEngineValve.java:74) ~[tomcat-embed-core-10.1.42.jar:10.1.42]
	at org.apache.catalina.connector.CoyoteAdapter.service(CoyoteAdapter.java:344) ~[tomcat-embed-core-10.1.42.jar:10.1.42]
	at org.apache.coyote.http11.Http11Processor.service(Http11Processor.java:398) ~[tomcat-embed-core-10.1.42.jar:10.1.42]
	at org.apache.coyote.AbstractProcessorLight.process(AbstractProcessorLight.java:63) ~[tomcat-embed-core-10.1.42.jar:10.1.42]
	at org.apache.coyote.AbstractProtocol$ConnectionHandler.process(AbstractProtocol.java:903) ~[tomcat-embed-core-10.1.42.jar:10.1.42]
	at org.apache.tomcat.util.net.NioEndpoint$SocketProcessor.doRun(NioEndpoint.java:1769) ~[tomcat-embed-core-10.1.42.jar:10.1.42]
	at org.apache.tomcat.util.net.SocketProcessorBase.run(SocketProcessorBase.java:52) ~[tomcat-embed-core-10.1.42.jar:10.1.42]
	at org.apache.tomcat.util.threads.ThreadPoolExecutor.runWorker(ThreadPoolExecutor.java:1189) ~[tomcat-embed-core-10.1.42.jar:10.1.42]
	at org.apache.tomcat.util.threads.ThreadPoolExecutor$Worker.run(ThreadPoolExecutor.java:658) ~[tomcat-embed-core-10.1.42.jar:10.1.42]
	at org.apache.tomcat.util.threads.TaskThread$WrappingRunnable.run(TaskThread.java:63) ~[tomcat-embed-core-10.1.42.jar:10.1.42]
	at java.base/java.lang.Thread.run(Thread.java:842) ~[na:na]

2026-06-04T14:38:24.109+07:00  INFO [group-service,e37b7ef0451723a8ccdbd911ff4dccac,dd786bb42b61c2ea] 13808 --- [group-service] [http-nio-8085-exec-10] [e37b7ef0451723a8ccdbd911ff4dccac-dd786bb42b61c2ea] c.n.S.s.impl.GroupMemberServiceImpl      : -----------------publish group event , type = REQUESTED ,---------
2026-06-04T14:42:13.343+07:00  INFO [group-service,,] 13808 --- [group-service] [AsyncResolver-bootstrap-executor-%d] [                                                 ] c.n.d.s.r.aws.ConfigClusterResolver      : Resolving eureka endpoints via configuration
2026-06-04T14:46:50.794+07:00  WARN [group-service,d4de4e61f12759e8843a36553c2fc816,3856a025ea13e3df] 13808 --- [group-service] [http-nio-8085-exec-9] [d4de4e61f12759e8843a36553c2fc816-3856a025ea13e3df] .w.s.m.s.DefaultHandlerExceptionResolver : Resolved [org.springframework.web.method.annotation.MethodArgumentTypeMismatchException: Method parameter 'userId': Failed to convert value of type 'java.lang.String' to required type 'java.lang.Long'; For input string: "undefined"]
2026-06-04T14:47:13.352+07:00  INFO [group-service,,] 13808 --- [group-service] [AsyncResolver-bootstrap-executor-%d] [                                                 ] c.n.d.s.r.aws.ConfigClusterResolver      : Resolving eureka endpoints via configuration
2026-06-04T14:47:57.317+07:00 ERROR [group-service,,] 13808 --- [group-service] [http-nio-8085-exec-1] [                                                 ] o.a.c.c.C.[.[.[/].[dispatcherServlet]    : Servlet.service() for servlet [dispatcherServlet] in context with path [] threw exception [Request processing failed: jakarta.persistence.EntityNotFoundException: Group member not found] with root cause

jakarta.persistence.EntityNotFoundException: Group member not found
	at com.nguyenthanhbang.Social_media.service.impl.GroupMemberServiceImpl.lambda$getMembershipStatus$13(GroupMemberServiceImpl.java:209) ~[classes/:na]
	at java.base/java.util.Optional.orElseThrow(Optional.java:403) ~[na:na]
	at com.nguyenthanhbang.Social_media.service.impl.GroupMemberServiceImpl.getMembershipStatus(GroupMemberServiceImpl.java:209) ~[classes/:na]
	at com.nguyenthanhbang.Social_media.controller.user.GroupMemberController.getStatus(GroupMemberController.java:96) ~[classes/:na]
	at java.base/jdk.internal.reflect.NativeMethodAccessorImpl.invoke0(Native Method) ~[na:na]
	at java.base/jdk.internal.reflect.NativeMethodAccessorImpl.invoke(NativeMethodAccessorImpl.java:77) ~[na:na]
	at java.base/jdk.internal.reflect.DelegatingMethodAccessorImpl.invoke(DelegatingMethodAccessorImpl.java:43) ~[na:na]
	at java.base/java.lang.reflect.Method.invoke(Method.java:568) ~[na:na]
	at org.springframework.web.method.support.InvocableHandlerMethod.doInvoke(InvocableHandlerMethod.java:255) ~[spring-web-6.1.21.jar:6.1.21]
	at org.springframework.web.method.support.InvocableHandlerMethod.invokeForRequest(InvocableHandlerMethod.java:188) ~[spring-web-6.1.21.jar:6.1.21]
	at org.springframework.web.servlet.mvc.method.annotation.ServletInvocableHandlerMethod.invokeAndHandle(ServletInvocableHandlerMethod.java:118) ~[spring-webmvc-6.1.21.jar:6.1.21]
	at org.springframework.web.servlet.mvc.method.annotation.RequestMappingHandlerAdapter.invokeHandlerMethod(RequestMappingHandlerAdapter.java:926) ~[spring-webmvc-6.1.21.jar:6.1.21]
	at org.springframework.web.servlet.mvc.method.annotation.RequestMappingHandlerAdapter.handleInternal(RequestMappingHandlerAdapter.java:831) ~[spring-webmvc-6.1.21.jar:6.1.21]
	at org.springframework.web.servlet.mvc.method.AbstractHandlerMethodAdapter.handle(AbstractHandlerMethodAdapter.java:87) ~[spring-webmvc-6.1.21.jar:6.1.21]
	at org.springframework.web.servlet.DispatcherServlet.doDispatch(DispatcherServlet.java:1089) ~[spring-webmvc-6.1.21.jar:6.1.21]
	at org.springframework.web.servlet.DispatcherServlet.doService(DispatcherServlet.java:979) ~[spring-webmvc-6.1.21.jar:6.1.21]
	at org.springframework.web.servlet.FrameworkServlet.processRequest(FrameworkServlet.java:1014) ~[spring-webmvc-6.1.21.jar:6.1.21]
	at org.springframework.web.servlet.FrameworkServlet.doGet(FrameworkServlet.java:903) ~[spring-webmvc-6.1.21.jar:6.1.21]
	at jakarta.servlet.http.HttpServlet.service(HttpServlet.java:564) ~[tomcat-embed-core-10.1.42.jar:6.0]
	at org.springframework.web.servlet.FrameworkServlet.service(FrameworkServlet.java:885) ~[spring-webmvc-6.1.21.jar:6.1.21]
	at jakarta.servlet.http.HttpServlet.service(HttpServlet.java:658) ~[tomcat-embed-core-10.1.42.jar:6.0]
	at org.apache.catalina.core.ApplicationFilterChain.internalDoFilter(ApplicationFilterChain.java:195) ~[tomcat-embed-core-10.1.42.jar:10.1.42]
	at org.apache.catalina.core.ApplicationFilterChain.doFilter(ApplicationFilterChain.java:140) ~[tomcat-embed-core-10.1.42.jar:10.1.42]
	at org.apache.tomcat.websocket.server.WsFilter.doFilter(WsFilter.java:51) ~[tomcat-embed-websocket-10.1.42.jar:10.1.42]
	at org.apache.catalina.core.ApplicationFilterChain.internalDoFilter(ApplicationFilterChain.java:164) ~[tomcat-embed-core-10.1.42.jar:10.1.42]
	at org.apache.catalina.core.ApplicationFilterChain.doFilter(ApplicationFilterChain.java:140) ~[tomcat-embed-core-10.1.42.jar:10.1.42]
	at org.springframework.web.filter.RequestContextFilter.doFilterInternal(RequestContextFilter.java:100) ~[spring-web-6.1.21.jar:6.1.21]
	at org.springframework.web.filter.OncePerRequestFilter.doFilter(OncePerRequestFilter.java:116) ~[spring-web-6.1.21.jar:6.1.21]
	at org.apache.catalina.core.ApplicationFilterChain.internalDoFilter(ApplicationFilterChain.java:164) ~[tomcat-embed-core-10.1.42.jar:10.1.42]
	at org.apache.catalina.core.ApplicationFilterChain.doFilter(ApplicationFilterChain.java:140) ~[tomcat-embed-core-10.1.42.jar:10.1.42]
	at org.springframework.web.filter.FormContentFilter.doFilterInternal(FormContentFilter.java:93) ~[spring-web-6.1.21.jar:6.1.21]
	at org.springframework.web.filter.OncePerRequestFilter.doFilter(OncePerRequestFilter.java:116) ~[spring-web-6.1.21.jar:6.1.21]
	at org.apache.catalina.core.ApplicationFilterChain.internalDoFilter(ApplicationFilterChain.java:164) ~[tomcat-embed-core-10.1.42.jar:10.1.42]
	at org.apache.catalina.core.ApplicationFilterChain.doFilter(ApplicationFilterChain.java:140) ~[tomcat-embed-core-10.1.42.jar:10.1.42]
	at org.springframework.web.filter.ServerHttpObservationFilter.doFilterInternal(ServerHttpObservationFilter.java:113) ~[spring-web-6.1.21.jar:6.1.21]
	at org.springframework.web.filter.OncePerRequestFilter.doFilter(OncePerRequestFilter.java:116) ~[spring-web-6.1.21.jar:6.1.21]
	at org.apache.catalina.core.ApplicationFilterChain.internalDoFilter(ApplicationFilterChain.java:164) ~[tomcat-embed-core-10.1.42.jar:10.1.42]
	at org.apache.catalina.core.ApplicationFilterChain.doFilter(ApplicationFilterChain.java:140) ~[tomcat-embed-core-10.1.42.jar:10.1.42]
	at org.springframework.web.filter.CharacterEncodingFilter.doFilterInternal(CharacterEncodingFilter.java:201) ~[spring-web-6.1.21.jar:6.1.21]
	at org.springframework.web.filter.OncePerRequestFilter.doFilter(OncePerRequestFilter.java:116) ~[spring-web-6.1.21.jar:6.1.21]
	at org.apache.catalina.core.ApplicationFilterChain.internalDoFilter(ApplicationFilterChain.java:164) ~[tomcat-embed-core-10.1.42.jar:10.1.42]
	at org.apache.catalina.core.ApplicationFilterChain.doFilter(ApplicationFilterChain.java:140) ~[tomcat-embed-core-10.1.42.jar:10.1.42]
	at org.apache.catalina.core.StandardWrapperValve.invoke(StandardWrapperValve.java:167) ~[tomcat-embed-core-10.1.42.jar:10.1.42]
	at org.apache.catalina.core.StandardContextValve.invoke(StandardContextValve.java:90) ~[tomcat-embed-core-10.1.42.jar:10.1.42]
	at org.apache.catalina.authenticator.AuthenticatorBase.invoke(AuthenticatorBase.java:483) ~[tomcat-embed-core-10.1.42.jar:10.1.42]
	at org.apache.catalina.core.StandardHostValve.invoke(StandardHostValve.java:116) ~[tomcat-embed-core-10.1.42.jar:10.1.42]
	at org.apache.catalina.valves.ErrorReportValve.invoke(ErrorReportValve.java:93) ~[tomcat-embed-core-10.1.42.jar:10.1.42]
	at org.apache.catalina.core.StandardEngineValve.invoke(StandardEngineValve.java:74) ~[tomcat-embed-core-10.1.42.jar:10.1.42]
	at org.apache.catalina.connector.CoyoteAdapter.service(CoyoteAdapter.java:344) ~[tomcat-embed-core-10.1.42.jar:10.1.42]
	at org.apache.coyote.http11.Http11Processor.service(Http11Processor.java:398) ~[tomcat-embed-core-10.1.42.jar:10.1.42]
	at org.apache.coyote.AbstractProcessorLight.process(AbstractProcessorLight.java:63) ~[tomcat-embed-core-10.1.42.jar:10.1.42]
	at org.apache.coyote.AbstractProtocol$ConnectionHandler.process(AbstractProtocol.java:903) ~[tomcat-embed-core-10.1.42.jar:10.1.42]
	at org.apache.tomcat.util.net.NioEndpoint$SocketProcessor.doRun(NioEndpoint.java:1769) ~[tomcat-embed-core-10.1.42.jar:10.1.42]
	at org.apache.tomcat.util.net.SocketProcessorBase.run(SocketProcessorBase.java:52) ~[tomcat-embed-core-10.1.42.jar:10.1.42]
	at org.apache.tomcat.util.threads.ThreadPoolExecutor.runWorker(ThreadPoolExecutor.java:1189) ~[tomcat-embed-core-10.1.42.jar:10.1.42]
	at org.apache.tomcat.util.threads.ThreadPoolExecutor$Worker.run(ThreadPoolExecutor.java:658) ~[tomcat-embed-core-10.1.42.jar:10.1.42]
	at org.apache.tomcat.util.threads.TaskThread$WrappingRunnable.run(TaskThread.java:63) ~[tomcat-embed-core-10.1.42.jar:10.1.42]
	at java.base/java.lang.Thread.run(Thread.java:842) ~[na:na]

2026-06-04T14:47:59.022+07:00  INFO [group-service,50ba04ab40a15e35543234cd53c6a813,dff054a14c4feb7b] 13808 --- [group-service] [http-nio-8085-exec-8] [50ba04ab40a15e35543234cd53c6a813-dff054a14c4feb7b] c.n.S.s.impl.GroupMemberServiceImpl      : -----------------publish group event , type = REQUESTED ,---------
2026-06-04T14:52:13.373+07:00  INFO [group-service,,] 13808 --- [group-service] [AsyncResolver-bootstrap-executor-%d] [                                                 ] c.n.d.s.r.aws.ConfigClusterResolver      : Resolving eureka endpoints via configuration
2026-06-04T14:57:13.382+07:00  INFO [group-service,,] 13808 --- [group-service] [AsyncResolver-bootstrap-executor-%d] [                                                 ] c.n.d.s.r.aws.ConfigClusterResolver      : Resolving eureka endpoints via configuration
2026-06-04T15:02:13.398+07:00  INFO [group-service,,] 13808 --- [group-service] [AsyncResolver-bootstrap-executor-%d] [                                                 ] c.n.d.s.r.aws.ConfigClusterResolver      : Resolving eureka endpoints via configuration
2026-06-04T15:07:13.413+07:00  INFO [group-service,,] 13808 --- [group-service] [AsyncResolver-bootstrap-executor-%d] [                                                 ] c.n.d.s.r.aws.ConfigClusterResolver      : Resolving eureka endpoints via configuration
2026-06-04T15:12:13.416+07:00  INFO [group-service,,] 13808 --- [group-service] [AsyncResolver-bootstrap-executor-%d] [                                                 ] c.n.d.s.r.aws.ConfigClusterResolver      : Resolving eureka endpoints via configuration
2026-06-04T15:17:13.429+07:00  INFO [group-service,,] 13808 --- [group-service] [AsyncResolver-bootstrap-executor-%d] [                                                 ] c.n.d.s.r.aws.ConfigClusterResolver      : Resolving eureka endpoints via configuration
2026-06-04T15:22:13.443+07:00  INFO [group-service,,] 13808 --- [group-service] [AsyncResolver-bootstrap-executor-%d] [                                                 ] c.n.d.s.r.aws.ConfigClusterResolver      : Resolving eureka endpoints via configuration
2026-06-04T15:27:13.449+07:00  INFO [group-service,,] 13808 --- [group-service] [AsyncResolver-bootstrap-executor-%d] [                                                 ] c.n.d.s.r.aws.ConfigClusterResolver      : Resolving eureka endpoints via configuration
2026-06-04T15:32:13.453+07:00  INFO [group-service,,] 13808 --- [group-service] [AsyncResolver-bootstrap-executor-%d] [                                                 ] c.n.d.s.r.aws.ConfigClusterResolver      : Resolving eureka endpoints via configuration
2026-06-04T15:37:13.468+07:00  INFO [group-service,,] 13808 --- [group-service] [AsyncResolver-bootstrap-executor-%d] [                                                 ] c.n.d.s.r.aws.ConfigClusterResolver      : Resolving eureka endpoints via configuration
2026-06-04T15:42:13.477+07:00  INFO [group-service,,] 13808 --- [group-service] [AsyncResolver-bootstrap-executor-%d] [                                                 ] c.n.d.s.r.aws.ConfigClusterResolver      : Resolving eureka endpoints via configuration
2026-06-04T15:47:13.493+07:00  INFO [group-service,,] 13808 --- [group-service] [AsyncResolver-bootstrap-executor-%d] [                                                 ] c.n.d.s.r.aws.ConfigClusterResolver      : Resolving eureka endpoints via configuration
2026-06-04T15:52:13.501+07:00  INFO [group-service,,] 13808 --- [group-service] [AsyncResolver-bootstrap-executor-%d] [                                                 ] c.n.d.s.r.aws.ConfigClusterResolver      : Resolving eureka endpoints via configuration
2026-06-04T15:57:13.511+07:00  INFO [group-service,,] 13808 --- [group-service] [AsyncResolver-bootstrap-executor-%d] [                                                 ] c.n.d.s.r.aws.ConfigClusterResolver      : Resolving eureka endpoints via configuration
2026-06-04T16:02:13.516+07:00  INFO [group-service,,] 13808 --- [group-service] [AsyncResolver-bootstrap-executor-%d] [                                                 ] c.n.d.s.r.aws.ConfigClusterResolver      : Resolving eureka endpoints via configuration
2026-06-04T16:07:13.532+07:00  INFO [group-service,,] 13808 --- [group-service] [AsyncResolver-bootstrap-executor-%d] [                                                 ] c.n.d.s.r.aws.ConfigClusterResolver      : Resolving eureka endpoints via configuration
2026-06-04T16:12:13.538+07:00  INFO [group-service,,] 13808 --- [group-service] [AsyncResolver-bootstrap-executor-%d] [                                                 ] c.n.d.s.r.aws.ConfigClusterResolver      : Resolving eureka endpoints via configuration
2026-06-04T16:17:13.550+07:00  INFO [group-service,,] 13808 --- [group-service] [AsyncResolver-bootstrap-executor-%d] [                                                 ] c.n.d.s.r.aws.ConfigClusterResolver      : Resolving eureka endpoints via configuration
2026-06-04T16:22:13.562+07:00  INFO [group-service,,] 13808 --- [group-service] [AsyncResolver-bootstrap-executor-%d] [                                                 ] c.n.d.s.r.aws.ConfigClusterResolver      : Resolving eureka endpoints via configuration
2026-06-04T16:27:13.564+07:00  INFO [group-service,,] 13808 --- [group-service] [AsyncResolver-bootstrap-executor-%d] [                                                 ] c.n.d.s.r.aws.ConfigClusterResolver      : Resolving eureka endpoints via configuration
2026-06-04T16:32:13.579+07:00  INFO [group-service,,] 13808 --- [group-service] [AsyncResolver-bootstrap-executor-%d] [                                                 ] c.n.d.s.r.aws.ConfigClusterResolver      : Resolving eureka endpoints via configuration
2026-06-04T16:37:13.587+07:00  INFO [group-service,,] 13808 --- [group-service] [AsyncResolver-bootstrap-executor-%d] [                                                 ] c.n.d.s.r.aws.ConfigClusterResolver      : Resolving eureka endpoints via configuration
2026-06-04T16:42:13.597+07:00  INFO [group-service,,] 13808 --- [group-service] [AsyncResolver-bootstrap-executor-%d] [                                                 ] c.n.d.s.r.aws.ConfigClusterResolver      : Resolving eureka endpoints via configuration
2026-06-04T16:47:13.606+07:00  INFO [group-service,,] 13808 --- [group-service] [AsyncResolver-bootstrap-executor-%d] [                                                 ] c.n.d.s.r.aws.ConfigClusterResolver      : Resolving eureka endpoints via configuration
2026-06-04T16:52:13.611+07:00  INFO [group-service,,] 13808 --- [group-service] [AsyncResolver-bootstrap-executor-%d] [                                                 ] c.n.d.s.r.aws.ConfigClusterResolver      : Resolving eureka endpoints via configuration
2026-06-04T16:57:13.623+07:00  INFO [group-service,,] 13808 --- [group-service] [AsyncResolver-bootstrap-executor-%d] [                                                 ] c.n.d.s.r.aws.ConfigClusterResolver      : Resolving eureka endpoints via configuration
2026-06-04T17:02:13.637+07:00  INFO [group-service,,] 13808 --- [group-service] [AsyncResolver-bootstrap-executor-%d] [                                                 ] c.n.d.s.r.aws.ConfigClusterResolver      : Resolving eureka endpoints via configuration
2026-06-04T17:07:13.652+07:00  INFO [group-service,,] 13808 --- [group-service] [AsyncResolver-bootstrap-executor-%d] [                                                 ] c.n.d.s.r.aws.ConfigClusterResolver      : Resolving eureka endpoints via configuration
2026-06-04T17:12:13.663+07:00  INFO [group-service,,] 13808 --- [group-service] [AsyncResolver-bootstrap-executor-%d] [                                                 ] c.n.d.s.r.aws.ConfigClusterResolver      : Resolving eureka endpoints via configuration
2026-06-04T17:17:13.672+07:00  INFO [group-service,,] 13808 --- [group-service] [AsyncResolver-bootstrap-executor-%d] [                                                 ] c.n.d.s.r.aws.ConfigClusterResolver      : Resolving eureka endpoints via configuration
2026-06-04T17:22:13.677+07:00  INFO [group-service,,] 13808 --- [group-service] [AsyncResolver-bootstrap-executor-%d] [                                                 ] c.n.d.s.r.aws.ConfigClusterResolver      : Resolving eureka endpoints via configuration
2026-06-04T17:27:13.694+07:00  INFO [group-service,,] 13808 --- [group-service] [AsyncResolver-bootstrap-executor-%d] [                                                 ] c.n.d.s.r.aws.ConfigClusterResolver      : Resolving eureka endpoints via configuration
2026-06-04T17:32:13.702+07:00  INFO [group-service,,] 13808 --- [group-service] [AsyncResolver-bootstrap-executor-%d] [                                                 ] c.n.d.s.r.aws.ConfigClusterResolver      : Resolving eureka endpoints via configuration
2026-06-04T17:37:13.720+07:00  INFO [group-service,,] 13808 --- [group-service] [AsyncResolver-bootstrap-executor-%d] [                                                 ] c.n.d.s.r.aws.ConfigClusterResolver      : Resolving eureka endpoints via configuration
2026-06-04T17:42:13.729+07:00  INFO [group-service,,] 13808 --- [group-service] [AsyncResolver-bootstrap-executor-%d] [                                                 ] c.n.d.s.r.aws.ConfigClusterResolver      : Resolving eureka endpoints via configuration
2026-06-04T17:47:13.746+07:00  INFO [group-service,,] 13808 --- [group-service] [AsyncResolver-bootstrap-executor-%d] [                                                 ] c.n.d.s.r.aws.ConfigClusterResolver      : Resolving eureka endpoints via configuration
2026-06-04T17:47:37.484+07:00  INFO [group-service,,] 13808 --- [group-service] [SpringApplicationShutdownHook] [                                                 ] o.s.c.n.e.s.EurekaServiceRegistry        : Unregistering application GROUP-SERVICE with eureka with status DOWN
2026-06-04T17:47:37.487+07:00  INFO [group-service,,] 13808 --- [group-service] [SpringApplicationShutdownHook] [                                                 ] com.netflix.discovery.DiscoveryClient    : Saw local status change event StatusChangeEvent [timestamp=1780570057487, current=DOWN, previous=UP]
2026-06-04T17:47:37.492+07:00  INFO [group-service,,] 13808 --- [group-service] [DiscoveryClient-InstanceInfoReplicator-%d] [                                                 ] com.netflix.discovery.DiscoveryClient    : DiscoveryClient_GROUP-SERVICE/localhost:group-service:8085: registering service...
2026-06-04T17:47:37.739+07:00  INFO [group-service,,] 13808 --- [group-service] [DiscoveryClient-InstanceInfoReplicator-%d] [                                                 ] com.netflix.discovery.DiscoveryClient    : DiscoveryClient_GROUP-SERVICE/localhost:group-service:8085 - registration status: 204
2026-06-04T17:47:41.531+07:00  INFO [group-service,,] 13808 --- [group-service] [SpringApplicationShutdownHook] [                                                 ] j.LocalContainerEntityManagerFactoryBean : Closing JPA EntityManagerFactory for persistence unit 'default'
2026-06-04T17:47:41.583+07:00  INFO [group-service,,] 13808 --- [group-service] [SpringApplicationShutdownHook] [                                                 ] com.zaxxer.hikari.HikariDataSource       : HikariPool-1 - Shutdown initiated...
2026-06-04T17:47:41.627+07:00  INFO [group-service,,] 13808 --- [group-service] [SpringApplicationShutdownHook] [                                                 ] com.zaxxer.hikari.HikariDataSource       : HikariPool-1 - Shutdown completed.
2026-06-04T17:47:41.648+07:00  INFO [group-service,,] 13808 --- [group-service] [SpringApplicationShutdownHook] [                                                 ] com.netflix.discovery.DiscoveryClient    : Shutting down DiscoveryClient ...
2026-06-04T17:47:44.654+07:00  INFO [group-service,,] 13808 --- [group-service] [SpringApplicationShutdownHook] [                                                 ] com.netflix.discovery.DiscoveryClient    : Unregistering ...
2026-06-04T17:47:44.743+07:00  INFO [group-service,,] 13808 --- [group-service] [SpringApplicationShutdownHook] [                                                 ] c.n.d.s.t.d.RedirectingEurekaHttpClient  : Request execution error. endpoint=DefaultEndpoint{ serviceUrl='http://localhost:8761/eureka/} exception=I/O error on DELETE request for "http://localhost:8761/eureka/apps/GROUP-SERVICE/localhost:group-service:8085": Connect to http://localhost:8761 [localhost/127.0.0.1, localhost/0:0:0:0:0:0:0:1] failed: Connection refused: no further information stacktrace=org.springframework.web.client.ResourceAccessException: I/O error on DELETE request for "http://localhost:8761/eureka/apps/GROUP-SERVICE/localhost:group-service:8085": Connect to http://localhost:8761 [localhost/127.0.0.1, localhost/0:0:0:0:0:0:0:1] failed: Connection refused: no further information
	at org.springframework.web.client.RestTemplate.createResourceAccessException(RestTemplate.java:915)
	at org.springframework.web.client.RestTemplate.doExecute(RestTemplate.java:895)
	at org.springframework.web.client.RestTemplate.execute(RestTemplate.java:830)
	at org.springframework.web.client.RestTemplate.exchange(RestTemplate.java:691)
	at org.springframework.cloud.netflix.eureka.http.RestTemplateEurekaHttpClient.cancel(RestTemplateEurekaHttpClient.java:96)
	at com.netflix.discovery.shared.transport.decorator.EurekaHttpClientDecorator$2.execute(EurekaHttpClientDecorator.java:74)
	at com.netflix.discovery.shared.transport.decorator.RedirectingEurekaHttpClient.execute(RedirectingEurekaHttpClient.java:91)
	at com.netflix.discovery.shared.transport.decorator.EurekaHttpClientDecorator.cancel(EurekaHttpClientDecorator.java:71)
	at com.netflix.discovery.shared.transport.decorator.EurekaHttpClientDecorator$2.execute(EurekaHttpClientDecorator.java:74)
	at com.netflix.discovery.shared.transport.decorator.RetryableEurekaHttpClient.execute(RetryableEurekaHttpClient.java:120)
	at com.netflix.discovery.shared.transport.decorator.EurekaHttpClientDecorator.cancel(EurekaHttpClientDecorator.java:71)
	at com.netflix.discovery.shared.transport.decorator.EurekaHttpClientDecorator$2.execute(EurekaHttpClientDecorator.java:74)
	at com.netflix.discovery.shared.transport.decorator.SessionedEurekaHttpClient.execute(SessionedEurekaHttpClient.java:76)
	at com.netflix.discovery.shared.transport.decorator.EurekaHttpClientDecorator.cancel(EurekaHttpClientDecorator.java:71)
	at com.netflix.discovery.DiscoveryClient.unregister(DiscoveryClient.java:919)
	at com.netflix.discovery.DiscoveryClient.shutdown(DiscoveryClient.java:900)
	at java.base/jdk.internal.reflect.NativeMethodAccessorImpl.invoke0(Native Method)
	at java.base/jdk.internal.reflect.NativeMethodAccessorImpl.invoke(NativeMethodAccessorImpl.java:77)
	at java.base/jdk.internal.reflect.DelegatingMethodAccessorImpl.invoke(DelegatingMethodAccessorImpl.java:43)
	at java.base/java.lang.reflect.Method.invoke(Method.java:568)
	at org.springframework.beans.factory.annotation.InitDestroyAnnotationBeanPostProcessor$LifecycleMethod.invoke(InitDestroyAnnotationBeanPostProcessor.java:457)
	at org.springframework.beans.factory.annotation.InitDestroyAnnotationBeanPostProcessor$LifecycleMetadata.invokeDestroyMethods(InitDestroyAnnotationBeanPostProcessor.java:415)
	at org.springframework.beans.factory.annotation.InitDestroyAnnotationBeanPostProcessor.postProcessBeforeDestruction(InitDestroyAnnotationBeanPostProcessor.java:239)
	at org.springframework.beans.factory.support.DisposableBeanAdapter.destroy(DisposableBeanAdapter.java:202)
	at org.springframework.beans.factory.support.DisposableBeanAdapter.run(DisposableBeanAdapter.java:195)
	at org.springframework.cloud.context.scope.GenericScope$BeanLifecycleWrapper.destroy(GenericScope.java:389)
	at org.springframework.cloud.context.scope.GenericScope.destroy(GenericScope.java:136)
	at org.springframework.beans.factory.support.DisposableBeanAdapter.destroy(DisposableBeanAdapter.java:211)
	at org.springframework.beans.factory.support.DefaultSingletonBeanRegistry.destroyBean(DefaultSingletonBeanRegistry.java:587)
	at org.springframework.beans.factory.support.DefaultSingletonBeanRegistry.destroySingleton(DefaultSingletonBeanRegistry.java:559)
	at org.springframework.beans.factory.support.DefaultListableBeanFactory.destroySingleton(DefaultListableBeanFactory.java:1207)
	at org.springframework.beans.factory.support.DefaultSingletonBeanRegistry.destroySingletons(DefaultSingletonBeanRegistry.java:520)
	at org.springframework.beans.factory.support.DefaultListableBeanFactory.destroySingletons(DefaultListableBeanFactory.java:1200)
	at org.springframework.context.support.AbstractApplicationContext.destroyBeans(AbstractApplicationContext.java:1195)
	at org.springframework.context.support.AbstractApplicationContext.doClose(AbstractApplicationContext.java:1156)
	at org.springframework.boot.web.servlet.context.ServletWebServerApplicationContext.doClose(ServletWebServerApplicationContext.java:179)
	at org.springframework.context.support.AbstractApplicationContext.close(AbstractApplicationContext.java:1102)
	at org.springframework.boot.SpringApplicationShutdownHook.closeAndWait(SpringApplicationShutdownHook.java:147)
	at java.base/java.lang.Iterable.forEach(Iterable.java:75)
	at org.springframework.boot.SpringApplicationShutdownHook.run(SpringApplicationShutdownHook.java:116)
	at java.base/java.lang.Thread.run(Thread.java:842)
Caused by: org.apache.hc.client5.http.HttpHostConnectException: Connect to http://localhost:8761 [localhost/127.0.0.1, localhost/0:0:0:0:0:0:0:1] failed: Connection refused: no further information
	at java.base/sun.nio.ch.Net.pollConnect(Native Method)
	at java.base/sun.nio.ch.Net.pollConnectNow(Net.java:672)
	at java.base/sun.nio.ch.NioSocketImpl.timedFinishConnect(NioSocketImpl.java:547)
	at java.base/sun.nio.ch.NioSocketImpl.connect(NioSocketImpl.java:602)
	at java.base/java.net.SocksSocketImpl.connect(SocksSocketImpl.java:327)
	at java.base/java.net.Socket.connect(Socket.java:633)
	at org.apache.hc.client5.http.socket.PlainConnectionSocketFactory.lambda$connectSocket$0(PlainConnectionSocketFactory.java:91)
	at java.base/java.security.AccessController.doPrivileged(AccessController.java:569)
	at org.apache.hc.client5.http.socket.PlainConnectionSocketFactory.connectSocket(PlainConnectionSocketFactory.java:90)
	at org.apache.hc.client5.http.socket.ConnectionSocketFactory.connectSocket(ConnectionSocketFactory.java:123)
	at org.apache.hc.client5.http.impl.io.DefaultHttpClientConnectionOperator.connect(DefaultHttpClientConnectionOperator.java:189)
	at org.apache.hc.client5.http.impl.io.PoolingHttpClientConnectionManager.connect(PoolingHttpClientConnectionManager.java:450)
	at org.apache.hc.client5.http.impl.classic.InternalExecRuntime.connectEndpoint(InternalExecRuntime.java:162)
	at org.apache.hc.client5.http.impl.classic.InternalExecRuntime.connectEndpoint(InternalExecRuntime.java:172)
	at org.apache.hc.client5.http.impl.classic.ConnectExec.execute(ConnectExec.java:142)
	at org.apache.hc.client5.http.impl.classic.ExecChainElement.execute(ExecChainElement.java:51)
	at org.apache.hc.client5.http.impl.classic.ProtocolExec.execute(ProtocolExec.java:192)
	at org.apache.hc.client5.http.impl.classic.ExecChainElement.execute(ExecChainElement.java:51)
	at org.apache.hc.client5.http.impl.classic.HttpRequestRetryExec.execute(HttpRequestRetryExec.java:113)
	at org.apache.hc.client5.http.impl.classic.ExecChainElement.execute(ExecChainElement.java:51)
	at org.apache.hc.client5.http.impl.classic.ContentCompressionExec.execute(ContentCompressionExec.java:152)
	at org.apache.hc.client5.http.impl.classic.ExecChainElement.execute(ExecChainElement.java:51)
	at org.apache.hc.client5.http.impl.classic.RedirectExec.execute(RedirectExec.java:116)
	at org.apache.hc.client5.http.impl.classic.ExecChainElement.execute(ExecChainElement.java:51)
	at org.apache.hc.client5.http.impl.classic.InternalHttpClient.doExecute(InternalHttpClient.java:170)
	at org.apache.hc.client5.http.impl.classic.CloseableHttpClient.execute(CloseableHttpClient.java:87)
	at org.apache.hc.client5.http.impl.classic.CloseableHttpClient.execute(CloseableHttpClient.java:55)
	at org.apache.hc.client5.http.classic.HttpClient.executeOpen(HttpClient.java:183)
	at org.springframework.http.client.HttpComponentsClientHttpRequest.executeInternal(HttpComponentsClientHttpRequest.java:99)
	at org.springframework.http.client.AbstractStreamingClientHttpRequest.executeInternal(AbstractStreamingClientHttpRequest.java:70)
	at org.springframework.http.client.AbstractClientHttpRequest.execute(AbstractClientHttpRequest.java:66)
	at org.springframework.http.client.InterceptingClientHttpRequest$InterceptingRequestExecution.execute(InterceptingClientHttpRequest.java:112)
	at org.springframework.cloud.netflix.eureka.http.RestTemplateTransportClientFactory.lambda$restTemplate$3(RestTemplateTransportClientFactory.java:170)
	at org.springframework.http.client.InterceptingClientHttpRequest$InterceptingRequestExecution.execute(InterceptingClientHttpRequest.java:88)
	at org.springframework.http.client.InterceptingClientHttpRequest.executeInternal(InterceptingClientHttpRequest.java:72)
	at org.springframework.http.client.AbstractBufferingClientHttpRequest.executeInternal(AbstractBufferingClientHttpRequest.java:48)
	at org.springframework.http.client.AbstractClientHttpRequest.execute(AbstractClientHttpRequest.java:66)
	at org.springframework.web.client.RestTemplate.doExecute(RestTemplate.java:889)
	... 39 more

2026-06-04T17:47:44.743+07:00  WARN [group-service,,] 13808 --- [group-service] [SpringApplicationShutdownHook] [                                                 ] c.n.d.s.t.d.RetryableEurekaHttpClient    : Request execution failed with message: I/O error on DELETE request for "http://localhost:8761/eureka/apps/GROUP-SERVICE/localhost:group-service:8085": Connect to http://localhost:8761 [localhost/127.0.0.1, localhost/0:0:0:0:0:0:0:1] failed: Connection refused: no further information
2026-06-04T17:47:44.807+07:00  INFO [group-service,,] 13808 --- [group-service] [SpringApplicationShutdownHook] [                                                 ] c.n.d.s.t.d.RedirectingEurekaHttpClient  : Request execution error. endpoint=DefaultEndpoint{ serviceUrl='http://localhost:8761/eureka/}, exception=I/O error on DELETE request for "http://localhost:8761/eureka/apps/GROUP-SERVICE/localhost:group-service:8085": Connect to http://localhost:8761 [localhost/127.0.0.1, localhost/0:0:0:0:0:0:0:1] failed: Connection refused: no further information stacktrace=org.springframework.web.client.ResourceAccessException: I/O error on DELETE request for "http://localhost:8761/eureka/apps/GROUP-SERVICE/localhost:group-service:8085": Connect to http://localhost:8761 [localhost/127.0.0.1, localhost/0:0:0:0:0:0:0:1] failed: Connection refused: no further information
	at org.springframework.web.client.RestTemplate.createResourceAccessException(RestTemplate.java:915)
	at org.springframework.web.client.RestTemplate.doExecute(RestTemplate.java:895)
	at org.springframework.web.client.RestTemplate.execute(RestTemplate.java:830)
	at org.springframework.web.client.RestTemplate.exchange(RestTemplate.java:691)
	at org.springframework.cloud.netflix.eureka.http.RestTemplateEurekaHttpClient.cancel(RestTemplateEurekaHttpClient.java:96)
	at com.netflix.discovery.shared.transport.decorator.EurekaHttpClientDecorator$2.execute(EurekaHttpClientDecorator.java:74)
	at com.netflix.discovery.shared.transport.decorator.RedirectingEurekaHttpClient.executeOnNewServer(RedirectingEurekaHttpClient.java:121)
	at com.netflix.discovery.shared.transport.decorator.RedirectingEurekaHttpClient.execute(RedirectingEurekaHttpClient.java:80)
	at com.netflix.discovery.shared.transport.decorator.EurekaHttpClientDecorator.cancel(EurekaHttpClientDecorator.java:71)
	at com.netflix.discovery.shared.transport.decorator.EurekaHttpClientDecorator$2.execute(EurekaHttpClientDecorator.java:74)
	at com.netflix.discovery.shared.transport.decorator.RetryableEurekaHttpClient.execute(RetryableEurekaHttpClient.java:120)
	at com.netflix.discovery.shared.transport.decorator.EurekaHttpClientDecorator.cancel(EurekaHttpClientDecorator.java:71)
	at com.netflix.discovery.shared.transport.decorator.EurekaHttpClientDecorator$2.execute(EurekaHttpClientDecorator.java:74)
	at com.netflix.discovery.shared.transport.decorator.SessionedEurekaHttpClient.execute(SessionedEurekaHttpClient.java:76)
	at com.netflix.discovery.shared.transport.decorator.EurekaHttpClientDecorator.cancel(EurekaHttpClientDecorator.java:71)
	at com.netflix.discovery.DiscoveryClient.unregister(DiscoveryClient.java:919)
	at com.netflix.discovery.DiscoveryClient.shutdown(DiscoveryClient.java:900)
	at java.base/jdk.internal.reflect.NativeMethodAccessorImpl.invoke0(Native Method)
	at java.base/jdk.internal.reflect.NativeMethodAccessorImpl.invoke(NativeMethodAccessorImpl.java:77)
	at java.base/jdk.internal.reflect.DelegatingMethodAccessorImpl.invoke(DelegatingMethodAccessorImpl.java:43)
	at java.base/java.lang.reflect.Method.invoke(Method.java:568)
	at org.springframework.beans.factory.annotation.InitDestroyAnnotationBeanPostProcessor$LifecycleMethod.invoke(InitDestroyAnnotationBeanPostProcessor.java:457)
	at org.springframework.beans.factory.annotation.InitDestroyAnnotationBeanPostProcessor$LifecycleMetadata.invokeDestroyMethods(InitDestroyAnnotationBeanPostProcessor.java:415)
	at org.springframework.beans.factory.annotation.InitDestroyAnnotationBeanPostProcessor.postProcessBeforeDestruction(InitDestroyAnnotationBeanPostProcessor.java:239)
	at org.springframework.beans.factory.support.DisposableBeanAdapter.destroy(DisposableBeanAdapter.java:202)
	at org.springframework.beans.factory.support.DisposableBeanAdapter.run(DisposableBeanAdapter.java:195)
	at org.springframework.cloud.context.scope.GenericScope$BeanLifecycleWrapper.destroy(GenericScope.java:389)
	at org.springframework.cloud.context.scope.GenericScope.destroy(GenericScope.java:136)
	at org.springframework.beans.factory.support.DisposableBeanAdapter.destroy(DisposableBeanAdapter.java:211)
	at org.springframework.beans.factory.support.DefaultSingletonBeanRegistry.destroyBean(DefaultSingletonBeanRegistry.java:587)
	at org.springframework.beans.factory.support.DefaultSingletonBeanRegistry.destroySingleton(DefaultSingletonBeanRegistry.java:559)
	at org.springframework.beans.factory.support.DefaultListableBeanFactory.destroySingleton(DefaultListableBeanFactory.java:1207)
	at org.springframework.beans.factory.support.DefaultSingletonBeanRegistry.destroySingletons(DefaultSingletonBeanRegistry.java:520)
	at org.springframework.beans.factory.support.DefaultListableBeanFactory.destroySingletons(DefaultListableBeanFactory.java:1200)
	at org.springframework.context.support.AbstractApplicationContext.destroyBeans(AbstractApplicationContext.java:1195)
	at org.springframework.context.support.AbstractApplicationContext.doClose(AbstractApplicationContext.java:1156)
	at org.springframework.boot.web.servlet.context.ServletWebServerApplicationContext.doClose(ServletWebServerApplicationContext.java:179)
	at org.springframework.context.support.AbstractApplicationContext.close(AbstractApplicationContext.java:1102)
	at org.springframework.boot.SpringApplicationShutdownHook.closeAndWait(SpringApplicationShutdownHook.java:147)
	at java.base/java.lang.Iterable.forEach(Iterable.java:75)
	at org.springframework.boot.SpringApplicationShutdownHook.run(SpringApplicationShutdownHook.java:116)
	at java.base/java.lang.Thread.run(Thread.java:842)
Caused by: org.apache.hc.client5.http.HttpHostConnectException: Connect to http://localhost:8761 [localhost/127.0.0.1, localhost/0:0:0:0:0:0:0:1] failed: Connection refused: no further information
	at java.base/sun.nio.ch.Net.pollConnect(Native Method)
	at java.base/sun.nio.ch.Net.pollConnectNow(Net.java:672)
	at java.base/sun.nio.ch.NioSocketImpl.timedFinishConnect(NioSocketImpl.java:547)
	at java.base/sun.nio.ch.NioSocketImpl.connect(NioSocketImpl.java:602)
	at java.base/java.net.SocksSocketImpl.connect(SocksSocketImpl.java:327)
	at java.base/java.net.Socket.connect(Socket.java:633)
	at org.apache.hc.client5.http.socket.PlainConnectionSocketFactory.lambda$connectSocket$0(PlainConnectionSocketFactory.java:91)
	at java.base/java.security.AccessController.doPrivileged(AccessController.java:569)
	at org.apache.hc.client5.http.socket.PlainConnectionSocketFactory.connectSocket(PlainConnectionSocketFactory.java:90)
	at org.apache.hc.client5.http.socket.ConnectionSocketFactory.connectSocket(ConnectionSocketFactory.java:123)
	at org.apache.hc.client5.http.impl.io.DefaultHttpClientConnectionOperator.connect(DefaultHttpClientConnectionOperator.java:189)
	at org.apache.hc.client5.http.impl.io.PoolingHttpClientConnectionManager.connect(PoolingHttpClientConnectionManager.java:450)
	at org.apache.hc.client5.http.impl.classic.InternalExecRuntime.connectEndpoint(InternalExecRuntime.java:162)
	at org.apache.hc.client5.http.impl.classic.InternalExecRuntime.connectEndpoint(InternalExecRuntime.java:172)
	at org.apache.hc.client5.http.impl.classic.ConnectExec.execute(ConnectExec.java:142)
	at org.apache.hc.client5.http.impl.classic.ExecChainElement.execute(ExecChainElement.java:51)
	at org.apache.hc.client5.http.impl.classic.ProtocolExec.execute(ProtocolExec.java:192)
	at org.apache.hc.client5.http.impl.classic.ExecChainElement.execute(ExecChainElement.java:51)
	at org.apache.hc.client5.http.impl.classic.HttpRequestRetryExec.execute(HttpRequestRetryExec.java:113)
	at org.apache.hc.client5.http.impl.classic.ExecChainElement.execute(ExecChainElement.java:51)
	at org.apache.hc.client5.http.impl.classic.ContentCompressionExec.execute(ContentCompressionExec.java:152)
	at org.apache.hc.client5.http.impl.classic.ExecChainElement.execute(ExecChainElement.java:51)
	at org.apache.hc.client5.http.impl.classic.RedirectExec.execute(RedirectExec.java:116)
	at org.apache.hc.client5.http.impl.classic.ExecChainElement.execute(ExecChainElement.java:51)
	at org.apache.hc.client5.http.impl.classic.InternalHttpClient.doExecute(InternalHttpClient.java:170)
	at org.apache.hc.client5.http.impl.classic.CloseableHttpClient.execute(CloseableHttpClient.java:87)
	at org.apache.hc.client5.http.impl.classic.CloseableHttpClient.execute(CloseableHttpClient.java:55)
	at org.apache.hc.client5.http.classic.HttpClient.executeOpen(HttpClient.java:183)
	at org.springframework.http.client.HttpComponentsClientHttpRequest.executeInternal(HttpComponentsClientHttpRequest.java:99)
	at org.springframework.http.client.AbstractStreamingClientHttpRequest.executeInternal(AbstractStreamingClientHttpRequest.java:70)
	at org.springframework.http.client.AbstractClientHttpRequest.execute(AbstractClientHttpRequest.java:66)
	at org.springframework.http.client.InterceptingClientHttpRequest$InterceptingRequestExecution.execute(InterceptingClientHttpRequest.java:112)
	at org.springframework.cloud.netflix.eureka.http.RestTemplateTransportClientFactory.lambda$restTemplate$3(RestTemplateTransportClientFactory.java:170)
	at org.springframework.http.client.InterceptingClientHttpRequest$InterceptingRequestExecution.execute(InterceptingClientHttpRequest.java:88)
	at org.springframework.http.client.InterceptingClientHttpRequest.executeInternal(InterceptingClientHttpRequest.java:72)
	at org.springframework.http.client.AbstractBufferingClientHttpRequest.executeInternal(AbstractBufferingClientHttpRequest.java:48)
	at org.springframework.http.client.AbstractClientHttpRequest.execute(AbstractClientHttpRequest.java:66)
	at org.springframework.web.client.RestTemplate.doExecute(RestTemplate.java:889)
	... 40 more

2026-06-04T17:47:44.808+07:00  WARN [group-service,,] 13808 --- [group-service] [SpringApplicationShutdownHook] [                                                 ] c.n.d.s.t.d.RetryableEurekaHttpClient    : Request execution failed with message: I/O error on DELETE request for "http://localhost:8761/eureka/apps/GROUP-SERVICE/localhost:group-service:8085": Connect to http://localhost:8761 [localhost/127.0.0.1, localhost/0:0:0:0:0:0:0:1] failed: Connection refused: no further information
2026-06-04T17:47:44.808+07:00 ERROR [group-service,,] 13808 --- [group-service] [SpringApplicationShutdownHook] [                                                 ] com.netflix.discovery.DiscoveryClient    : DiscoveryClient_GROUP-SERVICE/localhost:group-service:8085 - de-registration failedCannot execute request on any known server

com.netflix.discovery.shared.transport.TransportException: Cannot execute request on any known server
	at com.netflix.discovery.shared.transport.decorator.RetryableEurekaHttpClient.execute(RetryableEurekaHttpClient.java:112) ~[eureka-client-2.0.4.jar:2.0.4]
	at com.netflix.discovery.shared.transport.decorator.EurekaHttpClientDecorator.cancel(EurekaHttpClientDecorator.java:71) ~[eureka-client-2.0.4.jar:2.0.4]
	at com.netflix.discovery.shared.transport.decorator.EurekaHttpClientDecorator$2.execute(EurekaHttpClientDecorator.java:74) ~[eureka-client-2.0.4.jar:2.0.4]
	at com.netflix.discovery.shared.transport.decorator.SessionedEurekaHttpClient.execute(SessionedEurekaHttpClient.java:76) ~[eureka-client-2.0.4.jar:2.0.4]
	at com.netflix.discovery.shared.transport.decorator.EurekaHttpClientDecorator.cancel(EurekaHttpClientDecorator.java:71) ~[eureka-client-2.0.4.jar:2.0.4]
	at com.netflix.discovery.DiscoveryClient.unregister(DiscoveryClient.java:919) ~[eureka-client-2.0.4.jar:2.0.4]
	at com.netflix.discovery.DiscoveryClient.shutdown(DiscoveryClient.java:900) ~[eureka-client-2.0.4.jar:2.0.4]
	at java.base/jdk.internal.reflect.NativeMethodAccessorImpl.invoke0(Native Method) ~[na:na]
	at java.base/jdk.internal.reflect.NativeMethodAccessorImpl.invoke(NativeMethodAccessorImpl.java:77) ~[na:na]
	at java.base/jdk.internal.reflect.DelegatingMethodAccessorImpl.invoke(DelegatingMethodAccessorImpl.java:43) ~[na:na]
	at java.base/java.lang.reflect.Method.invoke(Method.java:568) ~[na:na]
	at org.springframework.beans.factory.annotation.InitDestroyAnnotationBeanPostProcessor$LifecycleMethod.invoke(InitDestroyAnnotationBeanPostProcessor.java:457) ~[spring-beans-6.1.21.jar:6.1.21]
	at org.springframework.beans.factory.annotation.InitDestroyAnnotationBeanPostProcessor$LifecycleMetadata.invokeDestroyMethods(InitDestroyAnnotationBeanPostProcessor.java:415) ~[spring-beans-6.1.21.jar:6.1.21]
	at org.springframework.beans.factory.annotation.InitDestroyAnnotationBeanPostProcessor.postProcessBeforeDestruction(InitDestroyAnnotationBeanPostProcessor.java:239) ~[spring-beans-6.1.21.jar:6.1.21]
	at org.springframework.beans.factory.support.DisposableBeanAdapter.destroy(DisposableBeanAdapter.java:202) ~[spring-beans-6.1.21.jar:6.1.21]
	at org.springframework.beans.factory.support.DisposableBeanAdapter.run(DisposableBeanAdapter.java:195) ~[spring-beans-6.1.21.jar:6.1.21]
	at org.springframework.cloud.context.scope.GenericScope$BeanLifecycleWrapper.destroy(GenericScope.java:389) ~[spring-cloud-context-4.1.5.jar:4.1.5]
	at org.springframework.cloud.context.scope.GenericScope.destroy(GenericScope.java:136) ~[spring-cloud-context-4.1.5.jar:4.1.5]
	at org.springframework.beans.factory.support.DisposableBeanAdapter.destroy(DisposableBeanAdapter.java:211) ~[spring-beans-6.1.21.jar:6.1.21]
	at org.springframework.beans.factory.support.DefaultSingletonBeanRegistry.destroyBean(DefaultSingletonBeanRegistry.java:587) ~[spring-beans-6.1.21.jar:6.1.21]
	at org.springframework.beans.factory.support.DefaultSingletonBeanRegistry.destroySingleton(DefaultSingletonBeanRegistry.java:559) ~[spring-beans-6.1.21.jar:6.1.21]
	at org.springframework.beans.factory.support.DefaultListableBeanFactory.destroySingleton(DefaultListableBeanFactory.java:1207) ~[spring-beans-6.1.21.jar:6.1.21]
	at org.springframework.beans.factory.support.DefaultSingletonBeanRegistry.destroySingletons(DefaultSingletonBeanRegistry.java:520) ~[spring-beans-6.1.21.jar:6.1.21]
	at org.springframework.beans.factory.support.DefaultListableBeanFactory.destroySingletons(DefaultListableBeanFactory.java:1200) ~[spring-beans-6.1.21.jar:6.1.21]
	at org.springframework.context.support.AbstractApplicationContext.destroyBeans(AbstractApplicationContext.java:1195) ~[spring-context-6.1.21.jar:6.1.21]
	at org.springframework.context.support.AbstractApplicationContext.doClose(AbstractApplicationContext.java:1156) ~[spring-context-6.1.21.jar:6.1.21]
	at org.springframework.boot.web.servlet.context.ServletWebServerApplicationContext.doClose(ServletWebServerApplicationContext.java:179) ~[spring-boot-3.3.13.jar:3.3.13]
	at org.springframework.context.support.AbstractApplicationContext.close(AbstractApplicationContext.java:1102) ~[spring-context-6.1.21.jar:6.1.21]
	at org.springframework.boot.SpringApplicationShutdownHook.closeAndWait(SpringApplicationShutdownHook.java:147) ~[spring-boot-3.3.13.jar:3.3.13]
	at java.base/java.lang.Iterable.forEach(Iterable.java:75) ~[na:na]
	at org.springframework.boot.SpringApplicationShutdownHook.run(SpringApplicationShutdownHook.java:116) ~[spring-boot-3.3.13.jar:3.3.13]
	at java.base/java.lang.Thread.run(Thread.java:842) ~[na:na]

2026-06-04T17:47:44.813+07:00  INFO [group-service,,] 13808 --- [group-service] [SpringApplicationShutdownHook] [                                                 ] com.netflix.discovery.DiscoveryClient    : Completed shut down of DiscoveryClient
