2026-08-04T00:03:15.012+07:00  INFO [post-service,,] 19364 --- [post-service] [AsyncResolver-bootstrap-executor-%d] [                                                 ] c.n.d.s.r.aws.ConfigClusterResolver      : Resolving eureka endpoints via configuration
2026-08-04T10:25:50.398+07:00  INFO [post-service,,] 18980 --- [post-service] [main] [                                                 ] c.n.Social_media.PostServiceApplication  : Starting PostServiceApplication using Java 17.0.9 with PID 18980 (D:\Projects\Social-media\backend\post-service\target\classes started by BANG in D:\Projects\Social-media\backend\post-service)
2026-08-04T10:25:50.427+07:00  INFO [post-service,,] 18980 --- [post-service] [main] [                                                 ] c.n.Social_media.PostServiceApplication  : No active profile set, falling back to 1 default profile: "default"
2026-08-04T10:25:56.913+07:00  INFO [post-service,,] 18980 --- [post-service] [main] [                                                 ] .s.d.r.c.RepositoryConfigurationDelegate : Bootstrapping Spring Data JPA repositories in DEFAULT mode.
2026-08-04T10:25:57.867+07:00  INFO [post-service,,] 18980 --- [post-service] [main] [                                                 ] .s.d.r.c.RepositoryConfigurationDelegate : Finished Spring Data repository scanning in 911 ms. Found 3 JPA repository interfaces.
2026-08-04T10:25:59.679+07:00  INFO [post-service,,] 18980 --- [post-service] [main] [                                                 ] o.s.cloud.context.scope.GenericScope     : BeanFactory id=71c9509a-4a28-39d8-ae8d-f5cf12d182a2
2026-08-04T10:26:03.225+07:00  INFO [post-service,,] 18980 --- [post-service] [main] [                                                 ] o.s.b.w.embedded.tomcat.TomcatWebServer  : Tomcat initialized with port 8082 (http)
2026-08-04T10:26:03.303+07:00  INFO [post-service,,] 18980 --- [post-service] [main] [                                                 ] o.apache.catalina.core.StandardService   : Starting service [Tomcat]
2026-08-04T10:26:03.306+07:00  INFO [post-service,,] 18980 --- [post-service] [main] [                                                 ] o.apache.catalina.core.StandardEngine    : Starting Servlet engine: [Apache Tomcat/10.1.42]
2026-08-04T10:26:03.792+07:00  INFO [post-service,,] 18980 --- [post-service] [main] [                                                 ] o.a.c.c.C.[Tomcat].[localhost].[/]       : Initializing Spring embedded WebApplicationContext
2026-08-04T10:26:03.802+07:00  INFO [post-service,,] 18980 --- [post-service] [main] [                                                 ] w.s.c.ServletWebServerApplicationContext : Root WebApplicationContext: initialization completed in 13077 ms
2026-08-04T10:26:06.984+07:00  INFO [post-service,,] 18980 --- [post-service] [main] [                                                 ] o.hibernate.jpa.internal.util.LogHelper  : HHH000204: Processing PersistenceUnitInfo [name: default]
2026-08-04T10:26:07.284+07:00  INFO [post-service,,] 18980 --- [post-service] [main] [                                                 ] org.hibernate.Version                    : HHH000412: Hibernate ORM core version 6.5.3.Final
2026-08-04T10:26:07.492+07:00  INFO [post-service,,] 18980 --- [post-service] [main] [                                                 ] o.h.c.internal.RegionFactoryInitiator    : HHH000026: Second-level cache disabled
2026-08-04T10:26:08.914+07:00  INFO [post-service,,] 18980 --- [post-service] [main] [                                                 ] o.s.o.j.p.SpringPersistenceUnitInfo      : No LoadTimeWeaver setup: ignoring JPA class transformer
2026-08-04T10:26:09.051+07:00  INFO [post-service,,] 18980 --- [post-service] [main] [                                                 ] com.zaxxer.hikari.HikariDataSource       : HikariPool-1 - Starting...
2026-08-04T10:26:09.712+07:00  INFO [post-service,,] 18980 --- [post-service] [main] [                                                 ] com.zaxxer.hikari.pool.HikariPool        : HikariPool-1 - Added connection org.postgresql.jdbc.PgConnection@8a11a19
2026-08-04T10:26:09.721+07:00  INFO [post-service,,] 18980 --- [post-service] [main] [                                                 ] com.zaxxer.hikari.HikariDataSource       : HikariPool-1 - Start completed.
2026-08-04T10:26:09.917+07:00  WARN [post-service,,] 18980 --- [post-service] [main] [                                                 ] org.hibernate.orm.deprecation            : HHH90000025: PostgreSQLDialect does not need to be specified explicitly using 'hibernate.dialect' (remove the property setting and it will be selected by default)
2026-08-04T10:26:14.631+07:00  INFO [post-service,,] 18980 --- [post-service] [main] [                                                 ] o.h.e.t.j.p.i.JtaPlatformInitiator       : HHH000489: No JTA platform available (set 'hibernate.transaction.jta.platform' to enable JTA platform integration)
2026-08-04T10:26:15.360+07:00  INFO [post-service,,] 18980 --- [post-service] [main] [                                                 ] j.LocalContainerEntityManagerFactoryBean : Initialized JPA EntityManagerFactory for persistence unit 'default'
2026-08-04T10:26:16.876+07:00  INFO [post-service,,] 18980 --- [post-service] [main] [                                                 ] o.s.d.j.r.query.QueryEnhancerFactory     : Hibernate is in classpath; If applicable, HQL parser will be used.
2026-08-04T10:26:18.717+07:00  WARN [post-service,,] 18980 --- [post-service] [main] [                                                 ] JpaBaseConfiguration$JpaWebConfiguration : spring.jpa.open-in-view is enabled by default. Therefore, database queries may be performed during view rendering. Explicitly configure spring.jpa.open-in-view to disable this warning
2026-08-04T10:26:19.944+07:00  INFO [post-service,,] 18980 --- [post-service] [main] [                                                 ] o.s.c.openfeign.FeignClientFactoryBean   : For 'group-service' URL not provided. Will try picking an instance via load-balancing.
2026-08-04T10:26:20.321+07:00  INFO [post-service,,] 18980 --- [post-service] [main] [                                                 ] o.s.c.openfeign.FeignClientFactoryBean   : For 'interaction-service' URL not provided. Will try picking an instance via load-balancing.
2026-08-04T10:26:20.408+07:00  INFO [post-service,,] 18980 --- [post-service] [main] [                                                 ] o.s.c.openfeign.FeignClientFactoryBean   : For 'user-service' URL not provided. Will try picking an instance via load-balancing.
2026-08-04T10:26:29.712+07:00  INFO [post-service,,] 18980 --- [post-service] [main] [                                                 ] DiscoveryClientOptionalArgsConfiguration : Eureka HTTP Client uses RestTemplate.
2026-08-04T10:26:30.145+07:00  WARN [post-service,,] 18980 --- [post-service] [main] [                                                 ] iguration$LoadBalancerCaffeineWarnLogger : Spring Cloud LoadBalancer is currently working with the default cache. While this cache implementation is useful for development and tests, it's recommended to use Caffeine cache in production.You can switch to using Caffeine cache, by adding it and org.springframework.cache.caffeine.CaffeineCacheManager to the classpath.
2026-08-04T10:26:30.303+07:00  INFO [post-service,,] 18980 --- [post-service] [main] [                                                 ] o.s.b.a.e.web.EndpointLinksResolver      : Exposing 5 endpoints beneath base path '/actuator'
2026-08-04T10:26:30.858+07:00  INFO [post-service,,] 18980 --- [post-service] [main] [                                                 ] o.s.c.n.eureka.InstanceInfoFactory       : Setting initial instance status as: STARTING
2026-08-04T10:26:30.992+07:00  INFO [post-service,,] 18980 --- [post-service] [main] [                                                 ] com.netflix.discovery.DiscoveryClient    : Initializing Eureka in region us-east-1
2026-08-04T10:26:31.022+07:00  INFO [post-service,,] 18980 --- [post-service] [main] [                                                 ] c.n.d.s.r.aws.ConfigClusterResolver      : Resolving eureka endpoints via configuration
2026-08-04T10:26:31.075+07:00  INFO [post-service,,] 18980 --- [post-service] [main] [                                                 ] com.netflix.discovery.DiscoveryClient    : Disable delta property : false
2026-08-04T10:26:31.077+07:00  INFO [post-service,,] 18980 --- [post-service] [main] [                                                 ] com.netflix.discovery.DiscoveryClient    : Single vip registry refresh property : null
2026-08-04T10:26:31.080+07:00  INFO [post-service,,] 18980 --- [post-service] [main] [                                                 ] com.netflix.discovery.DiscoveryClient    : Force full registry fetch : false
2026-08-04T10:26:31.083+07:00  INFO [post-service,,] 18980 --- [post-service] [main] [                                                 ] com.netflix.discovery.DiscoveryClient    : Application is null : false
2026-08-04T10:26:31.085+07:00  INFO [post-service,,] 18980 --- [post-service] [main] [                                                 ] com.netflix.discovery.DiscoveryClient    : Registered Applications size is zero : true
2026-08-04T10:26:31.086+07:00  INFO [post-service,,] 18980 --- [post-service] [main] [                                                 ] com.netflix.discovery.DiscoveryClient    : Application version is -1: true
2026-08-04T10:26:31.087+07:00  INFO [post-service,,] 18980 --- [post-service] [main] [                                                 ] com.netflix.discovery.DiscoveryClient    : Getting all instance registry info from the eureka server
2026-08-04T10:26:32.547+07:00  INFO [post-service,,] 18980 --- [post-service] [main] [                                                 ] com.netflix.discovery.DiscoveryClient    : The response status is 200
2026-08-04T10:26:32.555+07:00  INFO [post-service,,] 18980 --- [post-service] [main] [                                                 ] com.netflix.discovery.DiscoveryClient    : Starting heartbeat executor: renew interval is: 30
2026-08-04T10:26:32.566+07:00  INFO [post-service,,] 18980 --- [post-service] [main] [                                                 ] c.n.discovery.InstanceInfoReplicator     : InstanceInfoReplicator onDemand update allowed rate per min is 4
2026-08-04T10:26:32.580+07:00  INFO [post-service,,] 18980 --- [post-service] [main] [                                                 ] com.netflix.discovery.DiscoveryClient    : Discovery Client initialized at timestamp 1785813992575 with initial instances count: 3
2026-08-04T10:26:32.658+07:00  INFO [post-service,,] 18980 --- [post-service] [main] [                                                 ] o.s.c.n.e.s.EurekaServiceRegistry        : Registering application POST-SERVICE with eureka with status UP
2026-08-04T10:26:32.664+07:00  INFO [post-service,,] 18980 --- [post-service] [main] [                                                 ] com.netflix.discovery.DiscoveryClient    : Saw local status change event StatusChangeEvent [timestamp=1785813992664, current=UP, previous=STARTING]
2026-08-04T10:26:32.672+07:00  INFO [post-service,,] 18980 --- [post-service] [DiscoveryClient-InstanceInfoReplicator-%d] [                                                 ] com.netflix.discovery.DiscoveryClient    : DiscoveryClient_POST-SERVICE/192.168.111.1:post-service:8082: registering service...
2026-08-04T10:26:32.783+07:00  INFO [post-service,,] 18980 --- [post-service] [main] [                                                 ] o.s.b.w.embedded.tomcat.TomcatWebServer  : Tomcat started on port 8082 (http) with context path '/'
2026-08-04T10:26:32.787+07:00  INFO [post-service,,] 18980 --- [post-service] [main] [                                                 ] .s.c.n.e.s.EurekaAutoServiceRegistration : Updating port to 8082
2026-08-04T10:26:32.894+07:00  INFO [post-service,,] 18980 --- [post-service] [DiscoveryClient-InstanceInfoReplicator-%d] [                                                 ] com.netflix.discovery.DiscoveryClient    : DiscoveryClient_POST-SERVICE/192.168.111.1:post-service:8082 - registration status: 204
2026-08-04T10:26:33.641+07:00  INFO [post-service,,] 18980 --- [post-service] [main] [                                                 ] o.s.a.r.c.CachingConnectionFactory       : Attempting to connect to: [localhost:5672]
2026-08-04T10:26:33.850+07:00  INFO [post-service,,] 18980 --- [post-service] [main] [                                                 ] o.s.a.r.c.CachingConnectionFactory       : Created new connection: rabbitConnectionFactory#3d4d2e29:0/SimpleConnection@682d2997 [delegate=amqp://guest@127.0.0.1:5672/, localPort=57631]
2026-08-04T10:26:34.119+07:00  INFO [post-service,,] 18980 --- [post-service] [main] [                                                 ] c.n.Social_media.PostServiceApplication  : Started PostServiceApplication in 47.046 seconds (process running for 48.364)
2026-08-04T10:26:37.576+07:00  INFO [post-service,,] 18980 --- [post-service] [http-nio-8082-exec-1] [                                                 ] o.a.c.c.C.[Tomcat].[localhost].[/]       : Initializing Spring DispatcherServlet 'dispatcherServlet'
2026-08-04T10:26:37.578+07:00  INFO [post-service,,] 18980 --- [post-service] [http-nio-8082-exec-1] [                                                 ] o.s.web.servlet.DispatcherServlet        : Initializing Servlet 'dispatcherServlet'
2026-08-04T10:26:37.585+07:00  INFO [post-service,,] 18980 --- [post-service] [http-nio-8082-exec-1] [                                                 ] o.s.web.servlet.DispatcherServlet        : Completed initialization in 6 ms
2026-08-04T10:31:31.105+07:00  INFO [post-service,,] 18980 --- [post-service] [AsyncResolver-bootstrap-executor-%d] [                                                 ] c.n.d.s.r.aws.ConfigClusterResolver      : Resolving eureka endpoints via configuration
2026-08-04T10:32:50.059+07:00  INFO [post-service,,] 18980 --- [post-service] [SpringApplicationShutdownHook] [                                                 ] o.s.c.n.e.s.EurekaServiceRegistry        : Unregistering application POST-SERVICE with eureka with status DOWN
2026-08-04T10:32:50.061+07:00  INFO [post-service,,] 18980 --- [post-service] [SpringApplicationShutdownHook] [                                                 ] com.netflix.discovery.DiscoveryClient    : Saw local status change event StatusChangeEvent [timestamp=1785814370061, current=DOWN, previous=UP]
2026-08-04T10:32:50.063+07:00  INFO [post-service,,] 18980 --- [post-service] [DiscoveryClient-InstanceInfoReplicator-%d] [                                                 ] com.netflix.discovery.DiscoveryClient    : DiscoveryClient_POST-SERVICE/192.168.111.1:post-service:8082: registering service...
2026-08-04T10:32:50.082+07:00  INFO [post-service,,] 18980 --- [post-service] [org.springframework.amqp.rabbit.RabbitListenerEndpointContainer#0-2] [                                                 ] o.s.a.r.l.SimpleMessageListenerContainer : Waiting for workers to finish.
2026-08-04T10:32:50.089+07:00  INFO [post-service,,] 18980 --- [post-service] [DiscoveryClient-InstanceInfoReplicator-%d] [                                                 ] com.netflix.discovery.DiscoveryClient    : DiscoveryClient_POST-SERVICE/192.168.111.1:post-service:8082 - registration status: 204
2026-08-04T10:32:50.188+07:00  INFO [post-service,,] 18980 --- [post-service] [org.springframework.amqp.rabbit.RabbitListenerEndpointContainer#0-2] [                                                 ] o.s.a.r.l.SimpleMessageListenerContainer : Successfully waited for workers to finish.
2026-08-04T10:32:51.660+07:00  INFO [post-service,,] 18980 --- [post-service] [SpringApplicationShutdownHook] [                                                 ] j.LocalContainerEntityManagerFactoryBean : Closing JPA EntityManagerFactory for persistence unit 'default'
2026-08-04T10:32:51.668+07:00  INFO [post-service,,] 18980 --- [post-service] [SpringApplicationShutdownHook] [                                                 ] com.zaxxer.hikari.HikariDataSource       : HikariPool-1 - Shutdown initiated...
2026-08-04T10:32:51.699+07:00  INFO [post-service,,] 18980 --- [post-service] [SpringApplicationShutdownHook] [                                                 ] com.zaxxer.hikari.HikariDataSource       : HikariPool-1 - Shutdown completed.
2026-08-04T10:32:51.709+07:00  INFO [post-service,,] 18980 --- [post-service] [SpringApplicationShutdownHook] [                                                 ] com.netflix.discovery.DiscoveryClient    : Shutting down DiscoveryClient ...
2026-08-04T10:32:54.719+07:00  INFO [post-service,,] 18980 --- [post-service] [SpringApplicationShutdownHook] [                                                 ] com.netflix.discovery.DiscoveryClient    : Unregistering ...
2026-08-04T10:32:54.738+07:00  INFO [post-service,,] 18980 --- [post-service] [SpringApplicationShutdownHook] [                                                 ] o.a.h.c.h.i.c.HttpRequestRetryExec       : Recoverable I/O exception (org.apache.hc.core5.http.NoHttpResponseException) caught when processing request to {}->http://localhost:8761
2026-08-04T10:32:54.755+07:00  INFO [post-service,,] 18980 --- [post-service] [SpringApplicationShutdownHook] [                                                 ] c.n.d.s.t.d.RedirectingEurekaHttpClient  : Request execution error. endpoint=DefaultEndpoint{ serviceUrl='http://localhost:8761/eureka/} exception=I/O error on DELETE request for "http://localhost:8761/eureka/apps/POST-SERVICE/192.168.111.1:post-service:8082": An established connection was aborted by the software in your host machine stacktrace=org.springframework.web.client.ResourceAccessException: I/O error on DELETE request for "http://localhost:8761/eureka/apps/POST-SERVICE/192.168.111.1:post-service:8082": An established connection was aborted by the software in your host machine
	at org.springframework.web.client.RestTemplate.createResourceAccessException(RestTemplate.java:915)
	at org.springframework.web.client.RestTemplate.doExecute(RestTemplate.java:895)
	at org.springframework.web.client.RestTemplate.execute(RestTemplate.java:830)
	at org.springframework.web.client.RestTemplate.exchange(RestTemplate.java:691)
	at org.springframework.cloud.netflix.eureka.http.RestTemplateEurekaHttpClient.cancel(RestTemplateEurekaHttpClient.java:96)
	at com.netflix.discovery.shared.transport.decorator.EurekaHttpClientDecorator$2.execute(EurekaHttpClientDecorator.java:74)
	at com.netflix.discovery.shared.transport.decorator.RedirectingEurekaHttpClient.execute(RedirectingEurekaHttpClient.java:91)
	at com.netflix.discovery.shared.transport.decorator.EurekaHttpClientDecorator.cancel(EurekaHttpClientDecorator.java:71)
	at com.netflix.discovery.shared.transport.decorator.EurekaHttpClientDecorator$2.execute(EurekaHttpClientDecorator.java:74)
	at com.netflix.discovery.shared.transport.decorator.RetryableEurekaHttpClient.execute(RetryableEurekaHttpClient.java:120)
	at com.netflix.discovery.shared.transport.decorator.EurekaHttpClientDecorator.cancel(EurekaHttpClientDecorator.java:71)
	at com.netflix.discovery.shared.transport.decorator.EurekaHttpClientDecorator$2.execute(EurekaHttpClientDecorator.java:74)
	at com.netflix.discovery.shared.transport.decorator.SessionedEurekaHttpClient.execute(SessionedEurekaHttpClient.java:76)
	at com.netflix.discovery.shared.transport.decorator.EurekaHttpClientDecorator.cancel(EurekaHttpClientDecorator.java:71)
	at com.netflix.discovery.DiscoveryClient.unregister(DiscoveryClient.java:919)
	at com.netflix.discovery.DiscoveryClient.shutdown(DiscoveryClient.java:900)
	at java.base/jdk.internal.reflect.NativeMethodAccessorImpl.invoke0(Native Method)
	at java.base/jdk.internal.reflect.NativeMethodAccessorImpl.invoke(NativeMethodAccessorImpl.java:77)
	at java.base/jdk.internal.reflect.DelegatingMethodAccessorImpl.invoke(DelegatingMethodAccessorImpl.java:43)
	at java.base/java.lang.reflect.Method.invoke(Method.java:568)
	at org.springframework.beans.factory.annotation.InitDestroyAnnotationBeanPostProcessor$LifecycleMethod.invoke(InitDestroyAnnotationBeanPostProcessor.java:457)
	at org.springframework.beans.factory.annotation.InitDestroyAnnotationBeanPostProcessor$LifecycleMetadata.invokeDestroyMethods(InitDestroyAnnotationBeanPostProcessor.java:415)
	at org.springframework.beans.factory.annotation.InitDestroyAnnotationBeanPostProcessor.postProcessBeforeDestruction(InitDestroyAnnotationBeanPostProcessor.java:239)
	at org.springframework.beans.factory.support.DisposableBeanAdapter.destroy(DisposableBeanAdapter.java:202)
	at org.springframework.beans.factory.support.DisposableBeanAdapter.run(DisposableBeanAdapter.java:195)
	at org.springframework.cloud.context.scope.GenericScope$BeanLifecycleWrapper.destroy(GenericScope.java:389)
	at org.springframework.cloud.context.scope.GenericScope.destroy(GenericScope.java:136)
	at org.springframework.beans.factory.support.DisposableBeanAdapter.destroy(DisposableBeanAdapter.java:211)
	at org.springframework.beans.factory.support.DefaultSingletonBeanRegistry.destroyBean(DefaultSingletonBeanRegistry.java:587)
	at org.springframework.beans.factory.support.DefaultSingletonBeanRegistry.destroySingleton(DefaultSingletonBeanRegistry.java:559)
	at org.springframework.beans.factory.support.DefaultListableBeanFactory.destroySingleton(DefaultListableBeanFactory.java:1207)
	at org.springframework.beans.factory.support.DefaultSingletonBeanRegistry.destroySingletons(DefaultSingletonBeanRegistry.java:520)
	at org.springframework.beans.factory.support.DefaultListableBeanFactory.destroySingletons(DefaultListableBeanFactory.java:1200)
	at org.springframework.context.support.AbstractApplicationContext.destroyBeans(AbstractApplicationContext.java:1195)
	at org.springframework.context.support.AbstractApplicationContext.doClose(AbstractApplicationContext.java:1156)
	at org.springframework.boot.web.servlet.context.ServletWebServerApplicationContext.doClose(ServletWebServerApplicationContext.java:179)
	at org.springframework.context.support.AbstractApplicationContext.close(AbstractApplicationContext.java:1102)
	at org.springframework.boot.SpringApplicationShutdownHook.closeAndWait(SpringApplicationShutdownHook.java:147)
	at java.base/java.lang.Iterable.forEach(Iterable.java:75)
	at org.springframework.boot.SpringApplicationShutdownHook.run(SpringApplicationShutdownHook.java:116)
	at java.base/java.lang.Thread.run(Thread.java:842)
Caused by: java.net.SocketException: An established connection was aborted by the software in your host machine
	at java.base/sun.nio.ch.NioSocketImpl.implRead(NioSocketImpl.java:330)
	at java.base/sun.nio.ch.NioSocketImpl.read(NioSocketImpl.java:355)
	at java.base/sun.nio.ch.NioSocketImpl$1.read(NioSocketImpl.java:808)
	at java.base/java.net.Socket$SocketInputStream.read(Socket.java:966)
	at org.apache.hc.core5.http.impl.io.SessionInputBufferImpl.fillBuffer(SessionInputBufferImpl.java:149)
	at org.apache.hc.core5.http.impl.io.SessionInputBufferImpl.readLine(SessionInputBufferImpl.java:280)
	at org.apache.hc.core5.http.impl.io.AbstractMessageParser.parse(AbstractMessageParser.java:247)
	at org.apache.hc.core5.http.impl.io.AbstractMessageParser.parse(AbstractMessageParser.java:54)
	at org.apache.hc.core5.http.impl.io.DefaultBHttpClientConnection.receiveResponseHeader(DefaultBHttpClientConnection.java:304)
	at org.apache.hc.core5.http.impl.io.HttpRequestExecutor.execute(HttpRequestExecutor.java:175)
	at org.apache.hc.core5.http.impl.io.HttpRequestExecutor.execute(HttpRequestExecutor.java:218)
	at org.apache.hc.client5.http.impl.io.PoolingHttpClientConnectionManager$InternalConnectionEndpoint.execute(PoolingHttpClientConnectionManager.java:717)
	at org.apache.hc.client5.http.impl.classic.InternalExecRuntime.execute(InternalExecRuntime.java:216)
	at org.apache.hc.client5.http.impl.classic.MainClientExec.execute(MainClientExec.java:116)
	at org.apache.hc.client5.http.impl.classic.ExecChainElement.execute(ExecChainElement.java:51)
	at org.apache.hc.client5.http.impl.classic.ConnectExec.execute(ConnectExec.java:188)
	at org.apache.hc.client5.http.impl.classic.ExecChainElement.execute(ExecChainElement.java:51)
	at org.apache.hc.client5.http.impl.classic.ProtocolExec.execute(ProtocolExec.java:192)
	at org.apache.hc.client5.http.impl.classic.ExecChainElement.execute(ExecChainElement.java:51)
	at org.apache.hc.client5.http.impl.classic.HttpRequestRetryExec.execute(HttpRequestRetryExec.java:113)
	at org.apache.hc.client5.http.impl.classic.ExecChainElement.execute(ExecChainElement.java:51)
	at org.apache.hc.client5.http.impl.classic.ContentCompressionExec.execute(ContentCompressionExec.java:152)
	at org.apache.hc.client5.http.impl.classic.ExecChainElement.execute(ExecChainElement.java:51)
	at org.apache.hc.client5.http.impl.classic.RedirectExec.execute(RedirectExec.java:116)
	at org.apache.hc.client5.http.impl.classic.ExecChainElement.execute(ExecChainElement.java:51)
	at org.apache.hc.client5.http.impl.classic.InternalHttpClient.doExecute(InternalHttpClient.java:170)
	at org.apache.hc.client5.http.impl.classic.CloseableHttpClient.execute(CloseableHttpClient.java:87)
	at org.apache.hc.client5.http.impl.classic.CloseableHttpClient.execute(CloseableHttpClient.java:55)
	at org.apache.hc.client5.http.classic.HttpClient.executeOpen(HttpClient.java:183)
	at org.springframework.http.client.HttpComponentsClientHttpRequest.executeInternal(HttpComponentsClientHttpRequest.java:99)
	at org.springframework.http.client.AbstractStreamingClientHttpRequest.executeInternal(AbstractStreamingClientHttpRequest.java:70)
	at org.springframework.http.client.AbstractClientHttpRequest.execute(AbstractClientHttpRequest.java:66)
	at org.springframework.http.client.InterceptingClientHttpRequest$InterceptingRequestExecution.execute(InterceptingClientHttpRequest.java:112)
	at org.springframework.cloud.netflix.eureka.http.RestTemplateTransportClientFactory.lambda$restTemplate$3(RestTemplateTransportClientFactory.java:170)
	at org.springframework.http.client.InterceptingClientHttpRequest$InterceptingRequestExecution.execute(InterceptingClientHttpRequest.java:88)
	at org.springframework.http.client.InterceptingClientHttpRequest.executeInternal(InterceptingClientHttpRequest.java:72)
	at org.springframework.http.client.AbstractBufferingClientHttpRequest.executeInternal(AbstractBufferingClientHttpRequest.java:48)
	at org.springframework.http.client.AbstractClientHttpRequest.execute(AbstractClientHttpRequest.java:66)
	at org.springframework.web.client.RestTemplate.doExecute(RestTemplate.java:889)
	... 39 more

2026-08-04T10:32:54.758+07:00  WARN [post-service,,] 18980 --- [post-service] [SpringApplicationShutdownHook] [                                                 ] c.n.d.s.t.d.RetryableEurekaHttpClient    : Request execution failed with message: I/O error on DELETE request for "http://localhost:8761/eureka/apps/POST-SERVICE/192.168.111.1:post-service:8082": An established connection was aborted by the software in your host machine
2026-08-04T10:32:55.079+07:00  INFO [post-service,,] 18980 --- [post-service] [SpringApplicationShutdownHook] [                                                 ] o.a.h.c.h.i.c.HttpRequestRetryExec       : Recoverable I/O exception (java.net.SocketException) caught when processing request to {}->http://localhost:8761
2026-08-04T10:32:55.094+07:00  INFO [post-service,,] 18980 --- [post-service] [SpringApplicationShutdownHook] [                                                 ] c.n.d.s.t.d.RedirectingEurekaHttpClient  : Request execution error. endpoint=DefaultEndpoint{ serviceUrl='http://localhost:8761/eureka/}, exception=I/O error on DELETE request for "http://localhost:8761/eureka/apps/POST-SERVICE/192.168.111.1:post-service:8082": Connect to http://localhost:8761 [localhost/127.0.0.1, localhost/0:0:0:0:0:0:0:1] failed: Connection refused: no further information stacktrace=org.springframework.web.client.ResourceAccessException: I/O error on DELETE request for "http://localhost:8761/eureka/apps/POST-SERVICE/192.168.111.1:post-service:8082": Connect to http://localhost:8761 [localhost/127.0.0.1, localhost/0:0:0:0:0:0:0:1] failed: Connection refused: no further information
	at org.springframework.web.client.RestTemplate.createResourceAccessException(RestTemplate.java:915)
	at org.springframework.web.client.RestTemplate.doExecute(RestTemplate.java:895)
	at org.springframework.web.client.RestTemplate.execute(RestTemplate.java:830)
	at org.springframework.web.client.RestTemplate.exchange(RestTemplate.java:691)
	at org.springframework.cloud.netflix.eureka.http.RestTemplateEurekaHttpClient.cancel(RestTemplateEurekaHttpClient.java:96)
	at com.netflix.discovery.shared.transport.decorator.EurekaHttpClientDecorator$2.execute(EurekaHttpClientDecorator.java:74)
	at com.netflix.discovery.shared.transport.decorator.RedirectingEurekaHttpClient.executeOnNewServer(RedirectingEurekaHttpClient.java:121)
	at com.netflix.discovery.shared.transport.decorator.RedirectingEurekaHttpClient.execute(RedirectingEurekaHttpClient.java:80)
	at com.netflix.discovery.shared.transport.decorator.EurekaHttpClientDecorator.cancel(EurekaHttpClientDecorator.java:71)
	at com.netflix.discovery.shared.transport.decorator.EurekaHttpClientDecorator$2.execute(EurekaHttpClientDecorator.java:74)
	at com.netflix.discovery.shared.transport.decorator.RetryableEurekaHttpClient.execute(RetryableEurekaHttpClient.java:120)
	at com.netflix.discovery.shared.transport.decorator.EurekaHttpClientDecorator.cancel(EurekaHttpClientDecorator.java:71)
	at com.netflix.discovery.shared.transport.decorator.EurekaHttpClientDecorator$2.execute(EurekaHttpClientDecorator.java:74)
	at com.netflix.discovery.shared.transport.decorator.SessionedEurekaHttpClient.execute(SessionedEurekaHttpClient.java:76)
	at com.netflix.discovery.shared.transport.decorator.EurekaHttpClientDecorator.cancel(EurekaHttpClientDecorator.java:71)
	at com.netflix.discovery.DiscoveryClient.unregister(DiscoveryClient.java:919)
	at com.netflix.discovery.DiscoveryClient.shutdown(DiscoveryClient.java:900)
	at java.base/jdk.internal.reflect.NativeMethodAccessorImpl.invoke0(Native Method)
	at java.base/jdk.internal.reflect.NativeMethodAccessorImpl.invoke(NativeMethodAccessorImpl.java:77)
	at java.base/jdk.internal.reflect.DelegatingMethodAccessorImpl.invoke(DelegatingMethodAccessorImpl.java:43)
	at java.base/java.lang.reflect.Method.invoke(Method.java:568)
	at org.springframework.beans.factory.annotation.InitDestroyAnnotationBeanPostProcessor$LifecycleMethod.invoke(InitDestroyAnnotationBeanPostProcessor.java:457)
	at org.springframework.beans.factory.annotation.InitDestroyAnnotationBeanPostProcessor$LifecycleMetadata.invokeDestroyMethods(InitDestroyAnnotationBeanPostProcessor.java:415)
	at org.springframework.beans.factory.annotation.InitDestroyAnnotationBeanPostProcessor.postProcessBeforeDestruction(InitDestroyAnnotationBeanPostProcessor.java:239)
	at org.springframework.beans.factory.support.DisposableBeanAdapter.destroy(DisposableBeanAdapter.java:202)
	at org.springframework.beans.factory.support.DisposableBeanAdapter.run(DisposableBeanAdapter.java:195)
	at org.springframework.cloud.context.scope.GenericScope$BeanLifecycleWrapper.destroy(GenericScope.java:389)
	at org.springframework.cloud.context.scope.GenericScope.destroy(GenericScope.java:136)
	at org.springframework.beans.factory.support.DisposableBeanAdapter.destroy(DisposableBeanAdapter.java:211)
	at org.springframework.beans.factory.support.DefaultSingletonBeanRegistry.destroyBean(DefaultSingletonBeanRegistry.java:587)
	at org.springframework.beans.factory.support.DefaultSingletonBeanRegistry.destroySingleton(DefaultSingletonBeanRegistry.java:559)
	at org.springframework.beans.factory.support.DefaultListableBeanFactory.destroySingleton(DefaultListableBeanFactory.java:1207)
	at org.springframework.beans.factory.support.DefaultSingletonBeanRegistry.destroySingletons(DefaultSingletonBeanRegistry.java:520)
	at org.springframework.beans.factory.support.DefaultListableBeanFactory.destroySingletons(DefaultListableBeanFactory.java:1200)
	at org.springframework.context.support.AbstractApplicationContext.destroyBeans(AbstractApplicationContext.java:1195)
	at org.springframework.context.support.AbstractApplicationContext.doClose(AbstractApplicationContext.java:1156)
	at org.springframework.boot.web.servlet.context.ServletWebServerApplicationContext.doClose(ServletWebServerApplicationContext.java:179)
	at org.springframework.context.support.AbstractApplicationContext.close(AbstractApplicationContext.java:1102)
	at org.springframework.boot.SpringApplicationShutdownHook.closeAndWait(SpringApplicationShutdownHook.java:147)
	at java.base/java.lang.Iterable.forEach(Iterable.java:75)
	at org.springframework.boot.SpringApplicationShutdownHook.run(SpringApplicationShutdownHook.java:116)
	at java.base/java.lang.Thread.run(Thread.java:842)
Caused by: org.apache.hc.client5.http.HttpHostConnectException: Connect to http://localhost:8761 [localhost/127.0.0.1, localhost/0:0:0:0:0:0:0:1] failed: Connection refused: no further information
	at java.base/sun.nio.ch.Net.pollConnect(Native Method)
	at java.base/sun.nio.ch.Net.pollConnectNow(Net.java:672)
	at java.base/sun.nio.ch.NioSocketImpl.timedFinishConnect(NioSocketImpl.java:547)
	at java.base/sun.nio.ch.NioSocketImpl.connect(NioSocketImpl.java:602)
	at java.base/java.net.SocksSocketImpl.connect(SocksSocketImpl.java:327)
	at java.base/java.net.Socket.connect(Socket.java:633)
	at org.apache.hc.client5.http.socket.PlainConnectionSocketFactory.lambda$connectSocket$0(PlainConnectionSocketFactory.java:91)
	at java.base/java.security.AccessController.doPrivileged(AccessController.java:569)
	at org.apache.hc.client5.http.socket.PlainConnectionSocketFactory.connectSocket(PlainConnectionSocketFactory.java:90)
	at org.apache.hc.client5.http.socket.ConnectionSocketFactory.connectSocket(ConnectionSocketFactory.java:123)
	at org.apache.hc.client5.http.impl.io.DefaultHttpClientConnectionOperator.connect(DefaultHttpClientConnectionOperator.java:189)
	at org.apache.hc.client5.http.impl.io.PoolingHttpClientConnectionManager.connect(PoolingHttpClientConnectionManager.java:450)
	at org.apache.hc.client5.http.impl.classic.InternalExecRuntime.connectEndpoint(InternalExecRuntime.java:162)
	at org.apache.hc.client5.http.impl.classic.InternalExecRuntime.connectEndpoint(InternalExecRuntime.java:172)
	at org.apache.hc.client5.http.impl.classic.ConnectExec.execute(ConnectExec.java:142)
	at org.apache.hc.client5.http.impl.classic.ExecChainElement.execute(ExecChainElement.java:51)
	at org.apache.hc.client5.http.impl.classic.ProtocolExec.execute(ProtocolExec.java:192)
	at org.apache.hc.client5.http.impl.classic.ExecChainElement.execute(ExecChainElement.java:51)
	at org.apache.hc.client5.http.impl.classic.HttpRequestRetryExec.execute(HttpRequestRetryExec.java:113)
	at org.apache.hc.client5.http.impl.classic.ExecChainElement.execute(ExecChainElement.java:51)
	at org.apache.hc.client5.http.impl.classic.ContentCompressionExec.execute(ContentCompressionExec.java:152)
	at org.apache.hc.client5.http.impl.classic.ExecChainElement.execute(ExecChainElement.java:51)
	at org.apache.hc.client5.http.impl.classic.RedirectExec.execute(RedirectExec.java:116)
	at org.apache.hc.client5.http.impl.classic.ExecChainElement.execute(ExecChainElement.java:51)
	at org.apache.hc.client5.http.impl.classic.InternalHttpClient.doExecute(InternalHttpClient.java:170)
	at org.apache.hc.client5.http.impl.classic.CloseableHttpClient.execute(CloseableHttpClient.java:87)
	at org.apache.hc.client5.http.impl.classic.CloseableHttpClient.execute(CloseableHttpClient.java:55)
	at org.apache.hc.client5.http.classic.HttpClient.executeOpen(HttpClient.java:183)
	at org.springframework.http.client.HttpComponentsClientHttpRequest.executeInternal(HttpComponentsClientHttpRequest.java:99)
	at org.springframework.http.client.AbstractStreamingClientHttpRequest.executeInternal(AbstractStreamingClientHttpRequest.java:70)
	at org.springframework.http.client.AbstractClientHttpRequest.execute(AbstractClientHttpRequest.java:66)
	at org.springframework.http.client.InterceptingClientHttpRequest$InterceptingRequestExecution.execute(InterceptingClientHttpRequest.java:112)
	at org.springframework.cloud.netflix.eureka.http.RestTemplateTransportClientFactory.lambda$restTemplate$3(RestTemplateTransportClientFactory.java:170)
	at org.springframework.http.client.InterceptingClientHttpRequest$InterceptingRequestExecution.execute(InterceptingClientHttpRequest.java:88)
	at org.springframework.http.client.InterceptingClientHttpRequest.executeInternal(InterceptingClientHttpRequest.java:72)
	at org.springframework.http.client.AbstractBufferingClientHttpRequest.executeInternal(AbstractBufferingClientHttpRequest.java:48)
	at org.springframework.http.client.AbstractClientHttpRequest.execute(AbstractClientHttpRequest.java:66)
	at org.springframework.web.client.RestTemplate.doExecute(RestTemplate.java:889)
	... 40 more

2026-08-04T10:32:55.097+07:00  WARN [post-service,,] 18980 --- [post-service] [SpringApplicationShutdownHook] [                                                 ] c.n.d.s.t.d.RetryableEurekaHttpClient    : Request execution failed with message: I/O error on DELETE request for "http://localhost:8761/eureka/apps/POST-SERVICE/192.168.111.1:post-service:8082": Connect to http://localhost:8761 [localhost/127.0.0.1, localhost/0:0:0:0:0:0:0:1] failed: Connection refused: no further information
2026-08-04T10:32:55.098+07:00 ERROR [post-service,,] 18980 --- [post-service] [SpringApplicationShutdownHook] [                                                 ] com.netflix.discovery.DiscoveryClient    : DiscoveryClient_POST-SERVICE/192.168.111.1:post-service:8082 - de-registration failedCannot execute request on any known server

com.netflix.discovery.shared.transport.TransportException: Cannot execute request on any known server
	at com.netflix.discovery.shared.transport.decorator.RetryableEurekaHttpClient.execute(RetryableEurekaHttpClient.java:112) ~[eureka-client-2.0.4.jar:2.0.4]
	at com.netflix.discovery.shared.transport.decorator.EurekaHttpClientDecorator.cancel(EurekaHttpClientDecorator.java:71) ~[eureka-client-2.0.4.jar:2.0.4]
	at com.netflix.discovery.shared.transport.decorator.EurekaHttpClientDecorator$2.execute(EurekaHttpClientDecorator.java:74) ~[eureka-client-2.0.4.jar:2.0.4]
	at com.netflix.discovery.shared.transport.decorator.SessionedEurekaHttpClient.execute(SessionedEurekaHttpClient.java:76) ~[eureka-client-2.0.4.jar:2.0.4]
	at com.netflix.discovery.shared.transport.decorator.EurekaHttpClientDecorator.cancel(EurekaHttpClientDecorator.java:71) ~[eureka-client-2.0.4.jar:2.0.4]
	at com.netflix.discovery.DiscoveryClient.unregister(DiscoveryClient.java:919) ~[eureka-client-2.0.4.jar:2.0.4]
	at com.netflix.discovery.DiscoveryClient.shutdown(DiscoveryClient.java:900) ~[eureka-client-2.0.4.jar:2.0.4]
	at java.base/jdk.internal.reflect.NativeMethodAccessorImpl.invoke0(Native Method) ~[na:na]
	at java.base/jdk.internal.reflect.NativeMethodAccessorImpl.invoke(NativeMethodAccessorImpl.java:77) ~[na:na]
	at java.base/jdk.internal.reflect.DelegatingMethodAccessorImpl.invoke(DelegatingMethodAccessorImpl.java:43) ~[na:na]
	at java.base/java.lang.reflect.Method.invoke(Method.java:568) ~[na:na]
	at org.springframework.beans.factory.annotation.InitDestroyAnnotationBeanPostProcessor$LifecycleMethod.invoke(InitDestroyAnnotationBeanPostProcessor.java:457) ~[spring-beans-6.1.21.jar:6.1.21]
	at org.springframework.beans.factory.annotation.InitDestroyAnnotationBeanPostProcessor$LifecycleMetadata.invokeDestroyMethods(InitDestroyAnnotationBeanPostProcessor.java:415) ~[spring-beans-6.1.21.jar:6.1.21]
	at org.springframework.beans.factory.annotation.InitDestroyAnnotationBeanPostProcessor.postProcessBeforeDestruction(InitDestroyAnnotationBeanPostProcessor.java:239) ~[spring-beans-6.1.21.jar:6.1.21]
	at org.springframework.beans.factory.support.DisposableBeanAdapter.destroy(DisposableBeanAdapter.java:202) ~[spring-beans-6.1.21.jar:6.1.21]
	at org.springframework.beans.factory.support.DisposableBeanAdapter.run(DisposableBeanAdapter.java:195) ~[spring-beans-6.1.21.jar:6.1.21]
	at org.springframework.cloud.context.scope.GenericScope$BeanLifecycleWrapper.destroy(GenericScope.java:389) ~[spring-cloud-context-4.1.5.jar:4.1.5]
	at org.springframework.cloud.context.scope.GenericScope.destroy(GenericScope.java:136) ~[spring-cloud-context-4.1.5.jar:4.1.5]
	at org.springframework.beans.factory.support.DisposableBeanAdapter.destroy(DisposableBeanAdapter.java:211) ~[spring-beans-6.1.21.jar:6.1.21]
	at org.springframework.beans.factory.support.DefaultSingletonBeanRegistry.destroyBean(DefaultSingletonBeanRegistry.java:587) ~[spring-beans-6.1.21.jar:6.1.21]
	at org.springframework.beans.factory.support.DefaultSingletonBeanRegistry.destroySingleton(DefaultSingletonBeanRegistry.java:559) ~[spring-beans-6.1.21.jar:6.1.21]
	at org.springframework.beans.factory.support.DefaultListableBeanFactory.destroySingleton(DefaultListableBeanFactory.java:1207) ~[spring-beans-6.1.21.jar:6.1.21]
	at org.springframework.beans.factory.support.DefaultSingletonBeanRegistry.destroySingletons(DefaultSingletonBeanRegistry.java:520) ~[spring-beans-6.1.21.jar:6.1.21]
	at org.springframework.beans.factory.support.DefaultListableBeanFactory.destroySingletons(DefaultListableBeanFactory.java:1200) ~[spring-beans-6.1.21.jar:6.1.21]
	at org.springframework.context.support.AbstractApplicationContext.destroyBeans(AbstractApplicationContext.java:1195) ~[spring-context-6.1.21.jar:6.1.21]
	at org.springframework.context.support.AbstractApplicationContext.doClose(AbstractApplicationContext.java:1156) ~[spring-context-6.1.21.jar:6.1.21]
	at org.springframework.boot.web.servlet.context.ServletWebServerApplicationContext.doClose(ServletWebServerApplicationContext.java:179) ~[spring-boot-3.3.13.jar:3.3.13]
	at org.springframework.context.support.AbstractApplicationContext.close(AbstractApplicationContext.java:1102) ~[spring-context-6.1.21.jar:6.1.21]
	at org.springframework.boot.SpringApplicationShutdownHook.closeAndWait(SpringApplicationShutdownHook.java:147) ~[spring-boot-3.3.13.jar:3.3.13]
	at java.base/java.lang.Iterable.forEach(Iterable.java:75) ~[na:na]
	at org.springframework.boot.SpringApplicationShutdownHook.run(SpringApplicationShutdownHook.java:116) ~[spring-boot-3.3.13.jar:3.3.13]
	at java.base/java.lang.Thread.run(Thread.java:842) ~[na:na]

2026-08-04T10:32:55.118+07:00  INFO [post-service,,] 18980 --- [post-service] [SpringApplicationShutdownHook] [                                                 ] com.netflix.discovery.DiscoveryClient    : Completed shut down of DiscoveryClient
2026-08-04T13:56:33.695+07:00  INFO [post-service,,] 30420 --- [post-service] [main] [                                                 ] c.n.Social_media.PostServiceApplication  : Starting PostServiceApplication using Java 17.0.9 with PID 30420 (D:\Projects\Social-media\backend\post-service\target\classes started by BANG in D:\Projects\Social-media\backend\post-service)
2026-08-04T13:56:34.277+07:00  INFO [post-service,,] 30420 --- [post-service] [main] [                                                 ] c.n.Social_media.PostServiceApplication  : No active profile set, falling back to 1 default profile: "default"
2026-08-04T13:56:51.658+07:00  INFO [post-service,,] 30420 --- [post-service] [main] [                                                 ] .s.d.r.c.RepositoryConfigurationDelegate : Bootstrapping Spring Data JPA repositories in DEFAULT mode.
2026-08-04T13:56:52.319+07:00  INFO [post-service,,] 30420 --- [post-service] [main] [                                                 ] .s.d.r.c.RepositoryConfigurationDelegate : Finished Spring Data repository scanning in 618 ms. Found 3 JPA repository interfaces.
2026-08-04T13:56:54.643+07:00  INFO [post-service,,] 30420 --- [post-service] [main] [                                                 ] o.s.cloud.context.scope.GenericScope     : BeanFactory id=032610ac-b0ba-316d-b9ab-230b02dd0a7b
2026-08-04T13:57:03.896+07:00  INFO [post-service,,] 30420 --- [post-service] [main] [                                                 ] o.s.b.w.embedded.tomcat.TomcatWebServer  : Tomcat initialized with port 8082 (http)
2026-08-04T13:57:04.117+07:00  INFO [post-service,,] 30420 --- [post-service] [main] [                                                 ] o.apache.catalina.core.StandardService   : Starting service [Tomcat]
2026-08-04T13:57:04.139+07:00  INFO [post-service,,] 30420 --- [post-service] [main] [                                                 ] o.apache.catalina.core.StandardEngine    : Starting Servlet engine: [Apache Tomcat/10.1.42]
2026-08-04T13:57:05.418+07:00  INFO [post-service,,] 30420 --- [post-service] [main] [                                                 ] o.a.c.c.C.[Tomcat].[localhost].[/]       : Initializing Spring embedded WebApplicationContext
2026-08-04T13:57:05.493+07:00  INFO [post-service,,] 30420 --- [post-service] [main] [                                                 ] w.s.c.ServletWebServerApplicationContext : Root WebApplicationContext: initialization completed in 29943 ms
2026-08-04T13:57:12.596+07:00  INFO [post-service,,] 30420 --- [post-service] [main] [                                                 ] o.hibernate.jpa.internal.util.LogHelper  : HHH000204: Processing PersistenceUnitInfo [name: default]
2026-08-04T13:57:12.876+07:00  INFO [post-service,,] 30420 --- [post-service] [main] [                                                 ] org.hibernate.Version                    : HHH000412: Hibernate ORM core version 6.5.3.Final
2026-08-04T13:57:13.358+07:00  INFO [post-service,,] 30420 --- [post-service] [main] [                                                 ] o.h.c.internal.RegionFactoryInitiator    : HHH000026: Second-level cache disabled
2026-08-04T13:57:15.158+07:00  INFO [post-service,,] 30420 --- [post-service] [main] [                                                 ] o.s.o.j.p.SpringPersistenceUnitInfo      : No LoadTimeWeaver setup: ignoring JPA class transformer
2026-08-04T13:57:15.267+07:00  INFO [post-service,,] 30420 --- [post-service] [main] [                                                 ] com.zaxxer.hikari.HikariDataSource       : HikariPool-1 - Starting...
2026-08-04T13:57:16.391+07:00  INFO [post-service,,] 30420 --- [post-service] [main] [                                                 ] com.zaxxer.hikari.pool.HikariPool        : HikariPool-1 - Added connection org.postgresql.jdbc.PgConnection@41935a9d
2026-08-04T13:57:16.465+07:00  INFO [post-service,,] 30420 --- [post-service] [main] [                                                 ] com.zaxxer.hikari.HikariDataSource       : HikariPool-1 - Start completed.
2026-08-04T13:57:16.795+07:00  WARN [post-service,,] 30420 --- [post-service] [main] [                                                 ] org.hibernate.orm.deprecation            : HHH90000025: PostgreSQLDialect does not need to be specified explicitly using 'hibernate.dialect' (remove the property setting and it will be selected by default)
2026-08-04T13:57:22.106+07:00  INFO [post-service,,] 30420 --- [post-service] [main] [                                                 ] o.h.e.t.j.p.i.JtaPlatformInitiator       : HHH000489: No JTA platform available (set 'hibernate.transaction.jta.platform' to enable JTA platform integration)
2026-08-04T13:57:36.830+07:00  INFO [post-service,,] 30420 --- [post-service] [main] [                                                 ] j.LocalContainerEntityManagerFactoryBean : Initialized JPA EntityManagerFactory for persistence unit 'default'
2026-08-04T13:57:37.923+07:00  INFO [post-service,,] 30420 --- [post-service] [main] [                                                 ] o.s.d.j.r.query.QueryEnhancerFactory     : Hibernate is in classpath; If applicable, HQL parser will be used.
2026-08-04T13:57:40.015+07:00  WARN [post-service,,] 30420 --- [post-service] [main] [                                                 ] JpaBaseConfiguration$JpaWebConfiguration : spring.jpa.open-in-view is enabled by default. Therefore, database queries may be performed during view rendering. Explicitly configure spring.jpa.open-in-view to disable this warning
2026-08-04T13:57:41.458+07:00  INFO [post-service,,] 30420 --- [post-service] [main] [                                                 ] o.s.c.openfeign.FeignClientFactoryBean   : For 'group-service' URL not provided. Will try picking an instance via load-balancing.
2026-08-04T13:57:41.782+07:00  INFO [post-service,,] 30420 --- [post-service] [main] [                                                 ] o.s.c.openfeign.FeignClientFactoryBean   : For 'interaction-service' URL not provided. Will try picking an instance via load-balancing.
2026-08-04T13:57:41.892+07:00  INFO [post-service,,] 30420 --- [post-service] [main] [                                                 ] o.s.c.openfeign.FeignClientFactoryBean   : For 'user-service' URL not provided. Will try picking an instance via load-balancing.
2026-08-04T13:58:03.833+07:00  INFO [post-service,,] 30420 --- [post-service] [main] [                                                 ] DiscoveryClientOptionalArgsConfiguration : Eureka HTTP Client uses RestTemplate.
2026-08-04T13:58:05.299+07:00  WARN [post-service,,] 30420 --- [post-service] [main] [                                                 ] iguration$LoadBalancerCaffeineWarnLogger : Spring Cloud LoadBalancer is currently working with the default cache. While this cache implementation is useful for development and tests, it's recommended to use Caffeine cache in production.You can switch to using Caffeine cache, by adding it and org.springframework.cache.caffeine.CaffeineCacheManager to the classpath.
2026-08-04T13:58:05.350+07:00  INFO [post-service,,] 30420 --- [post-service] [main] [                                                 ] o.s.b.a.e.web.EndpointLinksResolver      : Exposing 5 endpoints beneath base path '/actuator'
2026-08-04T13:58:05.596+07:00  INFO [post-service,,] 30420 --- [post-service] [main] [                                                 ] o.s.c.n.eureka.InstanceInfoFactory       : Setting initial instance status as: STARTING
2026-08-04T13:58:05.640+07:00  INFO [post-service,,] 30420 --- [post-service] [main] [                                                 ] com.netflix.discovery.DiscoveryClient    : Initializing Eureka in region us-east-1
2026-08-04T13:58:05.649+07:00  INFO [post-service,,] 30420 --- [post-service] [main] [                                                 ] c.n.d.s.r.aws.ConfigClusterResolver      : Resolving eureka endpoints via configuration
2026-08-04T13:58:05.670+07:00  INFO [post-service,,] 30420 --- [post-service] [main] [                                                 ] com.netflix.discovery.DiscoveryClient    : Disable delta property : false
2026-08-04T13:58:05.672+07:00  INFO [post-service,,] 30420 --- [post-service] [main] [                                                 ] com.netflix.discovery.DiscoveryClient    : Single vip registry refresh property : null
2026-08-04T13:58:05.672+07:00  INFO [post-service,,] 30420 --- [post-service] [main] [                                                 ] com.netflix.discovery.DiscoveryClient    : Force full registry fetch : false
2026-08-04T13:58:05.673+07:00  INFO [post-service,,] 30420 --- [post-service] [main] [                                                 ] com.netflix.discovery.DiscoveryClient    : Application is null : false
2026-08-04T13:58:05.673+07:00  INFO [post-service,,] 30420 --- [post-service] [main] [                                                 ] com.netflix.discovery.DiscoveryClient    : Registered Applications size is zero : true
2026-08-04T13:58:05.673+07:00  INFO [post-service,,] 30420 --- [post-service] [main] [                                                 ] com.netflix.discovery.DiscoveryClient    : Application version is -1: true
2026-08-04T13:58:05.674+07:00  INFO [post-service,,] 30420 --- [post-service] [main] [                                                 ] com.netflix.discovery.DiscoveryClient    : Getting all instance registry info from the eureka server
2026-08-04T13:58:06.251+07:00  INFO [post-service,,] 30420 --- [post-service] [main] [                                                 ] com.netflix.discovery.DiscoveryClient    : The response status is 200
2026-08-04T13:58:06.279+07:00  INFO [post-service,,] 30420 --- [post-service] [main] [                                                 ] com.netflix.discovery.DiscoveryClient    : Starting heartbeat executor: renew interval is: 30
2026-08-04T13:58:06.309+07:00  INFO [post-service,,] 30420 --- [post-service] [main] [                                                 ] c.n.discovery.InstanceInfoReplicator     : InstanceInfoReplicator onDemand update allowed rate per min is 4
2026-08-04T13:58:06.313+07:00  INFO [post-service,,] 30420 --- [post-service] [main] [                                                 ] com.netflix.discovery.DiscoveryClient    : Discovery Client initialized at timestamp 1785826686312 with initial instances count: 2
2026-08-04T13:58:06.330+07:00  INFO [post-service,,] 30420 --- [post-service] [main] [                                                 ] o.s.c.n.e.s.EurekaServiceRegistry        : Registering application POST-SERVICE with eureka with status UP
2026-08-04T13:58:06.331+07:00  INFO [post-service,,] 30420 --- [post-service] [main] [                                                 ] com.netflix.discovery.DiscoveryClient    : Saw local status change event StatusChangeEvent [timestamp=1785826686331, current=UP, previous=STARTING]
2026-08-04T13:58:06.335+07:00  INFO [post-service,,] 30420 --- [post-service] [DiscoveryClient-InstanceInfoReplicator-%d] [                                                 ] com.netflix.discovery.DiscoveryClient    : DiscoveryClient_POST-SERVICE/LAPTOP-4K64MGNI:post-service:8082: registering service...
2026-08-04T13:58:07.098+07:00  INFO [post-service,,] 30420 --- [post-service] [main] [                                                 ] o.s.b.w.embedded.tomcat.TomcatWebServer  : Tomcat started on port 8082 (http) with context path '/'
2026-08-04T13:58:07.118+07:00  INFO [post-service,,] 30420 --- [post-service] [main] [                                                 ] .s.c.n.e.s.EurekaAutoServiceRegistration : Updating port to 8082
2026-08-04T13:58:07.118+07:00  INFO [post-service,,] 30420 --- [post-service] [DiscoveryClient-InstanceInfoReplicator-%d] [                                                 ] com.netflix.discovery.DiscoveryClient    : DiscoveryClient_POST-SERVICE/LAPTOP-4K64MGNI:post-service:8082 - registration status: 204
2026-08-04T13:58:09.045+07:00  INFO [post-service,,] 30420 --- [post-service] [main] [                                                 ] o.s.a.r.c.CachingConnectionFactory       : Attempting to connect to: [localhost:5672]
2026-08-04T13:58:17.659+07:00  WARN [post-service,,] 30420 --- [post-service] [AMQP Connection 127.0.0.1:5672] [                                                 ] c.r.c.impl.ForgivingExceptionHandler     : An unexpected connection driver error occurred (Exception message: Socket closed)
2026-08-04T13:58:21.467+07:00  INFO [post-service,,] 30420 --- [post-service] [main] [                                                 ] o.s.a.r.c.CachingConnectionFactory       : Created new connection: rabbitConnectionFactory#57927f4f:0/SimpleConnection@5ca69552 [delegate=amqp://guest@0:0:0:0:0:0:0:1:5672/, localPort=49672]
2026-08-04T13:58:21.565+07:00  INFO [post-service,,] 30420 --- [post-service] [main] [                                                 ] c.n.Social_media.PostServiceApplication  : Started PostServiceApplication in 122.324 seconds (process running for 124.769)
2026-08-04T13:58:33.117+07:00  INFO [post-service,,] 30420 --- [post-service] [http-nio-8082-exec-4] [                                                 ] o.a.c.c.C.[Tomcat].[localhost].[/]       : Initializing Spring DispatcherServlet 'dispatcherServlet'
2026-08-04T13:58:33.188+07:00  INFO [post-service,,] 30420 --- [post-service] [http-nio-8082-exec-4] [                                                 ] o.s.web.servlet.DispatcherServlet        : Initializing Servlet 'dispatcherServlet'
2026-08-04T13:58:33.236+07:00  INFO [post-service,,] 30420 --- [post-service] [http-nio-8082-exec-4] [                                                 ] o.s.web.servlet.DispatcherServlet        : Completed initialization in 5 ms
2026-08-04T13:58:57.838+07:00 ERROR [post-service,,] 30420 --- [post-service] [OkHttp http://localhost:4319/...] [                                                 ] i.o.exporter.internal.http.HttpExporter  : Failed to export spans. The request could not be executed. Full error message: Read timed out

java.net.SocketTimeoutException: Read timed out
	at java.base/sun.nio.ch.NioSocketImpl.timedRead(NioSocketImpl.java:288) ~[na:na]
	at java.base/sun.nio.ch.NioSocketImpl.implRead(NioSocketImpl.java:314) ~[na:na]
	at java.base/sun.nio.ch.NioSocketImpl.read(NioSocketImpl.java:355) ~[na:na]
	at java.base/sun.nio.ch.NioSocketImpl$1.read(NioSocketImpl.java:808) ~[na:na]
	at java.base/java.net.Socket$SocketInputStream.read(Socket.java:966) ~[na:na]
	at okio.InputStreamSource.read(JvmOkio.kt:93) ~[okio-jvm-3.6.0.jar:na]
	at okio.AsyncTimeout$source$1.read(AsyncTimeout.kt:128) ~[okio-jvm-3.6.0.jar:na]
	at okio.RealBufferedSource.indexOf(RealBufferedSource.kt:430) ~[okio-jvm-3.6.0.jar:na]
	at okio.RealBufferedSource.readUtf8LineStrict(RealBufferedSource.kt:323) ~[okio-jvm-3.6.0.jar:na]
	at okhttp3.internal.http1.HeadersReader.readLine(HeadersReader.kt:29) ~[okhttp-4.12.0.jar:na]
	at okhttp3.internal.http1.Http1ExchangeCodec.readResponseHeaders(Http1ExchangeCodec.kt:180) ~[okhttp-4.12.0.jar:na]
	at okhttp3.internal.connection.Exchange.readResponseHeaders(Exchange.kt:110) ~[okhttp-4.12.0.jar:na]
	at okhttp3.internal.http.CallServerInterceptor.intercept(CallServerInterceptor.kt:93) ~[okhttp-4.12.0.jar:na]
	at okhttp3.internal.http.RealInterceptorChain.proceed(RealInterceptorChain.kt:109) ~[okhttp-4.12.0.jar:na]
	at okhttp3.internal.connection.ConnectInterceptor.intercept(ConnectInterceptor.kt:34) ~[okhttp-4.12.0.jar:na]
	at okhttp3.internal.http.RealInterceptorChain.proceed(RealInterceptorChain.kt:109) ~[okhttp-4.12.0.jar:na]
	at okhttp3.internal.cache.CacheInterceptor.intercept(CacheInterceptor.kt:95) ~[okhttp-4.12.0.jar:na]
	at okhttp3.internal.http.RealInterceptorChain.proceed(RealInterceptorChain.kt:109) ~[okhttp-4.12.0.jar:na]
	at okhttp3.internal.http.BridgeInterceptor.intercept(BridgeInterceptor.kt:83) ~[okhttp-4.12.0.jar:na]
	at okhttp3.internal.http.RealInterceptorChain.proceed(RealInterceptorChain.kt:109) ~[okhttp-4.12.0.jar:na]
	at okhttp3.internal.http.RetryAndFollowUpInterceptor.intercept(RetryAndFollowUpInterceptor.kt:76) ~[okhttp-4.12.0.jar:na]
	at okhttp3.internal.http.RealInterceptorChain.proceed(RealInterceptorChain.kt:109) ~[okhttp-4.12.0.jar:na]
	at okhttp3.internal.connection.RealCall.getResponseWithInterceptorChain$okhttp(RealCall.kt:201) ~[okhttp-4.12.0.jar:na]
	at okhttp3.internal.connection.RealCall$AsyncCall.run(RealCall.kt:517) ~[okhttp-4.12.0.jar:na]
	at java.base/java.util.concurrent.ThreadPoolExecutor.runWorker(ThreadPoolExecutor.java:1136) ~[na:na]
	at java.base/java.util.concurrent.ThreadPoolExecutor$Worker.run(ThreadPoolExecutor.java:635) ~[na:na]
	at java.base/java.lang.Thread.run(Thread.java:842) ~[na:na]

2026-08-04T14:03:05.679+07:00  INFO [post-service,,] 30420 --- [post-service] [AsyncResolver-bootstrap-executor-%d] [                                                 ] c.n.d.s.r.aws.ConfigClusterResolver      : Resolving eureka endpoints via configuration
2026-08-04T14:10:10.248+07:00  INFO [post-service,,] 33188 --- [post-service] [main] [                                                 ] c.n.Social_media.PostServiceApplication  : Starting PostServiceApplication using Java 17.0.9 with PID 33188 (D:\Projects\Social-media\backend\post-service\target\classes started by BANG in D:\Projects\Social-media\backend\post-service)
2026-08-04T14:10:10.490+07:00  INFO [post-service,,] 33188 --- [post-service] [main] [                                                 ] c.n.Social_media.PostServiceApplication  : No active profile set, falling back to 1 default profile: "default"
2026-08-04T14:11:20.229+07:00  INFO [post-service,,] 33188 --- [post-service] [main] [                                                 ] .s.d.r.c.RepositoryConfigurationDelegate : Bootstrapping Spring Data JPA repositories in DEFAULT mode.
2026-08-04T14:11:26.561+07:00  INFO [post-service,,] 33188 --- [post-service] [main] [                                                 ] .s.d.r.c.RepositoryConfigurationDelegate : Finished Spring Data repository scanning in 6182 ms. Found 3 JPA repository interfaces.
2026-08-04T14:11:39.518+07:00  INFO [post-service,,] 33188 --- [post-service] [main] [                                                 ] o.s.cloud.context.scope.GenericScope     : BeanFactory id=032610ac-b0ba-316d-b9ab-230b02dd0a7b
2026-08-04T14:11:58.902+07:00  INFO [post-service,,] 33188 --- [post-service] [main] [                                                 ] o.s.b.w.embedded.tomcat.TomcatWebServer  : Tomcat initialized with port 8082 (http)
2026-08-04T14:11:58.938+07:00  INFO [post-service,,] 33188 --- [post-service] [main] [                                                 ] o.apache.catalina.core.StandardService   : Starting service [Tomcat]
2026-08-04T14:11:58.942+07:00  INFO [post-service,,] 33188 --- [post-service] [main] [                                                 ] o.apache.catalina.core.StandardEngine    : Starting Servlet engine: [Apache Tomcat/10.1.42]
2026-08-04T14:11:59.789+07:00  INFO [post-service,,] 33188 --- [post-service] [main] [                                                 ] o.a.c.c.C.[Tomcat].[localhost].[/]       : Initializing Spring embedded WebApplicationContext
2026-08-04T14:12:00.048+07:00  INFO [post-service,,] 33188 --- [post-service] [main] [                                                 ] w.s.c.ServletWebServerApplicationContext : Root WebApplicationContext: initialization completed in 106811 ms
2026-08-04T14:12:21.750+07:00  INFO [post-service,,] 33188 --- [post-service] [main] [                                                 ] o.hibernate.jpa.internal.util.LogHelper  : HHH000204: Processing PersistenceUnitInfo [name: default]
2026-08-04T14:12:22.174+07:00  INFO [post-service,,] 33188 --- [post-service] [main] [                                                 ] org.hibernate.Version                    : HHH000412: Hibernate ORM core version 6.5.3.Final
2026-08-04T14:12:22.359+07:00  INFO [post-service,,] 33188 --- [post-service] [main] [                                                 ] o.h.c.internal.RegionFactoryInitiator    : HHH000026: Second-level cache disabled
2026-08-04T14:12:35.937+07:00  INFO [post-service,,] 33188 --- [post-service] [main] [                                                 ] o.s.o.j.p.SpringPersistenceUnitInfo      : No LoadTimeWeaver setup: ignoring JPA class transformer
2026-08-04T14:12:36.564+07:00  INFO [post-service,,] 33188 --- [post-service] [main] [                                                 ] com.zaxxer.hikari.HikariDataSource       : HikariPool-1 - Starting...
2026-08-04T14:12:39.349+07:00  INFO [post-service,,] 33188 --- [post-service] [main] [                                                 ] com.zaxxer.hikari.pool.HikariPool        : HikariPool-1 - Added connection org.postgresql.jdbc.PgConnection@55a5eea3
2026-08-04T14:12:39.418+07:00  INFO [post-service,,] 33188 --- [post-service] [main] [                                                 ] com.zaxxer.hikari.HikariDataSource       : HikariPool-1 - Start completed.
2026-08-04T14:12:41.667+07:00  WARN [post-service,,] 33188 --- [post-service] [main] [                                                 ] org.hibernate.orm.deprecation            : HHH90000025: PostgreSQLDialect does not need to be specified explicitly using 'hibernate.dialect' (remove the property setting and it will be selected by default)
2026-08-04T14:12:57.771+07:00  INFO [post-service,,] 33188 --- [post-service] [main] [                                                 ] o.h.e.t.j.p.i.JtaPlatformInitiator       : HHH000489: No JTA platform available (set 'hibernate.transaction.jta.platform' to enable JTA platform integration)
2026-08-04T14:13:44.346+07:00  INFO [post-service,,] 33188 --- [post-service] [main] [                                                 ] j.LocalContainerEntityManagerFactoryBean : Initialized JPA EntityManagerFactory for persistence unit 'default'
2026-08-04T14:13:46.055+07:00  INFO [post-service,,] 33188 --- [post-service] [main] [                                                 ] o.s.d.j.r.query.QueryEnhancerFactory     : Hibernate is in classpath; If applicable, HQL parser will be used.
2026-08-04T14:13:48.283+07:00  WARN [post-service,,] 33188 --- [post-service] [main] [                                                 ] JpaBaseConfiguration$JpaWebConfiguration : spring.jpa.open-in-view is enabled by default. Therefore, database queries may be performed during view rendering. Explicitly configure spring.jpa.open-in-view to disable this warning
2026-08-04T14:13:53.047+07:00  INFO [post-service,,] 33188 --- [post-service] [main] [                                                 ] o.s.c.openfeign.FeignClientFactoryBean   : For 'group-service' URL not provided. Will try picking an instance via load-balancing.
2026-08-04T14:13:53.373+07:00  INFO [post-service,,] 33188 --- [post-service] [main] [                                                 ] o.s.c.openfeign.FeignClientFactoryBean   : For 'interaction-service' URL not provided. Will try picking an instance via load-balancing.
2026-08-04T14:13:53.443+07:00  INFO [post-service,,] 33188 --- [post-service] [main] [                                                 ] o.s.c.openfeign.FeignClientFactoryBean   : For 'user-service' URL not provided. Will try picking an instance via load-balancing.
2026-08-04T14:14:07.188+07:00  INFO [post-service,,] 33188 --- [post-service] [main] [                                                 ] DiscoveryClientOptionalArgsConfiguration : Eureka HTTP Client uses RestTemplate.
2026-08-04T14:14:07.443+07:00  WARN [post-service,,] 33188 --- [post-service] [main] [                                                 ] iguration$LoadBalancerCaffeineWarnLogger : Spring Cloud LoadBalancer is currently working with the default cache. While this cache implementation is useful for development and tests, it's recommended to use Caffeine cache in production.You can switch to using Caffeine cache, by adding it and org.springframework.cache.caffeine.CaffeineCacheManager to the classpath.
2026-08-04T14:14:07.542+07:00  INFO [post-service,,] 33188 --- [post-service] [main] [                                                 ] o.s.b.a.e.web.EndpointLinksResolver      : Exposing 5 endpoints beneath base path '/actuator'
2026-08-04T14:14:08.114+07:00  INFO [post-service,,] 33188 --- [post-service] [main] [                                                 ] o.s.c.n.eureka.InstanceInfoFactory       : Setting initial instance status as: STARTING
2026-08-04T14:14:08.216+07:00  INFO [post-service,,] 33188 --- [post-service] [main] [                                                 ] com.netflix.discovery.DiscoveryClient    : Initializing Eureka in region us-east-1
2026-08-04T14:14:08.232+07:00  INFO [post-service,,] 33188 --- [post-service] [main] [                                                 ] c.n.d.s.r.aws.ConfigClusterResolver      : Resolving eureka endpoints via configuration
2026-08-04T14:14:08.270+07:00  INFO [post-service,,] 33188 --- [post-service] [main] [                                                 ] com.netflix.discovery.DiscoveryClient    : Disable delta property : false
2026-08-04T14:14:08.271+07:00  INFO [post-service,,] 33188 --- [post-service] [main] [                                                 ] com.netflix.discovery.DiscoveryClient    : Single vip registry refresh property : null
2026-08-04T14:14:08.272+07:00  INFO [post-service,,] 33188 --- [post-service] [main] [                                                 ] com.netflix.discovery.DiscoveryClient    : Force full registry fetch : false
2026-08-04T14:14:08.273+07:00  INFO [post-service,,] 33188 --- [post-service] [main] [                                                 ] com.netflix.discovery.DiscoveryClient    : Application is null : false
2026-08-04T14:14:08.274+07:00  INFO [post-service,,] 33188 --- [post-service] [main] [                                                 ] com.netflix.discovery.DiscoveryClient    : Registered Applications size is zero : true
2026-08-04T14:14:08.275+07:00  INFO [post-service,,] 33188 --- [post-service] [main] [                                                 ] com.netflix.discovery.DiscoveryClient    : Application version is -1: true
2026-08-04T14:14:08.276+07:00  INFO [post-service,,] 33188 --- [post-service] [main] [                                                 ] com.netflix.discovery.DiscoveryClient    : Getting all instance registry info from the eureka server
2026-08-04T14:14:09.779+07:00  INFO [post-service,,] 33188 --- [post-service] [main] [                                                 ] com.netflix.discovery.DiscoveryClient    : The response status is 200
2026-08-04T14:14:09.789+07:00  INFO [post-service,,] 33188 --- [post-service] [main] [                                                 ] com.netflix.discovery.DiscoveryClient    : Starting heartbeat executor: renew interval is: 30
2026-08-04T14:14:09.800+07:00  INFO [post-service,,] 33188 --- [post-service] [main] [                                                 ] c.n.discovery.InstanceInfoReplicator     : InstanceInfoReplicator onDemand update allowed rate per min is 4
2026-08-04T14:14:09.809+07:00  INFO [post-service,,] 33188 --- [post-service] [main] [                                                 ] com.netflix.discovery.DiscoveryClient    : Discovery Client initialized at timestamp 1785827649807 with initial instances count: 5
2026-08-04T14:14:09.940+07:00  INFO [post-service,,] 33188 --- [post-service] [main] [                                                 ] o.s.c.n.e.s.EurekaServiceRegistry        : Registering application POST-SERVICE with eureka with status UP
2026-08-04T14:14:09.946+07:00  INFO [post-service,,] 33188 --- [post-service] [main] [                                                 ] com.netflix.discovery.DiscoveryClient    : Saw local status change event StatusChangeEvent [timestamp=1785827649946, current=UP, previous=STARTING]
2026-08-04T14:14:09.956+07:00  INFO [post-service,,] 33188 --- [post-service] [DiscoveryClient-InstanceInfoReplicator-%d] [                                                 ] com.netflix.discovery.DiscoveryClient    : DiscoveryClient_POST-SERVICE/LAPTOP-4K64MGNI:post-service:8082: registering service...
2026-08-04T14:14:10.129+07:00  INFO [post-service,,] 33188 --- [post-service] [main] [                                                 ] o.s.b.w.embedded.tomcat.TomcatWebServer  : Tomcat started on port 8082 (http) with context path '/'
2026-08-04T14:14:10.133+07:00  INFO [post-service,,] 33188 --- [post-service] [main] [                                                 ] .s.c.n.e.s.EurekaAutoServiceRegistration : Updating port to 8082
2026-08-04T14:14:10.279+07:00  INFO [post-service,,] 33188 --- [post-service] [DiscoveryClient-InstanceInfoReplicator-%d] [                                                 ] com.netflix.discovery.DiscoveryClient    : DiscoveryClient_POST-SERVICE/LAPTOP-4K64MGNI:post-service:8082 - registration status: 204
2026-08-04T14:14:12.243+07:00  INFO [post-service,,] 33188 --- [post-service] [main] [                                                 ] o.s.a.r.c.CachingConnectionFactory       : Attempting to connect to: [localhost:5672]
2026-08-04T14:14:12.594+07:00  INFO [post-service,,] 33188 --- [post-service] [http-nio-8082-exec-3] [                                                 ] o.a.c.c.C.[Tomcat].[localhost].[/]       : Initializing Spring DispatcherServlet 'dispatcherServlet'
2026-08-04T14:14:12.596+07:00  INFO [post-service,,] 33188 --- [post-service] [http-nio-8082-exec-3] [                                                 ] o.s.web.servlet.DispatcherServlet        : Initializing Servlet 'dispatcherServlet'
2026-08-04T14:14:12.605+07:00  INFO [post-service,,] 33188 --- [post-service] [http-nio-8082-exec-3] [                                                 ] o.s.web.servlet.DispatcherServlet        : Completed initialization in 8 ms
2026-08-04T14:14:12.760+07:00  INFO [post-service,,] 33188 --- [post-service] [main] [                                                 ] o.s.a.r.c.CachingConnectionFactory       : Created new connection: rabbitConnectionFactory#7cc7a0ca:0/SimpleConnection@30845b6d [delegate=amqp://guest@127.0.0.1:5672/, localPort=50953]
2026-08-04T14:14:17.904+07:00  INFO [post-service,,] 33188 --- [post-service] [main] [                                                 ] c.n.Social_media.PostServiceApplication  : Started PostServiceApplication in 302.311 seconds (process running for 322.93)
2026-08-04T14:19:12.725+07:00  INFO [post-service,,] 33188 --- [post-service] [AsyncResolver-bootstrap-executor-%d] [                                                 ] c.n.d.s.r.aws.ConfigClusterResolver      : Resolving eureka endpoints via configuration
2026-08-04T14:20:31.518+07:00  WARN [post-service,,] 33188 --- [post-service] [DiscoveryClient-%d] [                                                 ] c.netflix.discovery.TimedSupervisorTask  : task supervisor timed out

java.util.concurrent.TimeoutException: null
	at java.base/java.util.concurrent.FutureTask.get(FutureTask.java:204) ~[na:na]
	at com.netflix.discovery.TimedSupervisorTask.run(TimedSupervisorTask.java:65) ~[eureka-client-2.0.4.jar:2.0.4]
	at java.base/java.util.concurrent.Executors$RunnableAdapter.call(Executors.java:539) ~[na:na]
	at java.base/java.util.concurrent.FutureTask.run(FutureTask.java:264) ~[na:na]
	at java.base/java.util.concurrent.ScheduledThreadPoolExecutor$ScheduledFutureTask.run(ScheduledThreadPoolExecutor.java:304) ~[na:na]
	at java.base/java.util.concurrent.ThreadPoolExecutor.runWorker(ThreadPoolExecutor.java:1136) ~[na:na]
	at java.base/java.util.concurrent.ThreadPoolExecutor$Worker.run(ThreadPoolExecutor.java:635) ~[na:na]
	at java.base/java.lang.Thread.run(Thread.java:842) ~[na:na]

2026-08-04T14:20:31.519+07:00  WARN [post-service,,] 33188 --- [post-service] [DiscoveryClient-%d] [                                                 ] c.netflix.discovery.TimedSupervisorTask  : task supervisor timed out

java.util.concurrent.TimeoutException: null
	at java.base/java.util.concurrent.FutureTask.get(FutureTask.java:204) ~[na:na]
	at com.netflix.discovery.TimedSupervisorTask.run(TimedSupervisorTask.java:65) ~[eureka-client-2.0.4.jar:2.0.4]
	at java.base/java.util.concurrent.Executors$RunnableAdapter.call(Executors.java:539) ~[na:na]
	at java.base/java.util.concurrent.FutureTask.run(FutureTask.java:264) ~[na:na]
	at java.base/java.util.concurrent.ScheduledThreadPoolExecutor$ScheduledFutureTask.run(ScheduledThreadPoolExecutor.java:304) ~[na:na]
	at java.base/java.util.concurrent.ThreadPoolExecutor.runWorker(ThreadPoolExecutor.java:1136) ~[na:na]
	at java.base/java.util.concurrent.ThreadPoolExecutor$Worker.run(ThreadPoolExecutor.java:635) ~[na:na]
	at java.base/java.lang.Thread.run(Thread.java:842) ~[na:na]

2026-08-04T14:24:12.902+07:00  INFO [post-service,,] 33188 --- [post-service] [AsyncResolver-bootstrap-executor-%d] [                                                 ] c.n.d.s.r.aws.ConfigClusterResolver      : Resolving eureka endpoints via configuration
2026-08-04T14:38:19.856+07:00  INFO [post-service,,] 97084 --- [post-service] [main] [                                                 ] c.n.Social_media.PostServiceApplication  : Starting PostServiceApplication using Java 17.0.9 with PID 97084 (D:\Projects\Social-media\backend\post-service\target\classes started by BANG in D:\Projects\Social-media\backend\post-service)
2026-08-04T14:38:19.890+07:00  INFO [post-service,,] 97084 --- [post-service] [main] [                                                 ] c.n.Social_media.PostServiceApplication  : No active profile set, falling back to 1 default profile: "default"
2026-08-04T14:38:21.560+07:00  INFO [post-service,,] 97084 --- [post-service] [main] [                                                 ] .s.d.r.c.RepositoryConfigurationDelegate : Bootstrapping Spring Data JPA repositories in DEFAULT mode.
2026-08-04T14:38:21.815+07:00  INFO [post-service,,] 97084 --- [post-service] [main] [                                                 ] .s.d.r.c.RepositoryConfigurationDelegate : Finished Spring Data repository scanning in 242 ms. Found 3 JPA repository interfaces.
2026-08-04T14:38:22.286+07:00  INFO [post-service,,] 97084 --- [post-service] [main] [                                                 ] o.s.cloud.context.scope.GenericScope     : BeanFactory id=da11592f-4fd3-3c28-ab75-ad83a3b6f119
2026-08-04T14:38:23.355+07:00  INFO [post-service,,] 97084 --- [post-service] [main] [                                                 ] o.s.b.w.embedded.tomcat.TomcatWebServer  : Tomcat initialized with port 8082 (http)
2026-08-04T14:38:23.376+07:00  INFO [post-service,,] 97084 --- [post-service] [main] [                                                 ] o.apache.catalina.core.StandardService   : Starting service [Tomcat]
2026-08-04T14:38:23.377+07:00  INFO [post-service,,] 97084 --- [post-service] [main] [                                                 ] o.apache.catalina.core.StandardEngine    : Starting Servlet engine: [Apache Tomcat/10.1.42]
2026-08-04T14:38:23.557+07:00  INFO [post-service,,] 97084 --- [post-service] [main] [                                                 ] o.a.c.c.C.[Tomcat].[localhost].[/]       : Initializing Spring embedded WebApplicationContext
2026-08-04T14:38:23.559+07:00  INFO [post-service,,] 97084 --- [post-service] [main] [                                                 ] w.s.c.ServletWebServerApplicationContext : Root WebApplicationContext: initialization completed in 3574 ms
2026-08-04T14:38:24.568+07:00  INFO [post-service,,] 97084 --- [post-service] [main] [                                                 ] o.hibernate.jpa.internal.util.LogHelper  : HHH000204: Processing PersistenceUnitInfo [name: default]
2026-08-04T14:38:24.641+07:00  INFO [post-service,,] 97084 --- [post-service] [main] [                                                 ] org.hibernate.Version                    : HHH000412: Hibernate ORM core version 6.5.3.Final
2026-08-04T14:38:24.691+07:00  INFO [post-service,,] 97084 --- [post-service] [main] [                                                 ] o.h.c.internal.RegionFactoryInitiator    : HHH000026: Second-level cache disabled
2026-08-04T14:38:25.090+07:00  INFO [post-service,,] 97084 --- [post-service] [main] [                                                 ] o.s.o.j.p.SpringPersistenceUnitInfo      : No LoadTimeWeaver setup: ignoring JPA class transformer
2026-08-04T14:38:25.142+07:00  INFO [post-service,,] 97084 --- [post-service] [main] [                                                 ] com.zaxxer.hikari.HikariDataSource       : HikariPool-1 - Starting...
2026-08-04T14:38:25.430+07:00  INFO [post-service,,] 97084 --- [post-service] [main] [                                                 ] com.zaxxer.hikari.pool.HikariPool        : HikariPool-1 - Added connection org.postgresql.jdbc.PgConnection@65880400
2026-08-04T14:38:25.434+07:00  INFO [post-service,,] 97084 --- [post-service] [main] [                                                 ] com.zaxxer.hikari.HikariDataSource       : HikariPool-1 - Start completed.
2026-08-04T14:38:25.484+07:00  WARN [post-service,,] 97084 --- [post-service] [main] [                                                 ] org.hibernate.orm.deprecation            : HHH90000025: PostgreSQLDialect does not need to be specified explicitly using 'hibernate.dialect' (remove the property setting and it will be selected by default)
2026-08-04T14:38:26.905+07:00  INFO [post-service,,] 97084 --- [post-service] [main] [                                                 ] o.h.e.t.j.p.i.JtaPlatformInitiator       : HHH000489: No JTA platform available (set 'hibernate.transaction.jta.platform' to enable JTA platform integration)
2026-08-04T14:38:27.236+07:00  INFO [post-service,,] 97084 --- [post-service] [main] [                                                 ] j.LocalContainerEntityManagerFactoryBean : Initialized JPA EntityManagerFactory for persistence unit 'default'
2026-08-04T14:38:27.754+07:00  INFO [post-service,,] 97084 --- [post-service] [main] [                                                 ] o.s.d.j.r.query.QueryEnhancerFactory     : Hibernate is in classpath; If applicable, HQL parser will be used.
2026-08-04T14:38:28.362+07:00  WARN [post-service,,] 97084 --- [post-service] [main] [                                                 ] JpaBaseConfiguration$JpaWebConfiguration : spring.jpa.open-in-view is enabled by default. Therefore, database queries may be performed during view rendering. Explicitly configure spring.jpa.open-in-view to disable this warning
2026-08-04T14:38:28.844+07:00  INFO [post-service,,] 97084 --- [post-service] [main] [                                                 ] o.s.c.openfeign.FeignClientFactoryBean   : For 'group-service' URL not provided. Will try picking an instance via load-balancing.
2026-08-04T14:38:29.050+07:00  INFO [post-service,,] 97084 --- [post-service] [main] [                                                 ] o.s.c.openfeign.FeignClientFactoryBean   : For 'interaction-service' URL not provided. Will try picking an instance via load-balancing.
2026-08-04T14:38:29.106+07:00  INFO [post-service,,] 97084 --- [post-service] [main] [                                                 ] o.s.c.openfeign.FeignClientFactoryBean   : For 'user-service' URL not provided. Will try picking an instance via load-balancing.
2026-08-04T14:38:31.636+07:00  INFO [post-service,,] 97084 --- [post-service] [main] [                                                 ] DiscoveryClientOptionalArgsConfiguration : Eureka HTTP Client uses RestTemplate.
2026-08-04T14:38:31.765+07:00  WARN [post-service,,] 97084 --- [post-service] [main] [                                                 ] iguration$LoadBalancerCaffeineWarnLogger : Spring Cloud LoadBalancer is currently working with the default cache. While this cache implementation is useful for development and tests, it's recommended to use Caffeine cache in production.You can switch to using Caffeine cache, by adding it and org.springframework.cache.caffeine.CaffeineCacheManager to the classpath.
2026-08-04T14:38:31.812+07:00  INFO [post-service,,] 97084 --- [post-service] [main] [                                                 ] o.s.b.a.e.web.EndpointLinksResolver      : Exposing 5 endpoints beneath base path '/actuator'
2026-08-04T14:38:32.025+07:00  INFO [post-service,,] 97084 --- [post-service] [main] [                                                 ] o.s.c.n.eureka.InstanceInfoFactory       : Setting initial instance status as: STARTING
2026-08-04T14:38:32.070+07:00  INFO [post-service,,] 97084 --- [post-service] [main] [                                                 ] com.netflix.discovery.DiscoveryClient    : Initializing Eureka in region us-east-1
2026-08-04T14:38:32.078+07:00  INFO [post-service,,] 97084 --- [post-service] [main] [                                                 ] c.n.d.s.r.aws.ConfigClusterResolver      : Resolving eureka endpoints via configuration
2026-08-04T14:38:32.096+07:00  INFO [post-service,,] 97084 --- [post-service] [main] [                                                 ] com.netflix.discovery.DiscoveryClient    : Disable delta property : false
2026-08-04T14:38:32.098+07:00  INFO [post-service,,] 97084 --- [post-service] [main] [                                                 ] com.netflix.discovery.DiscoveryClient    : Single vip registry refresh property : null
2026-08-04T14:38:32.099+07:00  INFO [post-service,,] 97084 --- [post-service] [main] [                                                 ] com.netflix.discovery.DiscoveryClient    : Force full registry fetch : false
2026-08-04T14:38:32.100+07:00  INFO [post-service,,] 97084 --- [post-service] [main] [                                                 ] com.netflix.discovery.DiscoveryClient    : Application is null : false
2026-08-04T14:38:32.100+07:00  INFO [post-service,,] 97084 --- [post-service] [main] [                                                 ] com.netflix.discovery.DiscoveryClient    : Registered Applications size is zero : true
2026-08-04T14:38:32.101+07:00  INFO [post-service,,] 97084 --- [post-service] [main] [                                                 ] com.netflix.discovery.DiscoveryClient    : Application version is -1: true
2026-08-04T14:38:32.101+07:00  INFO [post-service,,] 97084 --- [post-service] [main] [                                                 ] com.netflix.discovery.DiscoveryClient    : Getting all instance registry info from the eureka server
2026-08-04T14:38:32.596+07:00  INFO [post-service,,] 97084 --- [post-service] [main] [                                                 ] com.netflix.discovery.DiscoveryClient    : The response status is 200
2026-08-04T14:38:32.602+07:00  INFO [post-service,,] 97084 --- [post-service] [main] [                                                 ] com.netflix.discovery.DiscoveryClient    : Starting heartbeat executor: renew interval is: 30
2026-08-04T14:38:32.607+07:00  INFO [post-service,,] 97084 --- [post-service] [main] [                                                 ] c.n.discovery.InstanceInfoReplicator     : InstanceInfoReplicator onDemand update allowed rate per min is 4
2026-08-04T14:38:32.618+07:00  INFO [post-service,,] 97084 --- [post-service] [main] [                                                 ] com.netflix.discovery.DiscoveryClient    : Discovery Client initialized at timestamp 1785829112613 with initial instances count: 2
2026-08-04T14:38:32.638+07:00  INFO [post-service,,] 97084 --- [post-service] [main] [                                                 ] o.s.c.n.e.s.EurekaServiceRegistry        : Registering application POST-SERVICE with eureka with status UP
2026-08-04T14:38:32.640+07:00  INFO [post-service,,] 97084 --- [post-service] [main] [                                                 ] com.netflix.discovery.DiscoveryClient    : Saw local status change event StatusChangeEvent [timestamp=1785829112640, current=UP, previous=STARTING]
2026-08-04T14:38:32.642+07:00  INFO [post-service,,] 97084 --- [post-service] [DiscoveryClient-InstanceInfoReplicator-%d] [                                                 ] com.netflix.discovery.DiscoveryClient    : DiscoveryClient_POST-SERVICE/LAPTOP-4K64MGNI:post-service:8082: registering service...
2026-08-04T14:38:32.676+07:00  INFO [post-service,,] 97084 --- [post-service] [main] [                                                 ] o.s.b.w.embedded.tomcat.TomcatWebServer  : Tomcat started on port 8082 (http) with context path '/'
2026-08-04T14:38:32.678+07:00  INFO [post-service,,] 97084 --- [post-service] [main] [                                                 ] .s.c.n.e.s.EurekaAutoServiceRegistration : Updating port to 8082
2026-08-04T14:38:32.697+07:00  INFO [post-service,,] 97084 --- [post-service] [DiscoveryClient-InstanceInfoReplicator-%d] [                                                 ] com.netflix.discovery.DiscoveryClient    : DiscoveryClient_POST-SERVICE/LAPTOP-4K64MGNI:post-service:8082 - registration status: 204
2026-08-04T14:38:32.957+07:00  INFO [post-service,,] 97084 --- [post-service] [main] [                                                 ] o.s.a.r.c.CachingConnectionFactory       : Attempting to connect to: [localhost:5672]
2026-08-04T14:38:33.076+07:00  INFO [post-service,,] 97084 --- [post-service] [main] [                                                 ] o.s.a.r.c.CachingConnectionFactory       : Created new connection: rabbitConnectionFactory#4d6f8691:0/SimpleConnection@660da0d7 [delegate=amqp://guest@127.0.0.1:5672/, localPort=64279]
2026-08-04T14:38:33.218+07:00  INFO [post-service,,] 97084 --- [post-service] [main] [                                                 ] c.n.Social_media.PostServiceApplication  : Started PostServiceApplication in 14.331 seconds (process running for 14.935)
2026-08-04T14:38:35.890+07:00  INFO [post-service,,] 97084 --- [post-service] [http-nio-8082-exec-1] [                                                 ] o.a.c.c.C.[Tomcat].[localhost].[/]       : Initializing Spring DispatcherServlet 'dispatcherServlet'
2026-08-04T14:38:35.891+07:00  INFO [post-service,,] 97084 --- [post-service] [http-nio-8082-exec-1] [                                                 ] o.s.web.servlet.DispatcherServlet        : Initializing Servlet 'dispatcherServlet'
2026-08-04T14:38:35.896+07:00  INFO [post-service,,] 97084 --- [post-service] [http-nio-8082-exec-1] [                                                 ] o.s.web.servlet.DispatcherServlet        : Completed initialization in 5 ms
2026-08-04T14:43:32.126+07:00  INFO [post-service,,] 97084 --- [post-service] [AsyncResolver-bootstrap-executor-%d] [                                                 ] c.n.d.s.r.aws.ConfigClusterResolver      : Resolving eureka endpoints via configuration
2026-08-04T14:48:32.139+07:00  INFO [post-service,,] 97084 --- [post-service] [AsyncResolver-bootstrap-executor-%d] [                                                 ] c.n.d.s.r.aws.ConfigClusterResolver      : Resolving eureka endpoints via configuration
2026-08-04T14:53:32.159+07:00  INFO [post-service,,] 97084 --- [post-service] [AsyncResolver-bootstrap-executor-%d] [                                                 ] c.n.d.s.r.aws.ConfigClusterResolver      : Resolving eureka endpoints via configuration
2026-08-04T14:57:54.927+07:00 ERROR [post-service,,] 97084 --- [post-service] [OkHttp http://localhost:4319/...] [                                                 ] i.o.exporter.internal.http.HttpExporter  : Failed to export spans. The request could not be executed. Full error message: timeout

java.io.InterruptedIOException: timeout
	at okhttp3.internal.connection.RealCall.timeoutExit(RealCall.kt:398) ~[okhttp-4.12.0.jar:na]
	at okhttp3.internal.connection.RealCall.callDone(RealCall.kt:360) ~[okhttp-4.12.0.jar:na]
	at okhttp3.internal.connection.RealCall.noMoreExchanges$okhttp(RealCall.kt:325) ~[okhttp-4.12.0.jar:na]
	at okhttp3.internal.connection.RealCall.getResponseWithInterceptorChain$okhttp(RealCall.kt:209) ~[okhttp-4.12.0.jar:na]
	at okhttp3.internal.connection.RealCall$AsyncCall.run(RealCall.kt:517) ~[okhttp-4.12.0.jar:na]
	at java.base/java.util.concurrent.ThreadPoolExecutor.runWorker(ThreadPoolExecutor.java:1136) ~[na:na]
	at java.base/java.util.concurrent.ThreadPoolExecutor$Worker.run(ThreadPoolExecutor.java:635) ~[na:na]
	at java.base/java.lang.Thread.run(Thread.java:842) ~[na:na]
Caused by: java.io.IOException: Canceled
	at okhttp3.internal.http.RetryAndFollowUpInterceptor.intercept(RetryAndFollowUpInterceptor.kt:72) ~[okhttp-4.12.0.jar:na]
	at okhttp3.internal.http.RealInterceptorChain.proceed(RealInterceptorChain.kt:109) ~[okhttp-4.12.0.jar:na]
	at okhttp3.internal.connection.RealCall.getResponseWithInterceptorChain$okhttp(RealCall.kt:201) ~[okhttp-4.12.0.jar:na]
	... 4 common frames omitted

2026-08-04T14:58:11.744+07:00 ERROR [post-service,,] 97084 --- [post-service] [OkHttp http://localhost:4319/...] [                                                 ] i.o.exporter.internal.http.HttpExporter  : Failed to export spans. The request could not be executed. Full error message: timeout

java.io.InterruptedIOException: timeout
	at okhttp3.internal.connection.RealCall.timeoutExit(RealCall.kt:398) ~[okhttp-4.12.0.jar:na]
	at okhttp3.internal.connection.RealCall.callDone(RealCall.kt:360) ~[okhttp-4.12.0.jar:na]
	at okhttp3.internal.connection.RealCall.noMoreExchanges$okhttp(RealCall.kt:325) ~[okhttp-4.12.0.jar:na]
	at okhttp3.internal.connection.RealCall.getResponseWithInterceptorChain$okhttp(RealCall.kt:209) ~[okhttp-4.12.0.jar:na]
	at okhttp3.internal.connection.RealCall$AsyncCall.run(RealCall.kt:517) ~[okhttp-4.12.0.jar:na]
	at java.base/java.util.concurrent.ThreadPoolExecutor.runWorker(ThreadPoolExecutor.java:1136) ~[na:na]
	at java.base/java.util.concurrent.ThreadPoolExecutor$Worker.run(ThreadPoolExecutor.java:635) ~[na:na]
	at java.base/java.lang.Thread.run(Thread.java:842) ~[na:na]
Caused by: java.io.IOException: Canceled
	at okhttp3.internal.http.RetryAndFollowUpInterceptor.intercept(RetryAndFollowUpInterceptor.kt:72) ~[okhttp-4.12.0.jar:na]
	at okhttp3.internal.http.RealInterceptorChain.proceed(RealInterceptorChain.kt:109) ~[okhttp-4.12.0.jar:na]
	at okhttp3.internal.connection.RealCall.getResponseWithInterceptorChain$okhttp(RealCall.kt:201) ~[okhttp-4.12.0.jar:na]
	... 4 common frames omitted

2026-08-04T14:58:32.482+07:00  INFO [post-service,,] 97084 --- [post-service] [AsyncResolver-bootstrap-executor-%d] [                                                 ] c.n.d.s.r.aws.ConfigClusterResolver      : Resolving eureka endpoints via configuration
2026-08-04T15:03:32.866+07:00  INFO [post-service,,] 97084 --- [post-service] [AsyncResolver-bootstrap-executor-%d] [                                                 ] c.n.d.s.r.aws.ConfigClusterResolver      : Resolving eureka endpoints via configuration
2026-08-04T15:08:33.489+07:00  INFO [post-service,,] 97084 --- [post-service] [AsyncResolver-bootstrap-executor-%d] [                                                 ] c.n.d.s.r.aws.ConfigClusterResolver      : Resolving eureka endpoints via configuration
2026-08-04T15:11:17.628+07:00 ERROR [post-service,,] 97084 --- [post-service] [OkHttp http://localhost:4319/...] [                                                 ] i.o.exporter.internal.http.HttpExporter  : Failed to export spans. The request could not be executed. Full error message: timeout

java.io.InterruptedIOException: timeout
	at okhttp3.internal.connection.RealCall.timeoutExit(RealCall.kt:398) ~[okhttp-4.12.0.jar:na]
	at okhttp3.internal.connection.RealCall.callDone(RealCall.kt:360) ~[okhttp-4.12.0.jar:na]
	at okhttp3.internal.connection.RealCall.noMoreExchanges$okhttp(RealCall.kt:325) ~[okhttp-4.12.0.jar:na]
	at okhttp3.internal.connection.RealCall.getResponseWithInterceptorChain$okhttp(RealCall.kt:209) ~[okhttp-4.12.0.jar:na]
	at okhttp3.internal.connection.RealCall$AsyncCall.run(RealCall.kt:517) ~[okhttp-4.12.0.jar:na]
	at java.base/java.util.concurrent.ThreadPoolExecutor.runWorker(ThreadPoolExecutor.java:1136) ~[na:na]
	at java.base/java.util.concurrent.ThreadPoolExecutor$Worker.run(ThreadPoolExecutor.java:635) ~[na:na]
	at java.base/java.lang.Thread.run(Thread.java:842) ~[na:na]
Caused by: java.net.SocketTimeoutException: timeout
	at okio.SocketAsyncTimeout.newTimeoutException(JvmOkio.kt:146) ~[okio-jvm-3.6.0.jar:na]
	at okio.AsyncTimeout.access$newTimeoutException(AsyncTimeout.kt:161) ~[okio-jvm-3.6.0.jar:na]
	at okio.AsyncTimeout$source$1.read(AsyncTimeout.kt:339) ~[okio-jvm-3.6.0.jar:na]
	at okio.RealBufferedSource.indexOf(RealBufferedSource.kt:430) ~[okio-jvm-3.6.0.jar:na]
	at okio.RealBufferedSource.readUtf8LineStrict(RealBufferedSource.kt:323) ~[okio-jvm-3.6.0.jar:na]
	at okhttp3.internal.http1.HeadersReader.readLine(HeadersReader.kt:29) ~[okhttp-4.12.0.jar:na]
	at okhttp3.internal.http1.Http1ExchangeCodec.readResponseHeaders(Http1ExchangeCodec.kt:180) ~[okhttp-4.12.0.jar:na]
	at okhttp3.internal.connection.Exchange.readResponseHeaders(Exchange.kt:110) ~[okhttp-4.12.0.jar:na]
	at okhttp3.internal.http.CallServerInterceptor.intercept(CallServerInterceptor.kt:93) ~[okhttp-4.12.0.jar:na]
	at okhttp3.internal.http.RealInterceptorChain.proceed(RealInterceptorChain.kt:109) ~[okhttp-4.12.0.jar:na]
	at okhttp3.internal.connection.ConnectInterceptor.intercept(ConnectInterceptor.kt:34) ~[okhttp-4.12.0.jar:na]
	at okhttp3.internal.http.RealInterceptorChain.proceed(RealInterceptorChain.kt:109) ~[okhttp-4.12.0.jar:na]
	at okhttp3.internal.cache.CacheInterceptor.intercept(CacheInterceptor.kt:95) ~[okhttp-4.12.0.jar:na]
	at okhttp3.internal.http.RealInterceptorChain.proceed(RealInterceptorChain.kt:109) ~[okhttp-4.12.0.jar:na]
	at okhttp3.internal.http.BridgeInterceptor.intercept(BridgeInterceptor.kt:83) ~[okhttp-4.12.0.jar:na]
	at okhttp3.internal.http.RealInterceptorChain.proceed(RealInterceptorChain.kt:109) ~[okhttp-4.12.0.jar:na]
	at okhttp3.internal.http.RetryAndFollowUpInterceptor.intercept(RetryAndFollowUpInterceptor.kt:76) ~[okhttp-4.12.0.jar:na]
	at okhttp3.internal.http.RealInterceptorChain.proceed(RealInterceptorChain.kt:109) ~[okhttp-4.12.0.jar:na]
	at okhttp3.internal.connection.RealCall.getResponseWithInterceptorChain$okhttp(RealCall.kt:201) ~[okhttp-4.12.0.jar:na]
	... 4 common frames omitted
Caused by: java.net.SocketException: Socket closed
	at java.base/sun.nio.ch.NioSocketImpl.endRead(NioSocketImpl.java:253) ~[na:na]
	at java.base/sun.nio.ch.NioSocketImpl.implRead(NioSocketImpl.java:332) ~[na:na]
	at java.base/sun.nio.ch.NioSocketImpl.read(NioSocketImpl.java:355) ~[na:na]
	at java.base/sun.nio.ch.NioSocketImpl$1.read(NioSocketImpl.java:808) ~[na:na]
	at java.base/java.net.Socket$SocketInputStream.read(Socket.java:966) ~[na:na]
	at okio.InputStreamSource.read(JvmOkio.kt:93) ~[okio-jvm-3.6.0.jar:na]
	at okio.AsyncTimeout$source$1.read(AsyncTimeout.kt:128) ~[okio-jvm-3.6.0.jar:na]
	... 20 common frames omitted

2026-08-04T15:13:33.926+07:00  INFO [post-service,,] 97084 --- [post-service] [AsyncResolver-bootstrap-executor-%d] [                                                 ] c.n.d.s.r.aws.ConfigClusterResolver      : Resolving eureka endpoints via configuration
2026-08-04T15:18:34.650+07:00  INFO [post-service,,] 97084 --- [post-service] [AsyncResolver-bootstrap-executor-%d] [                                                 ] c.n.d.s.r.aws.ConfigClusterResolver      : Resolving eureka endpoints via configuration
2026-08-04T15:19:00.101+07:00 ERROR [post-service,,] 97084 --- [post-service] [OkHttp http://localhost:4319/...] [                                                 ] i.o.exporter.internal.http.HttpExporter  : Failed to export spans. The request could not be executed. Full error message: Read timed out

java.net.SocketTimeoutException: Read timed out
	at java.base/sun.nio.ch.NioSocketImpl.timedRead(NioSocketImpl.java:288) ~[na:na]
	at java.base/sun.nio.ch.NioSocketImpl.implRead(NioSocketImpl.java:314) ~[na:na]
	at java.base/sun.nio.ch.NioSocketImpl.read(NioSocketImpl.java:355) ~[na:na]
	at java.base/sun.nio.ch.NioSocketImpl$1.read(NioSocketImpl.java:808) ~[na:na]
	at java.base/java.net.Socket$SocketInputStream.read(Socket.java:966) ~[na:na]
	at okio.InputStreamSource.read(JvmOkio.kt:93) ~[okio-jvm-3.6.0.jar:na]
	at okio.AsyncTimeout$source$1.read(AsyncTimeout.kt:128) ~[okio-jvm-3.6.0.jar:na]
	at okio.RealBufferedSource.indexOf(RealBufferedSource.kt:430) ~[okio-jvm-3.6.0.jar:na]
	at okio.RealBufferedSource.readUtf8LineStrict(RealBufferedSource.kt:323) ~[okio-jvm-3.6.0.jar:na]
	at okhttp3.internal.http1.HeadersReader.readLine(HeadersReader.kt:29) ~[okhttp-4.12.0.jar:na]
	at okhttp3.internal.http1.Http1ExchangeCodec.readResponseHeaders(Http1ExchangeCodec.kt:180) ~[okhttp-4.12.0.jar:na]
	at okhttp3.internal.connection.Exchange.readResponseHeaders(Exchange.kt:110) ~[okhttp-4.12.0.jar:na]
	at okhttp3.internal.http.CallServerInterceptor.intercept(CallServerInterceptor.kt:93) ~[okhttp-4.12.0.jar:na]
	at okhttp3.internal.http.RealInterceptorChain.proceed(RealInterceptorChain.kt:109) ~[okhttp-4.12.0.jar:na]
	at okhttp3.internal.connection.ConnectInterceptor.intercept(ConnectInterceptor.kt:34) ~[okhttp-4.12.0.jar:na]
	at okhttp3.internal.http.RealInterceptorChain.proceed(RealInterceptorChain.kt:109) ~[okhttp-4.12.0.jar:na]
	at okhttp3.internal.cache.CacheInterceptor.intercept(CacheInterceptor.kt:95) ~[okhttp-4.12.0.jar:na]
	at okhttp3.internal.http.RealInterceptorChain.proceed(RealInterceptorChain.kt:109) ~[okhttp-4.12.0.jar:na]
	at okhttp3.internal.http.BridgeInterceptor.intercept(BridgeInterceptor.kt:83) ~[okhttp-4.12.0.jar:na]
	at okhttp3.internal.http.RealInterceptorChain.proceed(RealInterceptorChain.kt:109) ~[okhttp-4.12.0.jar:na]
	at okhttp3.internal.http.RetryAndFollowUpInterceptor.intercept(RetryAndFollowUpInterceptor.kt:76) ~[okhttp-4.12.0.jar:na]
	at okhttp3.internal.http.RealInterceptorChain.proceed(RealInterceptorChain.kt:109) ~[okhttp-4.12.0.jar:na]
	at okhttp3.internal.connection.RealCall.getResponseWithInterceptorChain$okhttp(RealCall.kt:201) ~[okhttp-4.12.0.jar:na]
	at okhttp3.internal.connection.RealCall$AsyncCall.run(RealCall.kt:517) ~[okhttp-4.12.0.jar:na]
	at java.base/java.util.concurrent.ThreadPoolExecutor.runWorker(ThreadPoolExecutor.java:1136) ~[na:na]
	at java.base/java.util.concurrent.ThreadPoolExecutor$Worker.run(ThreadPoolExecutor.java:635) ~[na:na]
	at java.base/java.lang.Thread.run(Thread.java:842) ~[na:na]

2026-08-04T15:23:02.568+07:00 ERROR [post-service,,] 97084 --- [post-service] [OkHttp http://localhost:4319/...] [                                                 ] i.o.exporter.internal.http.HttpExporter  : Failed to export spans. The request could not be executed. Full error message: timeout

java.io.InterruptedIOException: timeout
	at okhttp3.internal.connection.RealCall.timeoutExit(RealCall.kt:398) ~[okhttp-4.12.0.jar:na]
	at okhttp3.internal.connection.RealCall.callDone(RealCall.kt:360) ~[okhttp-4.12.0.jar:na]
	at okhttp3.internal.connection.RealCall.noMoreExchanges$okhttp(RealCall.kt:325) ~[okhttp-4.12.0.jar:na]
	at okhttp3.internal.connection.RealCall.getResponseWithInterceptorChain$okhttp(RealCall.kt:209) ~[okhttp-4.12.0.jar:na]
	at okhttp3.internal.connection.RealCall$AsyncCall.run(RealCall.kt:517) ~[okhttp-4.12.0.jar:na]
	at java.base/java.util.concurrent.ThreadPoolExecutor.runWorker(ThreadPoolExecutor.java:1136) ~[na:na]
	at java.base/java.util.concurrent.ThreadPoolExecutor$Worker.run(ThreadPoolExecutor.java:635) ~[na:na]
	at java.base/java.lang.Thread.run(Thread.java:842) ~[na:na]
Caused by: java.net.SocketTimeoutException: timeout
	at okio.SocketAsyncTimeout.newTimeoutException(JvmOkio.kt:146) ~[okio-jvm-3.6.0.jar:na]
	at okio.AsyncTimeout.access$newTimeoutException(AsyncTimeout.kt:161) ~[okio-jvm-3.6.0.jar:na]
	at okio.AsyncTimeout$source$1.read(AsyncTimeout.kt:339) ~[okio-jvm-3.6.0.jar:na]
	at okio.RealBufferedSource.indexOf(RealBufferedSource.kt:430) ~[okio-jvm-3.6.0.jar:na]
	at okio.RealBufferedSource.readUtf8LineStrict(RealBufferedSource.kt:323) ~[okio-jvm-3.6.0.jar:na]
	at okhttp3.internal.http1.HeadersReader.readLine(HeadersReader.kt:29) ~[okhttp-4.12.0.jar:na]
	at okhttp3.internal.http1.Http1ExchangeCodec.readResponseHeaders(Http1ExchangeCodec.kt:180) ~[okhttp-4.12.0.jar:na]
	at okhttp3.internal.connection.Exchange.readResponseHeaders(Exchange.kt:110) ~[okhttp-4.12.0.jar:na]
	at okhttp3.internal.http.CallServerInterceptor.intercept(CallServerInterceptor.kt:93) ~[okhttp-4.12.0.jar:na]
	at okhttp3.internal.http.RealInterceptorChain.proceed(RealInterceptorChain.kt:109) ~[okhttp-4.12.0.jar:na]
	at okhttp3.internal.connection.ConnectInterceptor.intercept(ConnectInterceptor.kt:34) ~[okhttp-4.12.0.jar:na]
	at okhttp3.internal.http.RealInterceptorChain.proceed(RealInterceptorChain.kt:109) ~[okhttp-4.12.0.jar:na]
	at okhttp3.internal.cache.CacheInterceptor.intercept(CacheInterceptor.kt:95) ~[okhttp-4.12.0.jar:na]
	at okhttp3.internal.http.RealInterceptorChain.proceed(RealInterceptorChain.kt:109) ~[okhttp-4.12.0.jar:na]
	at okhttp3.internal.http.BridgeInterceptor.intercept(BridgeInterceptor.kt:83) ~[okhttp-4.12.0.jar:na]
	at okhttp3.internal.http.RealInterceptorChain.proceed(RealInterceptorChain.kt:109) ~[okhttp-4.12.0.jar:na]
	at okhttp3.internal.http.RetryAndFollowUpInterceptor.intercept(RetryAndFollowUpInterceptor.kt:76) ~[okhttp-4.12.0.jar:na]
	at okhttp3.internal.http.RealInterceptorChain.proceed(RealInterceptorChain.kt:109) ~[okhttp-4.12.0.jar:na]
	at okhttp3.internal.connection.RealCall.getResponseWithInterceptorChain$okhttp(RealCall.kt:201) ~[okhttp-4.12.0.jar:na]
	... 4 common frames omitted
Caused by: java.net.SocketException: Socket closed
	at java.base/sun.nio.ch.NioSocketImpl.endRead(NioSocketImpl.java:253) ~[na:na]
	at java.base/sun.nio.ch.NioSocketImpl.implRead(NioSocketImpl.java:332) ~[na:na]
	at java.base/sun.nio.ch.NioSocketImpl.read(NioSocketImpl.java:355) ~[na:na]
	at java.base/sun.nio.ch.NioSocketImpl$1.read(NioSocketImpl.java:808) ~[na:na]
	at java.base/java.net.Socket$SocketInputStream.read(Socket.java:966) ~[na:na]
	at okio.InputStreamSource.read(JvmOkio.kt:93) ~[okio-jvm-3.6.0.jar:na]
	at okio.AsyncTimeout$source$1.read(AsyncTimeout.kt:128) ~[okio-jvm-3.6.0.jar:na]
	... 20 common frames omitted

2026-08-04T15:23:31.655+07:00 ERROR [post-service,,] 97084 --- [post-service] [OkHttp http://localhost:4319/...] [                                                 ] i.o.exporter.internal.http.HttpExporter  : Failed to export spans. The request could not be executed. Full error message: Read timed out

java.net.SocketTimeoutException: Read timed out
	at java.base/sun.nio.ch.NioSocketImpl.timedRead(NioSocketImpl.java:288) ~[na:na]
	at java.base/sun.nio.ch.NioSocketImpl.implRead(NioSocketImpl.java:314) ~[na:na]
	at java.base/sun.nio.ch.NioSocketImpl.read(NioSocketImpl.java:355) ~[na:na]
	at java.base/sun.nio.ch.NioSocketImpl$1.read(NioSocketImpl.java:808) ~[na:na]
	at java.base/java.net.Socket$SocketInputStream.read(Socket.java:966) ~[na:na]
	at okio.InputStreamSource.read(JvmOkio.kt:93) ~[okio-jvm-3.6.0.jar:na]
	at okio.AsyncTimeout$source$1.read(AsyncTimeout.kt:128) ~[okio-jvm-3.6.0.jar:na]
	at okio.RealBufferedSource.indexOf(RealBufferedSource.kt:430) ~[okio-jvm-3.6.0.jar:na]
	at okio.RealBufferedSource.readUtf8LineStrict(RealBufferedSource.kt:323) ~[okio-jvm-3.6.0.jar:na]
	at okhttp3.internal.http1.HeadersReader.readLine(HeadersReader.kt:29) ~[okhttp-4.12.0.jar:na]
	at okhttp3.internal.http1.Http1ExchangeCodec.readResponseHeaders(Http1ExchangeCodec.kt:180) ~[okhttp-4.12.0.jar:na]
	at okhttp3.internal.connection.Exchange.readResponseHeaders(Exchange.kt:110) ~[okhttp-4.12.0.jar:na]
	at okhttp3.internal.http.CallServerInterceptor.intercept(CallServerInterceptor.kt:93) ~[okhttp-4.12.0.jar:na]
	at okhttp3.internal.http.RealInterceptorChain.proceed(RealInterceptorChain.kt:109) ~[okhttp-4.12.0.jar:na]
	at okhttp3.internal.connection.ConnectInterceptor.intercept(ConnectInterceptor.kt:34) ~[okhttp-4.12.0.jar:na]
	at okhttp3.internal.http.RealInterceptorChain.proceed(RealInterceptorChain.kt:109) ~[okhttp-4.12.0.jar:na]
	at okhttp3.internal.cache.CacheInterceptor.intercept(CacheInterceptor.kt:95) ~[okhttp-4.12.0.jar:na]
	at okhttp3.internal.http.RealInterceptorChain.proceed(RealInterceptorChain.kt:109) ~[okhttp-4.12.0.jar:na]
	at okhttp3.internal.http.BridgeInterceptor.intercept(BridgeInterceptor.kt:83) ~[okhttp-4.12.0.jar:na]
	at okhttp3.internal.http.RealInterceptorChain.proceed(RealInterceptorChain.kt:109) ~[okhttp-4.12.0.jar:na]
	at okhttp3.internal.http.RetryAndFollowUpInterceptor.intercept(RetryAndFollowUpInterceptor.kt:76) ~[okhttp-4.12.0.jar:na]
	at okhttp3.internal.http.RealInterceptorChain.proceed(RealInterceptorChain.kt:109) ~[okhttp-4.12.0.jar:na]
	at okhttp3.internal.connection.RealCall.getResponseWithInterceptorChain$okhttp(RealCall.kt:201) ~[okhttp-4.12.0.jar:na]
	at okhttp3.internal.connection.RealCall$AsyncCall.run(RealCall.kt:517) ~[okhttp-4.12.0.jar:na]
	at java.base/java.util.concurrent.ThreadPoolExecutor.runWorker(ThreadPoolExecutor.java:1136) ~[na:na]
	at java.base/java.util.concurrent.ThreadPoolExecutor$Worker.run(ThreadPoolExecutor.java:635) ~[na:na]
	at java.base/java.lang.Thread.run(Thread.java:842) ~[na:na]

2026-08-04T15:23:36.342+07:00  INFO [post-service,,] 97084 --- [post-service] [AsyncResolver-bootstrap-executor-%d] [                                                 ] c.n.d.s.r.aws.ConfigClusterResolver      : Resolving eureka endpoints via configuration
2026-08-04T15:23:53.812+07:00 ERROR [post-service,,] 97084 --- [post-service] [OkHttp http://localhost:4319/...] [                                                 ] i.o.exporter.internal.http.HttpExporter  : Failed to export spans. The request could not be executed. Full error message: Read timed out

java.net.SocketTimeoutException: Read timed out
	at java.base/sun.nio.ch.NioSocketImpl.timedRead(NioSocketImpl.java:288) ~[na:na]
	at java.base/sun.nio.ch.NioSocketImpl.implRead(NioSocketImpl.java:314) ~[na:na]
	at java.base/sun.nio.ch.NioSocketImpl.read(NioSocketImpl.java:355) ~[na:na]
	at java.base/sun.nio.ch.NioSocketImpl$1.read(NioSocketImpl.java:808) ~[na:na]
	at java.base/java.net.Socket$SocketInputStream.read(Socket.java:966) ~[na:na]
	at okio.InputStreamSource.read(JvmOkio.kt:93) ~[okio-jvm-3.6.0.jar:na]
	at okio.AsyncTimeout$source$1.read(AsyncTimeout.kt:128) ~[okio-jvm-3.6.0.jar:na]
	at okio.RealBufferedSource.indexOf(RealBufferedSource.kt:430) ~[okio-jvm-3.6.0.jar:na]
	at okio.RealBufferedSource.readUtf8LineStrict(RealBufferedSource.kt:323) ~[okio-jvm-3.6.0.jar:na]
	at okhttp3.internal.http1.HeadersReader.readLine(HeadersReader.kt:29) ~[okhttp-4.12.0.jar:na]
	at okhttp3.internal.http1.Http1ExchangeCodec.readResponseHeaders(Http1ExchangeCodec.kt:180) ~[okhttp-4.12.0.jar:na]
	at okhttp3.internal.connection.Exchange.readResponseHeaders(Exchange.kt:110) ~[okhttp-4.12.0.jar:na]
	at okhttp3.internal.http.CallServerInterceptor.intercept(CallServerInterceptor.kt:93) ~[okhttp-4.12.0.jar:na]
	at okhttp3.internal.http.RealInterceptorChain.proceed(RealInterceptorChain.kt:109) ~[okhttp-4.12.0.jar:na]
	at okhttp3.internal.connection.ConnectInterceptor.intercept(ConnectInterceptor.kt:34) ~[okhttp-4.12.0.jar:na]
	at okhttp3.internal.http.RealInterceptorChain.proceed(RealInterceptorChain.kt:109) ~[okhttp-4.12.0.jar:na]
	at okhttp3.internal.cache.CacheInterceptor.intercept(CacheInterceptor.kt:95) ~[okhttp-4.12.0.jar:na]
	at okhttp3.internal.http.RealInterceptorChain.proceed(RealInterceptorChain.kt:109) ~[okhttp-4.12.0.jar:na]
	at okhttp3.internal.http.BridgeInterceptor.intercept(BridgeInterceptor.kt:83) ~[okhttp-4.12.0.jar:na]
	at okhttp3.internal.http.RealInterceptorChain.proceed(RealInterceptorChain.kt:109) ~[okhttp-4.12.0.jar:na]
	at okhttp3.internal.http.RetryAndFollowUpInterceptor.intercept(RetryAndFollowUpInterceptor.kt:76) ~[okhttp-4.12.0.jar:na]
	at okhttp3.internal.http.RealInterceptorChain.proceed(RealInterceptorChain.kt:109) ~[okhttp-4.12.0.jar:na]
	at okhttp3.internal.connection.RealCall.getResponseWithInterceptorChain$okhttp(RealCall.kt:201) ~[okhttp-4.12.0.jar:na]
	at okhttp3.internal.connection.RealCall$AsyncCall.run(RealCall.kt:517) ~[okhttp-4.12.0.jar:na]
	at java.base/java.util.concurrent.ThreadPoolExecutor.runWorker(ThreadPoolExecutor.java:1136) ~[na:na]
	at java.base/java.util.concurrent.ThreadPoolExecutor$Worker.run(ThreadPoolExecutor.java:635) ~[na:na]
	at java.base/java.lang.Thread.run(Thread.java:842) ~[na:na]

2026-08-04T15:28:40.496+07:00  INFO [post-service,,] 97084 --- [post-service] [AsyncResolver-bootstrap-executor-%d] [                                                 ] c.n.d.s.r.aws.ConfigClusterResolver      : Resolving eureka endpoints via configuration
2026-08-04T15:33:40.506+07:00  INFO [post-service,,] 97084 --- [post-service] [AsyncResolver-bootstrap-executor-%d] [                                                 ] c.n.d.s.r.aws.ConfigClusterResolver      : Resolving eureka endpoints via configuration
2026-08-04T15:38:40.526+07:00  INFO [post-service,,] 97084 --- [post-service] [AsyncResolver-bootstrap-executor-%d] [                                                 ] c.n.d.s.r.aws.ConfigClusterResolver      : Resolving eureka endpoints via configuration
2026-08-04T15:41:50.494+07:00  INFO [post-service,,] 97084 --- [post-service] [SpringApplicationShutdownHook] [                                                 ] o.s.c.n.e.s.EurekaServiceRegistry        : Unregistering application POST-SERVICE with eureka with status DOWN
2026-08-04T15:41:50.540+07:00  INFO [post-service,,] 97084 --- [post-service] [SpringApplicationShutdownHook] [                                                 ] com.netflix.discovery.DiscoveryClient    : Saw local status change event StatusChangeEvent [timestamp=1785832910540, current=DOWN, previous=UP]
2026-08-04T15:41:50.572+07:00  INFO [post-service,,] 97084 --- [post-service] [DiscoveryClient-InstanceInfoReplicator-%d] [                                                 ] com.netflix.discovery.DiscoveryClient    : DiscoveryClient_POST-SERVICE/LAPTOP-4K64MGNI:post-service:8082: registering service...
2026-08-04T15:41:50.792+07:00  INFO [post-service,,] 97084 --- [post-service] [DiscoveryClient-InstanceInfoReplicator-%d] [                                                 ] c.n.d.s.t.d.RedirectingEurekaHttpClient  : Request execution error. endpoint=DefaultEndpoint{ serviceUrl='http://localhost:8761/eureka/} exception=I/O error on POST request for "http://localhost:8761/eureka/apps/POST-SERVICE": Connect to http://localhost:8761 [localhost/127.0.0.1, localhost/0:0:0:0:0:0:0:1] failed: Connection refused: no further information stacktrace=org.springframework.web.client.ResourceAccessException: I/O error on POST request for "http://localhost:8761/eureka/apps/POST-SERVICE": Connect to http://localhost:8761 [localhost/127.0.0.1, localhost/0:0:0:0:0:0:0:1] failed: Connection refused: no further information
	at org.springframework.web.client.RestTemplate.createResourceAccessException(RestTemplate.java:915)
	at org.springframework.web.client.RestTemplate.doExecute(RestTemplate.java:895)
	at org.springframework.web.client.RestTemplate.execute(RestTemplate.java:830)
	at org.springframework.web.client.RestTemplate.exchange(RestTemplate.java:691)
	at org.springframework.cloud.netflix.eureka.http.RestTemplateEurekaHttpClient.register(RestTemplateEurekaHttpClient.java:83)
	at com.netflix.discovery.shared.transport.decorator.EurekaHttpClientDecorator$1.execute(EurekaHttpClientDecorator.java:59)
	at com.netflix.discovery.shared.transport.decorator.RedirectingEurekaHttpClient.execute(RedirectingEurekaHttpClient.java:91)
	at com.netflix.discovery.shared.transport.decorator.EurekaHttpClientDecorator.register(EurekaHttpClientDecorator.java:56)
	at com.netflix.discovery.shared.transport.decorator.EurekaHttpClientDecorator$1.execute(EurekaHttpClientDecorator.java:59)
	at com.netflix.discovery.shared.transport.decorator.RetryableEurekaHttpClient.execute(RetryableEurekaHttpClient.java:120)
	at com.netflix.discovery.shared.transport.decorator.EurekaHttpClientDecorator.register(EurekaHttpClientDecorator.java:56)
	at com.netflix.discovery.shared.transport.decorator.EurekaHttpClientDecorator$1.execute(EurekaHttpClientDecorator.java:59)
	at com.netflix.discovery.shared.transport.decorator.SessionedEurekaHttpClient.execute(SessionedEurekaHttpClient.java:76)
	at com.netflix.discovery.shared.transport.decorator.EurekaHttpClientDecorator.register(EurekaHttpClientDecorator.java:56)
	at com.netflix.discovery.DiscoveryClient.register(DiscoveryClient.java:828)
	at com.netflix.discovery.InstanceInfoReplicator.run(InstanceInfoReplicator.java:125)
	at com.netflix.discovery.InstanceInfoReplicator$2.run(InstanceInfoReplicator.java:105)
	at java.base/java.util.concurrent.Executors$RunnableAdapter.call(Executors.java:539)
	at java.base/java.util.concurrent.FutureTask.run(FutureTask.java:264)
	at java.base/java.util.concurrent.ScheduledThreadPoolExecutor$ScheduledFutureTask.run(ScheduledThreadPoolExecutor.java:304)
	at java.base/java.util.concurrent.ThreadPoolExecutor.runWorker(ThreadPoolExecutor.java:1136)
	at java.base/java.util.concurrent.ThreadPoolExecutor$Worker.run(ThreadPoolExecutor.java:635)
	at java.base/java.lang.Thread.run(Thread.java:842)
Caused by: org.apache.hc.client5.http.HttpHostConnectException: Connect to http://localhost:8761 [localhost/127.0.0.1, localhost/0:0:0:0:0:0:0:1] failed: Connection refused: no further information
	at java.base/sun.nio.ch.Net.pollConnect(Native Method)
	at java.base/sun.nio.ch.Net.pollConnectNow(Net.java:672)
	at java.base/sun.nio.ch.NioSocketImpl.timedFinishConnect(NioSocketImpl.java:547)
	at java.base/sun.nio.ch.NioSocketImpl.connect(NioSocketImpl.java:602)
	at java.base/java.net.SocksSocketImpl.connect(SocksSocketImpl.java:327)
	at java.base/java.net.Socket.connect(Socket.java:633)
	at org.apache.hc.client5.http.socket.PlainConnectionSocketFactory.lambda$connectSocket$0(PlainConnectionSocketFactory.java:91)
	at java.base/java.security.AccessController.doPrivileged(AccessController.java:569)
	at org.apache.hc.client5.http.socket.PlainConnectionSocketFactory.connectSocket(PlainConnectionSocketFactory.java:90)
	at org.apache.hc.client5.http.socket.ConnectionSocketFactory.connectSocket(ConnectionSocketFactory.java:123)
	at org.apache.hc.client5.http.impl.io.DefaultHttpClientConnectionOperator.connect(DefaultHttpClientConnectionOperator.java:189)
	at org.apache.hc.client5.http.impl.io.PoolingHttpClientConnectionManager.connect(PoolingHttpClientConnectionManager.java:450)
	at org.apache.hc.client5.http.impl.classic.InternalExecRuntime.connectEndpoint(InternalExecRuntime.java:162)
	at org.apache.hc.client5.http.impl.classic.InternalExecRuntime.connectEndpoint(InternalExecRuntime.java:172)
	at org.apache.hc.client5.http.impl.classic.ConnectExec.execute(ConnectExec.java:142)
	at org.apache.hc.client5.http.impl.classic.ExecChainElement.execute(ExecChainElement.java:51)
	at org.apache.hc.client5.http.impl.classic.ProtocolExec.execute(ProtocolExec.java:192)
	at org.apache.hc.client5.http.impl.classic.ExecChainElement.execute(ExecChainElement.java:51)
	at org.apache.hc.client5.http.impl.classic.HttpRequestRetryExec.execute(HttpRequestRetryExec.java:113)
	at org.apache.hc.client5.http.impl.classic.ExecChainElement.execute(ExecChainElement.java:51)
	at org.apache.hc.client5.http.impl.classic.ContentCompressionExec.execute(ContentCompressionExec.java:152)
	at org.apache.hc.client5.http.impl.classic.ExecChainElement.execute(ExecChainElement.java:51)
	at org.apache.hc.client5.http.impl.classic.RedirectExec.execute(RedirectExec.java:116)
	at org.apache.hc.client5.http.impl.classic.ExecChainElement.execute(ExecChainElement.java:51)
	at org.apache.hc.client5.http.impl.classic.InternalHttpClient.doExecute(InternalHttpClient.java:170)
	at org.apache.hc.client5.http.impl.classic.CloseableHttpClient.execute(CloseableHttpClient.java:87)
	at org.apache.hc.client5.http.impl.classic.CloseableHttpClient.execute(CloseableHttpClient.java:55)
	at org.apache.hc.client5.http.classic.HttpClient.executeOpen(HttpClient.java:183)
	at org.springframework.http.client.HttpComponentsClientHttpRequest.executeInternal(HttpComponentsClientHttpRequest.java:99)
	at org.springframework.http.client.AbstractStreamingClientHttpRequest.executeInternal(AbstractStreamingClientHttpRequest.java:70)
	at org.springframework.http.client.AbstractClientHttpRequest.execute(AbstractClientHttpRequest.java:66)
	at org.springframework.http.client.InterceptingClientHttpRequest$InterceptingRequestExecution.execute(InterceptingClientHttpRequest.java:112)
	at org.springframework.cloud.netflix.eureka.http.RestTemplateTransportClientFactory.lambda$restTemplate$3(RestTemplateTransportClientFactory.java:170)
	at org.springframework.http.client.InterceptingClientHttpRequest$InterceptingRequestExecution.execute(InterceptingClientHttpRequest.java:88)
	at org.springframework.http.client.InterceptingClientHttpRequest.executeInternal(InterceptingClientHttpRequest.java:72)
	at org.springframework.http.client.AbstractBufferingClientHttpRequest.executeInternal(AbstractBufferingClientHttpRequest.java:48)
	at org.springframework.http.client.AbstractClientHttpRequest.execute(AbstractClientHttpRequest.java:66)
	at org.springframework.web.client.RestTemplate.doExecute(RestTemplate.java:889)
	... 21 more

2026-08-04T15:41:50.806+07:00  WARN [post-service,,] 97084 --- [post-service] [DiscoveryClient-InstanceInfoReplicator-%d] [                                                 ] c.n.d.s.t.d.RetryableEurekaHttpClient    : Request execution failed with message: I/O error on POST request for "http://localhost:8761/eureka/apps/POST-SERVICE": Connect to http://localhost:8761 [localhost/127.0.0.1, localhost/0:0:0:0:0:0:0:1] failed: Connection refused: no further information
2026-08-04T15:41:50.816+07:00  INFO [post-service,,] 97084 --- [post-service] [org.springframework.amqp.rabbit.RabbitListenerEndpointContainer#0-2] [                                                 ] o.s.a.r.l.SimpleMessageListenerContainer : Waiting for workers to finish.
2026-08-04T15:41:50.855+07:00  INFO [post-service,,] 97084 --- [post-service] [DiscoveryClient-InstanceInfoReplicator-%d] [                                                 ] c.n.d.s.t.d.RedirectingEurekaHttpClient  : Request execution error. endpoint=DefaultEndpoint{ serviceUrl='http://localhost:8761/eureka/}, exception=I/O error on POST request for "http://localhost:8761/eureka/apps/POST-SERVICE": Connect to http://localhost:8761 [localhost/127.0.0.1, localhost/0:0:0:0:0:0:0:1] failed: Connection refused: no further information stacktrace=org.springframework.web.client.ResourceAccessException: I/O error on POST request for "http://localhost:8761/eureka/apps/POST-SERVICE": Connect to http://localhost:8761 [localhost/127.0.0.1, localhost/0:0:0:0:0:0:0:1] failed: Connection refused: no further information
	at org.springframework.web.client.RestTemplate.createResourceAccessException(RestTemplate.java:915)
	at org.springframework.web.client.RestTemplate.doExecute(RestTemplate.java:895)
	at org.springframework.web.client.RestTemplate.execute(RestTemplate.java:830)
	at org.springframework.web.client.RestTemplate.exchange(RestTemplate.java:691)
	at org.springframework.cloud.netflix.eureka.http.RestTemplateEurekaHttpClient.register(RestTemplateEurekaHttpClient.java:83)
	at com.netflix.discovery.shared.transport.decorator.EurekaHttpClientDecorator$1.execute(EurekaHttpClientDecorator.java:59)
	at com.netflix.discovery.shared.transport.decorator.RedirectingEurekaHttpClient.executeOnNewServer(RedirectingEurekaHttpClient.java:121)
	at com.netflix.discovery.shared.transport.decorator.RedirectingEurekaHttpClient.execute(RedirectingEurekaHttpClient.java:80)
	at com.netflix.discovery.shared.transport.decorator.EurekaHttpClientDecorator.register(EurekaHttpClientDecorator.java:56)
	at com.netflix.discovery.shared.transport.decorator.EurekaHttpClientDecorator$1.execute(EurekaHttpClientDecorator.java:59)
	at com.netflix.discovery.shared.transport.decorator.RetryableEurekaHttpClient.execute(RetryableEurekaHttpClient.java:120)
	at com.netflix.discovery.shared.transport.decorator.EurekaHttpClientDecorator.register(EurekaHttpClientDecorator.java:56)
	at com.netflix.discovery.shared.transport.decorator.EurekaHttpClientDecorator$1.execute(EurekaHttpClientDecorator.java:59)
	at com.netflix.discovery.shared.transport.decorator.SessionedEurekaHttpClient.execute(SessionedEurekaHttpClient.java:76)
	at com.netflix.discovery.shared.transport.decorator.EurekaHttpClientDecorator.register(EurekaHttpClientDecorator.java:56)
	at com.netflix.discovery.DiscoveryClient.register(DiscoveryClient.java:828)
	at com.netflix.discovery.InstanceInfoReplicator.run(InstanceInfoReplicator.java:125)
	at com.netflix.discovery.InstanceInfoReplicator$2.run(InstanceInfoReplicator.java:105)
	at java.base/java.util.concurrent.Executors$RunnableAdapter.call(Executors.java:539)
	at java.base/java.util.concurrent.FutureTask.run(FutureTask.java:264)
	at java.base/java.util.concurrent.ScheduledThreadPoolExecutor$ScheduledFutureTask.run(ScheduledThreadPoolExecutor.java:304)
	at java.base/java.util.concurrent.ThreadPoolExecutor.runWorker(ThreadPoolExecutor.java:1136)
	at java.base/java.util.concurrent.ThreadPoolExecutor$Worker.run(ThreadPoolExecutor.java:635)
	at java.base/java.lang.Thread.run(Thread.java:842)
Caused by: org.apache.hc.client5.http.HttpHostConnectException: Connect to http://localhost:8761 [localhost/127.0.0.1, localhost/0:0:0:0:0:0:0:1] failed: Connection refused: no further information
	at java.base/sun.nio.ch.Net.pollConnect(Native Method)
	at java.base/sun.nio.ch.Net.pollConnectNow(Net.java:672)
	at java.base/sun.nio.ch.NioSocketImpl.timedFinishConnect(NioSocketImpl.java:547)
	at java.base/sun.nio.ch.NioSocketImpl.connect(NioSocketImpl.java:602)
	at java.base/java.net.SocksSocketImpl.connect(SocksSocketImpl.java:327)
	at java.base/java.net.Socket.connect(Socket.java:633)
	at org.apache.hc.client5.http.socket.PlainConnectionSocketFactory.lambda$connectSocket$0(PlainConnectionSocketFactory.java:91)
	at java.base/java.security.AccessController.doPrivileged(AccessController.java:569)
	at org.apache.hc.client5.http.socket.PlainConnectionSocketFactory.connectSocket(PlainConnectionSocketFactory.java:90)
	at org.apache.hc.client5.http.socket.ConnectionSocketFactory.connectSocket(ConnectionSocketFactory.java:123)
	at org.apache.hc.client5.http.impl.io.DefaultHttpClientConnectionOperator.connect(DefaultHttpClientConnectionOperator.java:189)
	at org.apache.hc.client5.http.impl.io.PoolingHttpClientConnectionManager.connect(PoolingHttpClientConnectionManager.java:450)
	at org.apache.hc.client5.http.impl.classic.InternalExecRuntime.connectEndpoint(InternalExecRuntime.java:162)
	at org.apache.hc.client5.http.impl.classic.InternalExecRuntime.connectEndpoint(InternalExecRuntime.java:172)
	at org.apache.hc.client5.http.impl.classic.ConnectExec.execute(ConnectExec.java:142)
	at org.apache.hc.client5.http.impl.classic.ExecChainElement.execute(ExecChainElement.java:51)
	at org.apache.hc.client5.http.impl.classic.ProtocolExec.execute(ProtocolExec.java:192)
	at org.apache.hc.client5.http.impl.classic.ExecChainElement.execute(ExecChainElement.java:51)
	at org.apache.hc.client5.http.impl.classic.HttpRequestRetryExec.execute(HttpRequestRetryExec.java:113)
	at org.apache.hc.client5.http.impl.classic.ExecChainElement.execute(ExecChainElement.java:51)
	at org.apache.hc.client5.http.impl.classic.ContentCompressionExec.execute(ContentCompressionExec.java:152)
	at org.apache.hc.client5.http.impl.classic.ExecChainElement.execute(ExecChainElement.java:51)
	at org.apache.hc.client5.http.impl.classic.RedirectExec.execute(RedirectExec.java:116)
	at org.apache.hc.client5.http.impl.classic.ExecChainElement.execute(ExecChainElement.java:51)
	at org.apache.hc.client5.http.impl.classic.InternalHttpClient.doExecute(InternalHttpClient.java:170)
	at org.apache.hc.client5.http.impl.classic.CloseableHttpClient.execute(CloseableHttpClient.java:87)
	at org.apache.hc.client5.http.impl.classic.CloseableHttpClient.execute(CloseableHttpClient.java:55)
	at org.apache.hc.client5.http.classic.HttpClient.executeOpen(HttpClient.java:183)
	at org.springframework.http.client.HttpComponentsClientHttpRequest.executeInternal(HttpComponentsClientHttpRequest.java:99)
	at org.springframework.http.client.AbstractStreamingClientHttpRequest.executeInternal(AbstractStreamingClientHttpRequest.java:70)
	at org.springframework.http.client.AbstractClientHttpRequest.execute(AbstractClientHttpRequest.java:66)
	at org.springframework.http.client.InterceptingClientHttpRequest$InterceptingRequestExecution.execute(InterceptingClientHttpRequest.java:112)
	at org.springframework.cloud.netflix.eureka.http.RestTemplateTransportClientFactory.lambda$restTemplate$3(RestTemplateTransportClientFactory.java:170)
	at org.springframework.http.client.InterceptingClientHttpRequest$InterceptingRequestExecution.execute(InterceptingClientHttpRequest.java:88)
	at org.springframework.http.client.InterceptingClientHttpRequest.executeInternal(InterceptingClientHttpRequest.java:72)
	at org.springframework.http.client.AbstractBufferingClientHttpRequest.executeInternal(AbstractBufferingClientHttpRequest.java:48)
	at org.springframework.http.client.AbstractClientHttpRequest.execute(AbstractClientHttpRequest.java:66)
	at org.springframework.web.client.RestTemplate.doExecute(RestTemplate.java:889)
	... 22 more

2026-08-04T15:41:50.866+07:00  WARN [post-service,,] 97084 --- [post-service] [DiscoveryClient-InstanceInfoReplicator-%d] [                                                 ] c.n.d.s.t.d.RetryableEurekaHttpClient    : Request execution failed with message: I/O error on POST request for "http://localhost:8761/eureka/apps/POST-SERVICE": Connect to http://localhost:8761 [localhost/127.0.0.1, localhost/0:0:0:0:0:0:0:1] failed: Connection refused: no further information
2026-08-04T15:41:50.873+07:00  WARN [post-service,,] 97084 --- [post-service] [DiscoveryClient-InstanceInfoReplicator-%d] [                                                 ] com.netflix.discovery.DiscoveryClient    : DiscoveryClient_POST-SERVICE/LAPTOP-4K64MGNI:post-service:8082 - registration failed Cannot execute request on any known server

com.netflix.discovery.shared.transport.TransportException: Cannot execute request on any known server
	at com.netflix.discovery.shared.transport.decorator.RetryableEurekaHttpClient.execute(RetryableEurekaHttpClient.java:112) ~[eureka-client-2.0.4.jar:2.0.4]
	at com.netflix.discovery.shared.transport.decorator.EurekaHttpClientDecorator.register(EurekaHttpClientDecorator.java:56) ~[eureka-client-2.0.4.jar:2.0.4]
	at com.netflix.discovery.shared.transport.decorator.EurekaHttpClientDecorator$1.execute(EurekaHttpClientDecorator.java:59) ~[eureka-client-2.0.4.jar:2.0.4]
	at com.netflix.discovery.shared.transport.decorator.SessionedEurekaHttpClient.execute(SessionedEurekaHttpClient.java:76) ~[eureka-client-2.0.4.jar:2.0.4]
	at com.netflix.discovery.shared.transport.decorator.EurekaHttpClientDecorator.register(EurekaHttpClientDecorator.java:56) ~[eureka-client-2.0.4.jar:2.0.4]
	at com.netflix.discovery.DiscoveryClient.register(DiscoveryClient.java:828) ~[eureka-client-2.0.4.jar:2.0.4]
	at com.netflix.discovery.InstanceInfoReplicator.run(InstanceInfoReplicator.java:125) ~[eureka-client-2.0.4.jar:2.0.4]
	at com.netflix.discovery.InstanceInfoReplicator$2.run(InstanceInfoReplicator.java:105) ~[eureka-client-2.0.4.jar:2.0.4]
	at java.base/java.util.concurrent.Executors$RunnableAdapter.call(Executors.java:539) ~[na:na]
	at java.base/java.util.concurrent.FutureTask.run(FutureTask.java:264) ~[na:na]
	at java.base/java.util.concurrent.ScheduledThreadPoolExecutor$ScheduledFutureTask.run(ScheduledThreadPoolExecutor.java:304) ~[na:na]
	at java.base/java.util.concurrent.ThreadPoolExecutor.runWorker(ThreadPoolExecutor.java:1136) ~[na:na]
	at java.base/java.util.concurrent.ThreadPoolExecutor$Worker.run(ThreadPoolExecutor.java:635) ~[na:na]
	at java.base/java.lang.Thread.run(Thread.java:842) ~[na:na]

2026-08-04T15:41:50.893+07:00  WARN [post-service,,] 97084 --- [post-service] [DiscoveryClient-InstanceInfoReplicator-%d] [                                                 ] c.n.discovery.InstanceInfoReplicator     : There was a problem with the instance info replicator

com.netflix.discovery.shared.transport.TransportException: Cannot execute request on any known server
	at com.netflix.discovery.shared.transport.decorator.RetryableEurekaHttpClient.execute(RetryableEurekaHttpClient.java:112) ~[eureka-client-2.0.4.jar:2.0.4]
	at com.netflix.discovery.shared.transport.decorator.EurekaHttpClientDecorator.register(EurekaHttpClientDecorator.java:56) ~[eureka-client-2.0.4.jar:2.0.4]
	at com.netflix.discovery.shared.transport.decorator.EurekaHttpClientDecorator$1.execute(EurekaHttpClientDecorator.java:59) ~[eureka-client-2.0.4.jar:2.0.4]
	at com.netflix.discovery.shared.transport.decorator.SessionedEurekaHttpClient.execute(SessionedEurekaHttpClient.java:76) ~[eureka-client-2.0.4.jar:2.0.4]
	at com.netflix.discovery.shared.transport.decorator.EurekaHttpClientDecorator.register(EurekaHttpClientDecorator.java:56) ~[eureka-client-2.0.4.jar:2.0.4]
	at com.netflix.discovery.DiscoveryClient.register(DiscoveryClient.java:828) ~[eureka-client-2.0.4.jar:2.0.4]
	at com.netflix.discovery.InstanceInfoReplicator.run(InstanceInfoReplicator.java:125) ~[eureka-client-2.0.4.jar:2.0.4]
	at com.netflix.discovery.InstanceInfoReplicator$2.run(InstanceInfoReplicator.java:105) ~[eureka-client-2.0.4.jar:2.0.4]
	at java.base/java.util.concurrent.Executors$RunnableAdapter.call(Executors.java:539) ~[na:na]
	at java.base/java.util.concurrent.FutureTask.run(FutureTask.java:264) ~[na:na]
	at java.base/java.util.concurrent.ScheduledThreadPoolExecutor$ScheduledFutureTask.run(ScheduledThreadPoolExecutor.java:304) ~[na:na]
	at java.base/java.util.concurrent.ThreadPoolExecutor.runWorker(ThreadPoolExecutor.java:1136) ~[na:na]
	at java.base/java.util.concurrent.ThreadPoolExecutor$Worker.run(ThreadPoolExecutor.java:635) ~[na:na]
	at java.base/java.lang.Thread.run(Thread.java:842) ~[na:na]

2026-08-04T15:41:50.924+07:00  INFO [post-service,,] 97084 --- [post-service] [org.springframework.amqp.rabbit.RabbitListenerEndpointContainer#0-2] [                                                 ] o.s.a.r.l.SimpleMessageListenerContainer : Successfully waited for workers to finish.
2026-08-04T15:41:53.142+07:00  INFO [post-service,,] 97084 --- [post-service] [SpringApplicationShutdownHook] [                                                 ] j.LocalContainerEntityManagerFactoryBean : Closing JPA EntityManagerFactory for persistence unit 'default'
2026-08-04T15:41:53.187+07:00  INFO [post-service,,] 97084 --- [post-service] [SpringApplicationShutdownHook] [                                                 ] com.zaxxer.hikari.HikariDataSource       : HikariPool-1 - Shutdown initiated...
2026-08-04T15:41:53.214+07:00  INFO [post-service,,] 97084 --- [post-service] [SpringApplicationShutdownHook] [                                                 ] com.zaxxer.hikari.HikariDataSource       : HikariPool-1 - Shutdown completed.
2026-08-04T15:41:53.222+07:00  INFO [post-service,,] 97084 --- [post-service] [SpringApplicationShutdownHook] [                                                 ] com.netflix.discovery.DiscoveryClient    : Shutting down DiscoveryClient ...
2026-08-04T15:45:43.038+07:00  INFO [post-service,,] 93700 --- [post-service] [main] c.n.Social_media.PostServiceApplication  : Starting PostServiceApplication using Java 17.0.9 with PID 93700 (D:\Projects\Social-media\backend\post-service\target\classes started by BANG in D:\Projects\Social-media\backend\post-service)
2026-08-04T15:45:43.053+07:00  INFO [post-service,,] 93700 --- [post-service] [main] c.n.Social_media.PostServiceApplication  : No active profile set, falling back to 1 default profile: "default"
2026-08-04T15:45:48.324+07:00  INFO [post-service,,] 93700 --- [post-service] [main] .s.d.r.c.RepositoryConfigurationDelegate : Bootstrapping Spring Data JPA repositories in DEFAULT mode.
2026-08-04T15:45:49.102+07:00  INFO [post-service,,] 93700 --- [post-service] [main] .s.d.r.c.RepositoryConfigurationDelegate : Finished Spring Data repository scanning in 733 ms. Found 3 JPA repository interfaces.
2026-08-04T15:45:50.503+07:00  INFO [post-service,,] 93700 --- [post-service] [main] o.s.cloud.context.scope.GenericScope     : BeanFactory id=8ec95100-e459-3bde-9cb8-cfa40c1f6ddf
2026-08-04T15:45:54.040+07:00  INFO [post-service,,] 93700 --- [post-service] [main] o.s.b.w.embedded.tomcat.TomcatWebServer  : Tomcat initialized with port 8082 (http)
2026-08-04T15:45:54.116+07:00  INFO [post-service,,] 93700 --- [post-service] [main] o.apache.catalina.core.StandardService   : Starting service [Tomcat]
2026-08-04T15:45:54.119+07:00  INFO [post-service,,] 93700 --- [post-service] [main] o.apache.catalina.core.StandardEngine    : Starting Servlet engine: [Apache Tomcat/10.1.42]
2026-08-04T15:45:54.426+07:00  INFO [post-service,,] 93700 --- [post-service] [main] o.a.c.c.C.[Tomcat].[localhost].[/]       : Initializing Spring embedded WebApplicationContext
2026-08-04T15:45:54.428+07:00  INFO [post-service,,] 93700 --- [post-service] [main] w.s.c.ServletWebServerApplicationContext : Root WebApplicationContext: initialization completed in 11197 ms
2026-08-04T15:45:56.158+07:00  INFO [post-service,,] 93700 --- [post-service] [main] o.hibernate.jpa.internal.util.LogHelper  : HHH000204: Processing PersistenceUnitInfo [name: default]
2026-08-04T15:45:56.587+07:00  INFO [post-service,,] 93700 --- [post-service] [main] org.hibernate.Version                    : HHH000412: Hibernate ORM core version 6.5.3.Final
2026-08-04T15:45:56.704+07:00  INFO [post-service,,] 93700 --- [post-service] [main] o.h.c.internal.RegionFactoryInitiator    : HHH000026: Second-level cache disabled
2026-08-04T15:45:57.834+07:00  INFO [post-service,,] 93700 --- [post-service] [main] o.s.o.j.p.SpringPersistenceUnitInfo      : No LoadTimeWeaver setup: ignoring JPA class transformer
2026-08-04T15:45:57.977+07:00  INFO [post-service,,] 93700 --- [post-service] [main] com.zaxxer.hikari.HikariDataSource       : HikariPool-1 - Starting...
2026-08-04T15:45:58.867+07:00  INFO [post-service,,] 93700 --- [post-service] [main] com.zaxxer.hikari.pool.HikariPool        : HikariPool-1 - Added connection org.postgresql.jdbc.PgConnection@50f6ecab
2026-08-04T15:45:58.874+07:00  INFO [post-service,,] 93700 --- [post-service] [main] com.zaxxer.hikari.HikariDataSource       : HikariPool-1 - Start completed.
2026-08-04T15:45:59.013+07:00  WARN [post-service,,] 93700 --- [post-service] [main] org.hibernate.orm.deprecation            : HHH90000025: PostgreSQLDialect does not need to be specified explicitly using 'hibernate.dialect' (remove the property setting and it will be selected by default)
2026-08-04T15:46:02.902+07:00  INFO [post-service,,] 93700 --- [post-service] [main] o.h.e.t.j.p.i.JtaPlatformInitiator       : HHH000489: No JTA platform available (set 'hibernate.transaction.jta.platform' to enable JTA platform integration)
2026-08-04T15:46:04.074+07:00  INFO [post-service,,] 93700 --- [post-service] [main] j.LocalContainerEntityManagerFactoryBean : Initialized JPA EntityManagerFactory for persistence unit 'default'
2026-08-04T15:46:05.332+07:00  INFO [post-service,,] 93700 --- [post-service] [main] o.s.d.j.r.query.QueryEnhancerFactory     : Hibernate is in classpath; If applicable, HQL parser will be used.
2026-08-04T15:46:06.801+07:00  WARN [post-service,,] 93700 --- [post-service] [main] JpaBaseConfiguration$JpaWebConfiguration : spring.jpa.open-in-view is enabled by default. Therefore, database queries may be performed during view rendering. Explicitly configure spring.jpa.open-in-view to disable this warning
2026-08-04T15:46:07.959+07:00  INFO [post-service,,] 93700 --- [post-service] [main] o.s.c.openfeign.FeignClientFactoryBean   : For 'group-service' URL not provided. Will try picking an instance via load-balancing.
2026-08-04T15:46:08.249+07:00  INFO [post-service,,] 93700 --- [post-service] [main] o.s.c.openfeign.FeignClientFactoryBean   : For 'interaction-service' URL not provided. Will try picking an instance via load-balancing.
2026-08-04T15:46:08.312+07:00  INFO [post-service,,] 93700 --- [post-service] [main] o.s.c.openfeign.FeignClientFactoryBean   : For 'user-service' URL not provided. Will try picking an instance via load-balancing.
2026-08-04T15:46:13.118+07:00  INFO [post-service,,] 93700 --- [post-service] [main] DiscoveryClientOptionalArgsConfiguration : Eureka HTTP Client uses RestTemplate.
2026-08-04T15:46:13.298+07:00  WARN [post-service,,] 93700 --- [post-service] [main] iguration$LoadBalancerCaffeineWarnLogger : Spring Cloud LoadBalancer is currently working with the default cache. While this cache implementation is useful for development and tests, it's recommended to use Caffeine cache in production.You can switch to using Caffeine cache, by adding it and org.springframework.cache.caffeine.CaffeineCacheManager to the classpath.
2026-08-04T15:46:13.368+07:00  INFO [post-service,,] 93700 --- [post-service] [main] o.s.b.a.e.web.EndpointLinksResolver      : Exposing 3 endpoints beneath base path '/actuator'
2026-08-04T15:46:13.628+07:00  INFO [post-service,,] 93700 --- [post-service] [main] o.s.c.n.eureka.InstanceInfoFactory       : Setting initial instance status as: STARTING
2026-08-04T15:46:13.683+07:00  INFO [post-service,,] 93700 --- [post-service] [main] com.netflix.discovery.DiscoveryClient    : Initializing Eureka in region us-east-1
2026-08-04T15:46:13.693+07:00  INFO [post-service,,] 93700 --- [post-service] [main] c.n.d.s.r.aws.ConfigClusterResolver      : Resolving eureka endpoints via configuration
2026-08-04T15:46:13.719+07:00  INFO [post-service,,] 93700 --- [post-service] [main] com.netflix.discovery.DiscoveryClient    : Disable delta property : false
2026-08-04T15:46:13.721+07:00  INFO [post-service,,] 93700 --- [post-service] [main] com.netflix.discovery.DiscoveryClient    : Single vip registry refresh property : null
2026-08-04T15:46:13.722+07:00  INFO [post-service,,] 93700 --- [post-service] [main] com.netflix.discovery.DiscoveryClient    : Force full registry fetch : false
2026-08-04T15:46:13.723+07:00  INFO [post-service,,] 93700 --- [post-service] [main] com.netflix.discovery.DiscoveryClient    : Application is null : false
2026-08-04T15:46:13.724+07:00  INFO [post-service,,] 93700 --- [post-service] [main] com.netflix.discovery.DiscoveryClient    : Registered Applications size is zero : true
2026-08-04T15:46:13.724+07:00  INFO [post-service,,] 93700 --- [post-service] [main] com.netflix.discovery.DiscoveryClient    : Application version is -1: true
2026-08-04T15:46:13.725+07:00  INFO [post-service,,] 93700 --- [post-service] [main] com.netflix.discovery.DiscoveryClient    : Getting all instance registry info from the eureka server
2026-08-04T15:46:14.362+07:00  INFO [post-service,,] 93700 --- [post-service] [main] com.netflix.discovery.DiscoveryClient    : The response status is 200
2026-08-04T15:46:14.366+07:00  INFO [post-service,,] 93700 --- [post-service] [main] com.netflix.discovery.DiscoveryClient    : Starting heartbeat executor: renew interval is: 30
2026-08-04T15:46:14.370+07:00  INFO [post-service,,] 93700 --- [post-service] [main] c.n.discovery.InstanceInfoReplicator     : InstanceInfoReplicator onDemand update allowed rate per min is 4
2026-08-04T15:46:14.374+07:00  INFO [post-service,,] 93700 --- [post-service] [main] com.netflix.discovery.DiscoveryClient    : Discovery Client initialized at timestamp 1785833174373 with initial instances count: 3
2026-08-04T15:46:14.404+07:00  INFO [post-service,,] 93700 --- [post-service] [main] o.s.c.n.e.s.EurekaServiceRegistry        : Registering application POST-SERVICE with eureka with status UP
2026-08-04T15:46:14.406+07:00  INFO [post-service,,] 93700 --- [post-service] [main] com.netflix.discovery.DiscoveryClient    : Saw local status change event StatusChangeEvent [timestamp=1785833174406, current=UP, previous=STARTING]
2026-08-04T15:46:14.410+07:00  INFO [post-service,,] 93700 --- [post-service] [DiscoveryClient-InstanceInfoReplicator-%d] com.netflix.discovery.DiscoveryClient    : DiscoveryClient_POST-SERVICE/LAPTOP-4K64MGNI:post-service:8082: registering service...
2026-08-04T15:46:14.449+07:00  INFO [post-service,,] 93700 --- [post-service] [main] o.s.b.w.embedded.tomcat.TomcatWebServer  : Tomcat started on port 8082 (http) with context path '/'
2026-08-04T15:46:14.451+07:00  INFO [post-service,,] 93700 --- [post-service] [main] .s.c.n.e.s.EurekaAutoServiceRegistration : Updating port to 8082
2026-08-04T15:46:14.492+07:00  INFO [post-service,,] 93700 --- [post-service] [DiscoveryClient-InstanceInfoReplicator-%d] com.netflix.discovery.DiscoveryClient    : DiscoveryClient_POST-SERVICE/LAPTOP-4K64MGNI:post-service:8082 - registration status: 204
2026-08-04T15:46:14.975+07:00  INFO [post-service,,] 93700 --- [post-service] [main] o.s.a.r.c.CachingConnectionFactory       : Attempting to connect to: [localhost:5672]
2026-08-04T15:46:15.089+07:00  INFO [post-service,,] 93700 --- [post-service] [main] o.s.a.r.c.CachingConnectionFactory       : Created new connection: rabbitConnectionFactory#6f6db08:0/SimpleConnection@41e5664e [delegate=amqp://guest@127.0.0.1:5672/, localPort=63307]
2026-08-04T15:46:15.242+07:00  INFO [post-service,,] 93700 --- [post-service] [main] c.n.Social_media.PostServiceApplication  : Started PostServiceApplication in 35.43 seconds (process running for 37.067)
2026-08-04T15:46:18.306+07:00  INFO [post-service,,] 93700 --- [post-service] [http-nio-8082-exec-1] o.a.c.c.C.[Tomcat].[localhost].[/]       : Initializing Spring DispatcherServlet 'dispatcherServlet'
2026-08-04T15:46:18.311+07:00  INFO [post-service,,] 93700 --- [post-service] [http-nio-8082-exec-1] o.s.web.servlet.DispatcherServlet        : Initializing Servlet 'dispatcherServlet'
2026-08-04T15:46:18.317+07:00  INFO [post-service,,] 93700 --- [post-service] [http-nio-8082-exec-1] o.s.web.servlet.DispatcherServlet        : Completed initialization in 4 ms
2026-08-04T15:51:13.739+07:00  INFO [post-service,,] 93700 --- [post-service] [AsyncResolver-bootstrap-executor-%d] c.n.d.s.r.aws.ConfigClusterResolver      : Resolving eureka endpoints via configuration
2026-08-04T15:56:13.745+07:00  INFO [post-service,,] 93700 --- [post-service] [AsyncResolver-bootstrap-executor-%d] c.n.d.s.r.aws.ConfigClusterResolver      : Resolving eureka endpoints via configuration
2026-08-04T16:01:13.753+07:00  INFO [post-service,,] 93700 --- [post-service] [AsyncResolver-bootstrap-executor-%d] c.n.d.s.r.aws.ConfigClusterResolver      : Resolving eureka endpoints via configuration
2026-08-04T16:06:13.765+07:00  INFO [post-service,,] 93700 --- [post-service] [AsyncResolver-bootstrap-executor-%d] c.n.d.s.r.aws.ConfigClusterResolver      : Resolving eureka endpoints via configuration
2026-08-04T16:06:33.797+07:00  WARN [post-service,,] 93700 --- [post-service] [http-nio-8082-exec-1] o.h.engine.jdbc.spi.SqlExceptionHelper   : SQL Warning Code: 0, SQLState: 01000
2026-08-04T16:06:33.798+07:00  WARN [post-service,,] 93700 --- [post-service] [http-nio-8082-exec-8] o.h.engine.jdbc.spi.SqlExceptionHelper   : SQL Warning Code: 0, SQLState: 01000
2026-08-04T16:06:33.793+07:00  WARN [post-service,,] 93700 --- [post-service] [http-nio-8082-exec-10] o.h.engine.jdbc.spi.SqlExceptionHelper   : SQL Warning Code: 0, SQLState: 01000
2026-08-04T16:06:33.804+07:00  WARN [post-service,,] 93700 --- [post-service] [http-nio-8082-exec-1] o.h.engine.jdbc.spi.SqlExceptionHelper   : database "social_media_post" has a collation version mismatch
2026-08-04T16:06:33.805+07:00  WARN [post-service,,] 93700 --- [post-service] [http-nio-8082-exec-8] o.h.engine.jdbc.spi.SqlExceptionHelper   : database "social_media_post" has a collation version mismatch
2026-08-04T16:06:33.807+07:00  WARN [post-service,,] 93700 --- [post-service] [http-nio-8082-exec-10] o.h.engine.jdbc.spi.SqlExceptionHelper   : database "social_media_post" has a collation version mismatch
2026-08-04T16:06:33.817+07:00  WARN [post-service,,] 93700 --- [post-service] [http-nio-8082-exec-9] o.h.engine.jdbc.spi.SqlExceptionHelper   : SQL Warning Code: 0, SQLState: 01000
2026-08-04T16:06:33.829+07:00  WARN [post-service,,] 93700 --- [post-service] [http-nio-8082-exec-9] o.h.engine.jdbc.spi.SqlExceptionHelper   : database "social_media_post" has a collation version mismatch
2026-08-04T16:11:13.778+07:00  INFO [post-service,,] 93700 --- [post-service] [AsyncResolver-bootstrap-executor-%d] c.n.d.s.r.aws.ConfigClusterResolver      : Resolving eureka endpoints via configuration
2026-08-04T16:15:53.433+07:00  WARN [post-service,,] 93700 --- [post-service] [http-nio-8082-exec-7] o.h.engine.jdbc.spi.SqlExceptionHelper   : SQL Warning Code: 0, SQLState: 01000
2026-08-04T16:15:53.433+07:00  WARN [post-service,,] 93700 --- [post-service] [http-nio-8082-exec-7] o.h.engine.jdbc.spi.SqlExceptionHelper   : database "social_media_post" has a collation version mismatch
2026-08-04T16:16:13.795+07:00  INFO [post-service,,] 93700 --- [post-service] [AsyncResolver-bootstrap-executor-%d] c.n.d.s.r.aws.ConfigClusterResolver      : Resolving eureka endpoints via configuration
2026-08-04T16:16:33.851+07:00  WARN [post-service,,] 93700 --- [post-service] [http-nio-8082-exec-1] o.h.engine.jdbc.spi.SqlExceptionHelper   : SQL Warning Code: 0, SQLState: 01000
2026-08-04T16:16:33.855+07:00  WARN [post-service,,] 93700 --- [post-service] [http-nio-8082-exec-1] o.h.engine.jdbc.spi.SqlExceptionHelper   : database "social_media_post" has a collation version mismatch
2026-08-04T16:16:48.517+07:00  WARN [post-service,,] 93700 --- [post-service] [http-nio-8082-exec-3] o.h.engine.jdbc.spi.SqlExceptionHelper   : SQL Warning Code: 0, SQLState: 01000
2026-08-04T16:16:48.517+07:00  WARN [post-service,,] 93700 --- [post-service] [http-nio-8082-exec-3] o.h.engine.jdbc.spi.SqlExceptionHelper   : database "social_media_post" has a collation version mismatch
2026-08-04T16:16:48.550+07:00  WARN [post-service,,] 93700 --- [post-service] [http-nio-8082-exec-10] o.h.engine.jdbc.spi.SqlExceptionHelper   : SQL Warning Code: 0, SQLState: 01000
2026-08-04T16:16:48.558+07:00  WARN [post-service,,] 93700 --- [post-service] [http-nio-8082-exec-10] o.h.engine.jdbc.spi.SqlExceptionHelper   : database "social_media_post" has a collation version mismatch
2026-08-04T16:16:48.565+07:00  WARN [post-service,,] 93700 --- [post-service] [http-nio-8082-exec-7] o.h.engine.jdbc.spi.SqlExceptionHelper   : SQL Warning Code: 0, SQLState: 01000
2026-08-04T16:16:48.565+07:00  WARN [post-service,,] 93700 --- [post-service] [http-nio-8082-exec-5] o.h.engine.jdbc.spi.SqlExceptionHelper   : SQL Warning Code: 0, SQLState: 01000
2026-08-04T16:16:48.566+07:00  WARN [post-service,,] 93700 --- [post-service] [http-nio-8082-exec-7] o.h.engine.jdbc.spi.SqlExceptionHelper   : database "social_media_post" has a collation version mismatch
2026-08-04T16:16:48.569+07:00  WARN [post-service,,] 93700 --- [post-service] [http-nio-8082-exec-5] o.h.engine.jdbc.spi.SqlExceptionHelper   : database "social_media_post" has a collation version mismatch
2026-08-04T16:21:13.808+07:00  INFO [post-service,,] 93700 --- [post-service] [AsyncResolver-bootstrap-executor-%d] c.n.d.s.r.aws.ConfigClusterResolver      : Resolving eureka endpoints via configuration
2026-08-04T16:26:13.825+07:00  INFO [post-service,,] 93700 --- [post-service] [AsyncResolver-bootstrap-executor-%d] c.n.d.s.r.aws.ConfigClusterResolver      : Resolving eureka endpoints via configuration
2026-08-04T16:31:13.840+07:00  INFO [post-service,,] 93700 --- [post-service] [AsyncResolver-bootstrap-executor-%d] c.n.d.s.r.aws.ConfigClusterResolver      : Resolving eureka endpoints via configuration
2026-08-04T16:36:13.848+07:00  INFO [post-service,,] 93700 --- [post-service] [AsyncResolver-bootstrap-executor-%d] c.n.d.s.r.aws.ConfigClusterResolver      : Resolving eureka endpoints via configuration
2026-08-04T16:41:13.869+07:00  INFO [post-service,,] 93700 --- [post-service] [AsyncResolver-bootstrap-executor-%d] c.n.d.s.r.aws.ConfigClusterResolver      : Resolving eureka endpoints via configuration
2026-08-04T16:46:13.934+07:00  INFO [post-service,,] 93700 --- [post-service] [AsyncResolver-bootstrap-executor-%d] c.n.d.s.r.aws.ConfigClusterResolver      : Resolving eureka endpoints via configuration
2026-08-04T16:51:14.070+07:00  INFO [post-service,,] 93700 --- [post-service] [AsyncResolver-bootstrap-executor-%d] c.n.d.s.r.aws.ConfigClusterResolver      : Resolving eureka endpoints via configuration
2026-08-04T16:56:14.106+07:00  INFO [post-service,,] 93700 --- [post-service] [AsyncResolver-bootstrap-executor-%d] c.n.d.s.r.aws.ConfigClusterResolver      : Resolving eureka endpoints via configuration
2026-08-04T17:01:14.123+07:00  INFO [post-service,,] 93700 --- [post-service] [AsyncResolver-bootstrap-executor-%d] c.n.d.s.r.aws.ConfigClusterResolver      : Resolving eureka endpoints via configuration
2026-08-04T17:06:14.138+07:00  INFO [post-service,,] 93700 --- [post-service] [AsyncResolver-bootstrap-executor-%d] c.n.d.s.r.aws.ConfigClusterResolver      : Resolving eureka endpoints via configuration
2026-08-04T17:11:14.140+07:00  INFO [post-service,,] 93700 --- [post-service] [AsyncResolver-bootstrap-executor-%d] c.n.d.s.r.aws.ConfigClusterResolver      : Resolving eureka endpoints via configuration
2026-08-04T17:16:14.155+07:00  INFO [post-service,,] 93700 --- [post-service] [AsyncResolver-bootstrap-executor-%d] c.n.d.s.r.aws.ConfigClusterResolver      : Resolving eureka endpoints via configuration
2026-08-04T17:21:14.165+07:00  INFO [post-service,,] 93700 --- [post-service] [AsyncResolver-bootstrap-executor-%d] c.n.d.s.r.aws.ConfigClusterResolver      : Resolving eureka endpoints via configuration
2026-08-04T17:26:14.178+07:00  INFO [post-service,,] 93700 --- [post-service] [AsyncResolver-bootstrap-executor-%d] c.n.d.s.r.aws.ConfigClusterResolver      : Resolving eureka endpoints via configuration
2026-08-04T17:31:14.191+07:00  INFO [post-service,,] 93700 --- [post-service] [AsyncResolver-bootstrap-executor-%d] c.n.d.s.r.aws.ConfigClusterResolver      : Resolving eureka endpoints via configuration
2026-08-04T17:36:14.200+07:00  INFO [post-service,,] 93700 --- [post-service] [AsyncResolver-bootstrap-executor-%d] c.n.d.s.r.aws.ConfigClusterResolver      : Resolving eureka endpoints via configuration
2026-08-04T17:41:14.253+07:00  INFO [post-service,,] 93700 --- [post-service] [AsyncResolver-bootstrap-executor-%d] c.n.d.s.r.aws.ConfigClusterResolver      : Resolving eureka endpoints via configuration
2026-08-04T17:46:14.298+07:00  INFO [post-service,,] 93700 --- [post-service] [AsyncResolver-bootstrap-executor-%d] c.n.d.s.r.aws.ConfigClusterResolver      : Resolving eureka endpoints via configuration
2026-08-04T17:51:14.314+07:00  INFO [post-service,,] 93700 --- [post-service] [AsyncResolver-bootstrap-executor-%d] c.n.d.s.r.aws.ConfigClusterResolver      : Resolving eureka endpoints via configuration
2026-08-04T17:56:14.321+07:00  INFO [post-service,,] 93700 --- [post-service] [AsyncResolver-bootstrap-executor-%d] c.n.d.s.r.aws.ConfigClusterResolver      : Resolving eureka endpoints via configuration
2026-08-04T18:01:14.323+07:00  INFO [post-service,,] 93700 --- [post-service] [AsyncResolver-bootstrap-executor-%d] c.n.d.s.r.aws.ConfigClusterResolver      : Resolving eureka endpoints via configuration
2026-08-04T18:06:14.340+07:00  INFO [post-service,,] 93700 --- [post-service] [AsyncResolver-bootstrap-executor-%d] c.n.d.s.r.aws.ConfigClusterResolver      : Resolving eureka endpoints via configuration
2026-08-04T18:11:14.343+07:00  INFO [post-service,,] 93700 --- [post-service] [AsyncResolver-bootstrap-executor-%d] c.n.d.s.r.aws.ConfigClusterResolver      : Resolving eureka endpoints via configuration
2026-08-04T18:16:14.357+07:00  INFO [post-service,,] 93700 --- [post-service] [AsyncResolver-bootstrap-executor-%d] c.n.d.s.r.aws.ConfigClusterResolver      : Resolving eureka endpoints via configuration
2026-08-04T18:21:14.365+07:00  INFO [post-service,,] 93700 --- [post-service] [AsyncResolver-bootstrap-executor-%d] c.n.d.s.r.aws.ConfigClusterResolver      : Resolving eureka endpoints via configuration
